#-----------------------------------------------------------
# Vivado v2022.2 (64-bit)
# SW Build 3671981 on Fri Oct 14 04:59:54 MDT 2022
# IP Build 3669848 on Fri Oct 14 08:30:02 MDT 2022
# Start of session at: Wed Aug  5 22:47:55 2026
# Process ID: 1248005
# Current directory: /home/williams/MYFPGA/FPGA Final/rs_codec_clean
# Command line: vivado
# Log file: /home/williams/MYFPGA/FPGA Final/rs_codec_clean/vivado.log
# Journal file: /home/williams/MYFPGA/FPGA Final/rs_codec_clean/vivado.jou
# Running On: Williams, OS: Linux, CPU Frequency: 5300.000 MHz, CPU Physical cores: 16, Host memory: 67183 MB
#-----------------------------------------------------------
start_gui
WARNING: [Board 49-26] cannot add Board Part xilinx.com:vek280_es:part0:1.0 available at /tools/Xilinx/Vivado/2022.2/data/xhub/boards/XilinxBoardStore/boards/Xilinx/vek280/es/1.0/board.xml as part xcve2802-vsvh1760-2lp-e-s-es1 specified in board_part file is either invalid or not available
WARNING: [Board 49-26] cannot add Board Part xilinx.com:vhk158_es:part0:1.0 available at /tools/Xilinx/Vivado/2022.2/data/xhub/boards/XilinxBoardStore/boards/Xilinx/vhk158/es/1.0/board.xml as part xcvh1582-vsva3697-2mp-e-s-es1 specified in board_part file is either invalid or not available
WARNING: [Board 49-26] cannot add Board Part xilinx.com:vpk120_es:part0:1.2 available at /tools/Xilinx/Vivado/2022.2/data/xhub/boards/XilinxBoardStore/boards/Xilinx/vpk120/es/1.2/board.xml as part xcvp1202-vsva2785-2mp-e-s-es1 specified in board_part file is either invalid or not available
WARNING: [Board 49-26] cannot add Board Part xilinx.com:vpk120_es_revb:part0:1.0 available at /tools/Xilinx/Vivado/2022.2/data/xhub/boards/XilinxBoardStore/boards/Xilinx/vpk120_revb/es/1.0/board.xml as part xcvp1202-vsva2785-2mp-e-s-es1 specified in board_part file is either invalid or not available
WARNING: [Board 49-26] cannot add Board Part xilinx.com:vpk180_es:part0:1.0 available at /tools/Xilinx/Vivado/2022.2/data/xhub/boards/XilinxBoardStore/boards/Xilinx/vpk180/es/1.0/board.xml as part xcvp1802-lsvc4072-2mp-e-s-es1 specified in board_part file is either invalid or not available
WARNING: [Board 49-26] cannot add Board Part xilinx.com:zcu208ld:part0:2.0 available at /tools/Xilinx/Vivado/2022.2/data/xhub/boards/XilinxBoardStore/boards/Xilinx/zcu208ld/production/2.0/board.xml as part xczu58dr-fsvg1517-2-i specified in board_part file is either invalid or not available
WARNING: [Board 49-26] cannot add Board Part xilinx.com:zcu216ld:part0:2.0 available at /tools/Xilinx/Vivado/2022.2/data/xhub/boards/XilinxBoardStore/boards/Xilinx/zcu216ld/production/2.0/board.xml as part xczu59dr-ffvf1760-2-i specified in board_part file is either invalid or not available
WARNING: [Board 49-26] cannot add Board Part xilinx.com:zcu670:part0:2.0 available at /tools/Xilinx/Vivado/2022.2/data/xhub/boards/XilinxBoardStore/boards/Xilinx/zcu670/2.0/board.xml as part xczu67dr-fsve1156-2-i specified in board_part file is either invalid or not available
WARNING: [Board 49-26] cannot add Board Part xilinx.com:zcu670ld:part0:1.0 available at /tools/Xilinx/Vivado/2022.2/data/xhub/boards/XilinxBoardStore/boards/Xilinx/zcu670ld/1.0/board.xml as part xczu57dr-fsve1156-2-i specified in board_part file is either invalid or not available
open_project {/home/williams/MYFPGA/FPGA Final/rs_codec_clean/rs_codec_clean/rs_codec_clean.xpr}
INFO: [filemgmt 56-3] Default IP Output Path : Could not find the directory '/home/williams/MYFPGA/FPGA Final/rs_codec_clean/rs_codec_clean/rs_codec_clean.gen/sources_1'.
Scanning sources...
Finished scanning sources
INFO: [IP_Flow 19-234] Refreshing IP repositories
INFO: [IP_Flow 19-1704] No user IP repositories specified
INFO: [IP_Flow 19-2313] Loaded Vivado IP repository '/tools/Xilinx/Vivado/2022.2/data/ip'.
open_project: Time (s): cpu = 00:00:09 ; elapsed = 00:00:05 . Memory (MB): peak = 7857.926 ; gain = 642.875 ; free physical = 35885 ; free virtual = 110129
update_compile_order -fileset sources_1
reset_run synth_1
generate_target all [get_files  {{/home/williams/MYFPGA/FPGA Final/rs_codec_clean/rs_codec_clean/rs_codec_clean.srcs/sources_1/ip/clk_wiz_0/clk_wiz_0.xci}}]
INFO: [IP_Flow 19-1686] Generating 'Instantiation Template' target for IP 'clk_wiz_0'...
INFO: [IP_Flow 19-1686] Generating 'Synthesis' target for IP 'clk_wiz_0'...
INFO: [IP_Flow 19-1686] Generating 'Simulation' target for IP 'clk_wiz_0'...
INFO: [IP_Flow 19-1686] Generating 'Implementation' target for IP 'clk_wiz_0'...
INFO: [IP_Flow 19-1686] Generating 'Change Log' target for IP 'clk_wiz_0'...
generate_target all [get_files  {{/home/williams/MYFPGA/FPGA Final/rs_codec_clean/rs_codec_clean/rs_codec_clean.srcs/sources_1/ip/bram_rs/bram_rs.xci}}]
INFO: [IP_Flow 19-1686] Generating 'Instantiation Template' target for IP 'bram_rs'...
INFO: [IP_Flow 19-1686] Generating 'Synthesis' target for IP 'bram_rs'...
INFO: [IP_Flow 19-1686] Generating 'Simulation' target for IP 'bram_rs'...
INFO: [IP_Flow 19-1686] Generating 'Miscellaneous' target for IP 'bram_rs'...
INFO: [IP_Flow 19-1686] Generating 'Change Log' target for IP 'bram_rs'...
catch { config_ip_cache -export [get_ips -all bram_rs] }
INFO: [IP_Flow 19-6924] IPCACHE: Running cache check for IP inst: bram_rs
catch { config_ip_cache -export [get_ips -all clk_wiz_0] }
INFO: [IP_Flow 19-6924] IPCACHE: Running cache check for IP inst: clk_wiz_0
export_ip_user_files -of_objects [get_files {{/home/williams/MYFPGA/FPGA Final/rs_codec_clean/rs_codec_clean/rs_codec_clean.srcs/sources_1/ip/bram_rs/bram_rs.xci}}] -no_script -sync -force -quiet
export_ip_user_files -of_objects [get_files {{/home/williams/MYFPGA/FPGA Final/rs_codec_clean/rs_codec_clean/rs_codec_clean.srcs/sources_1/ip/clk_wiz_0/clk_wiz_0.xci}}] -no_script -sync -force -quiet
reset_run bram_rs_synth_1
reset_run clk_wiz_0_synth_1
launch_runs bram_rs_synth_1 clk_wiz_0_synth_1 -jobs 24
INFO: [IP_Flow 19-6924] IPCACHE: Running cache check for IP inst: bram_rs
INFO: [IP_Flow 19-6924] IPCACHE: Running cache check for IP inst: clk_wiz_0
[Wed Aug  5 22:48:36 2026] Launched bram_rs_synth_1, clk_wiz_0_synth_1...
Run output will be captured here:
bram_rs_synth_1: /home/williams/MYFPGA/FPGA Final/rs_codec_clean/rs_codec_clean/rs_codec_clean.runs/bram_rs_synth_1/runme.log
clk_wiz_0_synth_1: /home/williams/MYFPGA/FPGA Final/rs_codec_clean/rs_codec_clean/rs_codec_clean.runs/clk_wiz_0_synth_1/runme.log
export_simulation -of_objects [get_files {{/home/williams/MYFPGA/FPGA Final/rs_codec_clean/rs_codec_clean/rs_codec_clean.srcs/sources_1/ip/bram_rs/bram_rs.xci}}] -directory {/home/williams/MYFPGA/FPGA Final/rs_codec_clean/rs_codec_clean/rs_codec_clean.ip_user_files/sim_scripts} -ip_user_files_dir {/home/williams/MYFPGA/FPGA Final/rs_codec_clean/rs_codec_clean/rs_codec_clean.ip_user_files} -ipstatic_source_dir {/home/williams/MYFPGA/FPGA Final/rs_codec_clean/rs_codec_clean/rs_codec_clean.ip_user_files/ipstatic} -lib_map_path [list {modelsim=/home/williams/MYFPGA/FPGA Final/rs_codec_clean/rs_codec_clean/rs_codec_clean.cache/compile_simlib/modelsim} {questa=/home/williams/MYFPGA/FPGA Final/rs_codec_clean/rs_codec_clean/rs_codec_clean.cache/compile_simlib/questa} {xcelium=/home/williams/MYFPGA/FPGA Final/rs_codec_clean/rs_codec_clean/rs_codec_clean.cache/compile_simlib/xcelium} {vcs=/home/williams/MYFPGA/FPGA Final/rs_codec_clean/rs_codec_clean/rs_codec_clean.cache/compile_simlib/vcs} {riviera=/home/williams/MYFPGA/FPGA Final/rs_codec_clean/rs_codec_clean/rs_codec_clean.cache/compile_simlib/riviera}] -use_ip_compiled_libs -force -quiet
export_simulation -of_objects [get_files {{/home/williams/MYFPGA/FPGA Final/rs_codec_clean/rs_codec_clean/rs_codec_clean.srcs/sources_1/ip/clk_wiz_0/clk_wiz_0.xci}}] -directory {/home/williams/MYFPGA/FPGA Final/rs_codec_clean/rs_codec_clean/rs_codec_clean.ip_user_files/sim_scripts} -ip_user_files_dir {/home/williams/MYFPGA/FPGA Final/rs_codec_clean/rs_codec_clean/rs_codec_clean.ip_user_files} -ipstatic_source_dir {/home/williams/MYFPGA/FPGA Final/rs_codec_clean/rs_codec_clean/rs_codec_clean.ip_user_files/ipstatic} -lib_map_path [list {modelsim=/home/williams/MYFPGA/FPGA Final/rs_codec_clean/rs_codec_clean/rs_codec_clean.cache/compile_simlib/modelsim} {questa=/home/williams/MYFPGA/FPGA Final/rs_codec_clean/rs_codec_clean/rs_codec_clean.cache/compile_simlib/questa} {xcelium=/home/williams/MYFPGA/FPGA Final/rs_codec_clean/rs_codec_clean/rs_codec_clean.cache/compile_simlib/xcelium} {vcs=/home/williams/MYFPGA/FPGA Final/rs_codec_clean/rs_codec_clean/rs_codec_clean.cache/compile_simlib/vcs} {riviera=/home/williams/MYFPGA/FPGA Final/rs_codec_clean/rs_codec_clean/rs_codec_clean.cache/compile_simlib/riviera}] -use_ip_compiled_libs -force -quiet
launch_simulation
Command: launch_simulation 
INFO: [Vivado 12-12493] Simulation top is 'top'
WARNING: [Vivado 12-13277] Compiled library path does not exist: ''
INFO: [Vivado 12-5698] Checking validity of IPs in the design for the 'XSim' simulator...
INFO: [Vivado 12-5682] Launching behavioral simulation in '/home/williams/MYFPGA/FPGA Final/rs_codec_clean/rs_codec_clean/rs_codec_clean.sim/sim_1/behav/xsim'
INFO: [Vivado 12-4795] Using compiled simulation libraries for IPs
INFO: [SIM-utils-51] Simulation object is 'sim_1'
INFO: [SIM-utils-72] Using boost library from '/tools/Xilinx/Vivado/2022.2/tps/boost_1_72_0'
INFO: [USF-XSim-7] Finding pre-compiled libraries...
INFO: [USF-XSim-11] File '/tools/Xilinx/Vivado/2022.2/data/xsim/xsim.ini' copied to run dir:'/home/williams/MYFPGA/FPGA Final/rs_codec_clean/rs_codec_clean/rs_codec_clean.sim/sim_1/behav/xsim'
INFO: [SIM-utils-54] Inspecting design source files for 'top' in fileset 'sim_1'...
INFO: [SIM-utils-43] Exported '/home/williams/MYFPGA/FPGA Final/rs_codec_clean/rs_codec_clean/rs_codec_clean.sim/sim_1/behav/xsim/error.mem'
INFO: [SIM-utils-43] Exported '/home/williams/MYFPGA/FPGA Final/rs_codec_clean/rs_codec_clean/rs_codec_clean.sim/sim_1/behav/xsim/sample.mem'
INFO: [SIM-utils-43] Exported '/home/williams/MYFPGA/FPGA Final/rs_codec_clean/rs_codec_clean/rs_codec_clean.sim/sim_1/behav/xsim/alpha_value.mem'
INFO: [SIM-utils-43] Exported '/home/williams/MYFPGA/FPGA Final/rs_codec_clean/rs_codec_clean/rs_codec_clean.sim/sim_1/behav/xsim/sample_head.mem'
INFO: [SIM-utils-43] Exported '/home/williams/MYFPGA/FPGA Final/rs_codec_clean/rs_codec_clean/rs_codec_clean.sim/sim_1/behav/xsim/decimal_value.mem'
INFO: [SIM-utils-43] Exported '/home/williams/MYFPGA/FPGA Final/rs_codec_clean/rs_codec_clean/rs_codec_clean.sim/sim_1/behav/xsim/sim.tcl'
INFO: [USF-XSim-97] Finding global include files...
INFO: [USF-XSim-98] Fetching design files from 'sim_1'...
INFO: [USF-XSim-2] XSim::Compile design
INFO: [USF-XSim-61] Executing 'COMPILE and ANALYZE' step in '/home/williams/MYFPGA/FPGA Final/rs_codec_clean/rs_codec_clean/rs_codec_clean.sim/sim_1/behav/xsim'
xvlog --incr --relax -prj top_vlog.prj
INFO: [VRFC 10-2263] Analyzing Verilog file "/home/williams/MYFPGA/FPGA Final/rs_codec_clean/rs_codec_clean/rs_codec_clean.gen/sources_1/ip/bram_rs/sim/bram_rs.v" into library xil_defaultlib
INFO: [VRFC 10-311] analyzing module bram_rs
INFO: [VRFC 10-2263] Analyzing Verilog file "/home/williams/MYFPGA/FPGA Final/rs_codec_clean/rs_codec_clean/rs_codec_clean.gen/sources_1/ip/clk_wiz_0/clk_wiz_0_clk_wiz.v" into library xil_defaultlib
INFO: [VRFC 10-311] analyzing module clk_wiz_0_clk_wiz
INFO: [VRFC 10-2263] Analyzing Verilog file "/home/williams/MYFPGA/FPGA Final/rs_codec_clean/rs_codec_clean/rs_codec_clean.gen/sources_1/ip/clk_wiz_0/clk_wiz_0.v" into library xil_defaultlib
INFO: [VRFC 10-311] analyzing module clk_wiz_0
INFO: [VRFC 10-2263] Analyzing Verilog file "/home/williams/MYFPGA/FPGA Final/rs_codec_clean/rs_codec_clean/rs_codec_clean.srcs/sources_1/imports/new/autorun.v" into library xil_defaultlib
INFO: [VRFC 10-311] analyzing module autorun
INFO: [VRFC 10-2263] Analyzing Verilog file "/home/williams/MYFPGA/FPGA Final/rs_codec_clean/rs_codec_clean/rs_codec_clean.srcs/sources_1/imports/new/chien_search.v" into library xil_defaultlib
INFO: [VRFC 10-311] analyzing module chien_search
INFO: [VRFC 10-2263] Analyzing Verilog file "/home/williams/MYFPGA/FPGA Final/rs_codec_clean/rs_codec_clean/rs_codec_clean.srcs/sources_1/imports/new/error_inject.v" into library xil_defaultlib
INFO: [VRFC 10-311] analyzing module error_inject
INFO: [VRFC 10-2263] Analyzing Verilog file "/home/williams/MYFPGA/FPGA Final/rs_codec_clean/rs_codec_clean/rs_codec_clean.srcs/sources_1/imports/new/euclid_proc.v" into library xil_defaultlib
INFO: [VRFC 10-311] analyzing module euclid_proc
INFO: [VRFC 10-2263] Analyzing Verilog file "/home/williams/MYFPGA/FPGA Final/rs_codec_clean/rs_codec_clean/rs_codec_clean.srcs/sources_1/imports/new/forney_math.v" into library xil_defaultlib
INFO: [VRFC 10-311] analyzing module forney_math
INFO: [VRFC 10-2263] Analyzing Verilog file "/home/williams/MYFPGA/FPGA Final/rs_codec_clean/rs_codec_clean/rs_codec_clean.srcs/sources_1/imports/new/inverter.v" into library xil_defaultlib
INFO: [VRFC 10-311] analyzing module inverter
INFO: [VRFC 10-2263] Analyzing Verilog file "/home/williams/MYFPGA/FPGA Final/rs_codec_clean/rs_codec_clean/rs_codec_clean.srcs/sources_1/imports/new/multiplier.v" into library xil_defaultlib
INFO: [VRFC 10-311] analyzing module multiplier
INFO: [VRFC 10-2263] Analyzing Verilog file "/home/williams/MYFPGA/FPGA Final/rs_codec_clean/rs_codec_clean/rs_codec_clean.srcs/sources_1/imports/rs_codec_clean/rs_decoder.v" into library xil_defaultlib
INFO: [VRFC 10-311] analyzing module rs_decoder
INFO: [VRFC 10-2263] Analyzing Verilog file "/home/williams/MYFPGA/FPGA Final/rs_codec_clean/rs_codec_clean/rs_codec_clean.srcs/sources_1/imports/new/rs_encoder.v" into library xil_defaultlib
INFO: [VRFC 10-311] analyzing module rs_encoder
INFO: [VRFC 10-2263] Analyzing Verilog file "/home/williams/MYFPGA/FPGA Final/rs_codec_clean/rs_codec_clean/rs_codec_clean.srcs/sources_1/imports/new/stream_input.v" into library xil_defaultlib
INFO: [VRFC 10-311] analyzing module stream_input
INFO: [VRFC 10-2263] Analyzing Verilog file "/home/williams/MYFPGA/FPGA Final/rs_codec_clean/rs_codec_clean/rs_codec_clean.srcs/sources_1/imports/new/syndrome_unit.v" into library xil_defaultlib
INFO: [VRFC 10-311] analyzing module syndrome_unit
INFO: [VRFC 10-2263] Analyzing Verilog file "/home/williams/MYFPGA/FPGA Final/rs_codec_clean/rs_codec_clean/rs_codec_clean.srcs/sources_1/imports/new/top.v" into library xil_defaultlib
INFO: [VRFC 10-311] analyzing module top
INFO: [VRFC 10-2263] Analyzing Verilog file "/home/williams/MYFPGA/FPGA Final/rs_codec_clean/rs_codec_clean/rs_codec_clean.sim/sim_1/behav/xsim/glbl.v" into library xil_defaultlib
INFO: [VRFC 10-311] analyzing module glbl
Waiting for jobs to finish...
No pending jobs, compilation finished.
INFO: [USF-XSim-69] 'compile' step finished in '1' seconds
INFO: [USF-XSim-3] XSim::Elaborate design
INFO: [USF-XSim-61] Executing 'ELABORATE' step in '/home/williams/MYFPGA/FPGA Final/rs_codec_clean/rs_codec_clean/rs_codec_clean.sim/sim_1/behav/xsim'
xelab --incr --debug typical --relax --mt 8 -L xil_defaultlib -L blk_mem_gen_v8_4_5 -L unisims_ver -L unimacro_ver -L secureip -L xpm --snapshot top_behav xil_defaultlib.top xil_defaultlib.glbl -log elaborate.log
Vivado Simulator v2022.2
Copyright 1986-1999, 2001-2022 Xilinx, Inc. All Rights Reserved.
Running: /tools/Xilinx/Vivado/2022.2/bin/unwrapped/lnx64.o/xelab --incr --debug typical --relax --mt 8 -L xil_defaultlib -L blk_mem_gen_v8_4_5 -L unisims_ver -L unimacro_ver -L secureip -L xpm --snapshot top_behav xil_defaultlib.top xil_defaultlib.glbl -log elaborate.log 
Using 8 slave threads.
Starting static elaboration
Pass Through NonSizing Optimizer
Completed static elaboration
Starting simulation data flow analysis
Completed simulation data flow analysis
Time Resolution for simulation is 1ps
Compiling module unisims_ver.IBUFDS
Compiling module unisims_ver.IBUFGDS
Compiling module unisims_ver.IBUF
Compiling module unisims_ver.MMCME3_ADV(CLKIN1_PERIOD=5.0,CLK...
Compiling module unisims_ver.BUFG
Compiling module xil_defaultlib.clk_wiz_0_clk_wiz
Compiling module xil_defaultlib.clk_wiz_0
Compiling module xil_defaultlib.autorun
Compiling module xil_defaultlib.stream_input
Compiling module xil_defaultlib.multiplier
Compiling module xil_defaultlib.rs_encoder
Compiling module xil_defaultlib.error_inject_default
Compiling module blk_mem_gen_v8_4_5.blk_mem_gen_v8_4_5_output_stage(...
Compiling module blk_mem_gen_v8_4_5.blk_mem_gen_v8_4_5_output_stage(...
Compiling module blk_mem_gen_v8_4_5.blk_mem_gen_v8_4_5_softecc_outpu...
Compiling module blk_mem_gen_v8_4_5.blk_mem_gen_v8_4_5_mem_module(C_...
Compiling module blk_mem_gen_v8_4_5.blk_mem_axi_regs_fwd_v8_4(C_DATA...
Compiling module blk_mem_gen_v8_4_5.blk_mem_gen_v8_4_5(C_FAMILY="kin...
Compiling module xil_defaultlib.bram_rs
Compiling module xil_defaultlib.syndrome_unit
Compiling module xil_defaultlib.inverter
Compiling module xil_defaultlib.euclid_proc_default
Compiling module xil_defaultlib.chien_search
Compiling module xil_defaultlib.forney_math
Compiling module xil_defaultlib.rs_decoder
Compiling module xil_defaultlib.top
Compiling module xil_defaultlib.glbl
Built simulation snapshot top_behav
INFO: [USF-XSim-69] 'elaborate' step finished in '2' seconds
INFO: [USF-XSim-4] XSim::Simulate design
INFO: [USF-XSim-61] Executing 'SIMULATE' step in '/home/williams/MYFPGA/FPGA Final/rs_codec_clean/rs_codec_clean/rs_codec_clean.sim/sim_1/behav/xsim'
INFO: [USF-XSim-98] *** Running xsim
   with args "top_behav -key {Behavioral:sim_1:Functional:top} -tclbatch {top.tcl} -log {simulate.log}"
INFO: [USF-XSim-8] Loading simulator feature
Time resolution is 1 ps
source top.tcl
# set curr_wave [current_wave_config]
# if { [string length $curr_wave] == 0 } {
#   if { [llength [get_objects]] > 0} {
#     add_wave /
#     set_property needs_save false [current_wave_config]
#   } else {
#      send_msg_id Add_Wave-1 WARNING "No top level signals found. Simulator will start without a wave window. If you want to open a wave window go to 'File->New Waveform Configuration' or type 'create_wave_config' in the TCL console."
#   }
# }
# run 1000ns
Block Memory Generator module top.rs_decoder_inst.bram_rs_inst.inst.\native_mem_module.blk_mem_gen_v8_4_5_inst  is using a behavioral model for simulation which will not precisely model memory collision behavior.
# source -notrace {../../../../rs_codec_clean.srcs/sim_1/imports/rs_codec_clean/sim.tcl}
INFO: [Simtcl 6-16] Simulation closed
Command: launch_simulation 
INFO: [Vivado 12-12493] Simulation top is 'top'
WARNING: [Vivado 12-13277] Compiled library path does not exist: ''
INFO: [Vivado 12-5698] Checking validity of IPs in the design for the 'XSim' simulator...
INFO: [Vivado 12-5682] Launching behavioral simulation in '/home/williams/MYFPGA/FPGA Final/rs_codec_clean/rs_codec_clean/rs_codec_clean.sim/sim_1/behav/xsim'
INFO: [Vivado 12-4795] Using compiled simulation libraries for IPs
INFO: [SIM-utils-51] Simulation object is 'sim_1'
INFO: [SIM-utils-72] Using boost library from '/tools/Xilinx/Vivado/2022.2/tps/boost_1_72_0'
INFO: [USF-XSim-7] Finding pre-compiled libraries...
INFO: [USF-XSim-11] File '/tools/Xilinx/Vivado/2022.2/data/xsim/xsim.ini' copied to run dir:'/home/williams/MYFPGA/FPGA Final/rs_codec_clean/rs_codec_clean/rs_codec_clean.sim/sim_1/behav/xsim'
INFO: [SIM-utils-54] Inspecting design source files for 'top' in fileset 'sim_1'...
INFO: [SIM-utils-43] Exported '/home/williams/MYFPGA/FPGA Final/rs_codec_clean/rs_codec_clean/rs_codec_clean.sim/sim_1/behav/xsim/error.mem'
INFO: [SIM-utils-43] Exported '/home/williams/MYFPGA/FPGA Final/rs_codec_clean/rs_codec_clean/rs_codec_clean.sim/sim_1/behav/xsim/sample.mem'
INFO: [SIM-utils-43] Exported '/home/williams/MYFPGA/FPGA Final/rs_codec_clean/rs_codec_clean/rs_codec_clean.sim/sim_1/behav/xsim/alpha_value.mem'
INFO: [SIM-utils-43] Exported '/home/williams/MYFPGA/FPGA Final/rs_codec_clean/rs_codec_clean/rs_codec_clean.sim/sim_1/behav/xsim/sample_head.mem'
INFO: [SIM-utils-43] Exported '/home/williams/MYFPGA/FPGA Final/rs_codec_clean/rs_codec_clean/rs_codec_clean.sim/sim_1/behav/xsim/decimal_value.mem'
INFO: [SIM-utils-43] Exported '/home/williams/MYFPGA/FPGA Final/rs_codec_clean/rs_codec_clean/rs_codec_clean.sim/sim_1/behav/xsim/sim.tcl'
INFO: [USF-XSim-97] Finding global include files...
INFO: [USF-XSim-98] Fetching design files from 'sim_1'...
INFO: [USF-XSim-2] XSim::Compile design
INFO: [USF-XSim-61] Executing 'COMPILE and ANALYZE' step in '/home/williams/MYFPGA/FPGA Final/rs_codec_clean/rs_codec_clean/rs_codec_clean.sim/sim_1/behav/xsim'
xvlog --incr --relax -prj top_vlog.prj
INFO: [VRFC 10-2263] Analyzing Verilog file "/home/williams/MYFPGA/FPGA Final/rs_codec_clean/rs_codec_clean/rs_codec_clean.gen/sources_1/ip/bram_rs/sim/bram_rs.v" into library xil_defaultlib
INFO: [VRFC 10-311] analyzing module bram_rs
INFO: [VRFC 10-2263] Analyzing Verilog file "/home/williams/MYFPGA/FPGA Final/rs_codec_clean/rs_codec_clean/rs_codec_clean.gen/sources_1/ip/clk_wiz_0/clk_wiz_0_clk_wiz.v" into library xil_defaultlib
INFO: [VRFC 10-311] analyzing module clk_wiz_0_clk_wiz
INFO: [VRFC 10-2263] Analyzing Verilog file "/home/williams/MYFPGA/FPGA Final/rs_codec_clean/rs_codec_clean/rs_codec_clean.gen/sources_1/ip/clk_wiz_0/clk_wiz_0.v" into library xil_defaultlib
INFO: [VRFC 10-311] analyzing module clk_wiz_0
INFO: [VRFC 10-2263] Analyzing Verilog file "/home/williams/MYFPGA/FPGA Final/rs_codec_clean/rs_codec_clean/rs_codec_clean.srcs/sources_1/imports/new/autorun.v" into library xil_defaultlib
INFO: [VRFC 10-311] analyzing module autorun
INFO: [VRFC 10-2263] Analyzing Verilog file "/home/williams/MYFPGA/FPGA Final/rs_codec_clean/rs_codec_clean/rs_codec_clean.srcs/sources_1/imports/new/chien_search.v" into library xil_defaultlib
INFO: [VRFC 10-311] analyzing module chien_search
INFO: [VRFC 10-2263] Analyzing Verilog file "/home/williams/MYFPGA/FPGA Final/rs_codec_clean/rs_codec_clean/rs_codec_clean.srcs/sources_1/imports/new/error_inject.v" into library xil_defaultlib
INFO: [VRFC 10-311] analyzing module error_inject
INFO: [VRFC 10-2263] Analyzing Verilog file "/home/williams/MYFPGA/FPGA Final/rs_codec_clean/rs_codec_clean/rs_codec_clean.srcs/sources_1/imports/new/euclid_proc.v" into library xil_defaultlib
INFO: [VRFC 10-311] analyzing module euclid_proc
INFO: [VRFC 10-2263] Analyzing Verilog file "/home/williams/MYFPGA/FPGA Final/rs_codec_clean/rs_codec_clean/rs_codec_clean.srcs/sources_1/imports/new/forney_math.v" into library xil_defaultlib
INFO: [VRFC 10-311] analyzing module forney_math
INFO: [VRFC 10-2263] Analyzing Verilog file "/home/williams/MYFPGA/FPGA Final/rs_codec_clean/rs_codec_clean/rs_codec_clean.srcs/sources_1/imports/new/inverter.v" into library xil_defaultlib
INFO: [VRFC 10-311] analyzing module inverter
INFO: [VRFC 10-2263] Analyzing Verilog file "/home/williams/MYFPGA/FPGA Final/rs_codec_clean/rs_codec_clean/rs_codec_clean.srcs/sources_1/imports/new/multiplier.v" into library xil_defaultlib
INFO: [VRFC 10-311] analyzing module multiplier
INFO: [VRFC 10-2263] Analyzing Verilog file "/home/williams/MYFPGA/FPGA Final/rs_codec_clean/rs_codec_clean/rs_codec_clean.srcs/sources_1/imports/rs_codec_clean/rs_decoder.v" into library xil_defaultlib
INFO: [VRFC 10-311] analyzing module rs_decoder
INFO: [VRFC 10-2263] Analyzing Verilog file "/home/williams/MYFPGA/FPGA Final/rs_codec_clean/rs_codec_clean/rs_codec_clean.srcs/sources_1/imports/new/rs_encoder.v" into library xil_defaultlib
INFO: [VRFC 10-311] analyzing module rs_encoder
INFO: [VRFC 10-2263] Analyzing Verilog file "/home/williams/MYFPGA/FPGA Final/rs_codec_clean/rs_codec_clean/rs_codec_clean.srcs/sources_1/imports/new/stream_input.v" into library xil_defaultlib
INFO: [VRFC 10-311] analyzing module stream_input
INFO: [VRFC 10-2263] Analyzing Verilog file "/home/williams/MYFPGA/FPGA Final/rs_codec_clean/rs_codec_clean/rs_codec_clean.srcs/sources_1/imports/new/syndrome_unit.v" into library xil_defaultlib
INFO: [VRFC 10-311] analyzing module syndrome_unit
INFO: [VRFC 10-2263] Analyzing Verilog file "/home/williams/MYFPGA/FPGA Final/rs_codec_clean/rs_codec_clean/rs_codec_clean.srcs/sources_1/imports/new/top.v" into library xil_defaultlib
INFO: [VRFC 10-311] analyzing module top
Waiting for jobs to finish...
No pending jobs, compilation finished.
INFO: [USF-XSim-69] 'compile' step finished in '1' seconds
INFO: [USF-XSim-3] XSim::Elaborate design
INFO: [USF-XSim-61] Executing 'ELABORATE' step in '/home/williams/MYFPGA/FPGA Final/rs_codec_clean/rs_codec_clean/rs_codec_clean.sim/sim_1/behav/xsim'
xelab --incr --debug typical --relax --mt 8 -L xil_defaultlib -L blk_mem_gen_v8_4_5 -L unisims_ver -L unimacro_ver -L secureip -L xpm --snapshot top_behav xil_defaultlib.top xil_defaultlib.glbl -log elaborate.log
Vivado Simulator v2022.2
Copyright 1986-1999, 2001-2022 Xilinx, Inc. All Rights Reserved.
Running: /tools/Xilinx/Vivado/2022.2/bin/unwrapped/lnx64.o/xelab --incr --debug typical --relax --mt 8 -L xil_defaultlib -L blk_mem_gen_v8_4_5 -L unisims_ver -L unimacro_ver -L secureip -L xpm --snapshot top_behav xil_defaultlib.top xil_defaultlib.glbl -log elaborate.log 
Using 8 slave threads.
Starting static elaboration
Pass Through NonSizing Optimizer
Completed static elaboration
Starting simulation data flow analysis
Completed simulation data flow analysis
Time Resolution for simulation is 1ps
Compiling module unisims_ver.IBUFDS
Compiling module unisims_ver.IBUFGDS
Compiling module unisims_ver.IBUF
Compiling module unisims_ver.MMCME3_ADV(CLKIN1_PERIOD=5.0,CLK...
Compiling module unisims_ver.BUFG
Compiling module xil_defaultlib.clk_wiz_0_clk_wiz
Compiling module xil_defaultlib.clk_wiz_0
Compiling module xil_defaultlib.autorun
Compiling module xil_defaultlib.stream_input
Compiling module xil_defaultlib.multiplier
Compiling module xil_defaultlib.rs_encoder
Compiling module xil_defaultlib.error_inject_default
Compiling module blk_mem_gen_v8_4_5.blk_mem_gen_v8_4_5_output_stage(...
Compiling module blk_mem_gen_v8_4_5.blk_mem_gen_v8_4_5_output_stage(...
Compiling module blk_mem_gen_v8_4_5.blk_mem_gen_v8_4_5_softecc_outpu...
Compiling module blk_mem_gen_v8_4_5.blk_mem_gen_v8_4_5_mem_module(C_...
Compiling module blk_mem_gen_v8_4_5.blk_mem_axi_regs_fwd_v8_4(C_DATA...
Compiling module blk_mem_gen_v8_4_5.blk_mem_gen_v8_4_5(C_FAMILY="kin...
Compiling module xil_defaultlib.bram_rs
Compiling module xil_defaultlib.syndrome_unit
Compiling module xil_defaultlib.inverter
Compiling module xil_defaultlib.euclid_proc_default
Compiling module xil_defaultlib.chien_search
Compiling module xil_defaultlib.forney_math
Compiling module xil_defaultlib.rs_decoder
Compiling module xil_defaultlib.top
Compiling module xil_defaultlib.glbl
Built simulation snapshot top_behav
INFO: [USF-XSim-69] 'elaborate' step finished in '3' seconds
INFO: [USF-XSim-4] XSim::Simulate design
INFO: [USF-XSim-61] Executing 'SIMULATE' step in '/home/williams/MYFPGA/FPGA Final/rs_codec_clean/rs_codec_clean/rs_codec_clean.sim/sim_1/behav/xsim'
INFO: [USF-XSim-98] *** Running xsim
   with args "top_behav -key {Behavioral:sim_1:Functional:top} -tclbatch {top.tcl} -log {simulate.log}"
INFO: [USF-XSim-8] Loading simulator feature
Time resolution is 1 ps
source top.tcl
Block Memory Generator module top.rs_decoder_inst.bram_rs_inst.inst.\native_mem_module.blk_mem_gen_v8_4_5_inst  is using a behavioral model for simulation which will not precisely model memory collision behavior.
INFO: [Simtcl 6-16] Simulation closed
Command: launch_simulation 
INFO: [Vivado 12-12493] Simulation top is 'top'
WARNING: [Vivado 12-13277] Compiled library path does not exist: ''
INFO: [Vivado 12-5698] Checking validity of IPs in the design for the 'XSim' simulator...
INFO: [Vivado 12-5682] Launching behavioral simulation in '/home/williams/MYFPGA/FPGA Final/rs_codec_clean/rs_codec_clean/rs_codec_clean.sim/sim_1/behav/xsim'
INFO: [Vivado 12-4795] Using compiled simulation libraries for IPs
INFO: [SIM-utils-51] Simulation object is 'sim_1'
INFO: [SIM-utils-72] Using boost library from '/tools/Xilinx/Vivado/2022.2/tps/boost_1_72_0'
INFO: [USF-XSim-7] Finding pre-compiled libraries...
INFO: [USF-XSim-11] File '/tools/Xilinx/Vivado/2022.2/data/xsim/xsim.ini' copied to run dir:'/home/williams/MYFPGA/FPGA Final/rs_codec_clean/rs_codec_clean/rs_codec_clean.sim/sim_1/behav/xsim'
INFO: [SIM-utils-54] Inspecting design source files for 'top' in fileset 'sim_1'...
INFO: [SIM-utils-43] Exported '/home/williams/MYFPGA/FPGA Final/rs_codec_clean/rs_codec_clean/rs_codec_clean.sim/sim_1/behav/xsim/error.mem'
INFO: [SIM-utils-43] Exported '/home/williams/MYFPGA/FPGA Final/rs_codec_clean/rs_codec_clean/rs_codec_clean.sim/sim_1/behav/xsim/sample.mem'
INFO: [SIM-utils-43] Exported '/home/williams/MYFPGA/FPGA Final/rs_codec_clean/rs_codec_clean/rs_codec_clean.sim/sim_1/behav/xsim/alpha_value.mem'
INFO: [SIM-utils-43] Exported '/home/williams/MYFPGA/FPGA Final/rs_codec_clean/rs_codec_clean/rs_codec_clean.sim/sim_1/behav/xsim/sample_head.mem'
INFO: [SIM-utils-43] Exported '/home/williams/MYFPGA/FPGA Final/rs_codec_clean/rs_codec_clean/rs_codec_clean.sim/sim_1/behav/xsim/decimal_value.mem'
INFO: [SIM-utils-43] Exported '/home/williams/MYFPGA/FPGA Final/rs_codec_clean/rs_codec_clean/rs_codec_clean.sim/sim_1/behav/xsim/sim.tcl'
INFO: [USF-XSim-97] Finding global include files...
INFO: [USF-XSim-98] Fetching design files from 'sim_1'...
INFO: [USF-XSim-2] XSim::Compile design
INFO: [USF-XSim-61] Executing 'COMPILE and ANALYZE' step in '/home/williams/MYFPGA/FPGA Final/rs_codec_clean/rs_codec_clean/rs_codec_clean.sim/sim_1/behav/xsim'
xvlog --incr --relax -prj top_vlog.prj
INFO: [VRFC 10-2263] Analyzing Verilog file "/home/williams/MYFPGA/FPGA Final/rs_codec_clean/rs_codec_clean/rs_codec_clean.gen/sources_1/ip/bram_rs/sim/bram_rs.v" into library xil_defaultlib
INFO: [VRFC 10-311] analyzing module bram_rs
INFO: [VRFC 10-2263] Analyzing Verilog file "/home/williams/MYFPGA/FPGA Final/rs_codec_clean/rs_codec_clean/rs_codec_clean.gen/sources_1/ip/clk_wiz_0/clk_wiz_0_clk_wiz.v" into library xil_defaultlib
INFO: [VRFC 10-311] analyzing module clk_wiz_0_clk_wiz
INFO: [VRFC 10-2263] Analyzing Verilog file "/home/williams/MYFPGA/FPGA Final/rs_codec_clean/rs_codec_clean/rs_codec_clean.gen/sources_1/ip/clk_wiz_0/clk_wiz_0.v" into library xil_defaultlib
INFO: [VRFC 10-311] analyzing module clk_wiz_0
INFO: [VRFC 10-2263] Analyzing Verilog file "/home/williams/MYFPGA/FPGA Final/rs_codec_clean/rs_codec_clean/rs_codec_clean.srcs/sources_1/imports/new/autorun.v" into library xil_defaultlib
INFO: [VRFC 10-311] analyzing module autorun
INFO: [VRFC 10-2263] Analyzing Verilog file "/home/williams/MYFPGA/FPGA Final/rs_codec_clean/rs_codec_clean/rs_codec_clean.srcs/sources_1/imports/new/chien_search.v" into library xil_defaultlib
INFO: [VRFC 10-311] analyzing module chien_search
INFO: [VRFC 10-2263] Analyzing Verilog file "/home/williams/MYFPGA/FPGA Final/rs_codec_clean/rs_codec_clean/rs_codec_clean.srcs/sources_1/imports/new/error_inject.v" into library xil_defaultlib
INFO: [VRFC 10-311] analyzing module error_inject
INFO: [VRFC 10-2263] Analyzing Verilog file "/home/williams/MYFPGA/FPGA Final/rs_codec_clean/rs_codec_clean/rs_codec_clean.srcs/sources_1/imports/new/euclid_proc.v" into library xil_defaultlib
INFO: [VRFC 10-311] analyzing module euclid_proc
INFO: [VRFC 10-2263] Analyzing Verilog file "/home/williams/MYFPGA/FPGA Final/rs_codec_clean/rs_codec_clean/rs_codec_clean.srcs/sources_1/imports/new/forney_math.v" into library xil_defaultlib
INFO: [VRFC 10-311] analyzing module forney_math
INFO: [VRFC 10-2263] Analyzing Verilog file "/home/williams/MYFPGA/FPGA Final/rs_codec_clean/rs_codec_clean/rs_codec_clean.srcs/sources_1/imports/new/inverter.v" into library xil_defaultlib
INFO: [VRFC 10-311] analyzing module inverter
INFO: [VRFC 10-2263] Analyzing Verilog file "/home/williams/MYFPGA/FPGA Final/rs_codec_clean/rs_codec_clean/rs_codec_clean.srcs/sources_1/imports/new/multiplier.v" into library xil_defaultlib
INFO: [VRFC 10-311] analyzing module multiplier
INFO: [VRFC 10-2263] Analyzing Verilog file "/home/williams/MYFPGA/FPGA Final/rs_codec_clean/rs_codec_clean/rs_codec_clean.srcs/sources_1/imports/rs_codec_clean/rs_decoder.v" into library xil_defaultlib
INFO: [VRFC 10-311] analyzing module rs_decoder
INFO: [VRFC 10-2263] Analyzing Verilog file "/home/williams/MYFPGA/FPGA Final/rs_codec_clean/rs_codec_clean/rs_codec_clean.srcs/sources_1/imports/new/rs_encoder.v" into library xil_defaultlib
INFO: [VRFC 10-311] analyzing module rs_encoder
INFO: [VRFC 10-2263] Analyzing Verilog file "/home/williams/MYFPGA/FPGA Final/rs_codec_clean/rs_codec_clean/rs_codec_clean.srcs/sources_1/imports/new/stream_input.v" into library xil_defaultlib
INFO: [VRFC 10-311] analyzing module stream_input
INFO: [VRFC 10-2263] Analyzing Verilog file "/home/williams/MYFPGA/FPGA Final/rs_codec_clean/rs_codec_clean/rs_codec_clean.srcs/sources_1/imports/new/syndrome_unit.v" into library xil_defaultlib
INFO: [VRFC 10-311] analyzing module syndrome_unit
INFO: [VRFC 10-2263] Analyzing Verilog file "/home/williams/MYFPGA/FPGA Final/rs_codec_clean/rs_codec_clean/rs_codec_clean.srcs/sources_1/imports/new/top.v" into library xil_defaultlib
INFO: [VRFC 10-311] analyzing module top
Waiting for jobs to finish...
No pending jobs, compilation finished.
INFO: [USF-XSim-69] 'compile' step finished in '0' seconds
INFO: [USF-XSim-3] XSim::Elaborate design
INFO: [USF-XSim-61] Executing 'ELABORATE' step in '/home/williams/MYFPGA/FPGA Final/rs_codec_clean/rs_codec_clean/rs_codec_clean.sim/sim_1/behav/xsim'
xelab --incr --debug typical --relax --mt 8 -L xil_defaultlib -L blk_mem_gen_v8_4_5 -L unisims_ver -L unimacro_ver -L secureip -L xpm --snapshot top_behav xil_defaultlib.top xil_defaultlib.glbl -log elaborate.log
Vivado Simulator v2022.2
Copyright 1986-1999, 2001-2022 Xilinx, Inc. All Rights Reserved.
Running: /tools/Xilinx/Vivado/2022.2/bin/unwrapped/lnx64.o/xelab --incr --debug typical --relax --mt 8 -L xil_defaultlib -L blk_mem_gen_v8_4_5 -L unisims_ver -L unimacro_ver -L secureip -L xpm --snapshot top_behav xil_defaultlib.top xil_defaultlib.glbl -log elaborate.log 
Using 8 slave threads.
Starting static elaboration
Pass Through NonSizing Optimizer
Completed static elaboration
Starting simulation data flow analysis
Completed simulation data flow analysis
Time Resolution for simulation is 1ps
Compiling module unisims_ver.IBUFDS
Compiling module unisims_ver.IBUFGDS
Compiling module unisims_ver.IBUF
Compiling module unisims_ver.MMCME3_ADV(CLKIN1_PERIOD=5.0,CLK...
Compiling module unisims_ver.BUFG
Compiling module xil_defaultlib.clk_wiz_0_clk_wiz
Compiling module xil_defaultlib.clk_wiz_0
Compiling module xil_defaultlib.autorun
Compiling module xil_defaultlib.stream_input
Compiling module xil_defaultlib.multiplier
Compiling module xil_defaultlib.rs_encoder
Compiling module xil_defaultlib.error_inject_default
Compiling module blk_mem_gen_v8_4_5.blk_mem_gen_v8_4_5_output_stage(...
Compiling module blk_mem_gen_v8_4_5.blk_mem_gen_v8_4_5_output_stage(...
Compiling module blk_mem_gen_v8_4_5.blk_mem_gen_v8_4_5_softecc_outpu...
Compiling module blk_mem_gen_v8_4_5.blk_mem_gen_v8_4_5_mem_module(C_...
Compiling module blk_mem_gen_v8_4_5.blk_mem_axi_regs_fwd_v8_4(C_DATA...
Compiling module blk_mem_gen_v8_4_5.blk_mem_gen_v8_4_5(C_FAMILY="kin...
Compiling module xil_defaultlib.bram_rs
Compiling module xil_defaultlib.syndrome_unit
Compiling module xil_defaultlib.inverter
Compiling module xil_defaultlib.euclid_proc_default
Compiling module xil_defaultlib.chien_search
Compiling module xil_defaultlib.forney_math
Compiling module xil_defaultlib.rs_decoder
Compiling module xil_defaultlib.top
Compiling module xil_defaultlib.glbl
Built simulation snapshot top_behav
INFO: [USF-XSim-69] 'elaborate' step finished in '3' seconds
INFO: [USF-XSim-4] XSim::Simulate design
INFO: [USF-XSim-61] Executing 'SIMULATE' step in '/home/williams/MYFPGA/FPGA Final/rs_codec_clean/rs_codec_clean/rs_codec_clean.sim/sim_1/behav/xsim'
INFO: [USF-XSim-98] *** Running xsim
   with args "top_behav -key {Behavioral:sim_1:Functional:top} -tclbatch {top.tcl} -log {simulate.log}"
INFO: [USF-XSim-8] Loading simulator feature
Time resolution is 1 ps
source top.tcl
Block Memory Generator module top.rs_decoder_inst.bram_rs_inst.inst.\native_mem_module.blk_mem_gen_v8_4_5_inst  is using a behavioral model for simulation which will not precisely model memory collision behavior.
INFO: [Simtcl 6-16] Simulation closed
Command: launch_simulation 
INFO: [Vivado 12-12493] Simulation top is 'top'
WARNING: [Vivado 12-13277] Compiled library path does not exist: ''
INFO: [Vivado 12-5698] Checking validity of IPs in the design for the 'XSim' simulator...
INFO: [Vivado 12-5682] Launching behavioral simulation in '/home/williams/MYFPGA/FPGA Final/rs_codec_clean/rs_codec_clean/rs_codec_clean.sim/sim_1/behav/xsim'
INFO: [Vivado 12-4795] Using compiled simulation libraries for IPs
INFO: [SIM-utils-51] Simulation object is 'sim_1'
INFO: [SIM-utils-72] Using boost library from '/tools/Xilinx/Vivado/2022.2/tps/boost_1_72_0'
INFO: [USF-XSim-7] Finding pre-compiled libraries...
INFO: [USF-XSim-11] File '/tools/Xilinx/Vivado/2022.2/data/xsim/xsim.ini' copied to run dir:'/home/williams/MYFPGA/FPGA Final/rs_codec_clean/rs_codec_clean/rs_codec_clean.sim/sim_1/behav/xsim'
INFO: [SIM-utils-54] Inspecting design source files for 'top' in fileset 'sim_1'...
INFO: [SIM-utils-43] Exported '/home/williams/MYFPGA/FPGA Final/rs_codec_clean/rs_codec_clean/rs_codec_clean.sim/sim_1/behav/xsim/error.mem'
INFO: [SIM-utils-43] Exported '/home/williams/MYFPGA/FPGA Final/rs_codec_clean/rs_codec_clean/rs_codec_clean.sim/sim_1/behav/xsim/sample.mem'
INFO: [SIM-utils-43] Exported '/home/williams/MYFPGA/FPGA Final/rs_codec_clean/rs_codec_clean/rs_codec_clean.sim/sim_1/behav/xsim/alpha_value.mem'
INFO: [SIM-utils-43] Exported '/home/williams/MYFPGA/FPGA Final/rs_codec_clean/rs_codec_clean/rs_codec_clean.sim/sim_1/behav/xsim/sample_head.mem'
INFO: [SIM-utils-43] Exported '/home/williams/MYFPGA/FPGA Final/rs_codec_clean/rs_codec_clean/rs_codec_clean.sim/sim_1/behav/xsim/decimal_value.mem'
INFO: [SIM-utils-43] Exported '/home/williams/MYFPGA/FPGA Final/rs_codec_clean/rs_codec_clean/rs_codec_clean.sim/sim_1/behav/xsim/sim.tcl'
INFO: [USF-XSim-97] Finding global include files...
INFO: [USF-XSim-98] Fetching design files from 'sim_1'...
INFO: [USF-XSim-2] XSim::Compile design
INFO: [USF-XSim-61] Executing 'COMPILE and ANALYZE' step in '/home/williams/MYFPGA/FPGA Final/rs_codec_clean/rs_codec_clean/rs_codec_clean.sim/sim_1/behav/xsim'
xvlog --incr --relax -prj top_vlog.prj
INFO: [VRFC 10-2263] Analyzing Verilog file "/home/williams/MYFPGA/FPGA Final/rs_codec_clean/rs_codec_clean/rs_codec_clean.gen/sources_1/ip/bram_rs/sim/bram_rs.v" into library xil_defaultlib
INFO: [VRFC 10-311] analyzing module bram_rs
INFO: [VRFC 10-2263] Analyzing Verilog file "/home/williams/MYFPGA/FPGA Final/rs_codec_clean/rs_codec_clean/rs_codec_clean.gen/sources_1/ip/clk_wiz_0/clk_wiz_0_clk_wiz.v" into library xil_defaultlib
INFO: [VRFC 10-311] analyzing module clk_wiz_0_clk_wiz
INFO: [VRFC 10-2263] Analyzing Verilog file "/home/williams/MYFPGA/FPGA Final/rs_codec_clean/rs_codec_clean/rs_codec_clean.gen/sources_1/ip/clk_wiz_0/clk_wiz_0.v" into library xil_defaultlib
INFO: [VRFC 10-311] analyzing module clk_wiz_0
INFO: [VRFC 10-2263] Analyzing Verilog file "/home/williams/MYFPGA/FPGA Final/rs_codec_clean/rs_codec_clean/rs_codec_clean.srcs/sources_1/imports/new/autorun.v" into library xil_defaultlib
INFO: [VRFC 10-311] analyzing module autorun
INFO: [VRFC 10-2263] Analyzing Verilog file "/home/williams/MYFPGA/FPGA Final/rs_codec_clean/rs_codec_clean/rs_codec_clean.srcs/sources_1/imports/new/chien_search.v" into library xil_defaultlib
INFO: [VRFC 10-311] analyzing module chien_search
INFO: [VRFC 10-2263] Analyzing Verilog file "/home/williams/MYFPGA/FPGA Final/rs_codec_clean/rs_codec_clean/rs_codec_clean.srcs/sources_1/imports/new/error_inject.v" into library xil_defaultlib
INFO: [VRFC 10-311] analyzing module error_inject
INFO: [VRFC 10-2263] Analyzing Verilog file "/home/williams/MYFPGA/FPGA Final/rs_codec_clean/rs_codec_clean/rs_codec_clean.srcs/sources_1/imports/new/euclid_proc.v" into library xil_defaultlib
INFO: [VRFC 10-311] analyzing module euclid_proc
INFO: [VRFC 10-2263] Analyzing Verilog file "/home/williams/MYFPGA/FPGA Final/rs_codec_clean/rs_codec_clean/rs_codec_clean.srcs/sources_1/imports/new/forney_math.v" into library xil_defaultlib
INFO: [VRFC 10-311] analyzing module forney_math
INFO: [VRFC 10-2263] Analyzing Verilog file "/home/williams/MYFPGA/FPGA Final/rs_codec_clean/rs_codec_clean/rs_codec_clean.srcs/sources_1/imports/new/inverter.v" into library xil_defaultlib
INFO: [VRFC 10-311] analyzing module inverter
INFO: [VRFC 10-2263] Analyzing Verilog file "/home/williams/MYFPGA/FPGA Final/rs_codec_clean/rs_codec_clean/rs_codec_clean.srcs/sources_1/imports/new/multiplier.v" into library xil_defaultlib
INFO: [VRFC 10-311] analyzing module multiplier
INFO: [VRFC 10-2263] Analyzing Verilog file "/home/williams/MYFPGA/FPGA Final/rs_codec_clean/rs_codec_clean/rs_codec_clean.srcs/sources_1/imports/rs_codec_clean/rs_decoder.v" into library xil_defaultlib
INFO: [VRFC 10-311] analyzing module rs_decoder
INFO: [VRFC 10-2263] Analyzing Verilog file "/home/williams/MYFPGA/FPGA Final/rs_codec_clean/rs_codec_clean/rs_codec_clean.srcs/sources_1/imports/new/rs_encoder.v" into library xil_defaultlib
INFO: [VRFC 10-311] analyzing module rs_encoder
INFO: [VRFC 10-2263] Analyzing Verilog file "/home/williams/MYFPGA/FPGA Final/rs_codec_clean/rs_codec_clean/rs_codec_clean.srcs/sources_1/imports/new/stream_input.v" into library xil_defaultlib
INFO: [VRFC 10-311] analyzing module stream_input
INFO: [VRFC 10-2263] Analyzing Verilog file "/home/williams/MYFPGA/FPGA Final/rs_codec_clean/rs_codec_clean/rs_codec_clean.srcs/sources_1/imports/new/syndrome_unit.v" into library xil_defaultlib
INFO: [VRFC 10-311] analyzing module syndrome_unit
INFO: [VRFC 10-2263] Analyzing Verilog file "/home/williams/MYFPGA/FPGA Final/rs_codec_clean/rs_codec_clean/rs_codec_clean.srcs/sources_1/imports/new/top.v" into library xil_defaultlib
INFO: [VRFC 10-311] analyzing module top
Waiting for jobs to finish...
No pending jobs, compilation finished.
INFO: [USF-XSim-69] 'compile' step finished in '0' seconds
INFO: [USF-XSim-3] XSim::Elaborate design
INFO: [USF-XSim-61] Executing 'ELABORATE' step in '/home/williams/MYFPGA/FPGA Final/rs_codec_clean/rs_codec_clean/rs_codec_clean.sim/sim_1/behav/xsim'
xelab --incr --debug typical --relax --mt 8 -L xil_defaultlib -L blk_mem_gen_v8_4_5 -L unisims_ver -L unimacro_ver -L secureip -L xpm --snapshot top_behav xil_defaultlib.top xil_defaultlib.glbl -log elaborate.log
Vivado Simulator v2022.2
Copyright 1986-1999, 2001-2022 Xilinx, Inc. All Rights Reserved.
Running: /tools/Xilinx/Vivado/2022.2/bin/unwrapped/lnx64.o/xelab --incr --debug typical --relax --mt 8 -L xil_defaultlib -L blk_mem_gen_v8_4_5 -L unisims_ver -L unimacro_ver -L secureip -L xpm --snapshot top_behav xil_defaultlib.top xil_defaultlib.glbl -log elaborate.log 
Using 8 slave threads.
Starting static elaboration
Pass Through NonSizing Optimizer
Completed static elaboration
Starting simulation data flow analysis
Completed simulation data flow analysis
Time Resolution for simulation is 1ps
Compiling module unisims_ver.IBUFDS
Compiling module unisims_ver.IBUFGDS
Compiling module unisims_ver.IBUF
Compiling module unisims_ver.MMCME3_ADV(CLKIN1_PERIOD=5.0,CLK...
Compiling module unisims_ver.BUFG
Compiling module xil_defaultlib.clk_wiz_0_clk_wiz
Compiling module xil_defaultlib.clk_wiz_0
Compiling module xil_defaultlib.autorun
Compiling module xil_defaultlib.stream_input
Compiling module xil_defaultlib.multiplier
Compiling module xil_defaultlib.rs_encoder
Compiling module xil_defaultlib.error_inject_default
Compiling module blk_mem_gen_v8_4_5.blk_mem_gen_v8_4_5_output_stage(...
Compiling module blk_mem_gen_v8_4_5.blk_mem_gen_v8_4_5_output_stage(...
Compiling module blk_mem_gen_v8_4_5.blk_mem_gen_v8_4_5_softecc_outpu...
Compiling module blk_mem_gen_v8_4_5.blk_mem_gen_v8_4_5_mem_module(C_...
Compiling module blk_mem_gen_v8_4_5.blk_mem_axi_regs_fwd_v8_4(C_DATA...
Compiling module blk_mem_gen_v8_4_5.blk_mem_gen_v8_4_5(C_FAMILY="kin...
Compiling module xil_defaultlib.bram_rs
Compiling module xil_defaultlib.syndrome_unit
Compiling module xil_defaultlib.inverter
Compiling module xil_defaultlib.euclid_proc_default
Compiling module xil_defaultlib.chien_search
Compiling module xil_defaultlib.forney_math
Compiling module xil_defaultlib.rs_decoder
Compiling module xil_defaultlib.top
Compiling module xil_defaultlib.glbl
Built simulation snapshot top_behav
INFO: [USF-XSim-69] 'elaborate' step finished in '2' seconds
INFO: [USF-XSim-4] XSim::Simulate design
INFO: [USF-XSim-61] Executing 'SIMULATE' step in '/home/williams/MYFPGA/FPGA Final/rs_codec_clean/rs_codec_clean/rs_codec_clean.sim/sim_1/behav/xsim'
INFO: [USF-XSim-98] *** Running xsim
   with args "top_behav -key {Behavioral:sim_1:Functional:top} -tclbatch {top.tcl} -log {simulate.log}"
INFO: [USF-XSim-8] Loading simulator feature
Time resolution is 1 ps
source top.tcl
Block Memory Generator module top.rs_decoder_inst.bram_rs_inst.inst.\native_mem_module.blk_mem_gen_v8_4_5_inst  is using a behavioral model for simulation which will not precisely model memory collision behavior.
INFO: [Simtcl 6-16] Simulation closed
Command: launch_simulation 
INFO: [Vivado 12-12493] Simulation top is 'top'
WARNING: [Vivado 12-13277] Compiled library path does not exist: ''
INFO: [Vivado 12-5698] Checking validity of IPs in the design for the 'XSim' simulator...
INFO: [Vivado 12-5682] Launching behavioral simulation in '/home/williams/MYFPGA/FPGA Final/rs_codec_clean/rs_codec_clean/rs_codec_clean.sim/sim_1/behav/xsim'
INFO: [Vivado 12-4795] Using compiled simulation libraries for IPs
INFO: [SIM-utils-51] Simulation object is 'sim_1'
INFO: [SIM-utils-72] Using boost library from '/tools/Xilinx/Vivado/2022.2/tps/boost_1_72_0'
INFO: [USF-XSim-7] Finding pre-compiled libraries...
INFO: [USF-XSim-11] File '/tools/Xilinx/Vivado/2022.2/data/xsim/xsim.ini' copied to run dir:'/home/williams/MYFPGA/FPGA Final/rs_codec_clean/rs_codec_clean/rs_codec_clean.sim/sim_1/behav/xsim'
INFO: [SIM-utils-54] Inspecting design source files for 'top' in fileset 'sim_1'...
INFO: [SIM-utils-43] Exported '/home/williams/MYFPGA/FPGA Final/rs_codec_clean/rs_codec_clean/rs_codec_clean.sim/sim_1/behav/xsim/error.mem'
INFO: [SIM-utils-43] Exported '/home/williams/MYFPGA/FPGA Final/rs_codec_clean/rs_codec_clean/rs_codec_clean.sim/sim_1/behav/xsim/sample.mem'
INFO: [SIM-utils-43] Exported '/home/williams/MYFPGA/FPGA Final/rs_codec_clean/rs_codec_clean/rs_codec_clean.sim/sim_1/behav/xsim/alpha_value.mem'
INFO: [SIM-utils-43] Exported '/home/williams/MYFPGA/FPGA Final/rs_codec_clean/rs_codec_clean/rs_codec_clean.sim/sim_1/behav/xsim/sample_head.mem'
INFO: [SIM-utils-43] Exported '/home/williams/MYFPGA/FPGA Final/rs_codec_clean/rs_codec_clean/rs_codec_clean.sim/sim_1/behav/xsim/decimal_value.mem'
INFO: [SIM-utils-43] Exported '/home/williams/MYFPGA/FPGA Final/rs_codec_clean/rs_codec_clean/rs_codec_clean.sim/sim_1/behav/xsim/sim.tcl'
INFO: [USF-XSim-97] Finding global include files...
INFO: [USF-XSim-98] Fetching design files from 'sim_1'...
INFO: [USF-XSim-2] XSim::Compile design
INFO: [USF-XSim-61] Executing 'COMPILE and ANALYZE' step in '/home/williams/MYFPGA/FPGA Final/rs_codec_clean/rs_codec_clean/rs_codec_clean.sim/sim_1/behav/xsim'
xvlog --incr --relax -prj top_vlog.prj
INFO: [VRFC 10-2263] Analyzing Verilog file "/home/williams/MYFPGA/FPGA Final/rs_codec_clean/rs_codec_clean/rs_codec_clean.gen/sources_1/ip/bram_rs/sim/bram_rs.v" into library xil_defaultlib
INFO: [VRFC 10-311] analyzing module bram_rs
INFO: [VRFC 10-2263] Analyzing Verilog file "/home/williams/MYFPGA/FPGA Final/rs_codec_clean/rs_codec_clean/rs_codec_clean.gen/sources_1/ip/clk_wiz_0/clk_wiz_0_clk_wiz.v" into library xil_defaultlib
INFO: [VRFC 10-311] analyzing module clk_wiz_0_clk_wiz
INFO: [VRFC 10-2263] Analyzing Verilog file "/home/williams/MYFPGA/FPGA Final/rs_codec_clean/rs_codec_clean/rs_codec_clean.gen/sources_1/ip/clk_wiz_0/clk_wiz_0.v" into library xil_defaultlib
INFO: [VRFC 10-311] analyzing module clk_wiz_0
INFO: [VRFC 10-2263] Analyzing Verilog file "/home/williams/MYFPGA/FPGA Final/rs_codec_clean/rs_codec_clean/rs_codec_clean.srcs/sources_1/imports/new/autorun.v" into library xil_defaultlib
INFO: [VRFC 10-311] analyzing module autorun
INFO: [VRFC 10-2263] Analyzing Verilog file "/home/williams/MYFPGA/FPGA Final/rs_codec_clean/rs_codec_clean/rs_codec_clean.srcs/sources_1/imports/new/chien_search.v" into library xil_defaultlib
INFO: [VRFC 10-311] analyzing module chien_search
INFO: [VRFC 10-2263] Analyzing Verilog file "/home/williams/MYFPGA/FPGA Final/rs_codec_clean/rs_codec_clean/rs_codec_clean.srcs/sources_1/imports/new/error_inject.v" into library xil_defaultlib
INFO: [VRFC 10-311] analyzing module error_inject
INFO: [VRFC 10-2263] Analyzing Verilog file "/home/williams/MYFPGA/FPGA Final/rs_codec_clean/rs_codec_clean/rs_codec_clean.srcs/sources_1/imports/new/euclid_proc.v" into library xil_defaultlib
INFO: [VRFC 10-311] analyzing module euclid_proc
INFO: [VRFC 10-2263] Analyzing Verilog file "/home/williams/MYFPGA/FPGA Final/rs_codec_clean/rs_codec_clean/rs_codec_clean.srcs/sources_1/imports/new/forney_math.v" into library xil_defaultlib
INFO: [VRFC 10-311] analyzing module forney_math
INFO: [VRFC 10-2263] Analyzing Verilog file "/home/williams/MYFPGA/FPGA Final/rs_codec_clean/rs_codec_clean/rs_codec_clean.srcs/sources_1/imports/new/inverter.v" into library xil_defaultlib
INFO: [VRFC 10-311] analyzing module inverter
INFO: [VRFC 10-2263] Analyzing Verilog file "/home/williams/MYFPGA/FPGA Final/rs_codec_clean/rs_codec_clean/rs_codec_clean.srcs/sources_1/imports/new/multiplier.v" into library xil_defaultlib
INFO: [VRFC 10-311] analyzing module multiplier
INFO: [VRFC 10-2263] Analyzing Verilog file "/home/williams/MYFPGA/FPGA Final/rs_codec_clean/rs_codec_clean/rs_codec_clean.srcs/sources_1/imports/rs_codec_clean/rs_decoder.v" into library xil_defaultlib
INFO: [VRFC 10-311] analyzing module rs_decoder
INFO: [VRFC 10-2263] Analyzing Verilog file "/home/williams/MYFPGA/FPGA Final/rs_codec_clean/rs_codec_clean/rs_codec_clean.srcs/sources_1/imports/new/rs_encoder.v" into library xil_defaultlib
INFO: [VRFC 10-311] analyzing module rs_encoder
INFO: [VRFC 10-2263] Analyzing Verilog file "/home/williams/MYFPGA/FPGA Final/rs_codec_clean/rs_codec_clean/rs_codec_clean.srcs/sources_1/imports/new/stream_input.v" into library xil_defaultlib
INFO: [VRFC 10-311] analyzing module stream_input
INFO: [VRFC 10-2263] Analyzing Verilog file "/home/williams/MYFPGA/FPGA Final/rs_codec_clean/rs_codec_clean/rs_codec_clean.srcs/sources_1/imports/new/syndrome_unit.v" into library xil_defaultlib
INFO: [VRFC 10-311] analyzing module syndrome_unit
INFO: [VRFC 10-2263] Analyzing Verilog file "/home/williams/MYFPGA/FPGA Final/rs_codec_clean/rs_codec_clean/rs_codec_clean.srcs/sources_1/imports/new/top.v" into library xil_defaultlib
INFO: [VRFC 10-311] analyzing module top
Waiting for jobs to finish...
No pending jobs, compilation finished.
INFO: [USF-XSim-69] 'compile' step finished in '1' seconds
INFO: [USF-XSim-3] XSim::Elaborate design
INFO: [USF-XSim-61] Executing 'ELABORATE' step in '/home/williams/MYFPGA/FPGA Final/rs_codec_clean/rs_codec_clean/rs_codec_clean.sim/sim_1/behav/xsim'
xelab --incr --debug typical --relax --mt 8 -L xil_defaultlib -L blk_mem_gen_v8_4_5 -L unisims_ver -L unimacro_ver -L secureip -L xpm --snapshot top_behav xil_defaultlib.top xil_defaultlib.glbl -log elaborate.log
Vivado Simulator v2022.2
Copyright 1986-1999, 2001-2022 Xilinx, Inc. All Rights Reserved.
Running: /tools/Xilinx/Vivado/2022.2/bin/unwrapped/lnx64.o/xelab --incr --debug typical --relax --mt 8 -L xil_defaultlib -L blk_mem_gen_v8_4_5 -L unisims_ver -L unimacro_ver -L secureip -L xpm --snapshot top_behav xil_defaultlib.top xil_defaultlib.glbl -log elaborate.log 
Using 8 slave threads.
Starting static elaboration
Pass Through NonSizing Optimizer
Completed static elaboration
Starting simulation data flow analysis
Completed simulation data flow analysis
Time Resolution for simulation is 1ps
Compiling module unisims_ver.IBUFDS
Compiling module unisims_ver.IBUFGDS
Compiling module unisims_ver.IBUF
Compiling module unisims_ver.MMCME3_ADV(CLKIN1_PERIOD=5.0,CLK...
Compiling module unisims_ver.BUFG
Compiling module xil_defaultlib.clk_wiz_0_clk_wiz
Compiling module xil_defaultlib.clk_wiz_0
Compiling module xil_defaultlib.autorun
Compiling module xil_defaultlib.stream_input
Compiling module xil_defaultlib.multiplier
Compiling module xil_defaultlib.rs_encoder
Compiling module xil_defaultlib.error_inject_default
Compiling module blk_mem_gen_v8_4_5.blk_mem_gen_v8_4_5_output_stage(...
Compiling module blk_mem_gen_v8_4_5.blk_mem_gen_v8_4_5_output_stage(...
Compiling module blk_mem_gen_v8_4_5.blk_mem_gen_v8_4_5_softecc_outpu...
Compiling module blk_mem_gen_v8_4_5.blk_mem_gen_v8_4_5_mem_module(C_...
Compiling module blk_mem_gen_v8_4_5.blk_mem_axi_regs_fwd_v8_4(C_DATA...
Compiling module blk_mem_gen_v8_4_5.blk_mem_gen_v8_4_5(C_FAMILY="kin...
Compiling module xil_defaultlib.bram_rs
Compiling module xil_defaultlib.syndrome_unit
Compiling module xil_defaultlib.inverter
Compiling module xil_defaultlib.euclid_proc_default
Compiling module xil_defaultlib.chien_search
Compiling module xil_defaultlib.forney_math
Compiling module xil_defaultlib.rs_decoder
Compiling module xil_defaultlib.top
Compiling module xil_defaultlib.glbl
Built simulation snapshot top_behav
INFO: [USF-XSim-69] 'elaborate' step finished in '2' seconds
INFO: [USF-XSim-4] XSim::Simulate design
INFO: [USF-XSim-61] Executing 'SIMULATE' step in '/home/williams/MYFPGA/FPGA Final/rs_codec_clean/rs_codec_clean/rs_codec_clean.sim/sim_1/behav/xsim'
INFO: [USF-XSim-98] *** Running xsim
   with args "top_behav -key {Behavioral:sim_1:Functional:top} -tclbatch {top.tcl} -log {simulate.log}"
INFO: [USF-XSim-8] Loading simulator feature
Time resolution is 1 ps
source top.tcl
Block Memory Generator module top.rs_decoder_inst.bram_rs_inst.inst.\native_mem_module.blk_mem_gen_v8_4_5_inst  is using a behavioral model for simulation which will not precisely model memory collision behavior.
INFO: [Simtcl 6-16] Simulation closed
Command: launch_simulation 
INFO: [Vivado 12-12493] Simulation top is 'top'
WARNING: [Vivado 12-13277] Compiled library path does not exist: ''
INFO: [Vivado 12-5698] Checking validity of IPs in the design for the 'XSim' simulator...
INFO: [Vivado 12-5682] Launching behavioral simulation in '/home/williams/MYFPGA/FPGA Final/rs_codec_clean/rs_codec_clean/rs_codec_clean.sim/sim_1/behav/xsim'
INFO: [Vivado 12-4795] Using compiled simulation libraries for IPs
INFO: [SIM-utils-51] Simulation object is 'sim_1'
INFO: [SIM-utils-72] Using boost library from '/tools/Xilinx/Vivado/2022.2/tps/boost_1_72_0'
INFO: [USF-XSim-7] Finding pre-compiled libraries...
INFO: [USF-XSim-11] File '/tools/Xilinx/Vivado/2022.2/data/xsim/xsim.ini' copied to run dir:'/home/williams/MYFPGA/FPGA Final/rs_codec_clean/rs_codec_clean/rs_codec_clean.sim/sim_1/behav/xsim'
INFO: [SIM-utils-54] Inspecting design source files for 'top' in fileset 'sim_1'...
INFO: [SIM-utils-43] Exported '/home/williams/MYFPGA/FPGA Final/rs_codec_clean/rs_codec_clean/rs_codec_clean.sim/sim_1/behav/xsim/error.mem'
INFO: [SIM-utils-43] Exported '/home/williams/MYFPGA/FPGA Final/rs_codec_clean/rs_codec_clean/rs_codec_clean.sim/sim_1/behav/xsim/sample.mem'
INFO: [SIM-utils-43] Exported '/home/williams/MYFPGA/FPGA Final/rs_codec_clean/rs_codec_clean/rs_codec_clean.sim/sim_1/behav/xsim/alpha_value.mem'
INFO: [SIM-utils-43] Exported '/home/williams/MYFPGA/FPGA Final/rs_codec_clean/rs_codec_clean/rs_codec_clean.sim/sim_1/behav/xsim/sample_head.mem'
INFO: [SIM-utils-43] Exported '/home/williams/MYFPGA/FPGA Final/rs_codec_clean/rs_codec_clean/rs_codec_clean.sim/sim_1/behav/xsim/decimal_value.mem'
INFO: [SIM-utils-43] Exported '/home/williams/MYFPGA/FPGA Final/rs_codec_clean/rs_codec_clean/rs_codec_clean.sim/sim_1/behav/xsim/sim.tcl'
INFO: [USF-XSim-97] Finding global include files...
INFO: [USF-XSim-98] Fetching design files from 'sim_1'...
INFO: [USF-XSim-2] XSim::Compile design
INFO: [USF-XSim-61] Executing 'COMPILE and ANALYZE' step in '/home/williams/MYFPGA/FPGA Final/rs_codec_clean/rs_codec_clean/rs_codec_clean.sim/sim_1/behav/xsim'
xvlog --incr --relax -prj top_vlog.prj
INFO: [VRFC 10-2263] Analyzing Verilog file "/home/williams/MYFPGA/FPGA Final/rs_codec_clean/rs_codec_clean/rs_codec_clean.gen/sources_1/ip/bram_rs/sim/bram_rs.v" into library xil_defaultlib
INFO: [VRFC 10-311] analyzing module bram_rs
INFO: [VRFC 10-2263] Analyzing Verilog file "/home/williams/MYFPGA/FPGA Final/rs_codec_clean/rs_codec_clean/rs_codec_clean.gen/sources_1/ip/clk_wiz_0/clk_wiz_0_clk_wiz.v" into library xil_defaultlib
INFO: [VRFC 10-311] analyzing module clk_wiz_0_clk_wiz
INFO: [VRFC 10-2263] Analyzing Verilog file "/home/williams/MYFPGA/FPGA Final/rs_codec_clean/rs_codec_clean/rs_codec_clean.gen/sources_1/ip/clk_wiz_0/clk_wiz_0.v" into library xil_defaultlib
INFO: [VRFC 10-311] analyzing module clk_wiz_0
INFO: [VRFC 10-2263] Analyzing Verilog file "/home/williams/MYFPGA/FPGA Final/rs_codec_clean/rs_codec_clean/rs_codec_clean.srcs/sources_1/imports/new/autorun.v" into library xil_defaultlib
INFO: [VRFC 10-311] analyzing module autorun
INFO: [VRFC 10-2263] Analyzing Verilog file "/home/williams/MYFPGA/FPGA Final/rs_codec_clean/rs_codec_clean/rs_codec_clean.srcs/sources_1/imports/new/chien_search.v" into library xil_defaultlib
INFO: [VRFC 10-311] analyzing module chien_search
INFO: [VRFC 10-2263] Analyzing Verilog file "/home/williams/MYFPGA/FPGA Final/rs_codec_clean/rs_codec_clean/rs_codec_clean.srcs/sources_1/imports/new/error_inject.v" into library xil_defaultlib
INFO: [VRFC 10-311] analyzing module error_inject
INFO: [VRFC 10-2263] Analyzing Verilog file "/home/williams/MYFPGA/FPGA Final/rs_codec_clean/rs_codec_clean/rs_codec_clean.srcs/sources_1/imports/new/euclid_proc.v" into library xil_defaultlib
INFO: [VRFC 10-311] analyzing module euclid_proc
INFO: [VRFC 10-2263] Analyzing Verilog file "/home/williams/MYFPGA/FPGA Final/rs_codec_clean/rs_codec_clean/rs_codec_clean.srcs/sources_1/imports/new/forney_math.v" into library xil_defaultlib
INFO: [VRFC 10-311] analyzing module forney_math
INFO: [VRFC 10-2263] Analyzing Verilog file "/home/williams/MYFPGA/FPGA Final/rs_codec_clean/rs_codec_clean/rs_codec_clean.srcs/sources_1/imports/new/inverter.v" into library xil_defaultlib
INFO: [VRFC 10-311] analyzing module inverter
INFO: [VRFC 10-2263] Analyzing Verilog file "/home/williams/MYFPGA/FPGA Final/rs_codec_clean/rs_codec_clean/rs_codec_clean.srcs/sources_1/imports/new/multiplier.v" into library xil_defaultlib
INFO: [VRFC 10-311] analyzing module multiplier
INFO: [VRFC 10-2263] Analyzing Verilog file "/home/williams/MYFPGA/FPGA Final/rs_codec_clean/rs_codec_clean/rs_codec_clean.srcs/sources_1/imports/rs_codec_clean/rs_decoder.v" into library xil_defaultlib
INFO: [VRFC 10-311] analyzing module rs_decoder
INFO: [VRFC 10-2263] Analyzing Verilog file "/home/williams/MYFPGA/FPGA Final/rs_codec_clean/rs_codec_clean/rs_codec_clean.srcs/sources_1/imports/new/rs_encoder.v" into library xil_defaultlib
INFO: [VRFC 10-311] analyzing module rs_encoder
INFO: [VRFC 10-2263] Analyzing Verilog file "/home/williams/MYFPGA/FPGA Final/rs_codec_clean/rs_codec_clean/rs_codec_clean.srcs/sources_1/imports/new/stream_input.v" into library xil_defaultlib
INFO: [VRFC 10-311] analyzing module stream_input
INFO: [VRFC 10-2263] Analyzing Verilog file "/home/williams/MYFPGA/FPGA Final/rs_codec_clean/rs_codec_clean/rs_codec_clean.srcs/sources_1/imports/new/syndrome_unit.v" into library xil_defaultlib
INFO: [VRFC 10-311] analyzing module syndrome_unit
INFO: [VRFC 10-2263] Analyzing Verilog file "/home/williams/MYFPGA/FPGA Final/rs_codec_clean/rs_codec_clean/rs_codec_clean.srcs/sources_1/imports/new/top.v" into library xil_defaultlib
INFO: [VRFC 10-311] analyzing module top
Waiting for jobs to finish...
No pending jobs, compilation finished.
INFO: [USF-XSim-69] 'compile' step finished in '1' seconds
INFO: [USF-XSim-3] XSim::Elaborate design
INFO: [USF-XSim-61] Executing 'ELABORATE' step in '/home/williams/MYFPGA/FPGA Final/rs_codec_clean/rs_codec_clean/rs_codec_clean.sim/sim_1/behav/xsim'
xelab --incr --debug typical --relax --mt 8 -L xil_defaultlib -L blk_mem_gen_v8_4_5 -L unisims_ver -L unimacro_ver -L secureip -L xpm --snapshot top_behav xil_defaultlib.top xil_defaultlib.glbl -log elaborate.log
Vivado Simulator v2022.2
Copyright 1986-1999, 2001-2022 Xilinx, Inc. All Rights Reserved.
Running: /tools/Xilinx/Vivado/2022.2/bin/unwrapped/lnx64.o/xelab --incr --debug typical --relax --mt 8 -L xil_defaultlib -L blk_mem_gen_v8_4_5 -L unisims_ver -L unimacro_ver -L secureip -L xpm --snapshot top_behav xil_defaultlib.top xil_defaultlib.glbl -log elaborate.log 
Using 8 slave threads.
Starting static elaboration
Pass Through NonSizing Optimizer
Completed static elaboration
Starting simulation data flow analysis
Completed simulation data flow analysis
Time Resolution for simulation is 1ps
Compiling module unisims_ver.IBUFDS
Compiling module unisims_ver.IBUFGDS
Compiling module unisims_ver.IBUF
Compiling module unisims_ver.MMCME3_ADV(CLKIN1_PERIOD=5.0,CLK...
Compiling module unisims_ver.BUFG
Compiling module xil_defaultlib.clk_wiz_0_clk_wiz
Compiling module xil_defaultlib.clk_wiz_0
Compiling module xil_defaultlib.autorun
Compiling module xil_defaultlib.stream_input
Compiling module xil_defaultlib.multiplier
Compiling module xil_defaultlib.rs_encoder
Compiling module xil_defaultlib.error_inject_default
Compiling module blk_mem_gen_v8_4_5.blk_mem_gen_v8_4_5_output_stage(...
Compiling module blk_mem_gen_v8_4_5.blk_mem_gen_v8_4_5_output_stage(...
Compiling module blk_mem_gen_v8_4_5.blk_mem_gen_v8_4_5_softecc_outpu...
Compiling module blk_mem_gen_v8_4_5.blk_mem_gen_v8_4_5_mem_module(C_...
Compiling module blk_mem_gen_v8_4_5.blk_mem_axi_regs_fwd_v8_4(C_DATA...
Compiling module blk_mem_gen_v8_4_5.blk_mem_gen_v8_4_5(C_FAMILY="kin...
Compiling module xil_defaultlib.bram_rs
Compiling module xil_defaultlib.syndrome_unit
Compiling module xil_defaultlib.inverter
Compiling module xil_defaultlib.euclid_proc_default
Compiling module xil_defaultlib.chien_search
Compiling module xil_defaultlib.forney_math
Compiling module xil_defaultlib.rs_decoder
Compiling module xil_defaultlib.top
Compiling module xil_defaultlib.glbl
Built simulation snapshot top_behav
INFO: [USF-XSim-69] 'elaborate' step finished in '2' seconds
INFO: [USF-XSim-4] XSim::Simulate design
INFO: [USF-XSim-61] Executing 'SIMULATE' step in '/home/williams/MYFPGA/FPGA Final/rs_codec_clean/rs_codec_clean/rs_codec_clean.sim/sim_1/behav/xsim'
INFO: [USF-XSim-98] *** Running xsim
   with args "top_behav -key {Behavioral:sim_1:Functional:top} -tclbatch {top.tcl} -log {simulate.log}"
INFO: [USF-XSim-8] Loading simulator feature
Time resolution is 1 ps
source top.tcl
Block Memory Generator module top.rs_decoder_inst.bram_rs_inst.inst.\native_mem_module.blk_mem_gen_v8_4_5_inst  is using a behavioral model for simulation which will not precisely model memory collision behavior.
INFO: [Simtcl 6-16] Simulation closed
Command: launch_simulation 
INFO: [Vivado 12-12493] Simulation top is 'top'
WARNING: [Vivado 12-13277] Compiled library path does not exist: ''
INFO: [Vivado 12-5698] Checking validity of IPs in the design for the 'XSim' simulator...
INFO: [Vivado 12-5682] Launching behavioral simulation in '/home/williams/MYFPGA/FPGA Final/rs_codec_clean/rs_codec_clean/rs_codec_clean.sim/sim_1/behav/xsim'
INFO: [Vivado 12-4795] Using compiled simulation libraries for IPs
INFO: [SIM-utils-51] Simulation object is 'sim_1'
INFO: [SIM-utils-72] Using boost library from '/tools/Xilinx/Vivado/2022.2/tps/boost_1_72_0'
INFO: [USF-XSim-7] Finding pre-compiled libraries...
INFO: [USF-XSim-11] File '/tools/Xilinx/Vivado/2022.2/data/xsim/xsim.ini' copied to run dir:'/home/williams/MYFPGA/FPGA Final/rs_codec_clean/rs_codec_clean/rs_codec_clean.sim/sim_1/behav/xsim'
INFO: [SIM-utils-54] Inspecting design source files for 'top' in fileset 'sim_1'...
INFO: [SIM-utils-43] Exported '/home/williams/MYFPGA/FPGA Final/rs_codec_clean/rs_codec_clean/rs_codec_clean.sim/sim_1/behav/xsim/error.mem'
INFO: [SIM-utils-43] Exported '/home/williams/MYFPGA/FPGA Final/rs_codec_clean/rs_codec_clean/rs_codec_clean.sim/sim_1/behav/xsim/sample.mem'
INFO: [SIM-utils-43] Exported '/home/williams/MYFPGA/FPGA Final/rs_codec_clean/rs_codec_clean/rs_codec_clean.sim/sim_1/behav/xsim/alpha_value.mem'
INFO: [SIM-utils-43] Exported '/home/williams/MYFPGA/FPGA Final/rs_codec_clean/rs_codec_clean/rs_codec_clean.sim/sim_1/behav/xsim/sample_head.mem'
INFO: [SIM-utils-43] Exported '/home/williams/MYFPGA/FPGA Final/rs_codec_clean/rs_codec_clean/rs_codec_clean.sim/sim_1/behav/xsim/decimal_value.mem'
INFO: [SIM-utils-43] Exported '/home/williams/MYFPGA/FPGA Final/rs_codec_clean/rs_codec_clean/rs_codec_clean.sim/sim_1/behav/xsim/sim.tcl'
INFO: [USF-XSim-97] Finding global include files...
INFO: [USF-XSim-98] Fetching design files from 'sim_1'...
INFO: [USF-XSim-2] XSim::Compile design
INFO: [USF-XSim-61] Executing 'COMPILE and ANALYZE' step in '/home/williams/MYFPGA/FPGA Final/rs_codec_clean/rs_codec_clean/rs_codec_clean.sim/sim_1/behav/xsim'
xvlog --incr --relax -prj top_vlog.prj
INFO: [VRFC 10-2263] Analyzing Verilog file "/home/williams/MYFPGA/FPGA Final/rs_codec_clean/rs_codec_clean/rs_codec_clean.gen/sources_1/ip/bram_rs/sim/bram_rs.v" into library xil_defaultlib
INFO: [VRFC 10-311] analyzing module bram_rs
INFO: [VRFC 10-2263] Analyzing Verilog file "/home/williams/MYFPGA/FPGA Final/rs_codec_clean/rs_codec_clean/rs_codec_clean.gen/sources_1/ip/clk_wiz_0/clk_wiz_0_clk_wiz.v" into library xil_defaultlib
INFO: [VRFC 10-311] analyzing module clk_wiz_0_clk_wiz
INFO: [VRFC 10-2263] Analyzing Verilog file "/home/williams/MYFPGA/FPGA Final/rs_codec_clean/rs_codec_clean/rs_codec_clean.gen/sources_1/ip/clk_wiz_0/clk_wiz_0.v" into library xil_defaultlib
INFO: [VRFC 10-311] analyzing module clk_wiz_0
INFO: [VRFC 10-2263] Analyzing Verilog file "/home/williams/MYFPGA/FPGA Final/rs_codec_clean/rs_codec_clean/rs_codec_clean.srcs/sources_1/imports/new/autorun.v" into library xil_defaultlib
INFO: [VRFC 10-311] analyzing module autorun
INFO: [VRFC 10-2263] Analyzing Verilog file "/home/williams/MYFPGA/FPGA Final/rs_codec_clean/rs_codec_clean/rs_codec_clean.srcs/sources_1/imports/new/chien_search.v" into library xil_defaultlib
INFO: [VRFC 10-311] analyzing module chien_search
INFO: [VRFC 10-2263] Analyzing Verilog file "/home/williams/MYFPGA/FPGA Final/rs_codec_clean/rs_codec_clean/rs_codec_clean.srcs/sources_1/imports/new/error_inject.v" into library xil_defaultlib
INFO: [VRFC 10-311] analyzing module error_inject
INFO: [VRFC 10-2263] Analyzing Verilog file "/home/williams/MYFPGA/FPGA Final/rs_codec_clean/rs_codec_clean/rs_codec_clean.srcs/sources_1/imports/new/euclid_proc.v" into library xil_defaultlib
INFO: [VRFC 10-311] analyzing module euclid_proc
INFO: [VRFC 10-2263] Analyzing Verilog file "/home/williams/MYFPGA/FPGA Final/rs_codec_clean/rs_codec_clean/rs_codec_clean.srcs/sources_1/imports/new/forney_math.v" into library xil_defaultlib
INFO: [VRFC 10-311] analyzing module forney_math
INFO: [VRFC 10-2263] Analyzing Verilog file "/home/williams/MYFPGA/FPGA Final/rs_codec_clean/rs_codec_clean/rs_codec_clean.srcs/sources_1/imports/new/inverter.v" into library xil_defaultlib
INFO: [VRFC 10-311] analyzing module inverter
INFO: [VRFC 10-2263] Analyzing Verilog file "/home/williams/MYFPGA/FPGA Final/rs_codec_clean/rs_codec_clean/rs_codec_clean.srcs/sources_1/imports/new/multiplier.v" into library xil_defaultlib
INFO: [VRFC 10-311] analyzing module multiplier
INFO: [VRFC 10-2263] Analyzing Verilog file "/home/williams/MYFPGA/FPGA Final/rs_codec_clean/rs_codec_clean/rs_codec_clean.srcs/sources_1/imports/rs_codec_clean/rs_decoder.v" into library xil_defaultlib
INFO: [VRFC 10-311] analyzing module rs_decoder
INFO: [VRFC 10-2263] Analyzing Verilog file "/home/williams/MYFPGA/FPGA Final/rs_codec_clean/rs_codec_clean/rs_codec_clean.srcs/sources_1/imports/new/rs_encoder.v" into library xil_defaultlib
INFO: [VRFC 10-311] analyzing module rs_encoder
INFO: [VRFC 10-2263] Analyzing Verilog file "/home/williams/MYFPGA/FPGA Final/rs_codec_clean/rs_codec_clean/rs_codec_clean.srcs/sources_1/imports/new/stream_input.v" into library xil_defaultlib
INFO: [VRFC 10-311] analyzing module stream_input
INFO: [VRFC 10-2263] Analyzing Verilog file "/home/williams/MYFPGA/FPGA Final/rs_codec_clean/rs_codec_clean/rs_codec_clean.srcs/sources_1/imports/new/syndrome_unit.v" into library xil_defaultlib
INFO: [VRFC 10-311] analyzing module syndrome_unit
INFO: [VRFC 10-2263] Analyzing Verilog file "/home/williams/MYFPGA/FPGA Final/rs_codec_clean/rs_codec_clean/rs_codec_clean.srcs/sources_1/imports/new/top.v" into library xil_defaultlib
INFO: [VRFC 10-311] analyzing module top
Waiting for jobs to finish...
No pending jobs, compilation finished.
INFO: [USF-XSim-69] 'compile' step finished in '1' seconds
INFO: [USF-XSim-3] XSim::Elaborate design
INFO: [USF-XSim-61] Executing 'ELABORATE' step in '/home/williams/MYFPGA/FPGA Final/rs_codec_clean/rs_codec_clean/rs_codec_clean.sim/sim_1/behav/xsim'
xelab --incr --debug typical --relax --mt 8 -L xil_defaultlib -L blk_mem_gen_v8_4_5 -L unisims_ver -L unimacro_ver -L secureip -L xpm --snapshot top_behav xil_defaultlib.top xil_defaultlib.glbl -log elaborate.log
Vivado Simulator v2022.2
Copyright 1986-1999, 2001-2022 Xilinx, Inc. All Rights Reserved.
Running: /tools/Xilinx/Vivado/2022.2/bin/unwrapped/lnx64.o/xelab --incr --debug typical --relax --mt 8 -L xil_defaultlib -L blk_mem_gen_v8_4_5 -L unisims_ver -L unimacro_ver -L secureip -L xpm --snapshot top_behav xil_defaultlib.top xil_defaultlib.glbl -log elaborate.log 
Using 8 slave threads.
Starting static elaboration
Pass Through NonSizing Optimizer
Completed static elaboration
Starting simulation data flow analysis
Completed simulation data flow analysis
Time Resolution for simulation is 1ps
Compiling module unisims_ver.IBUFDS
Compiling module unisims_ver.IBUFGDS
Compiling module unisims_ver.IBUF
Compiling module unisims_ver.MMCME3_ADV(CLKIN1_PERIOD=5.0,CLK...
Compiling module unisims_ver.BUFG
Compiling module xil_defaultlib.clk_wiz_0_clk_wiz
Compiling module xil_defaultlib.clk_wiz_0
Compiling module xil_defaultlib.autorun
Compiling module xil_defaultlib.stream_input
Compiling module xil_defaultlib.multiplier
Compiling module xil_defaultlib.rs_encoder
Compiling module xil_defaultlib.error_inject_default
Compiling module blk_mem_gen_v8_4_5.blk_mem_gen_v8_4_5_output_stage(...
Compiling module blk_mem_gen_v8_4_5.blk_mem_gen_v8_4_5_output_stage(...
Compiling module blk_mem_gen_v8_4_5.blk_mem_gen_v8_4_5_softecc_outpu...
Compiling module blk_mem_gen_v8_4_5.blk_mem_gen_v8_4_5_mem_module(C_...
Compiling module blk_mem_gen_v8_4_5.blk_mem_axi_regs_fwd_v8_4(C_DATA...
Compiling module blk_mem_gen_v8_4_5.blk_mem_gen_v8_4_5(C_FAMILY="kin...
Compiling module xil_defaultlib.bram_rs
Compiling module xil_defaultlib.syndrome_unit
Compiling module xil_defaultlib.inverter
Compiling module xil_defaultlib.euclid_proc_default
Compiling module xil_defaultlib.chien_search
Compiling module xil_defaultlib.forney_math
Compiling module xil_defaultlib.rs_decoder
Compiling module xil_defaultlib.top
Compiling module xil_defaultlib.glbl
Built simulation snapshot top_behav
INFO: [USF-XSim-69] 'elaborate' step finished in '3' seconds
INFO: [USF-XSim-4] XSim::Simulate design
INFO: [USF-XSim-61] Executing 'SIMULATE' step in '/home/williams/MYFPGA/FPGA Final/rs_codec_clean/rs_codec_clean/rs_codec_clean.sim/sim_1/behav/xsim'
INFO: [USF-XSim-98] *** Running xsim
   with args "top_behav -key {Behavioral:sim_1:Functional:top} -tclbatch {top.tcl} -log {simulate.log}"
INFO: [USF-XSim-8] Loading simulator feature
Time resolution is 1 ps
source top.tcl
Block Memory Generator module top.rs_decoder_inst.bram_rs_inst.inst.\native_mem_module.blk_mem_gen_v8_4_5_inst  is using a behavioral model for simulation which will not precisely model memory collision behavior.
INFO: [Simtcl 6-16] Simulation closed
Command: launch_simulation 
INFO: [Vivado 12-12493] Simulation top is 'top'
WARNING: [Vivado 12-13277] Compiled library path does not exist: ''
INFO: [Vivado 12-5698] Checking validity of IPs in the design for the 'XSim' simulator...
INFO: [Vivado 12-5682] Launching behavioral simulation in '/home/williams/MYFPGA/FPGA Final/rs_codec_clean/rs_codec_clean/rs_codec_clean.sim/sim_1/behav/xsim'
INFO: [Vivado 12-4795] Using compiled simulation libraries for IPs
INFO: [SIM-utils-51] Simulation object is 'sim_1'
INFO: [SIM-utils-72] Using boost library from '/tools/Xilinx/Vivado/2022.2/tps/boost_1_72_0'
INFO: [USF-XSim-7] Finding pre-compiled libraries...
INFO: [USF-XSim-11] File '/tools/Xilinx/Vivado/2022.2/data/xsim/xsim.ini' copied to run dir:'/home/williams/MYFPGA/FPGA Final/rs_codec_clean/rs_codec_clean/rs_codec_clean.sim/sim_1/behav/xsim'
INFO: [SIM-utils-54] Inspecting design source files for 'top' in fileset 'sim_1'...
INFO: [SIM-utils-43] Exported '/home/williams/MYFPGA/FPGA Final/rs_codec_clean/rs_codec_clean/rs_codec_clean.sim/sim_1/behav/xsim/error.mem'
INFO: [SIM-utils-43] Exported '/home/williams/MYFPGA/FPGA Final/rs_codec_clean/rs_codec_clean/rs_codec_clean.sim/sim_1/behav/xsim/sample.mem'
INFO: [SIM-utils-43] Exported '/home/williams/MYFPGA/FPGA Final/rs_codec_clean/rs_codec_clean/rs_codec_clean.sim/sim_1/behav/xsim/alpha_value.mem'
INFO: [SIM-utils-43] Exported '/home/williams/MYFPGA/FPGA Final/rs_codec_clean/rs_codec_clean/rs_codec_clean.sim/sim_1/behav/xsim/sample_head.mem'
INFO: [SIM-utils-43] Exported '/home/williams/MYFPGA/FPGA Final/rs_codec_clean/rs_codec_clean/rs_codec_clean.sim/sim_1/behav/xsim/decimal_value.mem'
INFO: [SIM-utils-43] Exported '/home/williams/MYFPGA/FPGA Final/rs_codec_clean/rs_codec_clean/rs_codec_clean.sim/sim_1/behav/xsim/sim.tcl'
INFO: [USF-XSim-97] Finding global include files...
INFO: [USF-XSim-98] Fetching design files from 'sim_1'...
INFO: [USF-XSim-2] XSim::Compile design
INFO: [USF-XSim-61] Executing 'COMPILE and ANALYZE' step in '/home/williams/MYFPGA/FPGA Final/rs_codec_clean/rs_codec_clean/rs_codec_clean.sim/sim_1/behav/xsim'
xvlog --incr --relax -prj top_vlog.prj
INFO: [VRFC 10-2263] Analyzing Verilog file "/home/williams/MYFPGA/FPGA Final/rs_codec_clean/rs_codec_clean/rs_codec_clean.gen/sources_1/ip/bram_rs/sim/bram_rs.v" into library xil_defaultlib
INFO: [VRFC 10-311] analyzing module bram_rs
INFO: [VRFC 10-2263] Analyzing Verilog file "/home/williams/MYFPGA/FPGA Final/rs_codec_clean/rs_codec_clean/rs_codec_clean.gen/sources_1/ip/clk_wiz_0/clk_wiz_0_clk_wiz.v" into library xil_defaultlib
INFO: [VRFC 10-311] analyzing module clk_wiz_0_clk_wiz
INFO: [VRFC 10-2263] Analyzing Verilog file "/home/williams/MYFPGA/FPGA Final/rs_codec_clean/rs_codec_clean/rs_codec_clean.gen/sources_1/ip/clk_wiz_0/clk_wiz_0.v" into library xil_defaultlib
INFO: [VRFC 10-311] analyzing module clk_wiz_0
INFO: [VRFC 10-2263] Analyzing Verilog file "/home/williams/MYFPGA/FPGA Final/rs_codec_clean/rs_codec_clean/rs_codec_clean.srcs/sources_1/imports/new/autorun.v" into library xil_defaultlib
INFO: [VRFC 10-311] analyzing module autorun
INFO: [VRFC 10-2263] Analyzing Verilog file "/home/williams/MYFPGA/FPGA Final/rs_codec_clean/rs_codec_clean/rs_codec_clean.srcs/sources_1/imports/new/chien_search.v" into library xil_defaultlib
INFO: [VRFC 10-311] analyzing module chien_search
INFO: [VRFC 10-2263] Analyzing Verilog file "/home/williams/MYFPGA/FPGA Final/rs_codec_clean/rs_codec_clean/rs_codec_clean.srcs/sources_1/imports/new/error_inject.v" into library xil_defaultlib
INFO: [VRFC 10-311] analyzing module error_inject
INFO: [VRFC 10-2263] Analyzing Verilog file "/home/williams/MYFPGA/FPGA Final/rs_codec_clean/rs_codec_clean/rs_codec_clean.srcs/sources_1/imports/new/euclid_proc.v" into library xil_defaultlib
INFO: [VRFC 10-311] analyzing module euclid_proc
INFO: [VRFC 10-2263] Analyzing Verilog file "/home/williams/MYFPGA/FPGA Final/rs_codec_clean/rs_codec_clean/rs_codec_clean.srcs/sources_1/imports/new/forney_math.v" into library xil_defaultlib
INFO: [VRFC 10-311] analyzing module forney_math
INFO: [VRFC 10-2263] Analyzing Verilog file "/home/williams/MYFPGA/FPGA Final/rs_codec_clean/rs_codec_clean/rs_codec_clean.srcs/sources_1/imports/new/inverter.v" into library xil_defaultlib
INFO: [VRFC 10-311] analyzing module inverter
INFO: [VRFC 10-2263] Analyzing Verilog file "/home/williams/MYFPGA/FPGA Final/rs_codec_clean/rs_codec_clean/rs_codec_clean.srcs/sources_1/imports/new/multiplier.v" into library xil_defaultlib
INFO: [VRFC 10-311] analyzing module multiplier
INFO: [VRFC 10-2263] Analyzing Verilog file "/home/williams/MYFPGA/FPGA Final/rs_codec_clean/rs_codec_clean/rs_codec_clean.srcs/sources_1/imports/rs_codec_clean/rs_decoder.v" into library xil_defaultlib
INFO: [VRFC 10-311] analyzing module rs_decoder
INFO: [VRFC 10-2263] Analyzing Verilog file "/home/williams/MYFPGA/FPGA Final/rs_codec_clean/rs_codec_clean/rs_codec_clean.srcs/sources_1/imports/new/rs_encoder.v" into library xil_defaultlib
INFO: [VRFC 10-311] analyzing module rs_encoder
INFO: [VRFC 10-2263] Analyzing Verilog file "/home/williams/MYFPGA/FPGA Final/rs_codec_clean/rs_codec_clean/rs_codec_clean.srcs/sources_1/imports/new/stream_input.v" into library xil_defaultlib
INFO: [VRFC 10-311] analyzing module stream_input
INFO: [VRFC 10-2263] Analyzing Verilog file "/home/williams/MYFPGA/FPGA Final/rs_codec_clean/rs_codec_clean/rs_codec_clean.srcs/sources_1/imports/new/syndrome_unit.v" into library xil_defaultlib
INFO: [VRFC 10-311] analyzing module syndrome_unit
INFO: [VRFC 10-2263] Analyzing Verilog file "/home/williams/MYFPGA/FPGA Final/rs_codec_clean/rs_codec_clean/rs_codec_clean.srcs/sources_1/imports/new/top.v" into library xil_defaultlib
INFO: [VRFC 10-311] analyzing module top
Waiting for jobs to finish...
No pending jobs, compilation finished.
INFO: [USF-XSim-69] 'compile' step finished in '1' seconds
INFO: [USF-XSim-3] XSim::Elaborate design
INFO: [USF-XSim-61] Executing 'ELABORATE' step in '/home/williams/MYFPGA/FPGA Final/rs_codec_clean/rs_codec_clean/rs_codec_clean.sim/sim_1/behav/xsim'
xelab --incr --debug typical --relax --mt 8 -L xil_defaultlib -L blk_mem_gen_v8_4_5 -L unisims_ver -L unimacro_ver -L secureip -L xpm --snapshot top_behav xil_defaultlib.top xil_defaultlib.glbl -log elaborate.log
Vivado Simulator v2022.2
Copyright 1986-1999, 2001-2022 Xilinx, Inc. All Rights Reserved.
Running: /tools/Xilinx/Vivado/2022.2/bin/unwrapped/lnx64.o/xelab --incr --debug typical --relax --mt 8 -L xil_defaultlib -L blk_mem_gen_v8_4_5 -L unisims_ver -L unimacro_ver -L secureip -L xpm --snapshot top_behav xil_defaultlib.top xil_defaultlib.glbl -log elaborate.log 
Using 8 slave threads.
Starting static elaboration
Pass Through NonSizing Optimizer
Completed static elaboration
Starting simulation data flow analysis
Completed simulation data flow analysis
Time Resolution for simulation is 1ps
Compiling module unisims_ver.IBUFDS
Compiling module unisims_ver.IBUFGDS
Compiling module unisims_ver.IBUF
Compiling module unisims_ver.MMCME3_ADV(CLKIN1_PERIOD=5.0,CLK...
Compiling module unisims_ver.BUFG
Compiling module xil_defaultlib.clk_wiz_0_clk_wiz
Compiling module xil_defaultlib.clk_wiz_0
Compiling module xil_defaultlib.autorun
Compiling module xil_defaultlib.stream_input
Compiling module xil_defaultlib.multiplier
Compiling module xil_defaultlib.rs_encoder
Compiling module xil_defaultlib.error_inject_default
Compiling module blk_mem_gen_v8_4_5.blk_mem_gen_v8_4_5_output_stage(...
Compiling module blk_mem_gen_v8_4_5.blk_mem_gen_v8_4_5_output_stage(...
Compiling module blk_mem_gen_v8_4_5.blk_mem_gen_v8_4_5_softecc_outpu...
Compiling module blk_mem_gen_v8_4_5.blk_mem_gen_v8_4_5_mem_module(C_...
Compiling module blk_mem_gen_v8_4_5.blk_mem_axi_regs_fwd_v8_4(C_DATA...
Compiling module blk_mem_gen_v8_4_5.blk_mem_gen_v8_4_5(C_FAMILY="kin...
Compiling module xil_defaultlib.bram_rs
Compiling module xil_defaultlib.syndrome_unit
Compiling module xil_defaultlib.inverter
Compiling module xil_defaultlib.euclid_proc_default
Compiling module xil_defaultlib.chien_search
Compiling module xil_defaultlib.forney_math
Compiling module xil_defaultlib.rs_decoder
Compiling module xil_defaultlib.top
Compiling module xil_defaultlib.glbl
Built simulation snapshot top_behav
INFO: [USF-XSim-69] 'elaborate' step finished in '3' seconds
INFO: [USF-XSim-4] XSim::Simulate design
INFO: [USF-XSim-61] Executing 'SIMULATE' step in '/home/williams/MYFPGA/FPGA Final/rs_codec_clean/rs_codec_clean/rs_codec_clean.sim/sim_1/behav/xsim'
INFO: [USF-XSim-98] *** Running xsim
   with args "top_behav -key {Behavioral:sim_1:Functional:top} -tclbatch {top.tcl} -log {simulate.log}"
INFO: [USF-XSim-8] Loading simulator feature
Time resolution is 1 ps
source top.tcl
Block Memory Generator module top.rs_decoder_inst.bram_rs_inst.inst.\native_mem_module.blk_mem_gen_v8_4_5_inst  is using a behavioral model for simulation which will not precisely model memory collision behavior.
INFO: [Simtcl 6-16] Simulation closed
Command: launch_simulation 
INFO: [Vivado 12-12493] Simulation top is 'top'
WARNING: [Vivado 12-13277] Compiled library path does not exist: ''
INFO: [Vivado 12-5698] Checking validity of IPs in the design for the 'XSim' simulator...
INFO: [Vivado 12-5682] Launching behavioral simulation in '/home/williams/MYFPGA/FPGA Final/rs_codec_clean/rs_codec_clean/rs_codec_clean.sim/sim_1/behav/xsim'
INFO: [Vivado 12-4795] Using compiled simulation libraries for IPs
INFO: [SIM-utils-51] Simulation object is 'sim_1'
INFO: [SIM-utils-72] Using boost library from '/tools/Xilinx/Vivado/2022.2/tps/boost_1_72_0'
INFO: [USF-XSim-7] Finding pre-compiled libraries...
INFO: [USF-XSim-11] File '/tools/Xilinx/Vivado/2022.2/data/xsim/xsim.ini' copied to run dir:'/home/williams/MYFPGA/FPGA Final/rs_codec_clean/rs_codec_clean/rs_codec_clean.sim/sim_1/behav/xsim'
INFO: [SIM-utils-54] Inspecting design source files for 'top' in fileset 'sim_1'...
INFO: [SIM-utils-43] Exported '/home/williams/MYFPGA/FPGA Final/rs_codec_clean/rs_codec_clean/rs_codec_clean.sim/sim_1/behav/xsim/error.mem'
INFO: [SIM-utils-43] Exported '/home/williams/MYFPGA/FPGA Final/rs_codec_clean/rs_codec_clean/rs_codec_clean.sim/sim_1/behav/xsim/sample.mem'
INFO: [SIM-utils-43] Exported '/home/williams/MYFPGA/FPGA Final/rs_codec_clean/rs_codec_clean/rs_codec_clean.sim/sim_1/behav/xsim/alpha_value.mem'
INFO: [SIM-utils-43] Exported '/home/williams/MYFPGA/FPGA Final/rs_codec_clean/rs_codec_clean/rs_codec_clean.sim/sim_1/behav/xsim/sample_head.mem'
INFO: [SIM-utils-43] Exported '/home/williams/MYFPGA/FPGA Final/rs_codec_clean/rs_codec_clean/rs_codec_clean.sim/sim_1/behav/xsim/decimal_value.mem'
INFO: [SIM-utils-43] Exported '/home/williams/MYFPGA/FPGA Final/rs_codec_clean/rs_codec_clean/rs_codec_clean.sim/sim_1/behav/xsim/sim.tcl'
INFO: [USF-XSim-97] Finding global include files...
INFO: [USF-XSim-98] Fetching design files from 'sim_1'...
INFO: [USF-XSim-2] XSim::Compile design
INFO: [USF-XSim-61] Executing 'COMPILE and ANALYZE' step in '/home/williams/MYFPGA/FPGA Final/rs_codec_clean/rs_codec_clean/rs_codec_clean.sim/sim_1/behav/xsim'
xvlog --incr --relax -prj top_vlog.prj
INFO: [VRFC 10-2263] Analyzing Verilog file "/home/williams/MYFPGA/FPGA Final/rs_codec_clean/rs_codec_clean/rs_codec_clean.gen/sources_1/ip/bram_rs/sim/bram_rs.v" into library xil_defaultlib
INFO: [VRFC 10-311] analyzing module bram_rs
INFO: [VRFC 10-2263] Analyzing Verilog file "/home/williams/MYFPGA/FPGA Final/rs_codec_clean/rs_codec_clean/rs_codec_clean.gen/sources_1/ip/clk_wiz_0/clk_wiz_0_clk_wiz.v" into library xil_defaultlib
INFO: [VRFC 10-311] analyzing module clk_wiz_0_clk_wiz
INFO: [VRFC 10-2263] Analyzing Verilog file "/home/williams/MYFPGA/FPGA Final/rs_codec_clean/rs_codec_clean/rs_codec_clean.gen/sources_1/ip/clk_wiz_0/clk_wiz_0.v" into library xil_defaultlib
INFO: [VRFC 10-311] analyzing module clk_wiz_0
INFO: [VRFC 10-2263] Analyzing Verilog file "/home/williams/MYFPGA/FPGA Final/rs_codec_clean/rs_codec_clean/rs_codec_clean.srcs/sources_1/imports/new/autorun.v" into library xil_defaultlib
INFO: [VRFC 10-311] analyzing module autorun
INFO: [VRFC 10-2263] Analyzing Verilog file "/home/williams/MYFPGA/FPGA Final/rs_codec_clean/rs_codec_clean/rs_codec_clean.srcs/sources_1/imports/new/chien_search.v" into library xil_defaultlib
INFO: [VRFC 10-311] analyzing module chien_search
INFO: [VRFC 10-2263] Analyzing Verilog file "/home/williams/MYFPGA/FPGA Final/rs_codec_clean/rs_codec_clean/rs_codec_clean.srcs/sources_1/imports/new/error_inject.v" into library xil_defaultlib
INFO: [VRFC 10-311] analyzing module error_inject
INFO: [VRFC 10-2263] Analyzing Verilog file "/home/williams/MYFPGA/FPGA Final/rs_codec_clean/rs_codec_clean/rs_codec_clean.srcs/sources_1/imports/new/euclid_proc.v" into library xil_defaultlib
INFO: [VRFC 10-311] analyzing module euclid_proc
INFO: [VRFC 10-2263] Analyzing Verilog file "/home/williams/MYFPGA/FPGA Final/rs_codec_clean/rs_codec_clean/rs_codec_clean.srcs/sources_1/imports/new/forney_math.v" into library xil_defaultlib
INFO: [VRFC 10-311] analyzing module forney_math
INFO: [VRFC 10-2263] Analyzing Verilog file "/home/williams/MYFPGA/FPGA Final/rs_codec_clean/rs_codec_clean/rs_codec_clean.srcs/sources_1/imports/new/inverter.v" into library xil_defaultlib
INFO: [VRFC 10-311] analyzing module inverter
INFO: [VRFC 10-2263] Analyzing Verilog file "/home/williams/MYFPGA/FPGA Final/rs_codec_clean/rs_codec_clean/rs_codec_clean.srcs/sources_1/imports/new/multiplier.v" into library xil_defaultlib
INFO: [VRFC 10-311] analyzing module multiplier
INFO: [VRFC 10-2263] Analyzing Verilog file "/home/williams/MYFPGA/FPGA Final/rs_codec_clean/rs_codec_clean/rs_codec_clean.srcs/sources_1/imports/rs_codec_clean/rs_decoder.v" into library xil_defaultlib
INFO: [VRFC 10-311] analyzing module rs_decoder
INFO: [VRFC 10-2263] Analyzing Verilog file "/home/williams/MYFPGA/FPGA Final/rs_codec_clean/rs_codec_clean/rs_codec_clean.srcs/sources_1/imports/new/rs_encoder.v" into library xil_defaultlib
INFO: [VRFC 10-311] analyzing module rs_encoder
INFO: [VRFC 10-2263] Analyzing Verilog file "/home/williams/MYFPGA/FPGA Final/rs_codec_clean/rs_codec_clean/rs_codec_clean.srcs/sources_1/imports/new/stream_input.v" into library xil_defaultlib
INFO: [VRFC 10-311] analyzing module stream_input
INFO: [VRFC 10-2263] Analyzing Verilog file "/home/williams/MYFPGA/FPGA Final/rs_codec_clean/rs_codec_clean/rs_codec_clean.srcs/sources_1/imports/new/syndrome_unit.v" into library xil_defaultlib
INFO: [VRFC 10-311] analyzing module syndrome_unit
INFO: [VRFC 10-2263] Analyzing Verilog file "/home/williams/MYFPGA/FPGA Final/rs_codec_clean/rs_codec_clean/rs_codec_clean.srcs/sources_1/imports/new/top.v" into library xil_defaultlib
INFO: [VRFC 10-311] analyzing module top
Waiting for jobs to finish...
No pending jobs, compilation finished.
INFO: [USF-XSim-69] 'compile' step finished in '1' seconds
INFO: [USF-XSim-3] XSim::Elaborate design
INFO: [USF-XSim-61] Executing 'ELABORATE' step in '/home/williams/MYFPGA/FPGA Final/rs_codec_clean/rs_codec_clean/rs_codec_clean.sim/sim_1/behav/xsim'
xelab --incr --debug typical --relax --mt 8 -L xil_defaultlib -L blk_mem_gen_v8_4_5 -L unisims_ver -L unimacro_ver -L secureip -L xpm --snapshot top_behav xil_defaultlib.top xil_defaultlib.glbl -log elaborate.log
Vivado Simulator v2022.2
Copyright 1986-1999, 2001-2022 Xilinx, Inc. All Rights Reserved.
Running: /tools/Xilinx/Vivado/2022.2/bin/unwrapped/lnx64.o/xelab --incr --debug typical --relax --mt 8 -L xil_defaultlib -L blk_mem_gen_v8_4_5 -L unisims_ver -L unimacro_ver -L secureip -L xpm --snapshot top_behav xil_defaultlib.top xil_defaultlib.glbl -log elaborate.log 
Using 8 slave threads.
Starting static elaboration
Pass Through NonSizing Optimizer
Completed static elaboration
Starting simulation data flow analysis
Completed simulation data flow analysis
Time Resolution for simulation is 1ps
Compiling module unisims_ver.IBUFDS
Compiling module unisims_ver.IBUFGDS
Compiling module unisims_ver.IBUF
Compiling module unisims_ver.MMCME3_ADV(CLKIN1_PERIOD=5.0,CLK...
Compiling module unisims_ver.BUFG
Compiling module xil_defaultlib.clk_wiz_0_clk_wiz
Compiling module xil_defaultlib.clk_wiz_0
Compiling module xil_defaultlib.autorun
Compiling module xil_defaultlib.stream_input
Compiling module xil_defaultlib.multiplier
Compiling module xil_defaultlib.rs_encoder
Compiling module xil_defaultlib.error_inject_default
Compiling module blk_mem_gen_v8_4_5.blk_mem_gen_v8_4_5_output_stage(...
Compiling module blk_mem_gen_v8_4_5.blk_mem_gen_v8_4_5_output_stage(...
Compiling module blk_mem_gen_v8_4_5.blk_mem_gen_v8_4_5_softecc_outpu...
Compiling module blk_mem_gen_v8_4_5.blk_mem_gen_v8_4_5_mem_module(C_...
Compiling module blk_mem_gen_v8_4_5.blk_mem_axi_regs_fwd_v8_4(C_DATA...
Compiling module blk_mem_gen_v8_4_5.blk_mem_gen_v8_4_5(C_FAMILY="kin...
Compiling module xil_defaultlib.bram_rs
Compiling module xil_defaultlib.syndrome_unit
Compiling module xil_defaultlib.inverter
Compiling module xil_defaultlib.euclid_proc_default
Compiling module xil_defaultlib.chien_search
Compiling module xil_defaultlib.forney_math
Compiling module xil_defaultlib.rs_decoder
Compiling module xil_defaultlib.top
Compiling module xil_defaultlib.glbl
Built simulation snapshot top_behav
INFO: [USF-XSim-69] 'elaborate' step finished in '3' seconds
INFO: [USF-XSim-4] XSim::Simulate design
INFO: [USF-XSim-61] Executing 'SIMULATE' step in '/home/williams/MYFPGA/FPGA Final/rs_codec_clean/rs_codec_clean/rs_codec_clean.sim/sim_1/behav/xsim'
INFO: [USF-XSim-98] *** Running xsim
   with args "top_behav -key {Behavioral:sim_1:Functional:top} -tclbatch {top.tcl} -log {simulate.log}"
INFO: [USF-XSim-8] Loading simulator feature
Time resolution is 1 ps
source top.tcl
Block Memory Generator module top.rs_decoder_inst.bram_rs_inst.inst.\native_mem_module.blk_mem_gen_v8_4_5_inst  is using a behavioral model for simulation which will not precisely model memory collision behavior.
INFO: [Simtcl 6-16] Simulation closed
Command: launch_simulation 
INFO: [Vivado 12-12493] Simulation top is 'top'
WARNING: [Vivado 12-13277] Compiled library path does not exist: ''
INFO: [Vivado 12-5698] Checking validity of IPs in the design for the 'XSim' simulator...
INFO: [Vivado 12-5682] Launching behavioral simulation in '/home/williams/MYFPGA/FPGA Final/rs_codec_clean/rs_codec_clean/rs_codec_clean.sim/sim_1/behav/xsim'
INFO: [Vivado 12-4795] Using compiled simulation libraries for IPs
INFO: [SIM-utils-51] Simulation object is 'sim_1'
INFO: [SIM-utils-72] Using boost library from '/tools/Xilinx/Vivado/2022.2/tps/boost_1_72_0'
INFO: [USF-XSim-7] Finding pre-compiled libraries...
INFO: [USF-XSim-11] File '/tools/Xilinx/Vivado/2022.2/data/xsim/xsim.ini' copied to run dir:'/home/williams/MYFPGA/FPGA Final/rs_codec_clean/rs_codec_clean/rs_codec_clean.sim/sim_1/behav/xsim'
INFO: [SIM-utils-54] Inspecting design source files for 'top' in fileset 'sim_1'...
INFO: [SIM-utils-43] Exported '/home/williams/MYFPGA/FPGA Final/rs_codec_clean/rs_codec_clean/rs_codec_clean.sim/sim_1/behav/xsim/error.mem'
INFO: [SIM-utils-43] Exported '/home/williams/MYFPGA/FPGA Final/rs_codec_clean/rs_codec_clean/rs_codec_clean.sim/sim_1/behav/xsim/sample.mem'
INFO: [SIM-utils-43] Exported '/home/williams/MYFPGA/FPGA Final/rs_codec_clean/rs_codec_clean/rs_codec_clean.sim/sim_1/behav/xsim/alpha_value.mem'
INFO: [SIM-utils-43] Exported '/home/williams/MYFPGA/FPGA Final/rs_codec_clean/rs_codec_clean/rs_codec_clean.sim/sim_1/behav/xsim/sample_head.mem'
INFO: [SIM-utils-43] Exported '/home/williams/MYFPGA/FPGA Final/rs_codec_clean/rs_codec_clean/rs_codec_clean.sim/sim_1/behav/xsim/decimal_value.mem'
INFO: [SIM-utils-43] Exported '/home/williams/MYFPGA/FPGA Final/rs_codec_clean/rs_codec_clean/rs_codec_clean.sim/sim_1/behav/xsim/sim.tcl'
INFO: [USF-XSim-97] Finding global include files...
INFO: [USF-XSim-98] Fetching design files from 'sim_1'...
INFO: [USF-XSim-2] XSim::Compile design
INFO: [USF-XSim-61] Executing 'COMPILE and ANALYZE' step in '/home/williams/MYFPGA/FPGA Final/rs_codec_clean/rs_codec_clean/rs_codec_clean.sim/sim_1/behav/xsim'
xvlog --incr --relax -prj top_vlog.prj
INFO: [VRFC 10-2263] Analyzing Verilog file "/home/williams/MYFPGA/FPGA Final/rs_codec_clean/rs_codec_clean/rs_codec_clean.gen/sources_1/ip/bram_rs/sim/bram_rs.v" into library xil_defaultlib
INFO: [VRFC 10-311] analyzing module bram_rs
INFO: [VRFC 10-2263] Analyzing Verilog file "/home/williams/MYFPGA/FPGA Final/rs_codec_clean/rs_codec_clean/rs_codec_clean.gen/sources_1/ip/clk_wiz_0/clk_wiz_0_clk_wiz.v" into library xil_defaultlib
INFO: [VRFC 10-311] analyzing module clk_wiz_0_clk_wiz
INFO: [VRFC 10-2263] Analyzing Verilog file "/home/williams/MYFPGA/FPGA Final/rs_codec_clean/rs_codec_clean/rs_codec_clean.gen/sources_1/ip/clk_wiz_0/clk_wiz_0.v" into library xil_defaultlib
INFO: [VRFC 10-311] analyzing module clk_wiz_0
INFO: [VRFC 10-2263] Analyzing Verilog file "/home/williams/MYFPGA/FPGA Final/rs_codec_clean/rs_codec_clean/rs_codec_clean.srcs/sources_1/imports/new/autorun.v" into library xil_defaultlib
INFO: [VRFC 10-311] analyzing module autorun
INFO: [VRFC 10-2263] Analyzing Verilog file "/home/williams/MYFPGA/FPGA Final/rs_codec_clean/rs_codec_clean/rs_codec_clean.srcs/sources_1/imports/new/chien_search.v" into library xil_defaultlib
INFO: [VRFC 10-311] analyzing module chien_search
INFO: [VRFC 10-2263] Analyzing Verilog file "/home/williams/MYFPGA/FPGA Final/rs_codec_clean/rs_codec_clean/rs_codec_clean.srcs/sources_1/imports/new/error_inject.v" into library xil_defaultlib
INFO: [VRFC 10-311] analyzing module error_inject
INFO: [VRFC 10-2263] Analyzing Verilog file "/home/williams/MYFPGA/FPGA Final/rs_codec_clean/rs_codec_clean/rs_codec_clean.srcs/sources_1/imports/new/euclid_proc.v" into library xil_defaultlib
INFO: [VRFC 10-311] analyzing module euclid_proc
INFO: [VRFC 10-2263] Analyzing Verilog file "/home/williams/MYFPGA/FPGA Final/rs_codec_clean/rs_codec_clean/rs_codec_clean.srcs/sources_1/imports/new/forney_math.v" into library xil_defaultlib
INFO: [VRFC 10-311] analyzing module forney_math
INFO: [VRFC 10-2263] Analyzing Verilog file "/home/williams/MYFPGA/FPGA Final/rs_codec_clean/rs_codec_clean/rs_codec_clean.srcs/sources_1/imports/new/inverter.v" into library xil_defaultlib
INFO: [VRFC 10-311] analyzing module inverter
INFO: [VRFC 10-2263] Analyzing Verilog file "/home/williams/MYFPGA/FPGA Final/rs_codec_clean/rs_codec_clean/rs_codec_clean.srcs/sources_1/imports/new/multiplier.v" into library xil_defaultlib
INFO: [VRFC 10-311] analyzing module multiplier
INFO: [VRFC 10-2263] Analyzing Verilog file "/home/williams/MYFPGA/FPGA Final/rs_codec_clean/rs_codec_clean/rs_codec_clean.srcs/sources_1/imports/rs_codec_clean/rs_decoder.v" into library xil_defaultlib
INFO: [VRFC 10-311] analyzing module rs_decoder
INFO: [VRFC 10-2263] Analyzing Verilog file "/home/williams/MYFPGA/FPGA Final/rs_codec_clean/rs_codec_clean/rs_codec_clean.srcs/sources_1/imports/new/rs_encoder.v" into library xil_defaultlib
INFO: [VRFC 10-311] analyzing module rs_encoder
INFO: [VRFC 10-2263] Analyzing Verilog file "/home/williams/MYFPGA/FPGA Final/rs_codec_clean/rs_codec_clean/rs_codec_clean.srcs/sources_1/imports/new/stream_input.v" into library xil_defaultlib
INFO: [VRFC 10-311] analyzing module stream_input
INFO: [VRFC 10-2263] Analyzing Verilog file "/home/williams/MYFPGA/FPGA Final/rs_codec_clean/rs_codec_clean/rs_codec_clean.srcs/sources_1/imports/new/syndrome_unit.v" into library xil_defaultlib
INFO: [VRFC 10-311] analyzing module syndrome_unit
INFO: [VRFC 10-2263] Analyzing Verilog file "/home/williams/MYFPGA/FPGA Final/rs_codec_clean/rs_codec_clean/rs_codec_clean.srcs/sources_1/imports/new/top.v" into library xil_defaultlib
INFO: [VRFC 10-311] analyzing module top
Waiting for jobs to finish...
No pending jobs, compilation finished.
INFO: [USF-XSim-69] 'compile' step finished in '0' seconds
INFO: [USF-XSim-3] XSim::Elaborate design
INFO: [USF-XSim-61] Executing 'ELABORATE' step in '/home/williams/MYFPGA/FPGA Final/rs_codec_clean/rs_codec_clean/rs_codec_clean.sim/sim_1/behav/xsim'
xelab --incr --debug typical --relax --mt 8 -L xil_defaultlib -L blk_mem_gen_v8_4_5 -L unisims_ver -L unimacro_ver -L secureip -L xpm --snapshot top_behav xil_defaultlib.top xil_defaultlib.glbl -log elaborate.log
Vivado Simulator v2022.2
Copyright 1986-1999, 2001-2022 Xilinx, Inc. All Rights Reserved.
Running: /tools/Xilinx/Vivado/2022.2/bin/unwrapped/lnx64.o/xelab --incr --debug typical --relax --mt 8 -L xil_defaultlib -L blk_mem_gen_v8_4_5 -L unisims_ver -L unimacro_ver -L secureip -L xpm --snapshot top_behav xil_defaultlib.top xil_defaultlib.glbl -log elaborate.log 
Using 8 slave threads.
Starting static elaboration
Pass Through NonSizing Optimizer
Completed static elaboration
Starting simulation data flow analysis
Completed simulation data flow analysis
Time Resolution for simulation is 1ps
Compiling module unisims_ver.IBUFDS
Compiling module unisims_ver.IBUFGDS
Compiling module unisims_ver.IBUF
Compiling module unisims_ver.MMCME3_ADV(CLKIN1_PERIOD=5.0,CLK...
Compiling module unisims_ver.BUFG
Compiling module xil_defaultlib.clk_wiz_0_clk_wiz
Compiling module xil_defaultlib.clk_wiz_0
Compiling module xil_defaultlib.autorun
Compiling module xil_defaultlib.stream_input
Compiling module xil_defaultlib.multiplier
Compiling module xil_defaultlib.rs_encoder
Compiling module xil_defaultlib.error_inject_default
Compiling module blk_mem_gen_v8_4_5.blk_mem_gen_v8_4_5_output_stage(...
Compiling module blk_mem_gen_v8_4_5.blk_mem_gen_v8_4_5_output_stage(...
Compiling module blk_mem_gen_v8_4_5.blk_mem_gen_v8_4_5_softecc_outpu...
Compiling module blk_mem_gen_v8_4_5.blk_mem_gen_v8_4_5_mem_module(C_...
Compiling module blk_mem_gen_v8_4_5.blk_mem_axi_regs_fwd_v8_4(C_DATA...
Compiling module blk_mem_gen_v8_4_5.blk_mem_gen_v8_4_5(C_FAMILY="kin...
Compiling module xil_defaultlib.bram_rs
Compiling module xil_defaultlib.syndrome_unit
Compiling module xil_defaultlib.inverter
Compiling module xil_defaultlib.euclid_proc_default
Compiling module xil_defaultlib.chien_search
Compiling module xil_defaultlib.forney_math
Compiling module xil_defaultlib.rs_decoder
Compiling module xil_defaultlib.top
Compiling module xil_defaultlib.glbl
Built simulation snapshot top_behav
INFO: [USF-XSim-69] 'elaborate' step finished in '3' seconds
INFO: [USF-XSim-4] XSim::Simulate design
INFO: [USF-XSim-61] Executing 'SIMULATE' step in '/home/williams/MYFPGA/FPGA Final/rs_codec_clean/rs_codec_clean/rs_codec_clean.sim/sim_1/behav/xsim'
INFO: [USF-XSim-98] *** Running xsim
   with args "top_behav -key {Behavioral:sim_1:Functional:top} -tclbatch {top.tcl} -log {simulate.log}"
INFO: [USF-XSim-8] Loading simulator feature
Time resolution is 1 ps
source top.tcl
Block Memory Generator module top.rs_decoder_inst.bram_rs_inst.inst.\native_mem_module.blk_mem_gen_v8_4_5_inst  is using a behavioral model for simulation which will not precisely model memory collision behavior.
INFO: [Simtcl 6-16] Simulation closed
Command: launch_simulation 
INFO: [Vivado 12-12493] Simulation top is 'top'
WARNING: [Vivado 12-13277] Compiled library path does not exist: ''
INFO: [Vivado 12-5698] Checking validity of IPs in the design for the 'XSim' simulator...
INFO: [Vivado 12-5682] Launching behavioral simulation in '/home/williams/MYFPGA/FPGA Final/rs_codec_clean/rs_codec_clean/rs_codec_clean.sim/sim_1/behav/xsim'
INFO: [Vivado 12-4795] Using compiled simulation libraries for IPs
INFO: [SIM-utils-51] Simulation object is 'sim_1'
INFO: [SIM-utils-72] Using boost library from '/tools/Xilinx/Vivado/2022.2/tps/boost_1_72_0'
INFO: [USF-XSim-7] Finding pre-compiled libraries...
INFO: [USF-XSim-11] File '/tools/Xilinx/Vivado/2022.2/data/xsim/xsim.ini' copied to run dir:'/home/williams/MYFPGA/FPGA Final/rs_codec_clean/rs_codec_clean/rs_codec_clean.sim/sim_1/behav/xsim'
INFO: [SIM-utils-54] Inspecting design source files for 'top' in fileset 'sim_1'...
INFO: [SIM-utils-43] Exported '/home/williams/MYFPGA/FPGA Final/rs_codec_clean/rs_codec_clean/rs_codec_clean.sim/sim_1/behav/xsim/error.mem'
INFO: [SIM-utils-43] Exported '/home/williams/MYFPGA/FPGA Final/rs_codec_clean/rs_codec_clean/rs_codec_clean.sim/sim_1/behav/xsim/sample.mem'
INFO: [SIM-utils-43] Exported '/home/williams/MYFPGA/FPGA Final/rs_codec_clean/rs_codec_clean/rs_codec_clean.sim/sim_1/behav/xsim/alpha_value.mem'
INFO: [SIM-utils-43] Exported '/home/williams/MYFPGA/FPGA Final/rs_codec_clean/rs_codec_clean/rs_codec_clean.sim/sim_1/behav/xsim/sample_head.mem'
INFO: [SIM-utils-43] Exported '/home/williams/MYFPGA/FPGA Final/rs_codec_clean/rs_codec_clean/rs_codec_clean.sim/sim_1/behav/xsim/decimal_value.mem'
INFO: [SIM-utils-43] Exported '/home/williams/MYFPGA/FPGA Final/rs_codec_clean/rs_codec_clean/rs_codec_clean.sim/sim_1/behav/xsim/sim.tcl'
INFO: [USF-XSim-97] Finding global include files...
INFO: [USF-XSim-98] Fetching design files from 'sim_1'...
INFO: [USF-XSim-2] XSim::Compile design
INFO: [USF-XSim-61] Executing 'COMPILE and ANALYZE' step in '/home/williams/MYFPGA/FPGA Final/rs_codec_clean/rs_codec_clean/rs_codec_clean.sim/sim_1/behav/xsim'
xvlog --incr --relax -prj top_vlog.prj
INFO: [VRFC 10-2263] Analyzing Verilog file "/home/williams/MYFPGA/FPGA Final/rs_codec_clean/rs_codec_clean/rs_codec_clean.gen/sources_1/ip/bram_rs/sim/bram_rs.v" into library xil_defaultlib
INFO: [VRFC 10-311] analyzing module bram_rs
INFO: [VRFC 10-2263] Analyzing Verilog file "/home/williams/MYFPGA/FPGA Final/rs_codec_clean/rs_codec_clean/rs_codec_clean.gen/sources_1/ip/clk_wiz_0/clk_wiz_0_clk_wiz.v" into library xil_defaultlib
INFO: [VRFC 10-311] analyzing module clk_wiz_0_clk_wiz
INFO: [VRFC 10-2263] Analyzing Verilog file "/home/williams/MYFPGA/FPGA Final/rs_codec_clean/rs_codec_clean/rs_codec_clean.gen/sources_1/ip/clk_wiz_0/clk_wiz_0.v" into library xil_defaultlib
INFO: [VRFC 10-311] analyzing module clk_wiz_0
INFO: [VRFC 10-2263] Analyzing Verilog file "/home/williams/MYFPGA/FPGA Final/rs_codec_clean/rs_codec_clean/rs_codec_clean.srcs/sources_1/imports/new/autorun.v" into library xil_defaultlib
INFO: [VRFC 10-311] analyzing module autorun
INFO: [VRFC 10-2263] Analyzing Verilog file "/home/williams/MYFPGA/FPGA Final/rs_codec_clean/rs_codec_clean/rs_codec_clean.srcs/sources_1/imports/new/chien_search.v" into library xil_defaultlib
INFO: [VRFC 10-311] analyzing module chien_search
INFO: [VRFC 10-2263] Analyzing Verilog file "/home/williams/MYFPGA/FPGA Final/rs_codec_clean/rs_codec_clean/rs_codec_clean.srcs/sources_1/imports/new/error_inject.v" into library xil_defaultlib
INFO: [VRFC 10-311] analyzing module error_inject
INFO: [VRFC 10-2263] Analyzing Verilog file "/home/williams/MYFPGA/FPGA Final/rs_codec_clean/rs_codec_clean/rs_codec_clean.srcs/sources_1/imports/new/euclid_proc.v" into library xil_defaultlib
INFO: [VRFC 10-311] analyzing module euclid_proc
INFO: [VRFC 10-2263] Analyzing Verilog file "/home/williams/MYFPGA/FPGA Final/rs_codec_clean/rs_codec_clean/rs_codec_clean.srcs/sources_1/imports/new/forney_math.v" into library xil_defaultlib
INFO: [VRFC 10-311] analyzing module forney_math
INFO: [VRFC 10-2263] Analyzing Verilog file "/home/williams/MYFPGA/FPGA Final/rs_codec_clean/rs_codec_clean/rs_codec_clean.srcs/sources_1/imports/new/inverter.v" into library xil_defaultlib
INFO: [VRFC 10-311] analyzing module inverter
INFO: [VRFC 10-2263] Analyzing Verilog file "/home/williams/MYFPGA/FPGA Final/rs_codec_clean/rs_codec_clean/rs_codec_clean.srcs/sources_1/imports/new/multiplier.v" into library xil_defaultlib
INFO: [VRFC 10-311] analyzing module multiplier
INFO: [VRFC 10-2263] Analyzing Verilog file "/home/williams/MYFPGA/FPGA Final/rs_codec_clean/rs_codec_clean/rs_codec_clean.srcs/sources_1/imports/rs_codec_clean/rs_decoder.v" into library xil_defaultlib
INFO: [VRFC 10-311] analyzing module rs_decoder
INFO: [VRFC 10-2263] Analyzing Verilog file "/home/williams/MYFPGA/FPGA Final/rs_codec_clean/rs_codec_clean/rs_codec_clean.srcs/sources_1/imports/new/rs_encoder.v" into library xil_defaultlib
INFO: [VRFC 10-311] analyzing module rs_encoder
INFO: [VRFC 10-2263] Analyzing Verilog file "/home/williams/MYFPGA/FPGA Final/rs_codec_clean/rs_codec_clean/rs_codec_clean.srcs/sources_1/imports/new/stream_input.v" into library xil_defaultlib
INFO: [VRFC 10-311] analyzing module stream_input
INFO: [VRFC 10-2263] Analyzing Verilog file "/home/williams/MYFPGA/FPGA Final/rs_codec_clean/rs_codec_clean/rs_codec_clean.srcs/sources_1/imports/new/syndrome_unit.v" into library xil_defaultlib
INFO: [VRFC 10-311] analyzing module syndrome_unit
INFO: [VRFC 10-2263] Analyzing Verilog file "/home/williams/MYFPGA/FPGA Final/rs_codec_clean/rs_codec_clean/rs_codec_clean.srcs/sources_1/imports/new/top.v" into library xil_defaultlib
INFO: [VRFC 10-311] analyzing module top
Waiting for jobs to finish...
No pending jobs, compilation finished.
INFO: [USF-XSim-69] 'compile' step finished in '0' seconds
INFO: [USF-XSim-3] XSim::Elaborate design
INFO: [USF-XSim-61] Executing 'ELABORATE' step in '/home/williams/MYFPGA/FPGA Final/rs_codec_clean/rs_codec_clean/rs_codec_clean.sim/sim_1/behav/xsim'
xelab --incr --debug typical --relax --mt 8 -L xil_defaultlib -L blk_mem_gen_v8_4_5 -L unisims_ver -L unimacro_ver -L secureip -L xpm --snapshot top_behav xil_defaultlib.top xil_defaultlib.glbl -log elaborate.log
Vivado Simulator v2022.2
Copyright 1986-1999, 2001-2022 Xilinx, Inc. All Rights Reserved.
Running: /tools/Xilinx/Vivado/2022.2/bin/unwrapped/lnx64.o/xelab --incr --debug typical --relax --mt 8 -L xil_defaultlib -L blk_mem_gen_v8_4_5 -L unisims_ver -L unimacro_ver -L secureip -L xpm --snapshot top_behav xil_defaultlib.top xil_defaultlib.glbl -log elaborate.log 
Using 8 slave threads.
Starting static elaboration
Pass Through NonSizing Optimizer
Completed static elaboration
Starting simulation data flow analysis
Completed simulation data flow analysis
Time Resolution for simulation is 1ps
Compiling module unisims_ver.IBUFDS
Compiling module unisims_ver.IBUFGDS
Compiling module unisims_ver.IBUF
Compiling module unisims_ver.MMCME3_ADV(CLKIN1_PERIOD=5.0,CLK...
Compiling module unisims_ver.BUFG
Compiling module xil_defaultlib.clk_wiz_0_clk_wiz
Compiling module xil_defaultlib.clk_wiz_0
Compiling module xil_defaultlib.autorun
Compiling module xil_defaultlib.stream_input
Compiling module xil_defaultlib.multiplier
Compiling module xil_defaultlib.rs_encoder
Compiling module xil_defaultlib.error_inject_default
Compiling module blk_mem_gen_v8_4_5.blk_mem_gen_v8_4_5_output_stage(...
Compiling module blk_mem_gen_v8_4_5.blk_mem_gen_v8_4_5_output_stage(...
Compiling module blk_mem_gen_v8_4_5.blk_mem_gen_v8_4_5_softecc_outpu...
Compiling module blk_mem_gen_v8_4_5.blk_mem_gen_v8_4_5_mem_module(C_...
Compiling module blk_mem_gen_v8_4_5.blk_mem_axi_regs_fwd_v8_4(C_DATA...
Compiling module blk_mem_gen_v8_4_5.blk_mem_gen_v8_4_5(C_FAMILY="kin...
Compiling module xil_defaultlib.bram_rs
Compiling module xil_defaultlib.syndrome_unit
Compiling module xil_defaultlib.inverter
Compiling module xil_defaultlib.euclid_proc_default
Compiling module xil_defaultlib.chien_search
Compiling module xil_defaultlib.forney_math
Compiling module xil_defaultlib.rs_decoder
Compiling module xil_defaultlib.top
Compiling module xil_defaultlib.glbl
Built simulation snapshot top_behav
INFO: [USF-XSim-69] 'elaborate' step finished in '2' seconds
INFO: [USF-XSim-4] XSim::Simulate design
INFO: [USF-XSim-61] Executing 'SIMULATE' step in '/home/williams/MYFPGA/FPGA Final/rs_codec_clean/rs_codec_clean/rs_codec_clean.sim/sim_1/behav/xsim'
INFO: [USF-XSim-98] *** Running xsim
   with args "top_behav -key {Behavioral:sim_1:Functional:top} -tclbatch {top.tcl} -log {simulate.log}"
INFO: [USF-XSim-8] Loading simulator feature
Time resolution is 1 ps
source top.tcl
Block Memory Generator module top.rs_decoder_inst.bram_rs_inst.inst.\native_mem_module.blk_mem_gen_v8_4_5_inst  is using a behavioral model for simulation which will not precisely model memory collision behavior.
INFO: [Simtcl 6-16] Simulation closed
Command: launch_simulation 
INFO: [Vivado 12-12493] Simulation top is 'top'
WARNING: [Vivado 12-13277] Compiled library path does not exist: ''
INFO: [Vivado 12-5698] Checking validity of IPs in the design for the 'XSim' simulator...
INFO: [Vivado 12-5682] Launching behavioral simulation in '/home/williams/MYFPGA/FPGA Final/rs_codec_clean/rs_codec_clean/rs_codec_clean.sim/sim_1/behav/xsim'
INFO: [Vivado 12-4795] Using compiled simulation libraries for IPs
INFO: [SIM-utils-51] Simulation object is 'sim_1'
INFO: [SIM-utils-72] Using boost library from '/tools/Xilinx/Vivado/2022.2/tps/boost_1_72_0'
INFO: [USF-XSim-7] Finding pre-compiled libraries...
INFO: [USF-XSim-11] File '/tools/Xilinx/Vivado/2022.2/data/xsim/xsim.ini' copied to run dir:'/home/williams/MYFPGA/FPGA Final/rs_codec_clean/rs_codec_clean/rs_codec_clean.sim/sim_1/behav/xsim'
INFO: [SIM-utils-54] Inspecting design source files for 'top' in fileset 'sim_1'...
INFO: [SIM-utils-43] Exported '/home/williams/MYFPGA/FPGA Final/rs_codec_clean/rs_codec_clean/rs_codec_clean.sim/sim_1/behav/xsim/error.mem'
INFO: [SIM-utils-43] Exported '/home/williams/MYFPGA/FPGA Final/rs_codec_clean/rs_codec_clean/rs_codec_clean.sim/sim_1/behav/xsim/sample.mem'
INFO: [SIM-utils-43] Exported '/home/williams/MYFPGA/FPGA Final/rs_codec_clean/rs_codec_clean/rs_codec_clean.sim/sim_1/behav/xsim/alpha_value.mem'
INFO: [SIM-utils-43] Exported '/home/williams/MYFPGA/FPGA Final/rs_codec_clean/rs_codec_clean/rs_codec_clean.sim/sim_1/behav/xsim/sample_head.mem'
INFO: [SIM-utils-43] Exported '/home/williams/MYFPGA/FPGA Final/rs_codec_clean/rs_codec_clean/rs_codec_clean.sim/sim_1/behav/xsim/decimal_value.mem'
INFO: [SIM-utils-43] Exported '/home/williams/MYFPGA/FPGA Final/rs_codec_clean/rs_codec_clean/rs_codec_clean.sim/sim_1/behav/xsim/sim.tcl'
INFO: [USF-XSim-97] Finding global include files...
INFO: [USF-XSim-98] Fetching design files from 'sim_1'...
INFO: [USF-XSim-2] XSim::Compile design
INFO: [USF-XSim-61] Executing 'COMPILE and ANALYZE' step in '/home/williams/MYFPGA/FPGA Final/rs_codec_clean/rs_codec_clean/rs_codec_clean.sim/sim_1/behav/xsim'
xvlog --incr --relax -prj top_vlog.prj
Waiting for jobs to finish...
No pending jobs, compilation finished.
INFO: [USF-XSim-69] 'compile' step finished in '1' seconds
INFO: [USF-XSim-3] XSim::Elaborate design
INFO: [USF-XSim-61] Executing 'ELABORATE' step in '/home/williams/MYFPGA/FPGA Final/rs_codec_clean/rs_codec_clean/rs_codec_clean.sim/sim_1/behav/xsim'
xelab --incr --debug typical --relax --mt 8 -L xil_defaultlib -L blk_mem_gen_v8_4_5 -L unisims_ver -L unimacro_ver -L secureip -L xpm --snapshot top_behav xil_defaultlib.top xil_defaultlib.glbl -log elaborate.log
Vivado Simulator v2022.2
Copyright 1986-1999, 2001-2022 Xilinx, Inc. All Rights Reserved.
Running: /tools/Xilinx/Vivado/2022.2/bin/unwrapped/lnx64.o/xelab --incr --debug typical --relax --mt 8 -L xil_defaultlib -L blk_mem_gen_v8_4_5 -L unisims_ver -L unimacro_ver -L secureip -L xpm --snapshot top_behav xil_defaultlib.top xil_defaultlib.glbl -log elaborate.log 
Using 8 slave threads.
Starting static elaboration
Pass Through NonSizing Optimizer
Completed static elaboration
INFO: [XSIM 43-4323] No Change in HDL. Linking previously generated obj files to create kernel
INFO: [USF-XSim-69] 'elaborate' step finished in '0' seconds
INFO: [USF-XSim-4] XSim::Simulate design
INFO: [USF-XSim-61] Executing 'SIMULATE' step in '/home/williams/MYFPGA/FPGA Final/rs_codec_clean/rs_codec_clean/rs_codec_clean.sim/sim_1/behav/xsim'
INFO: [USF-XSim-98] *** Running xsim
   with args "top_behav -key {Behavioral:sim_1:Functional:top} -tclbatch {top.tcl} -log {simulate.log}"
INFO: [USF-XSim-8] Loading simulator feature
Time resolution is 1 ps
source top.tcl
Block Memory Generator module top.rs_decoder_inst.bram_rs_inst.inst.\native_mem_module.blk_mem_gen_v8_4_5_inst  is using a behavioral model for simulation which will not precisely model memory collision behavior.
INFO: [Simtcl 6-16] Simulation closed
Command: launch_simulation 
INFO: [Vivado 12-12493] Simulation top is 'top'
WARNING: [Vivado 12-13277] Compiled library path does not exist: ''
INFO: [Vivado 12-5698] Checking validity of IPs in the design for the 'XSim' simulator...
INFO: [Vivado 12-5682] Launching behavioral simulation in '/home/williams/MYFPGA/FPGA Final/rs_codec_clean/rs_codec_clean/rs_codec_clean.sim/sim_1/behav/xsim'
INFO: [Vivado 12-4795] Using compiled simulation libraries for IPs
INFO: [SIM-utils-51] Simulation object is 'sim_1'
INFO: [SIM-utils-72] Using boost library from '/tools/Xilinx/Vivado/2022.2/tps/boost_1_72_0'
INFO: [USF-XSim-7] Finding pre-compiled libraries...
INFO: [USF-XSim-11] File '/tools/Xilinx/Vivado/2022.2/data/xsim/xsim.ini' copied to run dir:'/home/williams/MYFPGA/FPGA Final/rs_codec_clean/rs_codec_clean/rs_codec_clean.sim/sim_1/behav/xsim'
INFO: [SIM-utils-54] Inspecting design source files for 'top' in fileset 'sim_1'...
INFO: [SIM-utils-43] Exported '/home/williams/MYFPGA/FPGA Final/rs_codec_clean/rs_codec_clean/rs_codec_clean.sim/sim_1/behav/xsim/error.mem'
INFO: [SIM-utils-43] Exported '/home/williams/MYFPGA/FPGA Final/rs_codec_clean/rs_codec_clean/rs_codec_clean.sim/sim_1/behav/xsim/sample.mem'
INFO: [SIM-utils-43] Exported '/home/williams/MYFPGA/FPGA Final/rs_codec_clean/rs_codec_clean/rs_codec_clean.sim/sim_1/behav/xsim/alpha_value.mem'
INFO: [SIM-utils-43] Exported '/home/williams/MYFPGA/FPGA Final/rs_codec_clean/rs_codec_clean/rs_codec_clean.sim/sim_1/behav/xsim/sample_head.mem'
INFO: [SIM-utils-43] Exported '/home/williams/MYFPGA/FPGA Final/rs_codec_clean/rs_codec_clean/rs_codec_clean.sim/sim_1/behav/xsim/decimal_value.mem'
INFO: [SIM-utils-43] Exported '/home/williams/MYFPGA/FPGA Final/rs_codec_clean/rs_codec_clean/rs_codec_clean.sim/sim_1/behav/xsim/sim.tcl'
INFO: [USF-XSim-97] Finding global include files...
INFO: [USF-XSim-98] Fetching design files from 'sim_1'...
INFO: [USF-XSim-2] XSim::Compile design
INFO: [USF-XSim-61] Executing 'COMPILE and ANALYZE' step in '/home/williams/MYFPGA/FPGA Final/rs_codec_clean/rs_codec_clean/rs_codec_clean.sim/sim_1/behav/xsim'
xvlog --incr --relax -prj top_vlog.prj
Waiting for jobs to finish...
No pending jobs, compilation finished.
INFO: [USF-XSim-69] 'compile' step finished in '1' seconds
INFO: [USF-XSim-3] XSim::Elaborate design
INFO: [USF-XSim-61] Executing 'ELABORATE' step in '/home/williams/MYFPGA/FPGA Final/rs_codec_clean/rs_codec_clean/rs_codec_clean.sim/sim_1/behav/xsim'
xelab --incr --debug typical --relax --mt 8 -L xil_defaultlib -L blk_mem_gen_v8_4_5 -L unisims_ver -L unimacro_ver -L secureip -L xpm --snapshot top_behav xil_defaultlib.top xil_defaultlib.glbl -log elaborate.log
Vivado Simulator v2022.2
Copyright 1986-1999, 2001-2022 Xilinx, Inc. All Rights Reserved.
Running: /tools/Xilinx/Vivado/2022.2/bin/unwrapped/lnx64.o/xelab --incr --debug typical --relax --mt 8 -L xil_defaultlib -L blk_mem_gen_v8_4_5 -L unisims_ver -L unimacro_ver -L secureip -L xpm --snapshot top_behav xil_defaultlib.top xil_defaultlib.glbl -log elaborate.log 
Using 8 slave threads.
Starting static elaboration
Pass Through NonSizing Optimizer
Completed static elaboration
INFO: [XSIM 43-4323] No Change in HDL. Linking previously generated obj files to create kernel
INFO: [USF-XSim-69] 'elaborate' step finished in '1' seconds
INFO: [USF-XSim-4] XSim::Simulate design
INFO: [USF-XSim-61] Executing 'SIMULATE' step in '/home/williams/MYFPGA/FPGA Final/rs_codec_clean/rs_codec_clean/rs_codec_clean.sim/sim_1/behav/xsim'
INFO: [USF-XSim-98] *** Running xsim
   with args "top_behav -key {Behavioral:sim_1:Functional:top} -tclbatch {top.tcl} -log {simulate.log}"
INFO: [USF-XSim-8] Loading simulator feature
Time resolution is 1 ps
source top.tcl
Block Memory Generator module top.rs_decoder_inst.bram_rs_inst.inst.\native_mem_module.blk_mem_gen_v8_4_5_inst  is using a behavioral model for simulation which will not precisely model memory collision behavior.
INFO: [Simtcl 6-16] Simulation closed
Command: launch_simulation 
INFO: [Vivado 12-12493] Simulation top is 'top'
WARNING: [Vivado 12-13277] Compiled library path does not exist: ''
INFO: [Vivado 12-5698] Checking validity of IPs in the design for the 'XSim' simulator...
INFO: [Vivado 12-5682] Launching behavioral simulation in '/home/williams/MYFPGA/FPGA Final/rs_codec_clean/rs_codec_clean/rs_codec_clean.sim/sim_1/behav/xsim'
INFO: [Vivado 12-4795] Using compiled simulation libraries for IPs
INFO: [SIM-utils-51] Simulation object is 'sim_1'
INFO: [SIM-utils-72] Using boost library from '/tools/Xilinx/Vivado/2022.2/tps/boost_1_72_0'
INFO: [USF-XSim-7] Finding pre-compiled libraries...
INFO: [USF-XSim-11] File '/tools/Xilinx/Vivado/2022.2/data/xsim/xsim.ini' copied to run dir:'/home/williams/MYFPGA/FPGA Final/rs_codec_clean/rs_codec_clean/rs_codec_clean.sim/sim_1/behav/xsim'
INFO: [SIM-utils-54] Inspecting design source files for 'top' in fileset 'sim_1'...
INFO: [SIM-utils-43] Exported '/home/williams/MYFPGA/FPGA Final/rs_codec_clean/rs_codec_clean/rs_codec_clean.sim/sim_1/behav/xsim/error.mem'
INFO: [SIM-utils-43] Exported '/home/williams/MYFPGA/FPGA Final/rs_codec_clean/rs_codec_clean/rs_codec_clean.sim/sim_1/behav/xsim/sample.mem'
INFO: [SIM-utils-43] Exported '/home/williams/MYFPGA/FPGA Final/rs_codec_clean/rs_codec_clean/rs_codec_clean.sim/sim_1/behav/xsim/alpha_value.mem'
INFO: [SIM-utils-43] Exported '/home/williams/MYFPGA/FPGA Final/rs_codec_clean/rs_codec_clean/rs_codec_clean.sim/sim_1/behav/xsim/sample_head.mem'
INFO: [SIM-utils-43] Exported '/home/williams/MYFPGA/FPGA Final/rs_codec_clean/rs_codec_clean/rs_codec_clean.sim/sim_1/behav/xsim/decimal_value.mem'
INFO: [SIM-utils-43] Exported '/home/williams/MYFPGA/FPGA Final/rs_codec_clean/rs_codec_clean/rs_codec_clean.sim/sim_1/behav/xsim/sim.tcl'
INFO: [USF-XSim-97] Finding global include files...
INFO: [USF-XSim-98] Fetching design files from 'sim_1'...
INFO: [USF-XSim-2] XSim::Compile design
INFO: [USF-XSim-61] Executing 'COMPILE and ANALYZE' step in '/home/williams/MYFPGA/FPGA Final/rs_codec_clean/rs_codec_clean/rs_codec_clean.sim/sim_1/behav/xsim'
xvlog --incr --relax -prj top_vlog.prj
Waiting for jobs to finish...
No pending jobs, compilation finished.
INFO: [USF-XSim-69] 'compile' step finished in '0' seconds
INFO: [USF-XSim-3] XSim::Elaborate design
INFO: [USF-XSim-61] Executing 'ELABORATE' step in '/home/williams/MYFPGA/FPGA Final/rs_codec_clean/rs_codec_clean/rs_codec_clean.sim/sim_1/behav/xsim'
xelab --incr --debug typical --relax --mt 8 -L xil_defaultlib -L blk_mem_gen_v8_4_5 -L unisims_ver -L unimacro_ver -L secureip -L xpm --snapshot top_behav xil_defaultlib.top xil_defaultlib.glbl -log elaborate.log
Vivado Simulator v2022.2
Copyright 1986-1999, 2001-2022 Xilinx, Inc. All Rights Reserved.
Running: /tools/Xilinx/Vivado/2022.2/bin/unwrapped/lnx64.o/xelab --incr --debug typical --relax --mt 8 -L xil_defaultlib -L blk_mem_gen_v8_4_5 -L unisims_ver -L unimacro_ver -L secureip -L xpm --snapshot top_behav xil_defaultlib.top xil_defaultlib.glbl -log elaborate.log 
Using 8 slave threads.
Starting static elaboration
Pass Through NonSizing Optimizer
Completed static elaboration
INFO: [XSIM 43-4323] No Change in HDL. Linking previously generated obj files to create kernel
INFO: [USF-XSim-69] 'elaborate' step finished in '1' seconds
INFO: [USF-XSim-4] XSim::Simulate design
INFO: [USF-XSim-61] Executing 'SIMULATE' step in '/home/williams/MYFPGA/FPGA Final/rs_codec_clean/rs_codec_clean/rs_codec_clean.sim/sim_1/behav/xsim'
INFO: [USF-XSim-98] *** Running xsim
   with args "top_behav -key {Behavioral:sim_1:Functional:top} -tclbatch {top.tcl} -log {simulate.log}"
INFO: [USF-XSim-8] Loading simulator feature
Time resolution is 1 ps
source top.tcl
Block Memory Generator module top.rs_decoder_inst.bram_rs_inst.inst.\native_mem_module.blk_mem_gen_v8_4_5_inst  is using a behavioral model for simulation which will not precisely model memory collision behavior.
INFO: [Simtcl 6-16] Simulation closed
Command: launch_simulation 
INFO: [Vivado 12-12493] Simulation top is 'top'
WARNING: [Vivado 12-13277] Compiled library path does not exist: ''
INFO: [Vivado 12-5698] Checking validity of IPs in the design for the 'XSim' simulator...
INFO: [Vivado 12-5682] Launching behavioral simulation in '/home/williams/MYFPGA/FPGA Final/rs_codec_clean/rs_codec_clean/rs_codec_clean.sim/sim_1/behav/xsim'
INFO: [Vivado 12-4795] Using compiled simulation libraries for IPs
INFO: [SIM-utils-51] Simulation object is 'sim_1'
INFO: [SIM-utils-72] Using boost library from '/tools/Xilinx/Vivado/2022.2/tps/boost_1_72_0'
INFO: [USF-XSim-7] Finding pre-compiled libraries...
INFO: [USF-XSim-11] File '/tools/Xilinx/Vivado/2022.2/data/xsim/xsim.ini' copied to run dir:'/home/williams/MYFPGA/FPGA Final/rs_codec_clean/rs_codec_clean/rs_codec_clean.sim/sim_1/behav/xsim'
INFO: [SIM-utils-54] Inspecting design source files for 'top' in fileset 'sim_1'...
INFO: [SIM-utils-43] Exported '/home/williams/MYFPGA/FPGA Final/rs_codec_clean/rs_codec_clean/rs_codec_clean.sim/sim_1/behav/xsim/error.mem'
INFO: [SIM-utils-43] Exported '/home/williams/MYFPGA/FPGA Final/rs_codec_clean/rs_codec_clean/rs_codec_clean.sim/sim_1/behav/xsim/sample.mem'
INFO: [SIM-utils-43] Exported '/home/williams/MYFPGA/FPGA Final/rs_codec_clean/rs_codec_clean/rs_codec_clean.sim/sim_1/behav/xsim/alpha_value.mem'
INFO: [SIM-utils-43] Exported '/home/williams/MYFPGA/FPGA Final/rs_codec_clean/rs_codec_clean/rs_codec_clean.sim/sim_1/behav/xsim/sample_head.mem'
INFO: [SIM-utils-43] Exported '/home/williams/MYFPGA/FPGA Final/rs_codec_clean/rs_codec_clean/rs_codec_clean.sim/sim_1/behav/xsim/decimal_value.mem'
INFO: [SIM-utils-43] Exported '/home/williams/MYFPGA/FPGA Final/rs_codec_clean/rs_codec_clean/rs_codec_clean.sim/sim_1/behav/xsim/sim.tcl'
INFO: [USF-XSim-97] Finding global include files...
INFO: [USF-XSim-98] Fetching design files from 'sim_1'...
INFO: [USF-XSim-2] XSim::Compile design
INFO: [USF-XSim-61] Executing 'COMPILE and ANALYZE' step in '/home/williams/MYFPGA/FPGA Final/rs_codec_clean/rs_codec_clean/rs_codec_clean.sim/sim_1/behav/xsim'
xvlog --incr --relax -prj top_vlog.prj
Waiting for jobs to finish...
No pending jobs, compilation finished.
INFO: [USF-XSim-69] 'compile' step finished in '0' seconds
INFO: [USF-XSim-3] XSim::Elaborate design
INFO: [USF-XSim-61] Executing 'ELABORATE' step in '/home/williams/MYFPGA/FPGA Final/rs_codec_clean/rs_codec_clean/rs_codec_clean.sim/sim_1/behav/xsim'
xelab --incr --debug typical --relax --mt 8 -L xil_defaultlib -L blk_mem_gen_v8_4_5 -L unisims_ver -L unimacro_ver -L secureip -L xpm --snapshot top_behav xil_defaultlib.top xil_defaultlib.glbl -log elaborate.log
Vivado Simulator v2022.2
Copyright 1986-1999, 2001-2022 Xilinx, Inc. All Rights Reserved.
Running: /tools/Xilinx/Vivado/2022.2/bin/unwrapped/lnx64.o/xelab --incr --debug typical --relax --mt 8 -L xil_defaultlib -L blk_mem_gen_v8_4_5 -L unisims_ver -L unimacro_ver -L secureip -L xpm --snapshot top_behav xil_defaultlib.top xil_defaultlib.glbl -log elaborate.log 
Using 8 slave threads.
Starting static elaboration
Pass Through NonSizing Optimizer
Completed static elaboration
INFO: [XSIM 43-4323] No Change in HDL. Linking previously generated obj files to create kernel
INFO: [USF-XSim-69] 'elaborate' step finished in '0' seconds
INFO: [USF-XSim-4] XSim::Simulate design
INFO: [USF-XSim-61] Executing 'SIMULATE' step in '/home/williams/MYFPGA/FPGA Final/rs_codec_clean/rs_codec_clean/rs_codec_clean.sim/sim_1/behav/xsim'
INFO: [USF-XSim-98] *** Running xsim
   with args "top_behav -key {Behavioral:sim_1:Functional:top} -tclbatch {top.tcl} -log {simulate.log}"
INFO: [USF-XSim-8] Loading simulator feature
Time resolution is 1 ps
source top.tcl
Block Memory Generator module top.rs_decoder_inst.bram_rs_inst.inst.\native_mem_module.blk_mem_gen_v8_4_5_inst  is using a behavioral model for simulation which will not precisely model memory collision behavior.
INFO: [Simtcl 6-16] Simulation closed
Command: launch_simulation 
INFO: [Vivado 12-12493] Simulation top is 'top'
WARNING: [Vivado 12-13277] Compiled library path does not exist: ''
INFO: [Vivado 12-5698] Checking validity of IPs in the design for the 'XSim' simulator...
INFO: [Vivado 12-5682] Launching behavioral simulation in '/home/williams/MYFPGA/FPGA Final/rs_codec_clean/rs_codec_clean/rs_codec_clean.sim/sim_1/behav/xsim'
INFO: [Vivado 12-4795] Using compiled simulation libraries for IPs
INFO: [SIM-utils-51] Simulation object is 'sim_1'
INFO: [SIM-utils-72] Using boost library from '/tools/Xilinx/Vivado/2022.2/tps/boost_1_72_0'
INFO: [USF-XSim-7] Finding pre-compiled libraries...
INFO: [USF-XSim-11] File '/tools/Xilinx/Vivado/2022.2/data/xsim/xsim.ini' copied to run dir:'/home/williams/MYFPGA/FPGA Final/rs_codec_clean/rs_codec_clean/rs_codec_clean.sim/sim_1/behav/xsim'
INFO: [SIM-utils-54] Inspecting design source files for 'top' in fileset 'sim_1'...
INFO: [SIM-utils-43] Exported '/home/williams/MYFPGA/FPGA Final/rs_codec_clean/rs_codec_clean/rs_codec_clean.sim/sim_1/behav/xsim/error.mem'
INFO: [SIM-utils-43] Exported '/home/williams/MYFPGA/FPGA Final/rs_codec_clean/rs_codec_clean/rs_codec_clean.sim/sim_1/behav/xsim/sample.mem'
INFO: [SIM-utils-43] Exported '/home/williams/MYFPGA/FPGA Final/rs_codec_clean/rs_codec_clean/rs_codec_clean.sim/sim_1/behav/xsim/alpha_value.mem'
INFO: [SIM-utils-43] Exported '/home/williams/MYFPGA/FPGA Final/rs_codec_clean/rs_codec_clean/rs_codec_clean.sim/sim_1/behav/xsim/sample_head.mem'
INFO: [SIM-utils-43] Exported '/home/williams/MYFPGA/FPGA Final/rs_codec_clean/rs_codec_clean/rs_codec_clean.sim/sim_1/behav/xsim/decimal_value.mem'
INFO: [SIM-utils-43] Exported '/home/williams/MYFPGA/FPGA Final/rs_codec_clean/rs_codec_clean/rs_codec_clean.sim/sim_1/behav/xsim/sim.tcl'
INFO: [USF-XSim-97] Finding global include files...
INFO: [USF-XSim-98] Fetching design files from 'sim_1'...
INFO: [USF-XSim-2] XSim::Compile design
INFO: [USF-XSim-61] Executing 'COMPILE and ANALYZE' step in '/home/williams/MYFPGA/FPGA Final/rs_codec_clean/rs_codec_clean/rs_codec_clean.sim/sim_1/behav/xsim'
xvlog --incr --relax -prj top_vlog.prj
Waiting for jobs to finish...
No pending jobs, compilation finished.
INFO: [USF-XSim-69] 'compile' step finished in '1' seconds
INFO: [USF-XSim-3] XSim::Elaborate design
INFO: [USF-XSim-61] Executing 'ELABORATE' step in '/home/williams/MYFPGA/FPGA Final/rs_codec_clean/rs_codec_clean/rs_codec_clean.sim/sim_1/behav/xsim'
xelab --incr --debug typical --relax --mt 8 -L xil_defaultlib -L blk_mem_gen_v8_4_5 -L unisims_ver -L unimacro_ver -L secureip -L xpm --snapshot top_behav xil_defaultlib.top xil_defaultlib.glbl -log elaborate.log
Vivado Simulator v2022.2
Copyright 1986-1999, 2001-2022 Xilinx, Inc. All Rights Reserved.
Running: /tools/Xilinx/Vivado/2022.2/bin/unwrapped/lnx64.o/xelab --incr --debug typical --relax --mt 8 -L xil_defaultlib -L blk_mem_gen_v8_4_5 -L unisims_ver -L unimacro_ver -L secureip -L xpm --snapshot top_behav xil_defaultlib.top xil_defaultlib.glbl -log elaborate.log 
Using 8 slave threads.
Starting static elaboration
Pass Through NonSizing Optimizer
Completed static elaboration
INFO: [XSIM 43-4323] No Change in HDL. Linking previously generated obj files to create kernel
INFO: [USF-XSim-69] 'elaborate' step finished in '1' seconds
INFO: [USF-XSim-4] XSim::Simulate design
INFO: [USF-XSim-61] Executing 'SIMULATE' step in '/home/williams/MYFPGA/FPGA Final/rs_codec_clean/rs_codec_clean/rs_codec_clean.sim/sim_1/behav/xsim'
INFO: [USF-XSim-98] *** Running xsim
   with args "top_behav -key {Behavioral:sim_1:Functional:top} -tclbatch {top.tcl} -log {simulate.log}"
INFO: [USF-XSim-8] Loading simulator feature
Time resolution is 1 ps
source top.tcl
Block Memory Generator module top.rs_decoder_inst.bram_rs_inst.inst.\native_mem_module.blk_mem_gen_v8_4_5_inst  is using a behavioral model for simulation which will not precisely model memory collision behavior.
INFO: [Simtcl 6-16] Simulation closed
Command: launch_simulation 
INFO: [Vivado 12-12493] Simulation top is 'top'
WARNING: [Vivado 12-13277] Compiled library path does not exist: ''
INFO: [Vivado 12-5698] Checking validity of IPs in the design for the 'XSim' simulator...
INFO: [Vivado 12-5682] Launching behavioral simulation in '/home/williams/MYFPGA/FPGA Final/rs_codec_clean/rs_codec_clean/rs_codec_clean.sim/sim_1/behav/xsim'
INFO: [Vivado 12-4795] Using compiled simulation libraries for IPs
INFO: [SIM-utils-51] Simulation object is 'sim_1'
INFO: [SIM-utils-72] Using boost library from '/tools/Xilinx/Vivado/2022.2/tps/boost_1_72_0'
INFO: [USF-XSim-7] Finding pre-compiled libraries...
INFO: [USF-XSim-11] File '/tools/Xilinx/Vivado/2022.2/data/xsim/xsim.ini' copied to run dir:'/home/williams/MYFPGA/FPGA Final/rs_codec_clean/rs_codec_clean/rs_codec_clean.sim/sim_1/behav/xsim'
INFO: [SIM-utils-54] Inspecting design source files for 'top' in fileset 'sim_1'...
INFO: [SIM-utils-43] Exported '/home/williams/MYFPGA/FPGA Final/rs_codec_clean/rs_codec_clean/rs_codec_clean.sim/sim_1/behav/xsim/error.mem'
INFO: [SIM-utils-43] Exported '/home/williams/MYFPGA/FPGA Final/rs_codec_clean/rs_codec_clean/rs_codec_clean.sim/sim_1/behav/xsim/sample.mem'
INFO: [SIM-utils-43] Exported '/home/williams/MYFPGA/FPGA Final/rs_codec_clean/rs_codec_clean/rs_codec_clean.sim/sim_1/behav/xsim/alpha_value.mem'
INFO: [SIM-utils-43] Exported '/home/williams/MYFPGA/FPGA Final/rs_codec_clean/rs_codec_clean/rs_codec_clean.sim/sim_1/behav/xsim/sample_head.mem'
INFO: [Common 17-14] Message 'SIM-utils 43' appears 100 times and further instances of the messages will be disabled. Use the Tcl command set_msg_config to change the current settings.
INFO: [USF-XSim-97] Finding global include files...
INFO: [USF-XSim-98] Fetching design files from 'sim_1'...
INFO: [USF-XSim-2] XSim::Compile design
INFO: [USF-XSim-61] Executing 'COMPILE and ANALYZE' step in '/home/williams/MYFPGA/FPGA Final/rs_codec_clean/rs_codec_clean/rs_codec_clean.sim/sim_1/behav/xsim'
xvlog --incr --relax -prj top_vlog.prj
Waiting for jobs to finish...
No pending jobs, compilation finished.
INFO: [USF-XSim-69] 'compile' step finished in '1' seconds
INFO: [USF-XSim-3] XSim::Elaborate design
INFO: [USF-XSim-61] Executing 'ELABORATE' step in '/home/williams/MYFPGA/FPGA Final/rs_codec_clean/rs_codec_clean/rs_codec_clean.sim/sim_1/behav/xsim'
xelab --incr --debug typical --relax --mt 8 -L xil_defaultlib -L blk_mem_gen_v8_4_5 -L unisims_ver -L unimacro_ver -L secureip -L xpm --snapshot top_behav xil_defaultlib.top xil_defaultlib.glbl -log elaborate.log
Vivado Simulator v2022.2
Copyright 1986-1999, 2001-2022 Xilinx, Inc. All Rights Reserved.
Running: /tools/Xilinx/Vivado/2022.2/bin/unwrapped/lnx64.o/xelab --incr --debug typical --relax --mt 8 -L xil_defaultlib -L blk_mem_gen_v8_4_5 -L unisims_ver -L unimacro_ver -L secureip -L xpm --snapshot top_behav xil_defaultlib.top xil_defaultlib.glbl -log elaborate.log 
Using 8 slave threads.
Starting static elaboration
Pass Through NonSizing Optimizer
Completed static elaboration
INFO: [XSIM 43-4323] No Change in HDL. Linking previously generated obj files to create kernel
INFO: [USF-XSim-69] 'elaborate' step finished in '1' seconds
INFO: [USF-XSim-4] XSim::Simulate design
INFO: [USF-XSim-61] Executing 'SIMULATE' step in '/home/williams/MYFPGA/FPGA Final/rs_codec_clean/rs_codec_clean/rs_codec_clean.sim/sim_1/behav/xsim'
INFO: [USF-XSim-98] *** Running xsim
   with args "top_behav -key {Behavioral:sim_1:Functional:top} -tclbatch {top.tcl} -log {simulate.log}"
INFO: [USF-XSim-8] Loading simulator feature
Time resolution is 1 ps
source top.tcl
Block Memory Generator module top.rs_decoder_inst.bram_rs_inst.inst.\native_mem_module.blk_mem_gen_v8_4_5_inst  is using a behavioral model for simulation which will not precisely model memory collision behavior.
INFO: [Simtcl 6-16] Simulation closed
Command: launch_simulation 
INFO: [Vivado 12-12493] Simulation top is 'top'
WARNING: [Vivado 12-13277] Compiled library path does not exist: ''
INFO: [Vivado 12-5698] Checking validity of IPs in the design for the 'XSim' simulator...
INFO: [Vivado 12-5682] Launching behavioral simulation in '/home/williams/MYFPGA/FPGA Final/rs_codec_clean/rs_codec_clean/rs_codec_clean.sim/sim_1/behav/xsim'
INFO: [Vivado 12-4795] Using compiled simulation libraries for IPs
INFO: [SIM-utils-51] Simulation object is 'sim_1'
INFO: [SIM-utils-72] Using boost library from '/tools/Xilinx/Vivado/2022.2/tps/boost_1_72_0'
INFO: [USF-XSim-7] Finding pre-compiled libraries...
INFO: [USF-XSim-11] File '/tools/Xilinx/Vivado/2022.2/data/xsim/xsim.ini' copied to run dir:'/home/williams/MYFPGA/FPGA Final/rs_codec_clean/rs_codec_clean/rs_codec_clean.sim/sim_1/behav/xsim'
INFO: [SIM-utils-54] Inspecting design source files for 'top' in fileset 'sim_1'...
INFO: [USF-XSim-97] Finding global include files...
INFO: [USF-XSim-98] Fetching design files from 'sim_1'...
INFO: [USF-XSim-2] XSim::Compile design
INFO: [USF-XSim-61] Executing 'COMPILE and ANALYZE' step in '/home/williams/MYFPGA/FPGA Final/rs_codec_clean/rs_codec_clean/rs_codec_clean.sim/sim_1/behav/xsim'
xvlog --incr --relax -prj top_vlog.prj
Waiting for jobs to finish...
No pending jobs, compilation finished.
INFO: [USF-XSim-69] 'compile' step finished in '0' seconds
INFO: [USF-XSim-3] XSim::Elaborate design
INFO: [USF-XSim-61] Executing 'ELABORATE' step in '/home/williams/MYFPGA/FPGA Final/rs_codec_clean/rs_codec_clean/rs_codec_clean.sim/sim_1/behav/xsim'
xelab --incr --debug typical --relax --mt 8 -L xil_defaultlib -L blk_mem_gen_v8_4_5 -L unisims_ver -L unimacro_ver -L secureip -L xpm --snapshot top_behav xil_defaultlib.top xil_defaultlib.glbl -log elaborate.log
Vivado Simulator v2022.2
Copyright 1986-1999, 2001-2022 Xilinx, Inc. All Rights Reserved.
Running: /tools/Xilinx/Vivado/2022.2/bin/unwrapped/lnx64.o/xelab --incr --debug typical --relax --mt 8 -L xil_defaultlib -L blk_mem_gen_v8_4_5 -L unisims_ver -L unimacro_ver -L secureip -L xpm --snapshot top_behav xil_defaultlib.top xil_defaultlib.glbl -log elaborate.log 
Using 8 slave threads.
Starting static elaboration
Pass Through NonSizing Optimizer
Completed static elaboration
INFO: [XSIM 43-4323] No Change in HDL. Linking previously generated obj files to create kernel
INFO: [USF-XSim-69] 'elaborate' step finished in '1' seconds
INFO: [USF-XSim-4] XSim::Simulate design
INFO: [USF-XSim-61] Executing 'SIMULATE' step in '/home/williams/MYFPGA/FPGA Final/rs_codec_clean/rs_codec_clean/rs_codec_clean.sim/sim_1/behav/xsim'
INFO: [USF-XSim-98] *** Running xsim
   with args "top_behav -key {Behavioral:sim_1:Functional:top} -tclbatch {top.tcl} -log {simulate.log}"
INFO: [USF-XSim-8] Loading simulator feature
Time resolution is 1 ps
source top.tcl
Block Memory Generator module top.rs_decoder_inst.bram_rs_inst.inst.\native_mem_module.blk_mem_gen_v8_4_5_inst  is using a behavioral model for simulation which will not precisely model memory collision behavior.
INFO: [Simtcl 6-16] Simulation closed
Command: launch_simulation 
INFO: [Vivado 12-12493] Simulation top is 'top'
WARNING: [Vivado 12-13277] Compiled library path does not exist: ''
INFO: [Vivado 12-5698] Checking validity of IPs in the design for the 'XSim' simulator...
INFO: [Vivado 12-5682] Launching behavioral simulation in '/home/williams/MYFPGA/FPGA Final/rs_codec_clean/rs_codec_clean/rs_codec_clean.sim/sim_1/behav/xsim'
INFO: [Vivado 12-4795] Using compiled simulation libraries for IPs
INFO: [SIM-utils-51] Simulation object is 'sim_1'
INFO: [SIM-utils-72] Using boost library from '/tools/Xilinx/Vivado/2022.2/tps/boost_1_72_0'
INFO: [USF-XSim-7] Finding pre-compiled libraries...
INFO: [USF-XSim-11] File '/tools/Xilinx/Vivado/2022.2/data/xsim/xsim.ini' copied to run dir:'/home/williams/MYFPGA/FPGA Final/rs_codec_clean/rs_codec_clean/rs_codec_clean.sim/sim_1/behav/xsim'
INFO: [SIM-utils-54] Inspecting design source files for 'top' in fileset 'sim_1'...
INFO: [USF-XSim-97] Finding global include files...
INFO: [USF-XSim-98] Fetching design files from 'sim_1'...
INFO: [USF-XSim-2] XSim::Compile design
INFO: [USF-XSim-61] Executing 'COMPILE and ANALYZE' step in '/home/williams/MYFPGA/FPGA Final/rs_codec_clean/rs_codec_clean/rs_codec_clean.sim/sim_1/behav/xsim'
xvlog --incr --relax -prj top_vlog.prj
Waiting for jobs to finish...
No pending jobs, compilation finished.
INFO: [USF-XSim-69] 'compile' step finished in '1' seconds
INFO: [USF-XSim-3] XSim::Elaborate design
INFO: [USF-XSim-61] Executing 'ELABORATE' step in '/home/williams/MYFPGA/FPGA Final/rs_codec_clean/rs_codec_clean/rs_codec_clean.sim/sim_1/behav/xsim'
xelab --incr --debug typical --relax --mt 8 -L xil_defaultlib -L blk_mem_gen_v8_4_5 -L unisims_ver -L unimacro_ver -L secureip -L xpm --snapshot top_behav xil_defaultlib.top xil_defaultlib.glbl -log elaborate.log
Vivado Simulator v2022.2
Copyright 1986-1999, 2001-2022 Xilinx, Inc. All Rights Reserved.
Running: /tools/Xilinx/Vivado/2022.2/bin/unwrapped/lnx64.o/xelab --incr --debug typical --relax --mt 8 -L xil_defaultlib -L blk_mem_gen_v8_4_5 -L unisims_ver -L unimacro_ver -L secureip -L xpm --snapshot top_behav xil_defaultlib.top xil_defaultlib.glbl -log elaborate.log 
Using 8 slave threads.
Starting static elaboration
Pass Through NonSizing Optimizer
Completed static elaboration
INFO: [XSIM 43-4323] No Change in HDL. Linking previously generated obj files to create kernel
INFO: [USF-XSim-69] 'elaborate' step finished in '0' seconds
INFO: [USF-XSim-4] XSim::Simulate design
INFO: [USF-XSim-61] Executing 'SIMULATE' step in '/home/williams/MYFPGA/FPGA Final/rs_codec_clean/rs_codec_clean/rs_codec_clean.sim/sim_1/behav/xsim'
INFO: [USF-XSim-98] *** Running xsim
   with args "top_behav -key {Behavioral:sim_1:Functional:top} -tclbatch {top.tcl} -log {simulate.log}"
INFO: [USF-XSim-8] Loading simulator feature
Time resolution is 1 ps
source top.tcl
Block Memory Generator module top.rs_decoder_inst.bram_rs_inst.inst.\native_mem_module.blk_mem_gen_v8_4_5_inst  is using a behavioral model for simulation which will not precisely model memory collision behavior.
INFO: [Simtcl 6-16] Simulation closed
Command: launch_simulation 
INFO: [Vivado 12-12493] Simulation top is 'top'
WARNING: [Vivado 12-13277] Compiled library path does not exist: ''
INFO: [Vivado 12-5698] Checking validity of IPs in the design for the 'XSim' simulator...
INFO: [Vivado 12-5682] Launching behavioral simulation in '/home/williams/MYFPGA/FPGA Final/rs_codec_clean/rs_codec_clean/rs_codec_clean.sim/sim_1/behav/xsim'
INFO: [Vivado 12-4795] Using compiled simulation libraries for IPs
INFO: [SIM-utils-51] Simulation object is 'sim_1'
INFO: [SIM-utils-72] Using boost library from '/tools/Xilinx/Vivado/2022.2/tps/boost_1_72_0'
INFO: [USF-XSim-7] Finding pre-compiled libraries...
INFO: [USF-XSim-11] File '/tools/Xilinx/Vivado/2022.2/data/xsim/xsim.ini' copied to run dir:'/home/williams/MYFPGA/FPGA Final/rs_codec_clean/rs_codec_clean/rs_codec_clean.sim/sim_1/behav/xsim'
INFO: [SIM-utils-54] Inspecting design source files for 'top' in fileset 'sim_1'...
INFO: [USF-XSim-97] Finding global include files...
INFO: [USF-XSim-98] Fetching design files from 'sim_1'...
INFO: [USF-XSim-2] XSim::Compile design
INFO: [USF-XSim-61] Executing 'COMPILE and ANALYZE' step in '/home/williams/MYFPGA/FPGA Final/rs_codec_clean/rs_codec_clean/rs_codec_clean.sim/sim_1/behav/xsim'
xvlog --incr --relax -prj top_vlog.prj
Waiting for jobs to finish...
No pending jobs, compilation finished.
INFO: [USF-XSim-69] 'compile' step finished in '1' seconds
INFO: [USF-XSim-3] XSim::Elaborate design
INFO: [USF-XSim-61] Executing 'ELABORATE' step in '/home/williams/MYFPGA/FPGA Final/rs_codec_clean/rs_codec_clean/rs_codec_clean.sim/sim_1/behav/xsim'
xelab --incr --debug typical --relax --mt 8 -L xil_defaultlib -L blk_mem_gen_v8_4_5 -L unisims_ver -L unimacro_ver -L secureip -L xpm --snapshot top_behav xil_defaultlib.top xil_defaultlib.glbl -log elaborate.log
Vivado Simulator v2022.2
Copyright 1986-1999, 2001-2022 Xilinx, Inc. All Rights Reserved.
Running: /tools/Xilinx/Vivado/2022.2/bin/unwrapped/lnx64.o/xelab --incr --debug typical --relax --mt 8 -L xil_defaultlib -L blk_mem_gen_v8_4_5 -L unisims_ver -L unimacro_ver -L secureip -L xpm --snapshot top_behav xil_defaultlib.top xil_defaultlib.glbl -log elaborate.log 
Using 8 slave threads.
Starting static elaboration
Pass Through NonSizing Optimizer
Completed static elaboration
INFO: [XSIM 43-4323] No Change in HDL. Linking previously generated obj files to create kernel
INFO: [USF-XSim-69] 'elaborate' step finished in '1' seconds
INFO: [USF-XSim-4] XSim::Simulate design
INFO: [USF-XSim-61] Executing 'SIMULATE' step in '/home/williams/MYFPGA/FPGA Final/rs_codec_clean/rs_codec_clean/rs_codec_clean.sim/sim_1/behav/xsim'
INFO: [USF-XSim-98] *** Running xsim
   with args "top_behav -key {Behavioral:sim_1:Functional:top} -tclbatch {top.tcl} -log {simulate.log}"
INFO: [USF-XSim-8] Loading simulator feature
Time resolution is 1 ps
source top.tcl
Block Memory Generator module top.rs_decoder_inst.bram_rs_inst.inst.\native_mem_module.blk_mem_gen_v8_4_5_inst  is using a behavioral model for simulation which will not precisely model memory collision behavior.
INFO: [Simtcl 6-16] Simulation closed
Command: launch_simulation 
INFO: [Vivado 12-12493] Simulation top is 'top'
WARNING: [Vivado 12-13277] Compiled library path does not exist: ''
INFO: [Vivado 12-5698] Checking validity of IPs in the design for the 'XSim' simulator...
INFO: [Vivado 12-5682] Launching behavioral simulation in '/home/williams/MYFPGA/FPGA Final/rs_codec_clean/rs_codec_clean/rs_codec_clean.sim/sim_1/behav/xsim'
INFO: [Vivado 12-4795] Using compiled simulation libraries for IPs
INFO: [SIM-utils-51] Simulation object is 'sim_1'
INFO: [SIM-utils-72] Using boost library from '/tools/Xilinx/Vivado/2022.2/tps/boost_1_72_0'
INFO: [USF-XSim-7] Finding pre-compiled libraries...
INFO: [USF-XSim-11] File '/tools/Xilinx/Vivado/2022.2/data/xsim/xsim.ini' copied to run dir:'/home/williams/MYFPGA/FPGA Final/rs_codec_clean/rs_codec_clean/rs_codec_clean.sim/sim_1/behav/xsim'
INFO: [SIM-utils-54] Inspecting design source files for 'top' in fileset 'sim_1'...
INFO: [USF-XSim-97] Finding global include files...
INFO: [USF-XSim-98] Fetching design files from 'sim_1'...
INFO: [USF-XSim-2] XSim::Compile design
INFO: [USF-XSim-61] Executing 'COMPILE and ANALYZE' step in '/home/williams/MYFPGA/FPGA Final/rs_codec_clean/rs_codec_clean/rs_codec_clean.sim/sim_1/behav/xsim'
xvlog --incr --relax -prj top_vlog.prj
Waiting for jobs to finish...
No pending jobs, compilation finished.
INFO: [USF-XSim-69] 'compile' step finished in '1' seconds
INFO: [USF-XSim-3] XSim::Elaborate design
INFO: [USF-XSim-61] Executing 'ELABORATE' step in '/home/williams/MYFPGA/FPGA Final/rs_codec_clean/rs_codec_clean/rs_codec_clean.sim/sim_1/behav/xsim'
xelab --incr --debug typical --relax --mt 8 -L xil_defaultlib -L blk_mem_gen_v8_4_5 -L unisims_ver -L unimacro_ver -L secureip -L xpm --snapshot top_behav xil_defaultlib.top xil_defaultlib.glbl -log elaborate.log
Vivado Simulator v2022.2
Copyright 1986-1999, 2001-2022 Xilinx, Inc. All Rights Reserved.
Running: /tools/Xilinx/Vivado/2022.2/bin/unwrapped/lnx64.o/xelab --incr --debug typical --relax --mt 8 -L xil_defaultlib -L blk_mem_gen_v8_4_5 -L unisims_ver -L unimacro_ver -L secureip -L xpm --snapshot top_behav xil_defaultlib.top xil_defaultlib.glbl -log elaborate.log 
Using 8 slave threads.
Starting static elaboration
Pass Through NonSizing Optimizer
Completed static elaboration
INFO: [XSIM 43-4323] No Change in HDL. Linking previously generated obj files to create kernel
INFO: [USF-XSim-69] 'elaborate' step finished in '1' seconds
INFO: [USF-XSim-4] XSim::Simulate design
INFO: [USF-XSim-61] Executing 'SIMULATE' step in '/home/williams/MYFPGA/FPGA Final/rs_codec_clean/rs_codec_clean/rs_codec_clean.sim/sim_1/behav/xsim'
INFO: [USF-XSim-98] *** Running xsim
   with args "top_behav -key {Behavioral:sim_1:Functional:top} -tclbatch {top.tcl} -log {simulate.log}"
INFO: [USF-XSim-8] Loading simulator feature
Time resolution is 1 ps
source top.tcl
Block Memory Generator module top.rs_decoder_inst.bram_rs_inst.inst.\native_mem_module.blk_mem_gen_v8_4_5_inst  is using a behavioral model for simulation which will not precisely model memory collision behavior.
INFO: [Simtcl 6-16] Simulation closed
Command: launch_simulation 
INFO: [Vivado 12-12493] Simulation top is 'top'
WARNING: [Vivado 12-13277] Compiled library path does not exist: ''
INFO: [Vivado 12-5698] Checking validity of IPs in the design for the 'XSim' simulator...
INFO: [Vivado 12-5682] Launching behavioral simulation in '/home/williams/MYFPGA/FPGA Final/rs_codec_clean/rs_codec_clean/rs_codec_clean.sim/sim_1/behav/xsim'
INFO: [Vivado 12-4795] Using compiled simulation libraries for IPs
INFO: [SIM-utils-51] Simulation object is 'sim_1'
INFO: [SIM-utils-72] Using boost library from '/tools/Xilinx/Vivado/2022.2/tps/boost_1_72_0'
INFO: [USF-XSim-7] Finding pre-compiled libraries...
INFO: [USF-XSim-11] File '/tools/Xilinx/Vivado/2022.2/data/xsim/xsim.ini' copied to run dir:'/home/williams/MYFPGA/FPGA Final/rs_codec_clean/rs_codec_clean/rs_codec_clean.sim/sim_1/behav/xsim'
INFO: [SIM-utils-54] Inspecting design source files for 'top' in fileset 'sim_1'...
INFO: [USF-XSim-97] Finding global include files...
INFO: [USF-XSim-98] Fetching design files from 'sim_1'...
INFO: [USF-XSim-2] XSim::Compile design
INFO: [USF-XSim-61] Executing 'COMPILE and ANALYZE' step in '/home/williams/MYFPGA/FPGA Final/rs_codec_clean/rs_codec_clean/rs_codec_clean.sim/sim_1/behav/xsim'
xvlog --incr --relax -prj top_vlog.prj
Waiting for jobs to finish...
No pending jobs, compilation finished.
INFO: [USF-XSim-69] 'compile' step finished in '0' seconds
INFO: [USF-XSim-3] XSim::Elaborate design
INFO: [USF-XSim-61] Executing 'ELABORATE' step in '/home/williams/MYFPGA/FPGA Final/rs_codec_clean/rs_codec_clean/rs_codec_clean.sim/sim_1/behav/xsim'
xelab --incr --debug typical --relax --mt 8 -L xil_defaultlib -L blk_mem_gen_v8_4_5 -L unisims_ver -L unimacro_ver -L secureip -L xpm --snapshot top_behav xil_defaultlib.top xil_defaultlib.glbl -log elaborate.log
Vivado Simulator v2022.2
Copyright 1986-1999, 2001-2022 Xilinx, Inc. All Rights Reserved.
Running: /tools/Xilinx/Vivado/2022.2/bin/unwrapped/lnx64.o/xelab --incr --debug typical --relax --mt 8 -L xil_defaultlib -L blk_mem_gen_v8_4_5 -L unisims_ver -L unimacro_ver -L secureip -L xpm --snapshot top_behav xil_defaultlib.top xil_defaultlib.glbl -log elaborate.log 
Using 8 slave threads.
Starting static elaboration
Pass Through NonSizing Optimizer
Completed static elaboration
INFO: [XSIM 43-4323] No Change in HDL. Linking previously generated obj files to create kernel
INFO: [USF-XSim-69] 'elaborate' step finished in '1' seconds
INFO: [USF-XSim-4] XSim::Simulate design
INFO: [USF-XSim-61] Executing 'SIMULATE' step in '/home/williams/MYFPGA/FPGA Final/rs_codec_clean/rs_codec_clean/rs_codec_clean.sim/sim_1/behav/xsim'
INFO: [USF-XSim-98] *** Running xsim
   with args "top_behav -key {Behavioral:sim_1:Functional:top} -tclbatch {top.tcl} -log {simulate.log}"
INFO: [USF-XSim-8] Loading simulator feature
Time resolution is 1 ps
source top.tcl
Block Memory Generator module top.rs_decoder_inst.bram_rs_inst.inst.\native_mem_module.blk_mem_gen_v8_4_5_inst  is using a behavioral model for simulation which will not precisely model memory collision behavior.
INFO: [Simtcl 6-16] Simulation closed
Command: launch_simulation 
INFO: [Vivado 12-12493] Simulation top is 'top'
WARNING: [Vivado 12-13277] Compiled library path does not exist: ''
INFO: [Vivado 12-5698] Checking validity of IPs in the design for the 'XSim' simulator...
INFO: [Vivado 12-5682] Launching behavioral simulation in '/home/williams/MYFPGA/FPGA Final/rs_codec_clean/rs_codec_clean/rs_codec_clean.sim/sim_1/behav/xsim'
INFO: [Vivado 12-4795] Using compiled simulation libraries for IPs
INFO: [SIM-utils-51] Simulation object is 'sim_1'
INFO: [SIM-utils-72] Using boost library from '/tools/Xilinx/Vivado/2022.2/tps/boost_1_72_0'
INFO: [USF-XSim-7] Finding pre-compiled libraries...
INFO: [USF-XSim-11] File '/tools/Xilinx/Vivado/2022.2/data/xsim/xsim.ini' copied to run dir:'/home/williams/MYFPGA/FPGA Final/rs_codec_clean/rs_codec_clean/rs_codec_clean.sim/sim_1/behav/xsim'
INFO: [SIM-utils-54] Inspecting design source files for 'top' in fileset 'sim_1'...
INFO: [USF-XSim-97] Finding global include files...
INFO: [USF-XSim-98] Fetching design files from 'sim_1'...
INFO: [USF-XSim-2] XSim::Compile design
INFO: [USF-XSim-61] Executing 'COMPILE and ANALYZE' step in '/home/williams/MYFPGA/FPGA Final/rs_codec_clean/rs_codec_clean/rs_codec_clean.sim/sim_1/behav/xsim'
xvlog --incr --relax -prj top_vlog.prj
Waiting for jobs to finish...
No pending jobs, compilation finished.
INFO: [USF-XSim-69] 'compile' step finished in '1' seconds
INFO: [USF-XSim-3] XSim::Elaborate design
INFO: [USF-XSim-61] Executing 'ELABORATE' step in '/home/williams/MYFPGA/FPGA Final/rs_codec_clean/rs_codec_clean/rs_codec_clean.sim/sim_1/behav/xsim'
xelab --incr --debug typical --relax --mt 8 -L xil_defaultlib -L blk_mem_gen_v8_4_5 -L unisims_ver -L unimacro_ver -L secureip -L xpm --snapshot top_behav xil_defaultlib.top xil_defaultlib.glbl -log elaborate.log
Vivado Simulator v2022.2
Copyright 1986-1999, 2001-2022 Xilinx, Inc. All Rights Reserved.
Running: /tools/Xilinx/Vivado/2022.2/bin/unwrapped/lnx64.o/xelab --incr --debug typical --relax --mt 8 -L xil_defaultlib -L blk_mem_gen_v8_4_5 -L unisims_ver -L unimacro_ver -L secureip -L xpm --snapshot top_behav xil_defaultlib.top xil_defaultlib.glbl -log elaborate.log 
Using 8 slave threads.
Starting static elaboration
Pass Through NonSizing Optimizer
Completed static elaboration
INFO: [XSIM 43-4323] No Change in HDL. Linking previously generated obj files to create kernel
INFO: [USF-XSim-69] 'elaborate' step finished in '0' seconds
INFO: [USF-XSim-4] XSim::Simulate design
INFO: [USF-XSim-61] Executing 'SIMULATE' step in '/home/williams/MYFPGA/FPGA Final/rs_codec_clean/rs_codec_clean/rs_codec_clean.sim/sim_1/behav/xsim'
INFO: [USF-XSim-98] *** Running xsim
   with args "top_behav -key {Behavioral:sim_1:Functional:top} -tclbatch {top.tcl} -log {simulate.log}"
INFO: [USF-XSim-8] Loading simulator feature
Time resolution is 1 ps
source top.tcl
Block Memory Generator module top.rs_decoder_inst.bram_rs_inst.inst.\native_mem_module.blk_mem_gen_v8_4_5_inst  is using a behavioral model for simulation which will not precisely model memory collision behavior.
INFO: [Simtcl 6-16] Simulation closed
Command: launch_simulation 
INFO: [Vivado 12-12493] Simulation top is 'top'
WARNING: [Vivado 12-13277] Compiled library path does not exist: ''
INFO: [Vivado 12-5698] Checking validity of IPs in the design for the 'XSim' simulator...
INFO: [Vivado 12-5682] Launching behavioral simulation in '/home/williams/MYFPGA/FPGA Final/rs_codec_clean/rs_codec_clean/rs_codec_clean.sim/sim_1/behav/xsim'
INFO: [Vivado 12-4795] Using compiled simulation libraries for IPs
INFO: [SIM-utils-51] Simulation object is 'sim_1'
INFO: [SIM-utils-72] Using boost library from '/tools/Xilinx/Vivado/2022.2/tps/boost_1_72_0'
INFO: [USF-XSim-7] Finding pre-compiled libraries...
INFO: [USF-XSim-11] File '/tools/Xilinx/Vivado/2022.2/data/xsim/xsim.ini' copied to run dir:'/home/williams/MYFPGA/FPGA Final/rs_codec_clean/rs_codec_clean/rs_codec_clean.sim/sim_1/behav/xsim'
INFO: [SIM-utils-54] Inspecting design source files for 'top' in fileset 'sim_1'...
INFO: [USF-XSim-97] Finding global include files...
INFO: [USF-XSim-98] Fetching design files from 'sim_1'...
INFO: [USF-XSim-2] XSim::Compile design
INFO: [USF-XSim-61] Executing 'COMPILE and ANALYZE' step in '/home/williams/MYFPGA/FPGA Final/rs_codec_clean/rs_codec_clean/rs_codec_clean.sim/sim_1/behav/xsim'
xvlog --incr --relax -prj top_vlog.prj
Waiting for jobs to finish...
No pending jobs, compilation finished.
INFO: [USF-XSim-69] 'compile' step finished in '1' seconds
INFO: [USF-XSim-3] XSim::Elaborate design
INFO: [USF-XSim-61] Executing 'ELABORATE' step in '/home/williams/MYFPGA/FPGA Final/rs_codec_clean/rs_codec_clean/rs_codec_clean.sim/sim_1/behav/xsim'
xelab --incr --debug typical --relax --mt 8 -L xil_defaultlib -L blk_mem_gen_v8_4_5 -L unisims_ver -L unimacro_ver -L secureip -L xpm --snapshot top_behav xil_defaultlib.top xil_defaultlib.glbl -log elaborate.log
Vivado Simulator v2022.2
Copyright 1986-1999, 2001-2022 Xilinx, Inc. All Rights Reserved.
Running: /tools/Xilinx/Vivado/2022.2/bin/unwrapped/lnx64.o/xelab --incr --debug typical --relax --mt 8 -L xil_defaultlib -L blk_mem_gen_v8_4_5 -L unisims_ver -L unimacro_ver -L secureip -L xpm --snapshot top_behav xil_defaultlib.top xil_defaultlib.glbl -log elaborate.log 
Using 8 slave threads.
Starting static elaboration
Pass Through NonSizing Optimizer
Completed static elaboration
INFO: [XSIM 43-4323] No Change in HDL. Linking previously generated obj files to create kernel
INFO: [USF-XSim-69] 'elaborate' step finished in '1' seconds
INFO: [USF-XSim-4] XSim::Simulate design
INFO: [USF-XSim-61] Executing 'SIMULATE' step in '/home/williams/MYFPGA/FPGA Final/rs_codec_clean/rs_codec_clean/rs_codec_clean.sim/sim_1/behav/xsim'
INFO: [USF-XSim-98] *** Running xsim
   with args "top_behav -key {Behavioral:sim_1:Functional:top} -tclbatch {top.tcl} -log {simulate.log}"
INFO: [USF-XSim-8] Loading simulator feature
Time resolution is 1 ps
source top.tcl
Block Memory Generator module top.rs_decoder_inst.bram_rs_inst.inst.\native_mem_module.blk_mem_gen_v8_4_5_inst  is using a behavioral model for simulation which will not precisely model memory collision behavior.
INFO: [Simtcl 6-16] Simulation closed
Command: launch_simulation 
INFO: [Vivado 12-12493] Simulation top is 'top'
WARNING: [Vivado 12-13277] Compiled library path does not exist: ''
INFO: [Vivado 12-5698] Checking validity of IPs in the design for the 'XSim' simulator...
INFO: [Vivado 12-5682] Launching behavioral simulation in '/home/williams/MYFPGA/FPGA Final/rs_codec_clean/rs_codec_clean/rs_codec_clean.sim/sim_1/behav/xsim'
INFO: [Vivado 12-4795] Using compiled simulation libraries for IPs
INFO: [SIM-utils-51] Simulation object is 'sim_1'
INFO: [SIM-utils-72] Using boost library from '/tools/Xilinx/Vivado/2022.2/tps/boost_1_72_0'
INFO: [USF-XSim-7] Finding pre-compiled libraries...
INFO: [USF-XSim-11] File '/tools/Xilinx/Vivado/2022.2/data/xsim/xsim.ini' copied to run dir:'/home/williams/MYFPGA/FPGA Final/rs_codec_clean/rs_codec_clean/rs_codec_clean.sim/sim_1/behav/xsim'
INFO: [SIM-utils-54] Inspecting design source files for 'top' in fileset 'sim_1'...
INFO: [USF-XSim-97] Finding global include files...
INFO: [USF-XSim-98] Fetching design files from 'sim_1'...
INFO: [USF-XSim-2] XSim::Compile design
INFO: [USF-XSim-61] Executing 'COMPILE and ANALYZE' step in '/home/williams/MYFPGA/FPGA Final/rs_codec_clean/rs_codec_clean/rs_codec_clean.sim/sim_1/behav/xsim'
xvlog --incr --relax -prj top_vlog.prj
Waiting for jobs to finish...
No pending jobs, compilation finished.
INFO: [USF-XSim-69] 'compile' step finished in '0' seconds
INFO: [USF-XSim-3] XSim::Elaborate design
INFO: [USF-XSim-61] Executing 'ELABORATE' step in '/home/williams/MYFPGA/FPGA Final/rs_codec_clean/rs_codec_clean/rs_codec_clean.sim/sim_1/behav/xsim'
xelab --incr --debug typical --relax --mt 8 -L xil_defaultlib -L blk_mem_gen_v8_4_5 -L unisims_ver -L unimacro_ver -L secureip -L xpm --snapshot top_behav xil_defaultlib.top xil_defaultlib.glbl -log elaborate.log
Vivado Simulator v2022.2
Copyright 1986-1999, 2001-2022 Xilinx, Inc. All Rights Reserved.
Running: /tools/Xilinx/Vivado/2022.2/bin/unwrapped/lnx64.o/xelab --incr --debug typical --relax --mt 8 -L xil_defaultlib -L blk_mem_gen_v8_4_5 -L unisims_ver -L unimacro_ver -L secureip -L xpm --snapshot top_behav xil_defaultlib.top xil_defaultlib.glbl -log elaborate.log 
Using 8 slave threads.
Starting static elaboration
Pass Through NonSizing Optimizer
Completed static elaboration
INFO: [XSIM 43-4323] No Change in HDL. Linking previously generated obj files to create kernel
INFO: [USF-XSim-69] 'elaborate' step finished in '1' seconds
INFO: [USF-XSim-4] XSim::Simulate design
INFO: [USF-XSim-61] Executing 'SIMULATE' step in '/home/williams/MYFPGA/FPGA Final/rs_codec_clean/rs_codec_clean/rs_codec_clean.sim/sim_1/behav/xsim'
INFO: [USF-XSim-98] *** Running xsim
   with args "top_behav -key {Behavioral:sim_1:Functional:top} -tclbatch {top.tcl} -log {simulate.log}"
INFO: [USF-XSim-8] Loading simulator feature
Time resolution is 1 ps
source top.tcl
Block Memory Generator module top.rs_decoder_inst.bram_rs_inst.inst.\native_mem_module.blk_mem_gen_v8_4_5_inst  is using a behavioral model for simulation which will not precisely model memory collision behavior.
INFO: [Simtcl 6-16] Simulation closed
Command: launch_simulation 
INFO: [Vivado 12-12493] Simulation top is 'top'
WARNING: [Vivado 12-13277] Compiled library path does not exist: ''
INFO: [Vivado 12-5698] Checking validity of IPs in the design for the 'XSim' simulator...
INFO: [Vivado 12-5682] Launching behavioral simulation in '/home/williams/MYFPGA/FPGA Final/rs_codec_clean/rs_codec_clean/rs_codec_clean.sim/sim_1/behav/xsim'
INFO: [Vivado 12-4795] Using compiled simulation libraries for IPs
INFO: [SIM-utils-51] Simulation object is 'sim_1'
INFO: [SIM-utils-72] Using boost library from '/tools/Xilinx/Vivado/2022.2/tps/boost_1_72_0'
INFO: [USF-XSim-7] Finding pre-compiled libraries...
INFO: [USF-XSim-11] File '/tools/Xilinx/Vivado/2022.2/data/xsim/xsim.ini' copied to run dir:'/home/williams/MYFPGA/FPGA Final/rs_codec_clean/rs_codec_clean/rs_codec_clean.sim/sim_1/behav/xsim'
INFO: [SIM-utils-54] Inspecting design source files for 'top' in fileset 'sim_1'...
INFO: [USF-XSim-97] Finding global include files...
INFO: [USF-XSim-98] Fetching design files from 'sim_1'...
INFO: [USF-XSim-2] XSim::Compile design
INFO: [USF-XSim-61] Executing 'COMPILE and ANALYZE' step in '/home/williams/MYFPGA/FPGA Final/rs_codec_clean/rs_codec_clean/rs_codec_clean.sim/sim_1/behav/xsim'
xvlog --incr --relax -prj top_vlog.prj
Waiting for jobs to finish...
No pending jobs, compilation finished.
INFO: [USF-XSim-69] 'compile' step finished in '1' seconds
INFO: [USF-XSim-3] XSim::Elaborate design
INFO: [USF-XSim-61] Executing 'ELABORATE' step in '/home/williams/MYFPGA/FPGA Final/rs_codec_clean/rs_codec_clean/rs_codec_clean.sim/sim_1/behav/xsim'
xelab --incr --debug typical --relax --mt 8 -L xil_defaultlib -L blk_mem_gen_v8_4_5 -L unisims_ver -L unimacro_ver -L secureip -L xpm --snapshot top_behav xil_defaultlib.top xil_defaultlib.glbl -log elaborate.log
Vivado Simulator v2022.2
Copyright 1986-1999, 2001-2022 Xilinx, Inc. All Rights Reserved.
Running: /tools/Xilinx/Vivado/2022.2/bin/unwrapped/lnx64.o/xelab --incr --debug typical --relax --mt 8 -L xil_defaultlib -L blk_mem_gen_v8_4_5 -L unisims_ver -L unimacro_ver -L secureip -L xpm --snapshot top_behav xil_defaultlib.top xil_defaultlib.glbl -log elaborate.log 
Using 8 slave threads.
Starting static elaboration
Pass Through NonSizing Optimizer
Completed static elaboration
INFO: [XSIM 43-4323] No Change in HDL. Linking previously generated obj files to create kernel
INFO: [USF-XSim-69] 'elaborate' step finished in '0' seconds
INFO: [USF-XSim-4] XSim::Simulate design
INFO: [USF-XSim-61] Executing 'SIMULATE' step in '/home/williams/MYFPGA/FPGA Final/rs_codec_clean/rs_codec_clean/rs_codec_clean.sim/sim_1/behav/xsim'
INFO: [USF-XSim-98] *** Running xsim
   with args "top_behav -key {Behavioral:sim_1:Functional:top} -tclbatch {top.tcl} -log {simulate.log}"
INFO: [USF-XSim-8] Loading simulator feature
Time resolution is 1 ps
source top.tcl
Block Memory Generator module top.rs_decoder_inst.bram_rs_inst.inst.\native_mem_module.blk_mem_gen_v8_4_5_inst  is using a behavioral model for simulation which will not precisely model memory collision behavior.
INFO: [Simtcl 6-16] Simulation closed
Command: launch_simulation 
INFO: [Vivado 12-12493] Simulation top is 'top'
WARNING: [Vivado 12-13277] Compiled library path does not exist: ''
INFO: [Vivado 12-5698] Checking validity of IPs in the design for the 'XSim' simulator...
INFO: [Vivado 12-5682] Launching behavioral simulation in '/home/williams/MYFPGA/FPGA Final/rs_codec_clean/rs_codec_clean/rs_codec_clean.sim/sim_1/behav/xsim'
INFO: [Vivado 12-4795] Using compiled simulation libraries for IPs
INFO: [SIM-utils-51] Simulation object is 'sim_1'
INFO: [SIM-utils-72] Using boost library from '/tools/Xilinx/Vivado/2022.2/tps/boost_1_72_0'
INFO: [USF-XSim-7] Finding pre-compiled libraries...
INFO: [USF-XSim-11] File '/tools/Xilinx/Vivado/2022.2/data/xsim/xsim.ini' copied to run dir:'/home/williams/MYFPGA/FPGA Final/rs_codec_clean/rs_codec_clean/rs_codec_clean.sim/sim_1/behav/xsim'
INFO: [SIM-utils-54] Inspecting design source files for 'top' in fileset 'sim_1'...
INFO: [USF-XSim-97] Finding global include files...
INFO: [USF-XSim-98] Fetching design files from 'sim_1'...
INFO: [USF-XSim-2] XSim::Compile design
INFO: [USF-XSim-61] Executing 'COMPILE and ANALYZE' step in '/home/williams/MYFPGA/FPGA Final/rs_codec_clean/rs_codec_clean/rs_codec_clean.sim/sim_1/behav/xsim'
xvlog --incr --relax -prj top_vlog.prj
Waiting for jobs to finish...
No pending jobs, compilation finished.
INFO: [USF-XSim-69] 'compile' step finished in '1' seconds
INFO: [USF-XSim-3] XSim::Elaborate design
INFO: [USF-XSim-61] Executing 'ELABORATE' step in '/home/williams/MYFPGA/FPGA Final/rs_codec_clean/rs_codec_clean/rs_codec_clean.sim/sim_1/behav/xsim'
xelab --incr --debug typical --relax --mt 8 -L xil_defaultlib -L blk_mem_gen_v8_4_5 -L unisims_ver -L unimacro_ver -L secureip -L xpm --snapshot top_behav xil_defaultlib.top xil_defaultlib.glbl -log elaborate.log
Vivado Simulator v2022.2
Copyright 1986-1999, 2001-2022 Xilinx, Inc. All Rights Reserved.
Running: /tools/Xilinx/Vivado/2022.2/bin/unwrapped/lnx64.o/xelab --incr --debug typical --relax --mt 8 -L xil_defaultlib -L blk_mem_gen_v8_4_5 -L unisims_ver -L unimacro_ver -L secureip -L xpm --snapshot top_behav xil_defaultlib.top xil_defaultlib.glbl -log elaborate.log 
Using 8 slave threads.
Starting static elaboration
Pass Through NonSizing Optimizer
Completed static elaboration
INFO: [XSIM 43-4323] No Change in HDL. Linking previously generated obj files to create kernel
INFO: [USF-XSim-69] 'elaborate' step finished in '1' seconds
INFO: [USF-XSim-4] XSim::Simulate design
INFO: [USF-XSim-61] Executing 'SIMULATE' step in '/home/williams/MYFPGA/FPGA Final/rs_codec_clean/rs_codec_clean/rs_codec_clean.sim/sim_1/behav/xsim'
INFO: [USF-XSim-98] *** Running xsim
   with args "top_behav -key {Behavioral:sim_1:Functional:top} -tclbatch {top.tcl} -log {simulate.log}"
INFO: [USF-XSim-8] Loading simulator feature
Time resolution is 1 ps
source top.tcl
Block Memory Generator module top.rs_decoder_inst.bram_rs_inst.inst.\native_mem_module.blk_mem_gen_v8_4_5_inst  is using a behavioral model for simulation which will not precisely model memory collision behavior.
INFO: [Simtcl 6-16] Simulation closed
Command: launch_simulation 
INFO: [Vivado 12-12493] Simulation top is 'top'
WARNING: [Vivado 12-13277] Compiled library path does not exist: ''
INFO: [Vivado 12-5698] Checking validity of IPs in the design for the 'XSim' simulator...
INFO: [Vivado 12-5682] Launching behavioral simulation in '/home/williams/MYFPGA/FPGA Final/rs_codec_clean/rs_codec_clean/rs_codec_clean.sim/sim_1/behav/xsim'
INFO: [Vivado 12-4795] Using compiled simulation libraries for IPs
INFO: [SIM-utils-51] Simulation object is 'sim_1'
INFO: [SIM-utils-72] Using boost library from '/tools/Xilinx/Vivado/2022.2/tps/boost_1_72_0'
INFO: [USF-XSim-7] Finding pre-compiled libraries...
INFO: [USF-XSim-11] File '/tools/Xilinx/Vivado/2022.2/data/xsim/xsim.ini' copied to run dir:'/home/williams/MYFPGA/FPGA Final/rs_codec_clean/rs_codec_clean/rs_codec_clean.sim/sim_1/behav/xsim'
INFO: [SIM-utils-54] Inspecting design source files for 'top' in fileset 'sim_1'...
INFO: [USF-XSim-97] Finding global include files...
INFO: [USF-XSim-98] Fetching design files from 'sim_1'...
INFO: [USF-XSim-2] XSim::Compile design
INFO: [USF-XSim-61] Executing 'COMPILE and ANALYZE' step in '/home/williams/MYFPGA/FPGA Final/rs_codec_clean/rs_codec_clean/rs_codec_clean.sim/sim_1/behav/xsim'
xvlog --incr --relax -prj top_vlog.prj
Waiting for jobs to finish...
No pending jobs, compilation finished.
INFO: [USF-XSim-69] 'compile' step finished in '0' seconds
INFO: [USF-XSim-3] XSim::Elaborate design
INFO: [USF-XSim-61] Executing 'ELABORATE' step in '/home/williams/MYFPGA/FPGA Final/rs_codec_clean/rs_codec_clean/rs_codec_clean.sim/sim_1/behav/xsim'
xelab --incr --debug typical --relax --mt 8 -L xil_defaultlib -L blk_mem_gen_v8_4_5 -L unisims_ver -L unimacro_ver -L secureip -L xpm --snapshot top_behav xil_defaultlib.top xil_defaultlib.glbl -log elaborate.log
Vivado Simulator v2022.2
Copyright 1986-1999, 2001-2022 Xilinx, Inc. All Rights Reserved.
Running: /tools/Xilinx/Vivado/2022.2/bin/unwrapped/lnx64.o/xelab --incr --debug typical --relax --mt 8 -L xil_defaultlib -L blk_mem_gen_v8_4_5 -L unisims_ver -L unimacro_ver -L secureip -L xpm --snapshot top_behav xil_defaultlib.top xil_defaultlib.glbl -log elaborate.log 
Using 8 slave threads.
Starting static elaboration
Pass Through NonSizing Optimizer
Completed static elaboration
INFO: [XSIM 43-4323] No Change in HDL. Linking previously generated obj files to create kernel
INFO: [USF-XSim-69] 'elaborate' step finished in '1' seconds
INFO: [USF-XSim-4] XSim::Simulate design
INFO: [USF-XSim-61] Executing 'SIMULATE' step in '/home/williams/MYFPGA/FPGA Final/rs_codec_clean/rs_codec_clean/rs_codec_clean.sim/sim_1/behav/xsim'
INFO: [USF-XSim-98] *** Running xsim
   with args "top_behav -key {Behavioral:sim_1:Functional:top} -tclbatch {top.tcl} -log {simulate.log}"
INFO: [USF-XSim-8] Loading simulator feature
Time resolution is 1 ps
source top.tcl
Block Memory Generator module top.rs_decoder_inst.bram_rs_inst.inst.\native_mem_module.blk_mem_gen_v8_4_5_inst  is using a behavioral model for simulation which will not precisely model memory collision behavior.
INFO: [Simtcl 6-16] Simulation closed
Command: launch_simulation 
INFO: [Vivado 12-12493] Simulation top is 'top'
WARNING: [Vivado 12-13277] Compiled library path does not exist: ''
INFO: [Vivado 12-5698] Checking validity of IPs in the design for the 'XSim' simulator...
INFO: [Vivado 12-5682] Launching behavioral simulation in '/home/williams/MYFPGA/FPGA Final/rs_codec_clean/rs_codec_clean/rs_codec_clean.sim/sim_1/behav/xsim'
INFO: [Vivado 12-4795] Using compiled simulation libraries for IPs
INFO: [SIM-utils-51] Simulation object is 'sim_1'
INFO: [SIM-utils-72] Using boost library from '/tools/Xilinx/Vivado/2022.2/tps/boost_1_72_0'
INFO: [USF-XSim-7] Finding pre-compiled libraries...
INFO: [USF-XSim-11] File '/tools/Xilinx/Vivado/2022.2/data/xsim/xsim.ini' copied to run dir:'/home/williams/MYFPGA/FPGA Final/rs_codec_clean/rs_codec_clean/rs_codec_clean.sim/sim_1/behav/xsim'
INFO: [SIM-utils-54] Inspecting design source files for 'top' in fileset 'sim_1'...
INFO: [USF-XSim-97] Finding global include files...
INFO: [USF-XSim-98] Fetching design files from 'sim_1'...
INFO: [USF-XSim-2] XSim::Compile design
INFO: [USF-XSim-61] Executing 'COMPILE and ANALYZE' step in '/home/williams/MYFPGA/FPGA Final/rs_codec_clean/rs_codec_clean/rs_codec_clean.sim/sim_1/behav/xsim'
xvlog --incr --relax -prj top_vlog.prj
Waiting for jobs to finish...
No pending jobs, compilation finished.
INFO: [USF-XSim-69] 'compile' step finished in '0' seconds
INFO: [USF-XSim-3] XSim::Elaborate design
INFO: [USF-XSim-61] Executing 'ELABORATE' step in '/home/williams/MYFPGA/FPGA Final/rs_codec_clean/rs_codec_clean/rs_codec_clean.sim/sim_1/behav/xsim'
xelab --incr --debug typical --relax --mt 8 -L xil_defaultlib -L blk_mem_gen_v8_4_5 -L unisims_ver -L unimacro_ver -L secureip -L xpm --snapshot top_behav xil_defaultlib.top xil_defaultlib.glbl -log elaborate.log
Vivado Simulator v2022.2
Copyright 1986-1999, 2001-2022 Xilinx, Inc. All Rights Reserved.
Running: /tools/Xilinx/Vivado/2022.2/bin/unwrapped/lnx64.o/xelab --incr --debug typical --relax --mt 8 -L xil_defaultlib -L blk_mem_gen_v8_4_5 -L unisims_ver -L unimacro_ver -L secureip -L xpm --snapshot top_behav xil_defaultlib.top xil_defaultlib.glbl -log elaborate.log 
Using 8 slave threads.
Starting static elaboration
Pass Through NonSizing Optimizer
Completed static elaboration
INFO: [XSIM 43-4323] No Change in HDL. Linking previously generated obj files to create kernel
INFO: [USF-XSim-69] 'elaborate' step finished in '0' seconds
INFO: [USF-XSim-4] XSim::Simulate design
INFO: [USF-XSim-61] Executing 'SIMULATE' step in '/home/williams/MYFPGA/FPGA Final/rs_codec_clean/rs_codec_clean/rs_codec_clean.sim/sim_1/behav/xsim'
INFO: [USF-XSim-98] *** Running xsim
   with args "top_behav -key {Behavioral:sim_1:Functional:top} -tclbatch {top.tcl} -log {simulate.log}"
INFO: [USF-XSim-8] Loading simulator feature
Time resolution is 1 ps
source top.tcl
Block Memory Generator module top.rs_decoder_inst.bram_rs_inst.inst.\native_mem_module.blk_mem_gen_v8_4_5_inst  is using a behavioral model for simulation which will not precisely model memory collision behavior.
INFO: [Simtcl 6-16] Simulation closed
Command: launch_simulation 
INFO: [Vivado 12-12493] Simulation top is 'top'
WARNING: [Vivado 12-13277] Compiled library path does not exist: ''
INFO: [Vivado 12-5698] Checking validity of IPs in the design for the 'XSim' simulator...
INFO: [Vivado 12-5682] Launching behavioral simulation in '/home/williams/MYFPGA/FPGA Final/rs_codec_clean/rs_codec_clean/rs_codec_clean.sim/sim_1/behav/xsim'
INFO: [Vivado 12-4795] Using compiled simulation libraries for IPs
INFO: [SIM-utils-51] Simulation object is 'sim_1'
INFO: [SIM-utils-72] Using boost library from '/tools/Xilinx/Vivado/2022.2/tps/boost_1_72_0'
INFO: [USF-XSim-7] Finding pre-compiled libraries...
INFO: [USF-XSim-11] File '/tools/Xilinx/Vivado/2022.2/data/xsim/xsim.ini' copied to run dir:'/home/williams/MYFPGA/FPGA Final/rs_codec_clean/rs_codec_clean/rs_codec_clean.sim/sim_1/behav/xsim'
INFO: [SIM-utils-54] Inspecting design source files for 'top' in fileset 'sim_1'...
INFO: [USF-XSim-97] Finding global include files...
INFO: [USF-XSim-98] Fetching design files from 'sim_1'...
INFO: [USF-XSim-2] XSim::Compile design
INFO: [USF-XSim-61] Executing 'COMPILE and ANALYZE' step in '/home/williams/MYFPGA/FPGA Final/rs_codec_clean/rs_codec_clean/rs_codec_clean.sim/sim_1/behav/xsim'
xvlog --incr --relax -prj top_vlog.prj
Waiting for jobs to finish...
No pending jobs, compilation finished.
INFO: [USF-XSim-69] 'compile' step finished in '1' seconds
INFO: [USF-XSim-3] XSim::Elaborate design
INFO: [USF-XSim-61] Executing 'ELABORATE' step in '/home/williams/MYFPGA/FPGA Final/rs_codec_clean/rs_codec_clean/rs_codec_clean.sim/sim_1/behav/xsim'
xelab --incr --debug typical --relax --mt 8 -L xil_defaultlib -L blk_mem_gen_v8_4_5 -L unisims_ver -L unimacro_ver -L secureip -L xpm --snapshot top_behav xil_defaultlib.top xil_defaultlib.glbl -log elaborate.log
Vivado Simulator v2022.2
Copyright 1986-1999, 2001-2022 Xilinx, Inc. All Rights Reserved.
Running: /tools/Xilinx/Vivado/2022.2/bin/unwrapped/lnx64.o/xelab --incr --debug typical --relax --mt 8 -L xil_defaultlib -L blk_mem_gen_v8_4_5 -L unisims_ver -L unimacro_ver -L secureip -L xpm --snapshot top_behav xil_defaultlib.top xil_defaultlib.glbl -log elaborate.log 
Using 8 slave threads.
Starting static elaboration
Pass Through NonSizing Optimizer
Completed static elaboration
INFO: [XSIM 43-4323] No Change in HDL. Linking previously generated obj files to create kernel
INFO: [USF-XSim-69] 'elaborate' step finished in '1' seconds
INFO: [USF-XSim-4] XSim::Simulate design
INFO: [USF-XSim-61] Executing 'SIMULATE' step in '/home/williams/MYFPGA/FPGA Final/rs_codec_clean/rs_codec_clean/rs_codec_clean.sim/sim_1/behav/xsim'
INFO: [USF-XSim-98] *** Running xsim
   with args "top_behav -key {Behavioral:sim_1:Functional:top} -tclbatch {top.tcl} -log {simulate.log}"
INFO: [USF-XSim-8] Loading simulator feature
Time resolution is 1 ps
source top.tcl
Block Memory Generator module top.rs_decoder_inst.bram_rs_inst.inst.\native_mem_module.blk_mem_gen_v8_4_5_inst  is using a behavioral model for simulation which will not precisely model memory collision behavior.
INFO: [Simtcl 6-16] Simulation closed
Command: launch_simulation 
INFO: [Vivado 12-12493] Simulation top is 'top'
WARNING: [Vivado 12-13277] Compiled library path does not exist: ''
INFO: [Vivado 12-5698] Checking validity of IPs in the design for the 'XSim' simulator...
INFO: [Vivado 12-5682] Launching behavioral simulation in '/home/williams/MYFPGA/FPGA Final/rs_codec_clean/rs_codec_clean/rs_codec_clean.sim/sim_1/behav/xsim'
INFO: [Vivado 12-4795] Using compiled simulation libraries for IPs
INFO: [SIM-utils-51] Simulation object is 'sim_1'
INFO: [SIM-utils-72] Using boost library from '/tools/Xilinx/Vivado/2022.2/tps/boost_1_72_0'
INFO: [USF-XSim-7] Finding pre-compiled libraries...
INFO: [USF-XSim-11] File '/tools/Xilinx/Vivado/2022.2/data/xsim/xsim.ini' copied to run dir:'/home/williams/MYFPGA/FPGA Final/rs_codec_clean/rs_codec_clean/rs_codec_clean.sim/sim_1/behav/xsim'
INFO: [SIM-utils-54] Inspecting design source files for 'top' in fileset 'sim_1'...
INFO: [USF-XSim-97] Finding global include files...
INFO: [USF-XSim-98] Fetching design files from 'sim_1'...
INFO: [USF-XSim-2] XSim::Compile design
INFO: [USF-XSim-61] Executing 'COMPILE and ANALYZE' step in '/home/williams/MYFPGA/FPGA Final/rs_codec_clean/rs_codec_clean/rs_codec_clean.sim/sim_1/behav/xsim'
xvlog --incr --relax -prj top_vlog.prj
Waiting for jobs to finish...
No pending jobs, compilation finished.
INFO: [USF-XSim-69] 'compile' step finished in '1' seconds
INFO: [USF-XSim-3] XSim::Elaborate design
INFO: [USF-XSim-61] Executing 'ELABORATE' step in '/home/williams/MYFPGA/FPGA Final/rs_codec_clean/rs_codec_clean/rs_codec_clean.sim/sim_1/behav/xsim'
xelab --incr --debug typical --relax --mt 8 -L xil_defaultlib -L blk_mem_gen_v8_4_5 -L unisims_ver -L unimacro_ver -L secureip -L xpm --snapshot top_behav xil_defaultlib.top xil_defaultlib.glbl -log elaborate.log
Vivado Simulator v2022.2
Copyright 1986-1999, 2001-2022 Xilinx, Inc. All Rights Reserved.
Running: /tools/Xilinx/Vivado/2022.2/bin/unwrapped/lnx64.o/xelab --incr --debug typical --relax --mt 8 -L xil_defaultlib -L blk_mem_gen_v8_4_5 -L unisims_ver -L unimacro_ver -L secureip -L xpm --snapshot top_behav xil_defaultlib.top xil_defaultlib.glbl -log elaborate.log 
Using 8 slave threads.
Starting static elaboration
Pass Through NonSizing Optimizer
Completed static elaboration
INFO: [XSIM 43-4323] No Change in HDL. Linking previously generated obj files to create kernel
INFO: [USF-XSim-69] 'elaborate' step finished in '1' seconds
INFO: [USF-XSim-4] XSim::Simulate design
INFO: [USF-XSim-61] Executing 'SIMULATE' step in '/home/williams/MYFPGA/FPGA Final/rs_codec_clean/rs_codec_clean/rs_codec_clean.sim/sim_1/behav/xsim'
INFO: [USF-XSim-98] *** Running xsim
   with args "top_behav -key {Behavioral:sim_1:Functional:top} -tclbatch {top.tcl} -log {simulate.log}"
INFO: [USF-XSim-8] Loading simulator feature
Time resolution is 1 ps
source top.tcl
Block Memory Generator module top.rs_decoder_inst.bram_rs_inst.inst.\native_mem_module.blk_mem_gen_v8_4_5_inst  is using a behavioral model for simulation which will not precisely model memory collision behavior.
INFO: [Simtcl 6-16] Simulation closed
Command: launch_simulation 
INFO: [Vivado 12-12493] Simulation top is 'top'
WARNING: [Vivado 12-13277] Compiled library path does not exist: ''
INFO: [Vivado 12-5698] Checking validity of IPs in the design for the 'XSim' simulator...
INFO: [Vivado 12-5682] Launching behavioral simulation in '/home/williams/MYFPGA/FPGA Final/rs_codec_clean/rs_codec_clean/rs_codec_clean.sim/sim_1/behav/xsim'
INFO: [Vivado 12-4795] Using compiled simulation libraries for IPs
INFO: [SIM-utils-51] Simulation object is 'sim_1'
INFO: [SIM-utils-72] Using boost library from '/tools/Xilinx/Vivado/2022.2/tps/boost_1_72_0'
INFO: [USF-XSim-7] Finding pre-compiled libraries...
INFO: [USF-XSim-11] File '/tools/Xilinx/Vivado/2022.2/data/xsim/xsim.ini' copied to run dir:'/home/williams/MYFPGA/FPGA Final/rs_codec_clean/rs_codec_clean/rs_codec_clean.sim/sim_1/behav/xsim'
INFO: [SIM-utils-54] Inspecting design source files for 'top' in fileset 'sim_1'...
INFO: [USF-XSim-97] Finding global include files...
INFO: [USF-XSim-98] Fetching design files from 'sim_1'...
INFO: [USF-XSim-2] XSim::Compile design
INFO: [USF-XSim-61] Executing 'COMPILE and ANALYZE' step in '/home/williams/MYFPGA/FPGA Final/rs_codec_clean/rs_codec_clean/rs_codec_clean.sim/sim_1/behav/xsim'
xvlog --incr --relax -prj top_vlog.prj
Waiting for jobs to finish...
No pending jobs, compilation finished.
INFO: [USF-XSim-69] 'compile' step finished in '0' seconds
INFO: [USF-XSim-3] XSim::Elaborate design
INFO: [USF-XSim-61] Executing 'ELABORATE' step in '/home/williams/MYFPGA/FPGA Final/rs_codec_clean/rs_codec_clean/rs_codec_clean.sim/sim_1/behav/xsim'
xelab --incr --debug typical --relax --mt 8 -L xil_defaultlib -L blk_mem_gen_v8_4_5 -L unisims_ver -L unimacro_ver -L secureip -L xpm --snapshot top_behav xil_defaultlib.top xil_defaultlib.glbl -log elaborate.log
Vivado Simulator v2022.2
Copyright 1986-1999, 2001-2022 Xilinx, Inc. All Rights Reserved.
Running: /tools/Xilinx/Vivado/2022.2/bin/unwrapped/lnx64.o/xelab --incr --debug typical --relax --mt 8 -L xil_defaultlib -L blk_mem_gen_v8_4_5 -L unisims_ver -L unimacro_ver -L secureip -L xpm --snapshot top_behav xil_defaultlib.top xil_defaultlib.glbl -log elaborate.log 
Using 8 slave threads.
Starting static elaboration
Pass Through NonSizing Optimizer
Completed static elaboration
INFO: [XSIM 43-4323] No Change in HDL. Linking previously generated obj files to create kernel
INFO: [USF-XSim-69] 'elaborate' step finished in '1' seconds
INFO: [USF-XSim-4] XSim::Simulate design
INFO: [USF-XSim-61] Executing 'SIMULATE' step in '/home/williams/MYFPGA/FPGA Final/rs_codec_clean/rs_codec_clean/rs_codec_clean.sim/sim_1/behav/xsim'
INFO: [USF-XSim-98] *** Running xsim
   with args "top_behav -key {Behavioral:sim_1:Functional:top} -tclbatch {top.tcl} -log {simulate.log}"
INFO: [USF-XSim-8] Loading simulator feature
Time resolution is 1 ps
source top.tcl
Block Memory Generator module top.rs_decoder_inst.bram_rs_inst.inst.\native_mem_module.blk_mem_gen_v8_4_5_inst  is using a behavioral model for simulation which will not precisely model memory collision behavior.
INFO: [Simtcl 6-16] Simulation closed
Command: launch_simulation 
INFO: [Vivado 12-12493] Simulation top is 'top'
WARNING: [Vivado 12-13277] Compiled library path does not exist: ''
INFO: [Vivado 12-5698] Checking validity of IPs in the design for the 'XSim' simulator...
INFO: [Vivado 12-5682] Launching behavioral simulation in '/home/williams/MYFPGA/FPGA Final/rs_codec_clean/rs_codec_clean/rs_codec_clean.sim/sim_1/behav/xsim'
INFO: [Vivado 12-4795] Using compiled simulation libraries for IPs
INFO: [SIM-utils-51] Simulation object is 'sim_1'
INFO: [SIM-utils-72] Using boost library from '/tools/Xilinx/Vivado/2022.2/tps/boost_1_72_0'
INFO: [USF-XSim-7] Finding pre-compiled libraries...
INFO: [USF-XSim-11] File '/tools/Xilinx/Vivado/2022.2/data/xsim/xsim.ini' copied to run dir:'/home/williams/MYFPGA/FPGA Final/rs_codec_clean/rs_codec_clean/rs_codec_clean.sim/sim_1/behav/xsim'
INFO: [SIM-utils-54] Inspecting design source files for 'top' in fileset 'sim_1'...
INFO: [USF-XSim-97] Finding global include files...
INFO: [USF-XSim-98] Fetching design files from 'sim_1'...
INFO: [USF-XSim-2] XSim::Compile design
INFO: [USF-XSim-61] Executing 'COMPILE and ANALYZE' step in '/home/williams/MYFPGA/FPGA Final/rs_codec_clean/rs_codec_clean/rs_codec_clean.sim/sim_1/behav/xsim'
xvlog --incr --relax -prj top_vlog.prj
Waiting for jobs to finish...
No pending jobs, compilation finished.
INFO: [USF-XSim-69] 'compile' step finished in '1' seconds
INFO: [USF-XSim-3] XSim::Elaborate design
INFO: [USF-XSim-61] Executing 'ELABORATE' step in '/home/williams/MYFPGA/FPGA Final/rs_codec_clean/rs_codec_clean/rs_codec_clean.sim/sim_1/behav/xsim'
xelab --incr --debug typical --relax --mt 8 -L xil_defaultlib -L blk_mem_gen_v8_4_5 -L unisims_ver -L unimacro_ver -L secureip -L xpm --snapshot top_behav xil_defaultlib.top xil_defaultlib.glbl -log elaborate.log
Vivado Simulator v2022.2
Copyright 1986-1999, 2001-2022 Xilinx, Inc. All Rights Reserved.
Running: /tools/Xilinx/Vivado/2022.2/bin/unwrapped/lnx64.o/xelab --incr --debug typical --relax --mt 8 -L xil_defaultlib -L blk_mem_gen_v8_4_5 -L unisims_ver -L unimacro_ver -L secureip -L xpm --snapshot top_behav xil_defaultlib.top xil_defaultlib.glbl -log elaborate.log 
Using 8 slave threads.
Starting static elaboration
Pass Through NonSizing Optimizer
Completed static elaboration
INFO: [XSIM 43-4323] No Change in HDL. Linking previously generated obj files to create kernel
INFO: [USF-XSim-69] 'elaborate' step finished in '0' seconds
INFO: [USF-XSim-4] XSim::Simulate design
INFO: [USF-XSim-61] Executing 'SIMULATE' step in '/home/williams/MYFPGA/FPGA Final/rs_codec_clean/rs_codec_clean/rs_codec_clean.sim/sim_1/behav/xsim'
INFO: [USF-XSim-98] *** Running xsim
   with args "top_behav -key {Behavioral:sim_1:Functional:top} -tclbatch {top.tcl} -log {simulate.log}"
INFO: [USF-XSim-8] Loading simulator feature
Time resolution is 1 ps
source top.tcl
Block Memory Generator module top.rs_decoder_inst.bram_rs_inst.inst.\native_mem_module.blk_mem_gen_v8_4_5_inst  is using a behavioral model for simulation which will not precisely model memory collision behavior.
INFO: [Simtcl 6-16] Simulation closed
Command: launch_simulation 
INFO: [Vivado 12-12493] Simulation top is 'top'
WARNING: [Vivado 12-13277] Compiled library path does not exist: ''
INFO: [Vivado 12-5698] Checking validity of IPs in the design for the 'XSim' simulator...
INFO: [Common 17-41] Interrupt caught. Command should exit soon.
INFO: [Vivado 12-4705] 'export_ip_user_files' task aborted
INFO: [Common 17-344] 'launch_simulation' was cancelled
1
INFO: [Vivado 12-5357] 'simulate' step aborted
1
INFO: [Vivado 12-5357] 'simulate' step aborted
1
INFO: [Vivado 12-5357] 'simulate' step aborted
1
INFO: [Vivado 12-5357] 'simulate' step aborted
1
INFO: [Vivado 12-5357] 'simulate' step aborted
1
INFO: [Vivado 12-5357] 'simulate' step aborted
1
INFO: [Vivado 12-5357] 'simulate' step aborted
1
INFO: [Vivado 12-5357] 'simulate' step aborted
1
INFO: [Vivado 12-5357] 'simulate' step aborted
1
INFO: [Vivado 12-5357] 'simulate' step aborted
1
INFO: [Vivado 12-5357] 'simulate' step aborted
1
INFO: [Vivado 12-5357] 'simulate' step aborted
1
INFO: [Vivado 12-5357] 'simulate' step aborted
1
INFO: [Vivado 12-5357] 'simulate' step aborted
1
INFO: [Vivado 12-5357] 'simulate' step aborted
1
INFO: [Vivado 12-5357] 'simulate' step aborted
1
INFO: [Vivado 12-5357] 'simulate' step aborted
1
INFO: [Vivado 12-5357] 'simulate' step aborted
1
INFO: [Vivado 12-5357] 'simulate' step aborted
1
INFO: [Vivado 12-5357] 'simulate' step aborted
1
INFO: [Vivado 12-5357] 'simulate' step aborted
1
INFO: [Vivado 12-5357] 'simulate' step aborted
1
INFO: [Vivado 12-5357] 'simulate' step aborted
1
INFO: [Vivado 12-5357] 'simulate' step aborted
1
INFO: [Vivado 12-5357] 'simulate' step aborted
1
INFO: [Vivado 12-5357] 'simulate' step aborted
1
INFO: [Vivado 12-5357] 'simulate' step aborted
1
INFO: [Vivado 12-5357] 'simulate' step aborted
1
INFO: [Vivado 12-5357] 'simulate' step aborted
1
INFO: [Vivado 12-5357] 'simulate' step aborted
1
INFO: [Vivado 12-5357] 'simulate' step aborted
1
INFO: [Vivado 12-5357] 'simulate' step aborted
INFO: [Common 17-344] 'source' was cancelled
INFO: [Common 17-344] 'xsim' was cancelled
INFO: [Vivado 12-5357] 'simulate' step aborted
INFO: [Common 17-344] 'launch_simulation' was cancelled
remove_files  -fileset sim_1 {{/home/williams/MYFPGA/FPGA Final/rs_codec_clean/rs_codec_clean/rs_codec_clean.srcs/sim_1/imports/rs_codec_clean/sim.tcl}}
launch_simulation
Command: launch_simulation 
INFO: [Vivado 12-12493] Simulation top is 'top'
WARNING: [Vivado 12-13277] Compiled library path does not exist: ''
INFO: [Vivado 12-5698] Checking validity of IPs in the design for the 'XSim' simulator...
INFO: [Vivado 12-5682] Launching behavioral simulation in '/home/williams/MYFPGA/FPGA Final/rs_codec_clean/rs_codec_clean/rs_codec_clean.sim/sim_1/behav/xsim'
INFO: [Vivado 12-4795] Using compiled simulation libraries for IPs
INFO: [SIM-utils-51] Simulation object is 'sim_1'
INFO: [SIM-utils-72] Using boost library from '/tools/Xilinx/Vivado/2022.2/tps/boost_1_72_0'
INFO: [USF-XSim-7] Finding pre-compiled libraries...
INFO: [USF-XSim-11] File '/tools/Xilinx/Vivado/2022.2/data/xsim/xsim.ini' copied to run dir:'/home/williams/MYFPGA/FPGA Final/rs_codec_clean/rs_codec_clean/rs_codec_clean.sim/sim_1/behav/xsim'
INFO: [SIM-utils-54] Inspecting design source files for 'top' in fileset 'sim_1'...
INFO: [SIM-utils-43] Exported '/home/williams/MYFPGA/FPGA Final/rs_codec_clean/rs_codec_clean/rs_codec_clean.sim/sim_1/behav/xsim/error.mem'
INFO: [SIM-utils-43] Exported '/home/williams/MYFPGA/FPGA Final/rs_codec_clean/rs_codec_clean/rs_codec_clean.sim/sim_1/behav/xsim/sample.mem'
INFO: [SIM-utils-43] Exported '/home/williams/MYFPGA/FPGA Final/rs_codec_clean/rs_codec_clean/rs_codec_clean.sim/sim_1/behav/xsim/alpha_value.mem'
INFO: [SIM-utils-43] Exported '/home/williams/MYFPGA/FPGA Final/rs_codec_clean/rs_codec_clean/rs_codec_clean.sim/sim_1/behav/xsim/sample_head.mem'
INFO: [SIM-utils-43] Exported '/home/williams/MYFPGA/FPGA Final/rs_codec_clean/rs_codec_clean/rs_codec_clean.sim/sim_1/behav/xsim/decimal_value.mem'
INFO: [USF-XSim-97] Finding global include files...
INFO: [USF-XSim-98] Fetching design files from 'sim_1'...
INFO: [USF-XSim-2] XSim::Compile design
INFO: [USF-XSim-61] Executing 'COMPILE and ANALYZE' step in '/home/williams/MYFPGA/FPGA Final/rs_codec_clean/rs_codec_clean/rs_codec_clean.sim/sim_1/behav/xsim'
xvlog --incr --relax -prj top_vlog.prj
Waiting for jobs to finish...
No pending jobs, compilation finished.
INFO: [USF-XSim-69] 'compile' step finished in '1' seconds
INFO: [USF-XSim-3] XSim::Elaborate design
INFO: [USF-XSim-61] Executing 'ELABORATE' step in '/home/williams/MYFPGA/FPGA Final/rs_codec_clean/rs_codec_clean/rs_codec_clean.sim/sim_1/behav/xsim'
xelab --incr --debug typical --relax --mt 8 -L xil_defaultlib -L blk_mem_gen_v8_4_5 -L unisims_ver -L unimacro_ver -L secureip -L xpm --snapshot top_behav xil_defaultlib.top xil_defaultlib.glbl -log elaborate.log
Vivado Simulator v2022.2
Copyright 1986-1999, 2001-2022 Xilinx, Inc. All Rights Reserved.
Running: /tools/Xilinx/Vivado/2022.2/bin/unwrapped/lnx64.o/xelab --incr --debug typical --relax --mt 8 -L xil_defaultlib -L blk_mem_gen_v8_4_5 -L unisims_ver -L unimacro_ver -L secureip -L xpm --snapshot top_behav xil_defaultlib.top xil_defaultlib.glbl -log elaborate.log 
Using 8 slave threads.
Starting static elaboration
Pass Through NonSizing Optimizer
Completed static elaboration
INFO: [XSIM 43-4323] No Change in HDL. Linking previously generated obj files to create kernel
INFO: [USF-XSim-69] 'elaborate' step finished in '1' seconds
INFO: [USF-XSim-4] XSim::Simulate design
INFO: [USF-XSim-61] Executing 'SIMULATE' step in '/home/williams/MYFPGA/FPGA Final/rs_codec_clean/rs_codec_clean/rs_codec_clean.sim/sim_1/behav/xsim'
INFO: [USF-XSim-98] *** Running xsim
   with args "top_behav -key {Behavioral:sim_1:Functional:top} -tclbatch {top.tcl} -log {simulate.log}"
INFO: [USF-XSim-8] Loading simulator feature
Time resolution is 1 ps
source top.tcl
# set curr_wave [current_wave_config]
# if { [string length $curr_wave] == 0 } {
#   if { [llength [get_objects]] > 0} {
#     add_wave /
#     set_property needs_save false [current_wave_config]
#   } else {
#      send_msg_id Add_Wave-1 WARNING "No top level signals found. Simulator will start without a wave window. If you want to open a wave window go to 'File->New Waveform Configuration' or type 'create_wave_config' in the TCL console."
#   }
# }
# run 1000ns
Block Memory Generator module top.rs_decoder_inst.bram_rs_inst.inst.\native_mem_module.blk_mem_gen_v8_4_5_inst  is using a behavioral model for simulation which will not precisely model memory collision behavior.
INFO: [USF-XSim-96] XSim completed. Design snapshot 'top_behav' loaded.
INFO: [USF-XSim-97] XSim simulation ran for 1000ns
close_sim
INFO: [Simtcl 6-16] Simulation closed
launch_sim
Command: launch_simulation 
INFO: [Vivado 12-12493] Simulation top is 'top'
WARNING: [Vivado 12-13277] Compiled library path does not exist: ''
INFO: [Vivado 12-5698] Checking validity of IPs in the design for the 'XSim' simulator...
INFO: [Vivado 12-5682] Launching behavioral simulation in '/home/williams/MYFPGA/FPGA Final/rs_codec_clean/rs_codec_clean/rs_codec_clean.sim/sim_1/behav/xsim'
INFO: [Vivado 12-4795] Using compiled simulation libraries for IPs
INFO: [SIM-utils-51] Simulation object is 'sim_1'
INFO: [SIM-utils-72] Using boost library from '/tools/Xilinx/Vivado/2022.2/tps/boost_1_72_0'
INFO: [USF-XSim-7] Finding pre-compiled libraries...
INFO: [USF-XSim-11] File '/tools/Xilinx/Vivado/2022.2/data/xsim/xsim.ini' copied to run dir:'/home/williams/MYFPGA/FPGA Final/rs_codec_clean/rs_codec_clean/rs_codec_clean.sim/sim_1/behav/xsim'
INFO: [SIM-utils-54] Inspecting design source files for 'top' in fileset 'sim_1'...
INFO: [SIM-utils-43] Exported '/home/williams/MYFPGA/FPGA Final/rs_codec_clean/rs_codec_clean/rs_codec_clean.sim/sim_1/behav/xsim/error.mem'
INFO: [SIM-utils-43] Exported '/home/williams/MYFPGA/FPGA Final/rs_codec_clean/rs_codec_clean/rs_codec_clean.sim/sim_1/behav/xsim/sample.mem'
INFO: [SIM-utils-43] Exported '/home/williams/MYFPGA/FPGA Final/rs_codec_clean/rs_codec_clean/rs_codec_clean.sim/sim_1/behav/xsim/alpha_value.mem'
INFO: [SIM-utils-43] Exported '/home/williams/MYFPGA/FPGA Final/rs_codec_clean/rs_codec_clean/rs_codec_clean.sim/sim_1/behav/xsim/sample_head.mem'
INFO: [SIM-utils-43] Exported '/home/williams/MYFPGA/FPGA Final/rs_codec_clean/rs_codec_clean/rs_codec_clean.sim/sim_1/behav/xsim/decimal_value.mem'
INFO: [USF-XSim-97] Finding global include files...
INFO: [USF-XSim-98] Fetching design files from 'sim_1'...
INFO: [USF-XSim-2] XSim::Compile design
INFO: [USF-XSim-61] Executing 'COMPILE and ANALYZE' step in '/home/williams/MYFPGA/FPGA Final/rs_codec_clean/rs_codec_clean/rs_codec_clean.sim/sim_1/behav/xsim'
xvlog --incr --relax -prj top_vlog.prj
Waiting for jobs to finish...
No pending jobs, compilation finished.
INFO: [USF-XSim-69] 'compile' step finished in '1' seconds
INFO: [USF-XSim-3] XSim::Elaborate design
INFO: [USF-XSim-61] Executing 'ELABORATE' step in '/home/williams/MYFPGA/FPGA Final/rs_codec_clean/rs_codec_clean/rs_codec_clean.sim/sim_1/behav/xsim'
xelab --incr --debug typical --relax --mt 8 -L xil_defaultlib -L blk_mem_gen_v8_4_5 -L unisims_ver -L unimacro_ver -L secureip -L xpm --snapshot top_behav xil_defaultlib.top xil_defaultlib.glbl -log elaborate.log
Vivado Simulator v2022.2
Copyright 1986-1999, 2001-2022 Xilinx, Inc. All Rights Reserved.
Running: /tools/Xilinx/Vivado/2022.2/bin/unwrapped/lnx64.o/xelab --incr --debug typical --relax --mt 8 -L xil_defaultlib -L blk_mem_gen_v8_4_5 -L unisims_ver -L unimacro_ver -L secureip -L xpm --snapshot top_behav xil_defaultlib.top xil_defaultlib.glbl -log elaborate.log 
Using 8 slave threads.
Starting static elaboration
Pass Through NonSizing Optimizer
Completed static elaboration
INFO: [XSIM 43-4323] No Change in HDL. Linking previously generated obj files to create kernel
INFO: [USF-XSim-69] 'elaborate' step finished in '1' seconds
INFO: [USF-XSim-4] XSim::Simulate design
INFO: [USF-XSim-61] Executing 'SIMULATE' step in '/home/williams/MYFPGA/FPGA Final/rs_codec_clean/rs_codec_clean/rs_codec_clean.sim/sim_1/behav/xsim'
INFO: [USF-XSim-98] *** Running xsim
   with args "top_behav -key {Behavioral:sim_1:Functional:top} -tclbatch {top.tcl} -log {simulate.log}"
INFO: [USF-XSim-8] Loading simulator feature
Time resolution is 1 ps
source top.tcl
Block Memory Generator module top.rs_decoder_inst.bram_rs_inst.inst.\native_mem_module.blk_mem_gen_v8_4_5_inst  is using a behavioral model for simulation which will not precisely model memory collision behavior.
INFO: [USF-XSim-96] XSim completed. Design snapshot 'top_behav' loaded.
INFO: [USF-XSim-97] XSim simulation ran for 1000ns
add_force {top/sys_clk_p} -radix hex {0 0ns} {1 2.5ns} -repeat 5ns
force1
add_force {top/sys_clk_n} -radix hex {1 0ns} {0 2.5ns} -repeat 5ns
force2
run 10us
launch_runs synth_1 -jobs 24
[Wed Aug  5 22:54:01 2026] Launched synth_1...
Run output will be captured here: /home/williams/MYFPGA/FPGA Final/rs_codec_clean/rs_codec_clean/rs_codec_clean.runs/synth_1/runme.log
launch_runs impl_1 -jobs 24
[Wed Aug  5 22:55:18 2026] Launched impl_1...
Run output will be captured here: /home/williams/MYFPGA/FPGA Final/rs_codec_clean/rs_codec_clean/rs_codec_clean.runs/impl_1/runme.log
reset_run impl_1
launch_runs impl_1 -jobs 24
[Wed Aug  5 22:56:25 2026] Launched impl_1...
Run output will be captured here: /home/williams/MYFPGA/FPGA Final/rs_codec_clean/rs_codec_clean/rs_codec_clean.runs/impl_1/runme.log
reset_run synth_1
INFO: [Project 1-1161] Replacing file /home/williams/MYFPGA/FPGA Final/rs_codec_clean/rs_codec_clean/rs_codec_clean.srcs/utils_1/imports/synth_1/top.dcp with file /home/williams/MYFPGA/FPGA Final/rs_codec_clean/rs_codec_clean/rs_codec_clean.runs/synth_1/top.dcp
launch_runs impl_1 -jobs 24
[Wed Aug  5 22:58:46 2026] Launched synth_1...
Run output will be captured here: /home/williams/MYFPGA/FPGA Final/rs_codec_clean/rs_codec_clean/rs_codec_clean.runs/synth_1/runme.log
[Wed Aug  5 22:58:46 2026] Launched impl_1...
Run output will be captured here: /home/williams/MYFPGA/FPGA Final/rs_codec_clean/rs_codec_clean/rs_codec_clean.runs/impl_1/runme.log
open_run impl_1
INFO: [Device 21-403] Loading part xcku060-ffva1156-2-i
Netlist sorting complete. Time (s): cpu = 00:00:00 ; elapsed = 00:00:00 . Memory (MB): peak = 8199.230 ; gain = 0.000 ; free physical = 35334 ; free virtual = 109594
INFO: [Project 1-479] Netlist was created with Vivado 2022.2
INFO: [Project 1-570] Preparing netlist for logic optimization
INFO: [Timing 38-478] Restoring timing data from binary archive.
INFO: [Timing 38-479] Binary timing data restore complete.
INFO: [Project 1-856] Restoring constraints from binary archive.
INFO: [Project 1-853] Binary constraint restore complete.
Reading XDEF placement.
Reading placer database...
Reading XDEF routing.
Read XDEF Files: Time (s): cpu = 00:00:00.02 ; elapsed = 00:00:00.02 . Memory (MB): peak = 8508.855 ; gain = 0.000 ; free physical = 35130 ; free virtual = 109390
Restored from archive | CPU: 0.020000 secs | Memory: 0.016632 MB |
Finished XDEF File Restore: Time (s): cpu = 00:00:00.02 ; elapsed = 00:00:00.02 . Memory (MB): peak = 8508.855 ; gain = 0.000 ; free physical = 35130 ; free virtual = 109390
Netlist sorting complete. Time (s): cpu = 00:00:00 ; elapsed = 00:00:00 . Memory (MB): peak = 8522.730 ; gain = 0.000 ; free physical = 35130 ; free virtual = 109390
INFO: [Project 1-111] Unisim Transformation Summary:
No Unisim elements were transformed.

close_sim
INFO: [Simtcl 6-16] Simulation closed
launch_simulation
Command: launch_simulation 
INFO: [Vivado 12-12493] Simulation top is 'top'
WARNING: [Vivado 12-13277] Compiled library path does not exist: ''
INFO: [Vivado 12-5698] Checking validity of IPs in the design for the 'XSim' simulator...
INFO: [Vivado 12-5682] Launching behavioral simulation in '/home/williams/MYFPGA/FPGA Final/rs_codec_clean/rs_codec_clean/rs_codec_clean.sim/sim_1/behav/xsim'
INFO: [Vivado 12-4795] Using compiled simulation libraries for IPs
INFO: [SIM-utils-51] Simulation object is 'sim_1'
INFO: [SIM-utils-72] Using boost library from '/tools/Xilinx/Vivado/2022.2/tps/boost_1_72_0'
INFO: [USF-XSim-7] Finding pre-compiled libraries...
INFO: [USF-XSim-11] File '/tools/Xilinx/Vivado/2022.2/data/xsim/xsim.ini' copied to run dir:'/home/williams/MYFPGA/FPGA Final/rs_codec_clean/rs_codec_clean/rs_codec_clean.sim/sim_1/behav/xsim'
INFO: [SIM-utils-54] Inspecting design source files for 'top' in fileset 'sim_1'...
INFO: [SIM-utils-43] Exported '/home/williams/MYFPGA/FPGA Final/rs_codec_clean/rs_codec_clean/rs_codec_clean.sim/sim_1/behav/xsim/error.mem'
INFO: [SIM-utils-43] Exported '/home/williams/MYFPGA/FPGA Final/rs_codec_clean/rs_codec_clean/rs_codec_clean.sim/sim_1/behav/xsim/sample.mem'
INFO: [SIM-utils-43] Exported '/home/williams/MYFPGA/FPGA Final/rs_codec_clean/rs_codec_clean/rs_codec_clean.sim/sim_1/behav/xsim/alpha_value.mem'
INFO: [SIM-utils-43] Exported '/home/williams/MYFPGA/FPGA Final/rs_codec_clean/rs_codec_clean/rs_codec_clean.sim/sim_1/behav/xsim/sample_head.mem'
INFO: [SIM-utils-43] Exported '/home/williams/MYFPGA/FPGA Final/rs_codec_clean/rs_codec_clean/rs_codec_clean.sim/sim_1/behav/xsim/decimal_value.mem'
INFO: [USF-XSim-97] Finding global include files...
INFO: [USF-XSim-98] Fetching design files from 'sim_1'...
INFO: [USF-XSim-2] XSim::Compile design
INFO: [USF-XSim-61] Executing 'COMPILE and ANALYZE' step in '/home/williams/MYFPGA/FPGA Final/rs_codec_clean/rs_codec_clean/rs_codec_clean.sim/sim_1/behav/xsim'
xvlog --incr --relax -prj top_vlog.prj
Waiting for jobs to finish...
No pending jobs, compilation finished.
INFO: [USF-XSim-69] 'compile' step finished in '0' seconds
INFO: [USF-XSim-3] XSim::Elaborate design
INFO: [USF-XSim-61] Executing 'ELABORATE' step in '/home/williams/MYFPGA/FPGA Final/rs_codec_clean/rs_codec_clean/rs_codec_clean.sim/sim_1/behav/xsim'
xelab --incr --debug typical --relax --mt 8 -L xil_defaultlib -L blk_mem_gen_v8_4_5 -L unisims_ver -L unimacro_ver -L secureip -L xpm --snapshot top_behav xil_defaultlib.top xil_defaultlib.glbl -log elaborate.log
Vivado Simulator v2022.2
Copyright 1986-1999, 2001-2022 Xilinx, Inc. All Rights Reserved.
Running: /tools/Xilinx/Vivado/2022.2/bin/unwrapped/lnx64.o/xelab --incr --debug typical --relax --mt 8 -L xil_defaultlib -L blk_mem_gen_v8_4_5 -L unisims_ver -L unimacro_ver -L secureip -L xpm --snapshot top_behav xil_defaultlib.top xil_defaultlib.glbl -log elaborate.log 
Using 8 slave threads.
Starting static elaboration
Pass Through NonSizing Optimizer
Completed static elaboration
INFO: [XSIM 43-4323] No Change in HDL. Linking previously generated obj files to create kernel
INFO: [USF-XSim-69] 'elaborate' step finished in '1' seconds
INFO: [USF-XSim-4] XSim::Simulate design
INFO: [USF-XSim-61] Executing 'SIMULATE' step in '/home/williams/MYFPGA/FPGA Final/rs_codec_clean/rs_codec_clean/rs_codec_clean.sim/sim_1/behav/xsim'
INFO: [USF-XSim-98] *** Running xsim
   with args "top_behav -key {Behavioral:sim_1:Functional:top} -tclbatch {top.tcl} -log {simulate.log}"
INFO: [USF-XSim-8] Loading simulator feature
Time resolution is 1 ps
source top.tcl
# set curr_wave [current_wave_config]
# if { [string length $curr_wave] == 0 } {
#   if { [llength [get_objects]] > 0} {
#     add_wave /
#     set_property needs_save false [current_wave_config]
#   } else {
#      send_msg_id Add_Wave-1 WARNING "No top level signals found. Simulator will start without a wave window. If you want to open a wave window go to 'File->New Waveform Configuration' or type 'create_wave_config' in the TCL console."
#   }
# }
# run 1000ns
Block Memory Generator module top.rs_decoder_inst.bram_rs_inst.inst.\native_mem_module.blk_mem_gen_v8_4_5_inst  is using a behavioral model for simulation which will not precisely model memory collision behavior.
INFO: [USF-XSim-96] XSim completed. Design snapshot 'top_behav' loaded.
INFO: [USF-XSim-97] XSim simulation ran for 1000ns
close_sim
INFO: [Simtcl 6-16] Simulation closed
launch_sim
Command: launch_simulation 
INFO: [Vivado 12-12493] Simulation top is 'top'
WARNING: [Vivado 12-13277] Compiled library path does not exist: ''
INFO: [Vivado 12-5698] Checking validity of IPs in the design for the 'XSim' simulator...
INFO: [Vivado 12-5682] Launching behavioral simulation in '/home/williams/MYFPGA/FPGA Final/rs_codec_clean/rs_codec_clean/rs_codec_clean.sim/sim_1/behav/xsim'
INFO: [Vivado 12-4795] Using compiled simulation libraries for IPs
INFO: [SIM-utils-51] Simulation object is 'sim_1'
INFO: [SIM-utils-72] Using boost library from '/tools/Xilinx/Vivado/2022.2/tps/boost_1_72_0'
INFO: [USF-XSim-7] Finding pre-compiled libraries...
INFO: [USF-XSim-11] File '/tools/Xilinx/Vivado/2022.2/data/xsim/xsim.ini' copied to run dir:'/home/williams/MYFPGA/FPGA Final/rs_codec_clean/rs_codec_clean/rs_codec_clean.sim/sim_1/behav/xsim'
INFO: [SIM-utils-54] Inspecting design source files for 'top' in fileset 'sim_1'...
INFO: [SIM-utils-43] Exported '/home/williams/MYFPGA/FPGA Final/rs_codec_clean/rs_codec_clean/rs_codec_clean.sim/sim_1/behav/xsim/error.mem'
INFO: [SIM-utils-43] Exported '/home/williams/MYFPGA/FPGA Final/rs_codec_clean/rs_codec_clean/rs_codec_clean.sim/sim_1/behav/xsim/sample.mem'
INFO: [SIM-utils-43] Exported '/home/williams/MYFPGA/FPGA Final/rs_codec_clean/rs_codec_clean/rs_codec_clean.sim/sim_1/behav/xsim/alpha_value.mem'
INFO: [SIM-utils-43] Exported '/home/williams/MYFPGA/FPGA Final/rs_codec_clean/rs_codec_clean/rs_codec_clean.sim/sim_1/behav/xsim/sample_head.mem'
INFO: [SIM-utils-43] Exported '/home/williams/MYFPGA/FPGA Final/rs_codec_clean/rs_codec_clean/rs_codec_clean.sim/sim_1/behav/xsim/decimal_value.mem'
INFO: [USF-XSim-97] Finding global include files...
INFO: [USF-XSim-98] Fetching design files from 'sim_1'...
INFO: [USF-XSim-2] XSim::Compile design
INFO: [USF-XSim-61] Executing 'COMPILE and ANALYZE' step in '/home/williams/MYFPGA/FPGA Final/rs_codec_clean/rs_codec_clean/rs_codec_clean.sim/sim_1/behav/xsim'
xvlog --incr --relax -prj top_vlog.prj
Waiting for jobs to finish...
No pending jobs, compilation finished.
INFO: [USF-XSim-69] 'compile' step finished in '1' seconds
INFO: [USF-XSim-3] XSim::Elaborate design
INFO: [USF-XSim-61] Executing 'ELABORATE' step in '/home/williams/MYFPGA/FPGA Final/rs_codec_clean/rs_codec_clean/rs_codec_clean.sim/sim_1/behav/xsim'
xelab --incr --debug typical --relax --mt 8 -L xil_defaultlib -L blk_mem_gen_v8_4_5 -L unisims_ver -L unimacro_ver -L secureip -L xpm --snapshot top_behav xil_defaultlib.top xil_defaultlib.glbl -log elaborate.log
Vivado Simulator v2022.2
Copyright 1986-1999, 2001-2022 Xilinx, Inc. All Rights Reserved.
Running: /tools/Xilinx/Vivado/2022.2/bin/unwrapped/lnx64.o/xelab --incr --debug typical --relax --mt 8 -L xil_defaultlib -L blk_mem_gen_v8_4_5 -L unisims_ver -L unimacro_ver -L secureip -L xpm --snapshot top_behav xil_defaultlib.top xil_defaultlib.glbl -log elaborate.log 
Using 8 slave threads.
Starting static elaboration
Pass Through NonSizing Optimizer
Completed static elaboration
INFO: [XSIM 43-4323] No Change in HDL. Linking previously generated obj files to create kernel
INFO: [USF-XSim-69] 'elaborate' step finished in '1' seconds
INFO: [USF-XSim-4] XSim::Simulate design
INFO: [USF-XSim-61] Executing 'SIMULATE' step in '/home/williams/MYFPGA/FPGA Final/rs_codec_clean/rs_codec_clean/rs_codec_clean.sim/sim_1/behav/xsim'
INFO: [USF-XSim-98] *** Running xsim
   with args "top_behav -key {Behavioral:sim_1:Functional:top} -tclbatch {top.tcl} -log {simulate.log}"
INFO: [USF-XSim-8] Loading simulator feature
Time resolution is 1 ps
source top.tcl
Block Memory Generator module top.rs_decoder_inst.bram_rs_inst.inst.\native_mem_module.blk_mem_gen_v8_4_5_inst  is using a behavioral model for simulation which will not precisely model memory collision behavior.
INFO: [USF-XSim-96] XSim completed. Design snapshot 'top_behav' loaded.
INFO: [USF-XSim-97] XSim simulation ran for 1000ns
add_force {top/sys_clk_p} -radix hex {0 0ns} {1 2.5ns} -repeat 5ns
force3
add_force {top/sys_clk_n} -radix hex {1 0ns} {0 2.5ns} -repeat 5ns
force4
run 10us
open_run synth_1 -name synth_1
Design is defaulting to impl run constrset: constrs_1
Design is defaulting to synth run part: xcku060-ffva1156-2-i
INFO: [Project 1-454] Reading design checkpoint '/home/williams/MYFPGA/FPGA Final/rs_codec_clean/rs_codec_clean/rs_codec_clean.gen/sources_1/ip/clk_wiz_0/clk_wiz_0.dcp' for cell 'clk_wiz_inst'
INFO: [Project 1-454] Reading design checkpoint '/home/williams/MYFPGA/FPGA Final/rs_codec_clean/rs_codec_clean/rs_codec_clean.gen/sources_1/ip/bram_rs/bram_rs.dcp' for cell 'rs_decoder_inst/bram_rs_inst'
Netlist sorting complete. Time (s): cpu = 00:00:00.01 ; elapsed = 00:00:00.01 . Memory (MB): peak = 9480.508 ; gain = 0.000 ; free physical = 34494 ; free virtual = 108756
INFO: [Netlist 29-17] Analyzing 51 Unisim elements for replacement
INFO: [Netlist 29-28] Unisim Transformation completed in 0 CPU seconds
INFO: [Project 1-479] Netlist was created with Vivado 2022.2
INFO: [Project 1-570] Preparing netlist for logic optimization
WARNING: [Opt 31-32] Removing redundant IBUF since it is not being driven by a top-level port. clk_wiz_inst/inst/clkin1_ibuf 
Resolution: The tool has removed redundant IBUF. To resolve this warning, check for redundant IBUF in the input design.
WARNING: [Constraints 18-550] Could not create 'IBUF_LOW_PWR' constraint because net 'clk_wiz_inst/clk_in1' is not directly connected to top level port. Synthesis is ignored for IBUF_LOW_PWR but preserved for implementation.
Parsing XDC File [/home/williams/MYFPGA/FPGA Final/rs_codec_clean/rs_codec_clean/rs_codec_clean.gen/sources_1/ip/clk_wiz_0/clk_wiz_0_board.xdc] for cell 'clk_wiz_inst/inst'
Finished Parsing XDC File [/home/williams/MYFPGA/FPGA Final/rs_codec_clean/rs_codec_clean/rs_codec_clean.gen/sources_1/ip/clk_wiz_0/clk_wiz_0_board.xdc] for cell 'clk_wiz_inst/inst'
Parsing XDC File [/home/williams/MYFPGA/FPGA Final/rs_codec_clean/rs_codec_clean/rs_codec_clean.gen/sources_1/ip/clk_wiz_0/clk_wiz_0.xdc] for cell 'clk_wiz_inst/inst'
INFO: [Timing 38-35] Done setting XDC timing constraints. [/home/williams/MYFPGA/FPGA Final/rs_codec_clean/rs_codec_clean/rs_codec_clean.gen/sources_1/ip/clk_wiz_0/clk_wiz_0.xdc:57]
INFO: [Timing 38-2] Deriving generated clocks [/home/williams/MYFPGA/FPGA Final/rs_codec_clean/rs_codec_clean/rs_codec_clean.gen/sources_1/ip/clk_wiz_0/clk_wiz_0.xdc:57]
Finished Parsing XDC File [/home/williams/MYFPGA/FPGA Final/rs_codec_clean/rs_codec_clean/rs_codec_clean.gen/sources_1/ip/clk_wiz_0/clk_wiz_0.xdc] for cell 'clk_wiz_inst/inst'
Parsing XDC File [/home/williams/MYFPGA/FPGA Final/rs_codec_clean/rs_codec_clean/rs_codec_clean.srcs/constrs_1/new/top.xdc]
Finished Parsing XDC File [/home/williams/MYFPGA/FPGA Final/rs_codec_clean/rs_codec_clean/rs_codec_clean.srcs/constrs_1/new/top.xdc]
INFO: [Opt 31-138] Pushed 0 inverter(s) to 0 load pin(s).
INFO: [Opt 31-422] The CLOCK_DOMAINS attribute on the BRAM cell rs_decoder_inst/bram_rs_inst/U0/inst_blk_mem_gen/gnbram.gnativebmg.native_blk_mem_gen/valid.cstr/ramloop[0].ram.r/prim_noinit.ram/DEVICE_8SERIES.NO_BMM_INFO.SDP.WIDE_PRIM18.ram has been changed from INDEPENDENT to COMMON to match the clocking topology used for the BRAM.
Netlist sorting complete. Time (s): cpu = 00:00:00 ; elapsed = 00:00:00 . Memory (MB): peak = 9586.562 ; gain = 0.000 ; free physical = 34436 ; free virtual = 108698
INFO: [Project 1-111] Unisim Transformation Summary:
  A total of 1 instances were transformed.
  IBUFGDS => IBUFDS (DIFFINBUF, IBUFCTRL): 1 instance 

create_debug_core u_ila_0 ila
set_property C_DATA_DEPTH 1024 [get_debug_cores u_ila_0]
set_property C_TRIGIN_EN false [get_debug_cores u_ila_0]
set_property C_TRIGOUT_EN false [get_debug_cores u_ila_0]
set_property C_ADV_TRIGGER false [get_debug_cores u_ila_0]
set_property C_INPUT_PIPE_STAGES 0 [get_debug_cores u_ila_0]
set_property C_EN_STRG_QUAL false [get_debug_cores u_ila_0]
set_property ALL_PROBE_SAME_MU true [get_debug_cores u_ila_0]
set_property ALL_PROBE_SAME_MU_CNT 1 [get_debug_cores u_ila_0]
connect_debug_port u_ila_0/clk [get_nets [list clk_wiz_inst/inst/clk_out1 ]]
set_property port_width 8 [get_debug_ports u_ila_0/probe0]
set_property PROBE_TYPE DATA_AND_TRIGGER [get_debug_ports u_ila_0/probe0]
connect_debug_port u_ila_0/probe0 [get_nets [list {stream_data[0]} {stream_data[1]} {stream_data[2]} {stream_data[3]} {stream_data[4]} {stream_data[5]} {stream_data[6]} {stream_data[7]} ]]
create_debug_port u_ila_0 probe
set_property port_width 8 [get_debug_ports u_ila_0/probe1]
set_property PROBE_TYPE DATA_AND_TRIGGER [get_debug_ports u_ila_0/probe1]
connect_debug_port u_ila_0/probe1 [get_nets [list {fso_data[0]} {fso_data[1]} {fso_data[2]} {fso_data[3]} {fso_data[4]} {fso_data[5]} {fso_data[6]} {fso_data[7]} ]]
create_debug_port u_ila_0 probe
set_property port_width 8 [get_debug_ports u_ila_0/probe2]
set_property PROBE_TYPE DATA_AND_TRIGGER [get_debug_ports u_ila_0/probe2]
connect_debug_port u_ila_0/probe2 [get_nets [list {encoder_data[0]} {encoder_data[1]} {encoder_data[2]} {encoder_data[3]} {encoder_data[4]} {encoder_data[5]} {encoder_data[6]} {encoder_data[7]} ]]
create_debug_port u_ila_0 probe
set_property port_width 8 [get_debug_ports u_ila_0/probe3]
set_property PROBE_TYPE DATA_AND_TRIGGER [get_debug_ports u_ila_0/probe3]
connect_debug_port u_ila_0/probe3 [get_nets [list {data_out[0]} {data_out[1]} {data_out[2]} {data_out[3]} {data_out[4]} {data_out[5]} {data_out[6]} {data_out[7]} ]]
create_debug_port u_ila_0 probe
set_property port_width 1 [get_debug_ports u_ila_0/probe4]
set_property PROBE_TYPE DATA_AND_TRIGGER [get_debug_ports u_ila_0/probe4]
connect_debug_port u_ila_0/probe4 [get_nets [list en ]]
create_debug_port u_ila_0 probe
set_property port_width 1 [get_debug_ports u_ila_0/probe5]
set_property PROBE_TYPE DATA_AND_TRIGGER [get_debug_ports u_ila_0/probe5]
connect_debug_port u_ila_0/probe5 [get_nets [list encoder_dv ]]
create_debug_port u_ila_0 probe
set_property port_width 1 [get_debug_ports u_ila_0/probe6]
set_property PROBE_TYPE DATA_AND_TRIGGER [get_debug_ports u_ila_0/probe6]
connect_debug_port u_ila_0/probe6 [get_nets [list fso_dv ]]
create_debug_port u_ila_0 probe
set_property port_width 1 [get_debug_ports u_ila_0/probe7]
set_property PROBE_TYPE DATA_AND_TRIGGER [get_debug_ports u_ila_0/probe7]
connect_debug_port u_ila_0/probe7 [get_nets [list stream_dv ]]
create_debug_port u_ila_0 probe
set_property port_width 1 [get_debug_ports u_ila_0/probe8]
set_property PROBE_TYPE DATA_AND_TRIGGER [get_debug_ports u_ila_0/probe8]
connect_debug_port u_ila_0/probe8 [get_nets [list valid ]]
save_constraints
reset_run impl_1
launch_runs impl_1 -to_step write_bitstream -jobs 24
INFO: [Timing 38-480] Writing timing data to binary archive.
Writing XDEF routing.
Writing XDEF routing logical nets.
Writing XDEF routing special nets.
Write XDEF Complete: Time (s): cpu = 00:00:00.14 ; elapsed = 00:00:00.04 . Memory (MB): peak = 9667.262 ; gain = 40.020 ; free physical = 34413 ; free virtual = 108670
[Wed Aug  5 23:02:32 2026] Launched impl_1...
Run output will be captured here: /home/williams/MYFPGA/FPGA Final/rs_codec_clean/rs_codec_clean/rs_codec_clean.runs/impl_1/runme.log
open_hw_manager
connect_hw_server -allow_non_jtag
INFO: [Labtools 27-2285] Connecting to hw_server url TCP:localhost:3121
INFO: [Labtools 27-2222] Launching hw_server...
INFO: [Labtools 27-2221] Launch Output:

****** Xilinx hw_server v2022.2
  **** Build date : Oct 14 2022 at 05:10:28
    ** Copyright 1986-2022 Xilinx, Inc. All Rights Reserved.


INFO: [Labtools 27-3415] Connecting to cs_server url TCP:localhost:0
INFO: [Labtools 27-3417] Launching cs_server...
INFO: [Labtools 27-2221] Launch Output:


******** Xilinx cs_server v2022.2.0
  ****** Build date   : Oct 05 2022-08:25:37
    **** Build number : 2022.2.1664925937
      ** Copyright 2017-2026 Xilinx, Inc. All Rights Reserved.



open_hw_target
INFO: [Labtoolstcl 44-466] Opening hw_target localhost:3121/xilinx_tcf/Digilent/210512180081
set_property PROGRAM.FILE {/home/williams/MYFPGA/FPGA Final/rs_codec_clean/rs_codec_clean/rs_codec_clean.runs/impl_1/top.bit} [get_hw_devices xcku060_0]
set_property PROBES.FILE {/home/williams/MYFPGA/FPGA Final/rs_codec_clean/rs_codec_clean/rs_codec_clean.runs/impl_1/top.ltx} [get_hw_devices xcku060_0]
set_property FULL_PROBES.FILE {/home/williams/MYFPGA/FPGA Final/rs_codec_clean/rs_codec_clean/rs_codec_clean.runs/impl_1/top.ltx} [get_hw_devices xcku060_0]
current_hw_device [get_hw_devices xcku060_0]
refresh_hw_device [lindex [get_hw_devices xcku060_0] 0]
INFO: [Labtools 27-2302] Device xcku060 (JTAG device index = 0) is programmed with a design that has 3 ILA core(s).
INFO: [Labtools 27-2302] Device xcku060 (JTAG device index = 0) is programmed with a design that has 1 VIO core(s).
WARNING: [Labtools 27-1974] Mismatch between the design programmed into the device xcku060_0 and the probes file(s) /home/williams/MYFPGA/FPGA Final/rs_codec_clean/rs_codec_clean/rs_codec_clean.runs/impl_1/top.ltx.
The device design has 3 ILA core(s) and 1 VIO core(s). 1 ILA core(s) and 0 VIO core(s) are matched in the probes file(s).
Resolution: 
1. Reprogram device with the correct programming file and associated probes file(s) OR
2. Goto device properties and associate the correct probes file(s) with the programming file already programmed in the device.
set_property PROBES.FILE {/home/williams/MYFPGA/FPGA Final/rs_codec_clean/rs_codec_clean/rs_codec_clean.runs/impl_1/top.ltx} [get_hw_devices xcku060_0]
set_property FULL_PROBES.FILE {/home/williams/MYFPGA/FPGA Final/rs_codec_clean/rs_codec_clean/rs_codec_clean.runs/impl_1/top.ltx} [get_hw_devices xcku060_0]
set_property PROGRAM.FILE {/home/williams/MYFPGA/FPGA Final/rs_codec_clean/rs_codec_clean/rs_codec_clean.runs/impl_1/top.bit} [get_hw_devices xcku060_0]
program_hw_devices [get_hw_devices xcku060_0]
INFO: [Labtools 27-3164] End of startup status: HIGH
refresh_hw_device [lindex [get_hw_devices xcku060_0] 0]
INFO: [Labtools 27-2302] Device xcku060 (JTAG device index = 0) is programmed with a design that has 1 ILA core(s).
display_hw_ila_data [ get_hw_ila_data hw_ila_data_1 -of_objects [get_hw_ilas -of_objects [get_hw_devices xcku060_0] -filter {CELL_NAME=~"u_ila_0"}]]
run_hw_ila [get_hw_ilas -of_objects [get_hw_devices xcku060_0] -filter {CELL_NAME=~"u_ila_0"}]
INFO: [Labtools 27-1964] The ILA core 'hw_ila_1' trigger was armed at 2026-Aug-05 23:05:42
wait_on_hw_ila [get_hw_ilas -of_objects [get_hw_devices xcku060_0] -filter {CELL_NAME=~"u_ila_0"}]
display_hw_ila_data [upload_hw_ila_data [get_hw_ilas -of_objects [get_hw_devices xcku060_0] -filter {CELL_NAME=~"u_ila_0"}]]
INFO: [Labtools 27-1966] The ILA core 'hw_ila_1' triggered at 2026-Aug-05 23:05:42
INFO: [Labtools 27-3304] ILA Waveform data saved to file /home/williams/MYFPGA/FPGA Final/rs_codec_clean/rs_codec_clean/rs_codec_clean.hw/backup/hw_ila_data_1.ila. Use Tcl command 'read_hw_ila_data' or Vivado File->Import->Import ILA Data menu item to import the previously saved data.
set_property TRIGGER_COMPARE_VALUE eq1'b1 [get_hw_probes valid -of_objects [get_hw_ilas -of_objects [get_hw_devices xcku060_0] -filter {CELL_NAME=~"u_ila_0"}]]
run_hw_ila [get_hw_ilas -of_objects [get_hw_devices xcku060_0] -filter {CELL_NAME=~"u_ila_0"}]
INFO: [Labtools 27-1964] The ILA core 'hw_ila_1' trigger was armed at 2026-Aug-05 23:13:58
wait_on_hw_ila [get_hw_ilas -of_objects [get_hw_devices xcku060_0] -filter {CELL_NAME=~"u_ila_0"}]
display_hw_ila_data [upload_hw_ila_data [get_hw_ilas -of_objects [get_hw_devices xcku060_0] -filter {CELL_NAME=~"u_ila_0"}]]
INFO: [Labtools 27-1966] The ILA core 'hw_ila_1' triggered at 2026-Aug-05 23:13:58
INFO: [Labtools 27-3304] ILA Waveform data saved to file /home/williams/MYFPGA/FPGA Final/rs_codec_clean/rs_codec_clean/rs_codec_clean.hw/backup/hw_ila_data_1.ila. Use Tcl command 'read_hw_ila_data' or Vivado File->Import->Import ILA Data menu item to import the previously saved data.
set_property TRIGGER_COMPARE_VALUE eq1'bX [get_hw_probes valid -of_objects [get_hw_ilas -of_objects [get_hw_devices xcku060_0] -filter {CELL_NAME=~"u_ila_0"}]]
set_property TRIGGER_COMPARE_VALUE eq1'bR [get_hw_probes en -of_objects [get_hw_ilas -of_objects [get_hw_devices xcku060_0] -filter {CELL_NAME=~"u_ila_0"}]]
run_hw_ila [get_hw_ilas -of_objects [get_hw_devices xcku060_0] -filter {CELL_NAME=~"u_ila_0"}]
INFO: [Labtools 27-1964] The ILA core 'hw_ila_1' trigger was armed at 2026-Aug-05 23:14:25
wait_on_hw_ila [get_hw_ilas -of_objects [get_hw_devices xcku060_0] -filter {CELL_NAME=~"u_ila_0"}]
display_hw_ila_data [upload_hw_ila_data [get_hw_ilas -of_objects [get_hw_devices xcku060_0] -filter {CELL_NAME=~"u_ila_0"}]]
INFO: [Labtools 27-1966] The ILA core 'hw_ila_1' triggered at 2026-Aug-05 23:14:25
INFO: [Labtools 27-3304] ILA Waveform data saved to file /home/williams/MYFPGA/FPGA Final/rs_codec_clean/rs_codec_clean/rs_codec_clean.hw/backup/hw_ila_data_1.ila. Use Tcl command 'read_hw_ila_data' or Vivado File->Import->Import ILA Data menu item to import the previously saved data.
run_hw_ila [get_hw_ilas -of_objects [get_hw_devices xcku060_0] -filter {CELL_NAME=~"u_ila_0"}]
INFO: [Labtools 27-1964] The ILA core 'hw_ila_1' trigger was armed at 2026-Aug-05 23:14:29
wait_on_hw_ila [get_hw_ilas -of_objects [get_hw_devices xcku060_0] -filter {CELL_NAME=~"u_ila_0"}]
display_hw_ila_data [upload_hw_ila_data [get_hw_ilas -of_objects [get_hw_devices xcku060_0] -filter {CELL_NAME=~"u_ila_0"}]]
INFO: [Labtools 27-1966] The ILA core 'hw_ila_1' triggered at 2026-Aug-05 23:14:29
INFO: [Labtools 27-3304] ILA Waveform data saved to file /home/williams/MYFPGA/FPGA Final/rs_codec_clean/rs_codec_clean/rs_codec_clean.hw/backup/hw_ila_data_1.ila. Use Tcl command 'read_hw_ila_data' or Vivado File->Import->Import ILA Data menu item to import the previously saved data.
run_hw_ila [get_hw_ilas -of_objects [get_hw_devices xcku060_0] -filter {CELL_NAME=~"u_ila_0"}]
INFO: [Labtools 27-1964] The ILA core 'hw_ila_1' trigger was armed at 2026-Aug-05 23:14:38
wait_on_hw_ila [get_hw_ilas -of_objects [get_hw_devices xcku060_0] -filter {CELL_NAME=~"u_ila_0"}]
display_hw_ila_data [upload_hw_ila_data [get_hw_ilas -of_objects [get_hw_devices xcku060_0] -filter {CELL_NAME=~"u_ila_0"}]]
INFO: [Labtools 27-1966] The ILA core 'hw_ila_1' triggered at 2026-Aug-05 23:14:38
INFO: [Labtools 27-3304] ILA Waveform data saved to file /home/williams/MYFPGA/FPGA Final/rs_codec_clean/rs_codec_clean/rs_codec_clean.hw/backup/hw_ila_data_1.ila. Use Tcl command 'read_hw_ila_data' or Vivado File->Import->Import ILA Data menu item to import the previously saved data.
close_sim
INFO: [Simtcl 6-16] Simulation closed
save_wave_config {/home/williams/MYFPGA/FPGA Final/rs_codec_clean/rs_codec_clean/rs_codec_clean.hw/hw_1/wave/hw_ila_data_1/hw_ila_data_1.wcfg}
exit
INFO: [Common 17-206] Exiting Vivado at Wed Aug  5 23:35:50 2026...
