#-----------------------------------------------------------
# Vivado v2022.2 (64-bit)
# SW Build 3671981 on Fri Oct 14 04:59:54 MDT 2022
# IP Build 3669848 on Fri Oct 14 08:30:02 MDT 2022
# Start of session at: Thu Aug  6 16:27:03 2026
# Process ID: 1391756
# Current directory: /home/williams/MYFPGA/FPGA Final/rs_codec_clean
# Command line: vivado
# Log file: /home/williams/MYFPGA/FPGA Final/rs_codec_clean/vivado.log
# Journal file: /home/williams/MYFPGA/FPGA Final/rs_codec_clean/vivado.jou
# Running On: Williams, OS: Linux, CPU Frequency: 5300.000 MHz, CPU Physical cores: 16, Host memory: 67183 MB
#-----------------------------------------------------------
start_gui
WARNING: [Board 49-26] cannot add Board Part xilinx.com:vek280_es:part0:1.0 available at /tools/Xilinx/Vivado/2022.2/data/xhub/boards/XilinxBoardStore/boards/Xilinx/vek280/es/1.0/board.xml as part xcve2802-vsvh1760-2lp-e-s-es1 specified in board_part file is either invalid or not available
WARNING: [Board 49-26] cannot add Board Part xilinx.com:vhk158_es:part0:1.0 available at /tools/Xilinx/Vivado/2022.2/data/xhub/boards/XilinxBoardStore/boards/Xilinx/vhk158/es/1.0/board.xml as part xcvh1582-vsva3697-2mp-e-s-es1 specified in board_part file is either invalid or not available
WARNING: [Board 49-26] cannot add Board Part xilinx.com:vpk120_es:part0:1.2 available at /tools/Xilinx/Vivado/2022.2/data/xhub/boards/XilinxBoardStore/boards/Xilinx/vpk120/es/1.2/board.xml as part xcvp1202-vsva2785-2mp-e-s-es1 specified in board_part file is either invalid or not available
WARNING: [Board 49-26] cannot add Board Part xilinx.com:vpk120_es_revb:part0:1.0 available at /tools/Xilinx/Vivado/2022.2/data/xhub/boards/XilinxBoardStore/boards/Xilinx/vpk120_revb/es/1.0/board.xml as part xcvp1202-vsva2785-2mp-e-s-es1 specified in board_part file is either invalid or not available
WARNING: [Board 49-26] cannot add Board Part xilinx.com:vpk180_es:part0:1.0 available at /tools/Xilinx/Vivado/2022.2/data/xhub/boards/XilinxBoardStore/boards/Xilinx/vpk180/es/1.0/board.xml as part xcvp1802-lsvc4072-2mp-e-s-es1 specified in board_part file is either invalid or not available
WARNING: [Board 49-26] cannot add Board Part xilinx.com:zcu208ld:part0:2.0 available at /tools/Xilinx/Vivado/2022.2/data/xhub/boards/XilinxBoardStore/boards/Xilinx/zcu208ld/production/2.0/board.xml as part xczu58dr-fsvg1517-2-i specified in board_part file is either invalid or not available
WARNING: [Board 49-26] cannot add Board Part xilinx.com:zcu216ld:part0:2.0 available at /tools/Xilinx/Vivado/2022.2/data/xhub/boards/XilinxBoardStore/boards/Xilinx/zcu216ld/production/2.0/board.xml as part xczu59dr-ffvf1760-2-i specified in board_part file is either invalid or not available
WARNING: [Board 49-26] cannot add Board Part xilinx.com:zcu670:part0:2.0 available at /tools/Xilinx/Vivado/2022.2/data/xhub/boards/XilinxBoardStore/boards/Xilinx/zcu670/2.0/board.xml as part xczu67dr-fsve1156-2-i specified in board_part file is either invalid or not available
WARNING: [Board 49-26] cannot add Board Part xilinx.com:zcu670ld:part0:1.0 available at /tools/Xilinx/Vivado/2022.2/data/xhub/boards/XilinxBoardStore/boards/Xilinx/zcu670ld/1.0/board.xml as part xczu57dr-fsve1156-2-i specified in board_part file is either invalid or not available
open_project {/home/williams/MYFPGA/FPGA Final/rs_codec_clean/rs_codec_clean/rs_codec_clean.xpr}
Scanning sources...
Finished scanning sources
INFO: [IP_Flow 19-234] Refreshing IP repositories
INFO: [IP_Flow 19-1704] No user IP repositories specified
INFO: [IP_Flow 19-2313] Loaded Vivado IP repository '/tools/Xilinx/Vivado/2022.2/data/ip'.
update_compile_order -fileset sources_1
open_hw_manager
connect_hw_server -allow_non_jtag
INFO: [Labtools 27-2285] Connecting to hw_server url TCP:localhost:3121
INFO: [Labtools 27-3415] Connecting to cs_server url TCP:localhost:0
INFO: [Labtools 27-3417] Launching cs_server...
INFO: [Labtools 27-2221] Launch Output:


******** Xilinx cs_server v2022.2.0
  ****** Build date   : Oct 05 2022-08:25:37
    **** Build number : 2022.2.1664925937
      ** Copyright 2017-2026 Xilinx, Inc. All Rights Reserved.



open_hw_target
INFO: [Labtoolstcl 44-466] Opening hw_target localhost:3121/xilinx_tcf/Digilent/210512180081
set_property PROGRAM.FILE {/home/williams/MYFPGA/FPGA Final/rs_codec_clean/rs_codec_clean/rs_codec_clean.runs/impl_1/top.bit} [get_hw_devices xcku060_0]
set_property PROBES.FILE {/home/williams/MYFPGA/FPGA Final/rs_codec_clean/rs_codec_clean/rs_codec_clean.runs/impl_1/top.ltx} [get_hw_devices xcku060_0]
set_property FULL_PROBES.FILE {/home/williams/MYFPGA/FPGA Final/rs_codec_clean/rs_codec_clean/rs_codec_clean.runs/impl_1/top.ltx} [get_hw_devices xcku060_0]
current_hw_device [get_hw_devices xcku060_0]
refresh_hw_device [lindex [get_hw_devices xcku060_0] 0]
INFO: [Labtools 27-2302] Device xcku060 (JTAG device index = 0) is programmed with a design that has 3 ILA core(s).
INFO: [Labtools 27-2302] Device xcku060 (JTAG device index = 0) is programmed with a design that has 1 VIO core(s).
WARNING: [Labtools 27-1974] Mismatch between the design programmed into the device xcku060_0 and the probes file(s) /home/williams/MYFPGA/FPGA Final/rs_codec_clean/rs_codec_clean/rs_codec_clean.runs/impl_1/top.ltx.
The device design has 3 ILA core(s) and 1 VIO core(s). 1 ILA core(s) and 0 VIO core(s) are matched in the probes file(s).
Resolution: 
1. Reprogram device with the correct programming file and associated probes file(s) OR
2. Goto device properties and associate the correct probes file(s) with the programming file already programmed in the device.
set_property PROBES.FILE {/home/williams/MYFPGA/FPGA Final/rs_codec_clean/rs_codec_clean/rs_codec_clean.runs/impl_1/top.ltx} [get_hw_devices xcku060_0]
set_property FULL_PROBES.FILE {/home/williams/MYFPGA/FPGA Final/rs_codec_clean/rs_codec_clean/rs_codec_clean.runs/impl_1/top.ltx} [get_hw_devices xcku060_0]
set_property PROGRAM.FILE {/home/williams/MYFPGA/FPGA Final/rs_codec_clean/rs_codec_clean/rs_codec_clean.runs/impl_1/top.bit} [get_hw_devices xcku060_0]
program_hw_devices [get_hw_devices xcku060_0]
INFO: [Labtools 27-3164] End of startup status: HIGH
refresh_hw_device [lindex [get_hw_devices xcku060_0] 0]
INFO: [Labtools 27-2302] Device xcku060 (JTAG device index = 0) is programmed with a design that has 1 ILA core(s).
display_hw_ila_data [ get_hw_ila_data hw_ila_data_1 -of_objects [get_hw_ilas -of_objects [get_hw_devices xcku060_0] -filter {CELL_NAME=~"u_ila_0"}]]
run_hw_ila [get_hw_ilas -of_objects [get_hw_devices xcku060_0] -filter {CELL_NAME=~"u_ila_0"}]
INFO: [Labtools 27-1964] The ILA core 'hw_ila_1' trigger was armed at 2026-Aug-06 17:56:44
wait_on_hw_ila [get_hw_ilas -of_objects [get_hw_devices xcku060_0] -filter {CELL_NAME=~"u_ila_0"}]
display_hw_ila_data [upload_hw_ila_data [get_hw_ilas -of_objects [get_hw_devices xcku060_0] -filter {CELL_NAME=~"u_ila_0"}]]
INFO: [Labtools 27-1966] The ILA core 'hw_ila_1' triggered at 2026-Aug-06 17:56:44
INFO: [Labtools 27-3304] ILA Waveform data saved to file /home/williams/MYFPGA/FPGA Final/rs_codec_clean/rs_codec_clean/rs_codec_clean.hw/backup/hw_ila_data_1.ila. Use Tcl command 'read_hw_ila_data' or Vivado File->Import->Import ILA Data menu item to import the previously saved data.
run_hw_ila [get_hw_ilas -of_objects [get_hw_devices xcku060_0] -filter {CELL_NAME=~"u_ila_0"}]
INFO: [Labtools 27-1964] The ILA core 'hw_ila_1' trigger was armed at 2026-Aug-06 17:56:54
wait_on_hw_ila [get_hw_ilas -of_objects [get_hw_devices xcku060_0] -filter {CELL_NAME=~"u_ila_0"}]
display_hw_ila_data [upload_hw_ila_data [get_hw_ilas -of_objects [get_hw_devices xcku060_0] -filter {CELL_NAME=~"u_ila_0"}]]
INFO: [Labtools 27-1966] The ILA core 'hw_ila_1' triggered at 2026-Aug-06 17:56:54
INFO: [Labtools 27-3304] ILA Waveform data saved to file /home/williams/MYFPGA/FPGA Final/rs_codec_clean/rs_codec_clean/rs_codec_clean.hw/backup/hw_ila_data_1.ila. Use Tcl command 'read_hw_ila_data' or Vivado File->Import->Import ILA Data menu item to import the previously saved data.
run_hw_ila [get_hw_ilas -of_objects [get_hw_devices xcku060_0] -filter {CELL_NAME=~"u_ila_0"}]
INFO: [Labtools 27-1964] The ILA core 'hw_ila_1' trigger was armed at 2026-Aug-06 17:56:57
wait_on_hw_ila [get_hw_ilas -of_objects [get_hw_devices xcku060_0] -filter {CELL_NAME=~"u_ila_0"}]
display_hw_ila_data [upload_hw_ila_data [get_hw_ilas -of_objects [get_hw_devices xcku060_0] -filter {CELL_NAME=~"u_ila_0"}]]
INFO: [Labtools 27-1966] The ILA core 'hw_ila_1' triggered at 2026-Aug-06 17:56:57
INFO: [Labtools 27-3304] ILA Waveform data saved to file /home/williams/MYFPGA/FPGA Final/rs_codec_clean/rs_codec_clean/rs_codec_clean.hw/backup/hw_ila_data_1.ila. Use Tcl command 'read_hw_ila_data' or Vivado File->Import->Import ILA Data menu item to import the previously saved data.
run_hw_ila [get_hw_ilas -of_objects [get_hw_devices xcku060_0] -filter {CELL_NAME=~"u_ila_0"}]
INFO: [Labtools 27-1964] The ILA core 'hw_ila_1' trigger was armed at 2026-Aug-06 17:57:00
wait_on_hw_ila [get_hw_ilas -of_objects [get_hw_devices xcku060_0] -filter {CELL_NAME=~"u_ila_0"}]
display_hw_ila_data [upload_hw_ila_data [get_hw_ilas -of_objects [get_hw_devices xcku060_0] -filter {CELL_NAME=~"u_ila_0"}]]
INFO: [Labtools 27-1966] The ILA core 'hw_ila_1' triggered at 2026-Aug-06 17:57:00
INFO: [Labtools 27-3304] ILA Waveform data saved to file /home/williams/MYFPGA/FPGA Final/rs_codec_clean/rs_codec_clean/rs_codec_clean.hw/backup/hw_ila_data_1.ila. Use Tcl command 'read_hw_ila_data' or Vivado File->Import->Import ILA Data menu item to import the previously saved data.
run_hw_ila [get_hw_ilas -of_objects [get_hw_devices xcku060_0] -filter {CELL_NAME=~"u_ila_0"}]
INFO: [Labtools 27-1964] The ILA core 'hw_ila_1' trigger was armed at 2026-Aug-06 17:57:03
wait_on_hw_ila [get_hw_ilas -of_objects [get_hw_devices xcku060_0] -filter {CELL_NAME=~"u_ila_0"}]
display_hw_ila_data [upload_hw_ila_data [get_hw_ilas -of_objects [get_hw_devices xcku060_0] -filter {CELL_NAME=~"u_ila_0"}]]
INFO: [Labtools 27-1966] The ILA core 'hw_ila_1' triggered at 2026-Aug-06 17:57:03
INFO: [Labtools 27-3304] ILA Waveform data saved to file /home/williams/MYFPGA/FPGA Final/rs_codec_clean/rs_codec_clean/rs_codec_clean.hw/backup/hw_ila_data_1.ila. Use Tcl command 'read_hw_ila_data' or Vivado File->Import->Import ILA Data menu item to import the previously saved data.
run_hw_ila [get_hw_ilas -of_objects [get_hw_devices xcku060_0] -filter {CELL_NAME=~"u_ila_0"}]
INFO: [Labtools 27-1964] The ILA core 'hw_ila_1' trigger was armed at 2026-Aug-06 17:57:07
wait_on_hw_ila [get_hw_ilas -of_objects [get_hw_devices xcku060_0] -filter {CELL_NAME=~"u_ila_0"}]
display_hw_ila_data [upload_hw_ila_data [get_hw_ilas -of_objects [get_hw_devices xcku060_0] -filter {CELL_NAME=~"u_ila_0"}]]
INFO: [Labtools 27-1966] The ILA core 'hw_ila_1' triggered at 2026-Aug-06 17:57:07
INFO: [Labtools 27-3304] ILA Waveform data saved to file /home/williams/MYFPGA/FPGA Final/rs_codec_clean/rs_codec_clean/rs_codec_clean.hw/backup/hw_ila_data_1.ila. Use Tcl command 'read_hw_ila_data' or Vivado File->Import->Import ILA Data menu item to import the previously saved data.
run_hw_ila [get_hw_ilas -of_objects [get_hw_devices xcku060_0] -filter {CELL_NAME=~"u_ila_0"}]
INFO: [Labtools 27-1964] The ILA core 'hw_ila_1' trigger was armed at 2026-Aug-06 17:57:10
wait_on_hw_ila [get_hw_ilas -of_objects [get_hw_devices xcku060_0] -filter {CELL_NAME=~"u_ila_0"}]
display_hw_ila_data [upload_hw_ila_data [get_hw_ilas -of_objects [get_hw_devices xcku060_0] -filter {CELL_NAME=~"u_ila_0"}]]
INFO: [Labtools 27-1966] The ILA core 'hw_ila_1' triggered at 2026-Aug-06 17:57:10
INFO: [Labtools 27-3304] ILA Waveform data saved to file /home/williams/MYFPGA/FPGA Final/rs_codec_clean/rs_codec_clean/rs_codec_clean.hw/backup/hw_ila_data_1.ila. Use Tcl command 'read_hw_ila_data' or Vivado File->Import->Import ILA Data menu item to import the previously saved data.
run_hw_ila [get_hw_ilas -of_objects [get_hw_devices xcku060_0] -filter {CELL_NAME=~"u_ila_0"}]
INFO: [Labtools 27-1964] The ILA core 'hw_ila_1' trigger was armed at 2026-Aug-06 17:57:13
wait_on_hw_ila [get_hw_ilas -of_objects [get_hw_devices xcku060_0] -filter {CELL_NAME=~"u_ila_0"}]
display_hw_ila_data [upload_hw_ila_data [get_hw_ilas -of_objects [get_hw_devices xcku060_0] -filter {CELL_NAME=~"u_ila_0"}]]
INFO: [Labtools 27-1966] The ILA core 'hw_ila_1' triggered at 2026-Aug-06 17:57:13
INFO: [Labtools 27-3304] ILA Waveform data saved to file /home/williams/MYFPGA/FPGA Final/rs_codec_clean/rs_codec_clean/rs_codec_clean.hw/backup/hw_ila_data_1.ila. Use Tcl command 'read_hw_ila_data' or Vivado File->Import->Import ILA Data menu item to import the previously saved data.
run_hw_ila [get_hw_ilas -of_objects [get_hw_devices xcku060_0] -filter {CELL_NAME=~"u_ila_0"}]
INFO: [Labtools 27-1964] The ILA core 'hw_ila_1' trigger was armed at 2026-Aug-06 17:57:17
wait_on_hw_ila [get_hw_ilas -of_objects [get_hw_devices xcku060_0] -filter {CELL_NAME=~"u_ila_0"}]
display_hw_ila_data [upload_hw_ila_data [get_hw_ilas -of_objects [get_hw_devices xcku060_0] -filter {CELL_NAME=~"u_ila_0"}]]
INFO: [Labtools 27-1966] The ILA core 'hw_ila_1' triggered at 2026-Aug-06 17:57:17
INFO: [Labtools 27-3304] ILA Waveform data saved to file /home/williams/MYFPGA/FPGA Final/rs_codec_clean/rs_codec_clean/rs_codec_clean.hw/backup/hw_ila_data_1.ila. Use Tcl command 'read_hw_ila_data' or Vivado File->Import->Import ILA Data menu item to import the previously saved data.
run_hw_ila [get_hw_ilas -of_objects [get_hw_devices xcku060_0] -filter {CELL_NAME=~"u_ila_0"}]
INFO: [Labtools 27-1964] The ILA core 'hw_ila_1' trigger was armed at 2026-Aug-06 17:57:20
wait_on_hw_ila [get_hw_ilas -of_objects [get_hw_devices xcku060_0] -filter {CELL_NAME=~"u_ila_0"}]
display_hw_ila_data [upload_hw_ila_data [get_hw_ilas -of_objects [get_hw_devices xcku060_0] -filter {CELL_NAME=~"u_ila_0"}]]
INFO: [Labtools 27-1966] The ILA core 'hw_ila_1' triggered at 2026-Aug-06 17:57:20
INFO: [Labtools 27-3304] ILA Waveform data saved to file /home/williams/MYFPGA/FPGA Final/rs_codec_clean/rs_codec_clean/rs_codec_clean.hw/backup/hw_ila_data_1.ila. Use Tcl command 'read_hw_ila_data' or Vivado File->Import->Import ILA Data menu item to import the previously saved data.
run_hw_ila [get_hw_ilas -of_objects [get_hw_devices xcku060_0] -filter {CELL_NAME=~"u_ila_0"}]
INFO: [Labtools 27-1964] The ILA core 'hw_ila_1' trigger was armed at 2026-Aug-06 17:57:23
wait_on_hw_ila [get_hw_ilas -of_objects [get_hw_devices xcku060_0] -filter {CELL_NAME=~"u_ila_0"}]
display_hw_ila_data [upload_hw_ila_data [get_hw_ilas -of_objects [get_hw_devices xcku060_0] -filter {CELL_NAME=~"u_ila_0"}]]
INFO: [Labtools 27-1966] The ILA core 'hw_ila_1' triggered at 2026-Aug-06 17:57:23
INFO: [Labtools 27-3304] ILA Waveform data saved to file /home/williams/MYFPGA/FPGA Final/rs_codec_clean/rs_codec_clean/rs_codec_clean.hw/backup/hw_ila_data_1.ila. Use Tcl command 'read_hw_ila_data' or Vivado File->Import->Import ILA Data menu item to import the previously saved data.
run_hw_ila [get_hw_ilas -of_objects [get_hw_devices xcku060_0] -filter {CELL_NAME=~"u_ila_0"}]
INFO: [Labtools 27-1964] The ILA core 'hw_ila_1' trigger was armed at 2026-Aug-06 17:57:26
wait_on_hw_ila [get_hw_ilas -of_objects [get_hw_devices xcku060_0] -filter {CELL_NAME=~"u_ila_0"}]
display_hw_ila_data [upload_hw_ila_data [get_hw_ilas -of_objects [get_hw_devices xcku060_0] -filter {CELL_NAME=~"u_ila_0"}]]
INFO: [Labtools 27-1966] The ILA core 'hw_ila_1' triggered at 2026-Aug-06 17:57:26
INFO: [Labtools 27-3304] ILA Waveform data saved to file /home/williams/MYFPGA/FPGA Final/rs_codec_clean/rs_codec_clean/rs_codec_clean.hw/backup/hw_ila_data_1.ila. Use Tcl command 'read_hw_ila_data' or Vivado File->Import->Import ILA Data menu item to import the previously saved data.
run_hw_ila [get_hw_ilas -of_objects [get_hw_devices xcku060_0] -filter {CELL_NAME=~"u_ila_0"}]
INFO: [Labtools 27-1964] The ILA core 'hw_ila_1' trigger was armed at 2026-Aug-06 17:57:30
wait_on_hw_ila [get_hw_ilas -of_objects [get_hw_devices xcku060_0] -filter {CELL_NAME=~"u_ila_0"}]
display_hw_ila_data [upload_hw_ila_data [get_hw_ilas -of_objects [get_hw_devices xcku060_0] -filter {CELL_NAME=~"u_ila_0"}]]
INFO: [Labtools 27-1966] The ILA core 'hw_ila_1' triggered at 2026-Aug-06 17:57:30
INFO: [Labtools 27-3304] ILA Waveform data saved to file /home/williams/MYFPGA/FPGA Final/rs_codec_clean/rs_codec_clean/rs_codec_clean.hw/backup/hw_ila_data_1.ila. Use Tcl command 'read_hw_ila_data' or Vivado File->Import->Import ILA Data menu item to import the previously saved data.
run_hw_ila [get_hw_ilas -of_objects [get_hw_devices xcku060_0] -filter {CELL_NAME=~"u_ila_0"}]
INFO: [Labtools 27-1964] The ILA core 'hw_ila_1' trigger was armed at 2026-Aug-06 17:57:33
wait_on_hw_ila [get_hw_ilas -of_objects [get_hw_devices xcku060_0] -filter {CELL_NAME=~"u_ila_0"}]
display_hw_ila_data [upload_hw_ila_data [get_hw_ilas -of_objects [get_hw_devices xcku060_0] -filter {CELL_NAME=~"u_ila_0"}]]
INFO: [Labtools 27-1966] The ILA core 'hw_ila_1' triggered at 2026-Aug-06 17:57:33
INFO: [Labtools 27-3304] ILA Waveform data saved to file /home/williams/MYFPGA/FPGA Final/rs_codec_clean/rs_codec_clean/rs_codec_clean.hw/backup/hw_ila_data_1.ila. Use Tcl command 'read_hw_ila_data' or Vivado File->Import->Import ILA Data menu item to import the previously saved data.
run_hw_ila [get_hw_ilas -of_objects [get_hw_devices xcku060_0] -filter {CELL_NAME=~"u_ila_0"}]
INFO: [Labtools 27-1964] The ILA core 'hw_ila_1' trigger was armed at 2026-Aug-06 17:57:36
wait_on_hw_ila [get_hw_ilas -of_objects [get_hw_devices xcku060_0] -filter {CELL_NAME=~"u_ila_0"}]
display_hw_ila_data [upload_hw_ila_data [get_hw_ilas -of_objects [get_hw_devices xcku060_0] -filter {CELL_NAME=~"u_ila_0"}]]
INFO: [Labtools 27-1966] The ILA core 'hw_ila_1' triggered at 2026-Aug-06 17:57:36
INFO: [Labtools 27-3304] ILA Waveform data saved to file /home/williams/MYFPGA/FPGA Final/rs_codec_clean/rs_codec_clean/rs_codec_clean.hw/backup/hw_ila_data_1.ila. Use Tcl command 'read_hw_ila_data' or Vivado File->Import->Import ILA Data menu item to import the previously saved data.
run_hw_ila [get_hw_ilas -of_objects [get_hw_devices xcku060_0] -filter {CELL_NAME=~"u_ila_0"}]
INFO: [Labtools 27-1964] The ILA core 'hw_ila_1' trigger was armed at 2026-Aug-06 17:57:39
wait_on_hw_ila [get_hw_ilas -of_objects [get_hw_devices xcku060_0] -filter {CELL_NAME=~"u_ila_0"}]
display_hw_ila_data [upload_hw_ila_data [get_hw_ilas -of_objects [get_hw_devices xcku060_0] -filter {CELL_NAME=~"u_ila_0"}]]
INFO: [Labtools 27-1966] The ILA core 'hw_ila_1' triggered at 2026-Aug-06 17:57:39
INFO: [Labtools 27-3304] ILA Waveform data saved to file /home/williams/MYFPGA/FPGA Final/rs_codec_clean/rs_codec_clean/rs_codec_clean.hw/backup/hw_ila_data_1.ila. Use Tcl command 'read_hw_ila_data' or Vivado File->Import->Import ILA Data menu item to import the previously saved data.
run_hw_ila [get_hw_ilas -of_objects [get_hw_devices xcku060_0] -filter {CELL_NAME=~"u_ila_0"}]
INFO: [Labtools 27-1964] The ILA core 'hw_ila_1' trigger was armed at 2026-Aug-06 17:57:43
wait_on_hw_ila [get_hw_ilas -of_objects [get_hw_devices xcku060_0] -filter {CELL_NAME=~"u_ila_0"}]
display_hw_ila_data [upload_hw_ila_data [get_hw_ilas -of_objects [get_hw_devices xcku060_0] -filter {CELL_NAME=~"u_ila_0"}]]
INFO: [Labtools 27-1966] The ILA core 'hw_ila_1' triggered at 2026-Aug-06 17:57:43
INFO: [Labtools 27-3304] ILA Waveform data saved to file /home/williams/MYFPGA/FPGA Final/rs_codec_clean/rs_codec_clean/rs_codec_clean.hw/backup/hw_ila_data_1.ila. Use Tcl command 'read_hw_ila_data' or Vivado File->Import->Import ILA Data menu item to import the previously saved data.
run_hw_ila [get_hw_ilas -of_objects [get_hw_devices xcku060_0] -filter {CELL_NAME=~"u_ila_0"}]
INFO: [Labtools 27-1964] The ILA core 'hw_ila_1' trigger was armed at 2026-Aug-06 17:57:46
wait_on_hw_ila [get_hw_ilas -of_objects [get_hw_devices xcku060_0] -filter {CELL_NAME=~"u_ila_0"}]
display_hw_ila_data [upload_hw_ila_data [get_hw_ilas -of_objects [get_hw_devices xcku060_0] -filter {CELL_NAME=~"u_ila_0"}]]
INFO: [Labtools 27-1966] The ILA core 'hw_ila_1' triggered at 2026-Aug-06 17:57:46
INFO: [Labtools 27-3304] ILA Waveform data saved to file /home/williams/MYFPGA/FPGA Final/rs_codec_clean/rs_codec_clean/rs_codec_clean.hw/backup/hw_ila_data_1.ila. Use Tcl command 'read_hw_ila_data' or Vivado File->Import->Import ILA Data menu item to import the previously saved data.
run_hw_ila [get_hw_ilas -of_objects [get_hw_devices xcku060_0] -filter {CELL_NAME=~"u_ila_0"}]
INFO: [Labtools 27-1964] The ILA core 'hw_ila_1' trigger was armed at 2026-Aug-06 17:57:49
wait_on_hw_ila [get_hw_ilas -of_objects [get_hw_devices xcku060_0] -filter {CELL_NAME=~"u_ila_0"}]
display_hw_ila_data [upload_hw_ila_data [get_hw_ilas -of_objects [get_hw_devices xcku060_0] -filter {CELL_NAME=~"u_ila_0"}]]
INFO: [Labtools 27-1966] The ILA core 'hw_ila_1' triggered at 2026-Aug-06 17:57:49
INFO: [Labtools 27-3304] ILA Waveform data saved to file /home/williams/MYFPGA/FPGA Final/rs_codec_clean/rs_codec_clean/rs_codec_clean.hw/backup/hw_ila_data_1.ila. Use Tcl command 'read_hw_ila_data' or Vivado File->Import->Import ILA Data menu item to import the previously saved data.
run_hw_ila [get_hw_ilas -of_objects [get_hw_devices xcku060_0] -filter {CELL_NAME=~"u_ila_0"}]
INFO: [Labtools 27-1964] The ILA core 'hw_ila_1' trigger was armed at 2026-Aug-06 17:57:53
wait_on_hw_ila [get_hw_ilas -of_objects [get_hw_devices xcku060_0] -filter {CELL_NAME=~"u_ila_0"}]
display_hw_ila_data [upload_hw_ila_data [get_hw_ilas -of_objects [get_hw_devices xcku060_0] -filter {CELL_NAME=~"u_ila_0"}]]
INFO: [Labtools 27-1966] The ILA core 'hw_ila_1' triggered at 2026-Aug-06 17:57:53
INFO: [Labtools 27-3304] ILA Waveform data saved to file /home/williams/MYFPGA/FPGA Final/rs_codec_clean/rs_codec_clean/rs_codec_clean.hw/backup/hw_ila_data_1.ila. Use Tcl command 'read_hw_ila_data' or Vivado File->Import->Import ILA Data menu item to import the previously saved data.
run_hw_ila [get_hw_ilas -of_objects [get_hw_devices xcku060_0] -filter {CELL_NAME=~"u_ila_0"}]
INFO: [Labtools 27-1964] The ILA core 'hw_ila_1' trigger was armed at 2026-Aug-06 17:57:56
wait_on_hw_ila [get_hw_ilas -of_objects [get_hw_devices xcku060_0] -filter {CELL_NAME=~"u_ila_0"}]
display_hw_ila_data [upload_hw_ila_data [get_hw_ilas -of_objects [get_hw_devices xcku060_0] -filter {CELL_NAME=~"u_ila_0"}]]
INFO: [Labtools 27-1966] The ILA core 'hw_ila_1' triggered at 2026-Aug-06 17:57:56
INFO: [Labtools 27-3304] ILA Waveform data saved to file /home/williams/MYFPGA/FPGA Final/rs_codec_clean/rs_codec_clean/rs_codec_clean.hw/backup/hw_ila_data_1.ila. Use Tcl command 'read_hw_ila_data' or Vivado File->Import->Import ILA Data menu item to import the previously saved data.
run_hw_ila [get_hw_ilas -of_objects [get_hw_devices xcku060_0] -filter {CELL_NAME=~"u_ila_0"}]
INFO: [Labtools 27-1964] The ILA core 'hw_ila_1' trigger was armed at 2026-Aug-06 17:57:59
wait_on_hw_ila [get_hw_ilas -of_objects [get_hw_devices xcku060_0] -filter {CELL_NAME=~"u_ila_0"}]
display_hw_ila_data [upload_hw_ila_data [get_hw_ilas -of_objects [get_hw_devices xcku060_0] -filter {CELL_NAME=~"u_ila_0"}]]
INFO: [Labtools 27-1966] The ILA core 'hw_ila_1' triggered at 2026-Aug-06 17:57:59
INFO: [Labtools 27-3304] ILA Waveform data saved to file /home/williams/MYFPGA/FPGA Final/rs_codec_clean/rs_codec_clean/rs_codec_clean.hw/backup/hw_ila_data_1.ila. Use Tcl command 'read_hw_ila_data' or Vivado File->Import->Import ILA Data menu item to import the previously saved data.
run_hw_ila [get_hw_ilas -of_objects [get_hw_devices xcku060_0] -filter {CELL_NAME=~"u_ila_0"}]
INFO: [Labtools 27-1964] The ILA core 'hw_ila_1' trigger was armed at 2026-Aug-06 17:58:02
wait_on_hw_ila [get_hw_ilas -of_objects [get_hw_devices xcku060_0] -filter {CELL_NAME=~"u_ila_0"}]
display_hw_ila_data [upload_hw_ila_data [get_hw_ilas -of_objects [get_hw_devices xcku060_0] -filter {CELL_NAME=~"u_ila_0"}]]
INFO: [Labtools 27-1966] The ILA core 'hw_ila_1' triggered at 2026-Aug-06 17:58:02
INFO: [Labtools 27-3304] ILA Waveform data saved to file /home/williams/MYFPGA/FPGA Final/rs_codec_clean/rs_codec_clean/rs_codec_clean.hw/backup/hw_ila_data_1.ila. Use Tcl command 'read_hw_ila_data' or Vivado File->Import->Import ILA Data menu item to import the previously saved data.
run_hw_ila [get_hw_ilas -of_objects [get_hw_devices xcku060_0] -filter {CELL_NAME=~"u_ila_0"}]
INFO: [Labtools 27-1964] The ILA core 'hw_ila_1' trigger was armed at 2026-Aug-06 17:58:06
wait_on_hw_ila [get_hw_ilas -of_objects [get_hw_devices xcku060_0] -filter {CELL_NAME=~"u_ila_0"}]
display_hw_ila_data [upload_hw_ila_data [get_hw_ilas -of_objects [get_hw_devices xcku060_0] -filter {CELL_NAME=~"u_ila_0"}]]
INFO: [Labtools 27-1966] The ILA core 'hw_ila_1' triggered at 2026-Aug-06 17:58:06
INFO: [Labtools 27-3304] ILA Waveform data saved to file /home/williams/MYFPGA/FPGA Final/rs_codec_clean/rs_codec_clean/rs_codec_clean.hw/backup/hw_ila_data_1.ila. Use Tcl command 'read_hw_ila_data' or Vivado File->Import->Import ILA Data menu item to import the previously saved data.
run_hw_ila [get_hw_ilas -of_objects [get_hw_devices xcku060_0] -filter {CELL_NAME=~"u_ila_0"}]
INFO: [Labtools 27-1964] The ILA core 'hw_ila_1' trigger was armed at 2026-Aug-06 17:58:09
wait_on_hw_ila [get_hw_ilas -of_objects [get_hw_devices xcku060_0] -filter {CELL_NAME=~"u_ila_0"}]
display_hw_ila_data [upload_hw_ila_data [get_hw_ilas -of_objects [get_hw_devices xcku060_0] -filter {CELL_NAME=~"u_ila_0"}]]
INFO: [Labtools 27-1966] The ILA core 'hw_ila_1' triggered at 2026-Aug-06 17:58:09
INFO: [Labtools 27-3304] ILA Waveform data saved to file /home/williams/MYFPGA/FPGA Final/rs_codec_clean/rs_codec_clean/rs_codec_clean.hw/backup/hw_ila_data_1.ila. Use Tcl command 'read_hw_ila_data' or Vivado File->Import->Import ILA Data menu item to import the previously saved data.
run_hw_ila [get_hw_ilas -of_objects [get_hw_devices xcku060_0] -filter {CELL_NAME=~"u_ila_0"}]
INFO: [Labtools 27-1964] The ILA core 'hw_ila_1' trigger was armed at 2026-Aug-06 17:58:12
wait_on_hw_ila [get_hw_ilas -of_objects [get_hw_devices xcku060_0] -filter {CELL_NAME=~"u_ila_0"}]
display_hw_ila_data [upload_hw_ila_data [get_hw_ilas -of_objects [get_hw_devices xcku060_0] -filter {CELL_NAME=~"u_ila_0"}]]
INFO: [Labtools 27-1966] The ILA core 'hw_ila_1' triggered at 2026-Aug-06 17:58:12
INFO: [Labtools 27-3304] ILA Waveform data saved to file /home/williams/MYFPGA/FPGA Final/rs_codec_clean/rs_codec_clean/rs_codec_clean.hw/backup/hw_ila_data_1.ila. Use Tcl command 'read_hw_ila_data' or Vivado File->Import->Import ILA Data menu item to import the previously saved data.
run_hw_ila [get_hw_ilas -of_objects [get_hw_devices xcku060_0] -filter {CELL_NAME=~"u_ila_0"}]
INFO: [Labtools 27-1964] The ILA core 'hw_ila_1' trigger was armed at 2026-Aug-06 17:58:15
wait_on_hw_ila [get_hw_ilas -of_objects [get_hw_devices xcku060_0] -filter {CELL_NAME=~"u_ila_0"}]
display_hw_ila_data [upload_hw_ila_data [get_hw_ilas -of_objects [get_hw_devices xcku060_0] -filter {CELL_NAME=~"u_ila_0"}]]
INFO: [Labtools 27-1966] The ILA core 'hw_ila_1' triggered at 2026-Aug-06 17:58:15
INFO: [Labtools 27-3304] ILA Waveform data saved to file /home/williams/MYFPGA/FPGA Final/rs_codec_clean/rs_codec_clean/rs_codec_clean.hw/backup/hw_ila_data_1.ila. Use Tcl command 'read_hw_ila_data' or Vivado File->Import->Import ILA Data menu item to import the previously saved data.
run_hw_ila [get_hw_ilas -of_objects [get_hw_devices xcku060_0] -filter {CELL_NAME=~"u_ila_0"}]
INFO: [Labtools 27-1964] The ILA core 'hw_ila_1' trigger was armed at 2026-Aug-06 17:58:19
wait_on_hw_ila [get_hw_ilas -of_objects [get_hw_devices xcku060_0] -filter {CELL_NAME=~"u_ila_0"}]
display_hw_ila_data [upload_hw_ila_data [get_hw_ilas -of_objects [get_hw_devices xcku060_0] -filter {CELL_NAME=~"u_ila_0"}]]
INFO: [Labtools 27-1966] The ILA core 'hw_ila_1' triggered at 2026-Aug-06 17:58:19
INFO: [Labtools 27-3304] ILA Waveform data saved to file /home/williams/MYFPGA/FPGA Final/rs_codec_clean/rs_codec_clean/rs_codec_clean.hw/backup/hw_ila_data_1.ila. Use Tcl command 'read_hw_ila_data' or Vivado File->Import->Import ILA Data menu item to import the previously saved data.
run_hw_ila [get_hw_ilas -of_objects [get_hw_devices xcku060_0] -filter {CELL_NAME=~"u_ila_0"}]
INFO: [Labtools 27-1964] The ILA core 'hw_ila_1' trigger was armed at 2026-Aug-06 17:58:22
wait_on_hw_ila [get_hw_ilas -of_objects [get_hw_devices xcku060_0] -filter {CELL_NAME=~"u_ila_0"}]
display_hw_ila_data [upload_hw_ila_data [get_hw_ilas -of_objects [get_hw_devices xcku060_0] -filter {CELL_NAME=~"u_ila_0"}]]
INFO: [Labtools 27-1966] The ILA core 'hw_ila_1' triggered at 2026-Aug-06 17:58:22
INFO: [Labtools 27-3304] ILA Waveform data saved to file /home/williams/MYFPGA/FPGA Final/rs_codec_clean/rs_codec_clean/rs_codec_clean.hw/backup/hw_ila_data_1.ila. Use Tcl command 'read_hw_ila_data' or Vivado File->Import->Import ILA Data menu item to import the previously saved data.
run_hw_ila [get_hw_ilas -of_objects [get_hw_devices xcku060_0] -filter {CELL_NAME=~"u_ila_0"}]
INFO: [Labtools 27-1964] The ILA core 'hw_ila_1' trigger was armed at 2026-Aug-06 17:58:25
wait_on_hw_ila [get_hw_ilas -of_objects [get_hw_devices xcku060_0] -filter {CELL_NAME=~"u_ila_0"}]
display_hw_ila_data [upload_hw_ila_data [get_hw_ilas -of_objects [get_hw_devices xcku060_0] -filter {CELL_NAME=~"u_ila_0"}]]
INFO: [Labtools 27-1966] The ILA core 'hw_ila_1' triggered at 2026-Aug-06 17:58:25
INFO: [Labtools 27-3304] ILA Waveform data saved to file /home/williams/MYFPGA/FPGA Final/rs_codec_clean/rs_codec_clean/rs_codec_clean.hw/backup/hw_ila_data_1.ila. Use Tcl command 'read_hw_ila_data' or Vivado File->Import->Import ILA Data menu item to import the previously saved data.
run_hw_ila [get_hw_ilas -of_objects [get_hw_devices xcku060_0] -filter {CELL_NAME=~"u_ila_0"}]
INFO: [Labtools 27-1964] The ILA core 'hw_ila_1' trigger was armed at 2026-Aug-06 17:58:29
wait_on_hw_ila [get_hw_ilas -of_objects [get_hw_devices xcku060_0] -filter {CELL_NAME=~"u_ila_0"}]
display_hw_ila_data [upload_hw_ila_data [get_hw_ilas -of_objects [get_hw_devices xcku060_0] -filter {CELL_NAME=~"u_ila_0"}]]
INFO: [Labtools 27-1966] The ILA core 'hw_ila_1' triggered at 2026-Aug-06 17:58:29
INFO: [Labtools 27-3304] ILA Waveform data saved to file /home/williams/MYFPGA/FPGA Final/rs_codec_clean/rs_codec_clean/rs_codec_clean.hw/backup/hw_ila_data_1.ila. Use Tcl command 'read_hw_ila_data' or Vivado File->Import->Import ILA Data menu item to import the previously saved data.
run_hw_ila [get_hw_ilas -of_objects [get_hw_devices xcku060_0] -filter {CELL_NAME=~"u_ila_0"}]
INFO: [Labtools 27-1964] The ILA core 'hw_ila_1' trigger was armed at 2026-Aug-06 17:58:32
wait_on_hw_ila [get_hw_ilas -of_objects [get_hw_devices xcku060_0] -filter {CELL_NAME=~"u_ila_0"}]
display_hw_ila_data [upload_hw_ila_data [get_hw_ilas -of_objects [get_hw_devices xcku060_0] -filter {CELL_NAME=~"u_ila_0"}]]
INFO: [Labtools 27-1966] The ILA core 'hw_ila_1' triggered at 2026-Aug-06 17:58:32
INFO: [Labtools 27-3304] ILA Waveform data saved to file /home/williams/MYFPGA/FPGA Final/rs_codec_clean/rs_codec_clean/rs_codec_clean.hw/backup/hw_ila_data_1.ila. Use Tcl command 'read_hw_ila_data' or Vivado File->Import->Import ILA Data menu item to import the previously saved data.
run_hw_ila [get_hw_ilas -of_objects [get_hw_devices xcku060_0] -filter {CELL_NAME=~"u_ila_0"}]
INFO: [Labtools 27-1964] The ILA core 'hw_ila_1' trigger was armed at 2026-Aug-06 17:58:35
wait_on_hw_ila [get_hw_ilas -of_objects [get_hw_devices xcku060_0] -filter {CELL_NAME=~"u_ila_0"}]
display_hw_ila_data [upload_hw_ila_data [get_hw_ilas -of_objects [get_hw_devices xcku060_0] -filter {CELL_NAME=~"u_ila_0"}]]
INFO: [Labtools 27-1966] The ILA core 'hw_ila_1' triggered at 2026-Aug-06 17:58:35
INFO: [Labtools 27-3304] ILA Waveform data saved to file /home/williams/MYFPGA/FPGA Final/rs_codec_clean/rs_codec_clean/rs_codec_clean.hw/backup/hw_ila_data_1.ila. Use Tcl command 'read_hw_ila_data' or Vivado File->Import->Import ILA Data menu item to import the previously saved data.
run_hw_ila [get_hw_ilas -of_objects [get_hw_devices xcku060_0] -filter {CELL_NAME=~"u_ila_0"}]
INFO: [Labtools 27-1964] The ILA core 'hw_ila_1' trigger was armed at 2026-Aug-06 17:58:38
wait_on_hw_ila [get_hw_ilas -of_objects [get_hw_devices xcku060_0] -filter {CELL_NAME=~"u_ila_0"}]
display_hw_ila_data [upload_hw_ila_data [get_hw_ilas -of_objects [get_hw_devices xcku060_0] -filter {CELL_NAME=~"u_ila_0"}]]
INFO: [Labtools 27-1966] The ILA core 'hw_ila_1' triggered at 2026-Aug-06 17:58:38
INFO: [Labtools 27-3304] ILA Waveform data saved to file /home/williams/MYFPGA/FPGA Final/rs_codec_clean/rs_codec_clean/rs_codec_clean.hw/backup/hw_ila_data_1.ila. Use Tcl command 'read_hw_ila_data' or Vivado File->Import->Import ILA Data menu item to import the previously saved data.
run_hw_ila [get_hw_ilas -of_objects [get_hw_devices xcku060_0] -filter {CELL_NAME=~"u_ila_0"}]
INFO: [Labtools 27-1964] The ILA core 'hw_ila_1' trigger was armed at 2026-Aug-06 17:58:42
wait_on_hw_ila [get_hw_ilas -of_objects [get_hw_devices xcku060_0] -filter {CELL_NAME=~"u_ila_0"}]
display_hw_ila_data [upload_hw_ila_data [get_hw_ilas -of_objects [get_hw_devices xcku060_0] -filter {CELL_NAME=~"u_ila_0"}]]
INFO: [Labtools 27-1966] The ILA core 'hw_ila_1' triggered at 2026-Aug-06 17:58:42
INFO: [Labtools 27-3304] ILA Waveform data saved to file /home/williams/MYFPGA/FPGA Final/rs_codec_clean/rs_codec_clean/rs_codec_clean.hw/backup/hw_ila_data_1.ila. Use Tcl command 'read_hw_ila_data' or Vivado File->Import->Import ILA Data menu item to import the previously saved data.
run_hw_ila [get_hw_ilas -of_objects [get_hw_devices xcku060_0] -filter {CELL_NAME=~"u_ila_0"}]
INFO: [Labtools 27-1964] The ILA core 'hw_ila_1' trigger was armed at 2026-Aug-06 17:58:45
wait_on_hw_ila [get_hw_ilas -of_objects [get_hw_devices xcku060_0] -filter {CELL_NAME=~"u_ila_0"}]
display_hw_ila_data [upload_hw_ila_data [get_hw_ilas -of_objects [get_hw_devices xcku060_0] -filter {CELL_NAME=~"u_ila_0"}]]
INFO: [Labtools 27-1966] The ILA core 'hw_ila_1' triggered at 2026-Aug-06 17:58:45
INFO: [Labtools 27-3304] ILA Waveform data saved to file /home/williams/MYFPGA/FPGA Final/rs_codec_clean/rs_codec_clean/rs_codec_clean.hw/backup/hw_ila_data_1.ila. Use Tcl command 'read_hw_ila_data' or Vivado File->Import->Import ILA Data menu item to import the previously saved data.
run_hw_ila [get_hw_ilas -of_objects [get_hw_devices xcku060_0] -filter {CELL_NAME=~"u_ila_0"}]
INFO: [Labtools 27-1964] The ILA core 'hw_ila_1' trigger was armed at 2026-Aug-06 17:58:48
wait_on_hw_ila [get_hw_ilas -of_objects [get_hw_devices xcku060_0] -filter {CELL_NAME=~"u_ila_0"}]
display_hw_ila_data [upload_hw_ila_data [get_hw_ilas -of_objects [get_hw_devices xcku060_0] -filter {CELL_NAME=~"u_ila_0"}]]
INFO: [Labtools 27-1966] The ILA core 'hw_ila_1' triggered at 2026-Aug-06 17:58:48
INFO: [Labtools 27-3304] ILA Waveform data saved to file /home/williams/MYFPGA/FPGA Final/rs_codec_clean/rs_codec_clean/rs_codec_clean.hw/backup/hw_ila_data_1.ila. Use Tcl command 'read_hw_ila_data' or Vivado File->Import->Import ILA Data menu item to import the previously saved data.
run_hw_ila [get_hw_ilas -of_objects [get_hw_devices xcku060_0] -filter {CELL_NAME=~"u_ila_0"}]
INFO: [Labtools 27-1964] The ILA core 'hw_ila_1' trigger was armed at 2026-Aug-06 17:58:51
wait_on_hw_ila [get_hw_ilas -of_objects [get_hw_devices xcku060_0] -filter {CELL_NAME=~"u_ila_0"}]
display_hw_ila_data [upload_hw_ila_data [get_hw_ilas -of_objects [get_hw_devices xcku060_0] -filter {CELL_NAME=~"u_ila_0"}]]
INFO: [Labtools 27-1966] The ILA core 'hw_ila_1' triggered at 2026-Aug-06 17:58:51
INFO: [Labtools 27-3304] ILA Waveform data saved to file /home/williams/MYFPGA/FPGA Final/rs_codec_clean/rs_codec_clean/rs_codec_clean.hw/backup/hw_ila_data_1.ila. Use Tcl command 'read_hw_ila_data' or Vivado File->Import->Import ILA Data menu item to import the previously saved data.
run_hw_ila [get_hw_ilas -of_objects [get_hw_devices xcku060_0] -filter {CELL_NAME=~"u_ila_0"}]
INFO: [Labtools 27-1964] The ILA core 'hw_ila_1' trigger was armed at 2026-Aug-06 17:58:55
wait_on_hw_ila [get_hw_ilas -of_objects [get_hw_devices xcku060_0] -filter {CELL_NAME=~"u_ila_0"}]
display_hw_ila_data [upload_hw_ila_data [get_hw_ilas -of_objects [get_hw_devices xcku060_0] -filter {CELL_NAME=~"u_ila_0"}]]
INFO: [Labtools 27-1966] The ILA core 'hw_ila_1' triggered at 2026-Aug-06 17:58:55
INFO: [Labtools 27-3304] ILA Waveform data saved to file /home/williams/MYFPGA/FPGA Final/rs_codec_clean/rs_codec_clean/rs_codec_clean.hw/backup/hw_ila_data_1.ila. Use Tcl command 'read_hw_ila_data' or Vivado File->Import->Import ILA Data menu item to import the previously saved data.
run_hw_ila [get_hw_ilas -of_objects [get_hw_devices xcku060_0] -filter {CELL_NAME=~"u_ila_0"}]
INFO: [Labtools 27-1964] The ILA core 'hw_ila_1' trigger was armed at 2026-Aug-06 17:58:58
wait_on_hw_ila [get_hw_ilas -of_objects [get_hw_devices xcku060_0] -filter {CELL_NAME=~"u_ila_0"}]
display_hw_ila_data [upload_hw_ila_data [get_hw_ilas -of_objects [get_hw_devices xcku060_0] -filter {CELL_NAME=~"u_ila_0"}]]
INFO: [Labtools 27-1966] The ILA core 'hw_ila_1' triggered at 2026-Aug-06 17:58:58
INFO: [Labtools 27-3304] ILA Waveform data saved to file /home/williams/MYFPGA/FPGA Final/rs_codec_clean/rs_codec_clean/rs_codec_clean.hw/backup/hw_ila_data_1.ila. Use Tcl command 'read_hw_ila_data' or Vivado File->Import->Import ILA Data menu item to import the previously saved data.
run_hw_ila [get_hw_ilas -of_objects [get_hw_devices xcku060_0] -filter {CELL_NAME=~"u_ila_0"}]
INFO: [Labtools 27-1964] The ILA core 'hw_ila_1' trigger was armed at 2026-Aug-06 17:59:01
wait_on_hw_ila [get_hw_ilas -of_objects [get_hw_devices xcku060_0] -filter {CELL_NAME=~"u_ila_0"}]
display_hw_ila_data [upload_hw_ila_data [get_hw_ilas -of_objects [get_hw_devices xcku060_0] -filter {CELL_NAME=~"u_ila_0"}]]
INFO: [Labtools 27-1966] The ILA core 'hw_ila_1' triggered at 2026-Aug-06 17:59:01
INFO: [Labtools 27-3304] ILA Waveform data saved to file /home/williams/MYFPGA/FPGA Final/rs_codec_clean/rs_codec_clean/rs_codec_clean.hw/backup/hw_ila_data_1.ila. Use Tcl command 'read_hw_ila_data' or Vivado File->Import->Import ILA Data menu item to import the previously saved data.
run_hw_ila [get_hw_ilas -of_objects [get_hw_devices xcku060_0] -filter {CELL_NAME=~"u_ila_0"}]
INFO: [Labtools 27-1964] The ILA core 'hw_ila_1' trigger was armed at 2026-Aug-06 17:59:05
wait_on_hw_ila [get_hw_ilas -of_objects [get_hw_devices xcku060_0] -filter {CELL_NAME=~"u_ila_0"}]
display_hw_ila_data [upload_hw_ila_data [get_hw_ilas -of_objects [get_hw_devices xcku060_0] -filter {CELL_NAME=~"u_ila_0"}]]
INFO: [Labtools 27-1966] The ILA core 'hw_ila_1' triggered at 2026-Aug-06 17:59:05
INFO: [Labtools 27-3304] ILA Waveform data saved to file /home/williams/MYFPGA/FPGA Final/rs_codec_clean/rs_codec_clean/rs_codec_clean.hw/backup/hw_ila_data_1.ila. Use Tcl command 'read_hw_ila_data' or Vivado File->Import->Import ILA Data menu item to import the previously saved data.
run_hw_ila [get_hw_ilas -of_objects [get_hw_devices xcku060_0] -filter {CELL_NAME=~"u_ila_0"}]
INFO: [Labtools 27-1964] The ILA core 'hw_ila_1' trigger was armed at 2026-Aug-06 17:59:08
wait_on_hw_ila [get_hw_ilas -of_objects [get_hw_devices xcku060_0] -filter {CELL_NAME=~"u_ila_0"}]
display_hw_ila_data [upload_hw_ila_data [get_hw_ilas -of_objects [get_hw_devices xcku060_0] -filter {CELL_NAME=~"u_ila_0"}]]
INFO: [Labtools 27-1966] The ILA core 'hw_ila_1' triggered at 2026-Aug-06 17:59:08
INFO: [Labtools 27-3304] ILA Waveform data saved to file /home/williams/MYFPGA/FPGA Final/rs_codec_clean/rs_codec_clean/rs_codec_clean.hw/backup/hw_ila_data_1.ila. Use Tcl command 'read_hw_ila_data' or Vivado File->Import->Import ILA Data menu item to import the previously saved data.
run_hw_ila [get_hw_ilas -of_objects [get_hw_devices xcku060_0] -filter {CELL_NAME=~"u_ila_0"}]
INFO: [Labtools 27-1964] The ILA core 'hw_ila_1' trigger was armed at 2026-Aug-06 17:59:11
wait_on_hw_ila [get_hw_ilas -of_objects [get_hw_devices xcku060_0] -filter {CELL_NAME=~"u_ila_0"}]
display_hw_ila_data [upload_hw_ila_data [get_hw_ilas -of_objects [get_hw_devices xcku060_0] -filter {CELL_NAME=~"u_ila_0"}]]
INFO: [Labtools 27-1966] The ILA core 'hw_ila_1' triggered at 2026-Aug-06 17:59:11
INFO: [Labtools 27-3304] ILA Waveform data saved to file /home/williams/MYFPGA/FPGA Final/rs_codec_clean/rs_codec_clean/rs_codec_clean.hw/backup/hw_ila_data_1.ila. Use Tcl command 'read_hw_ila_data' or Vivado File->Import->Import ILA Data menu item to import the previously saved data.
run_hw_ila [get_hw_ilas -of_objects [get_hw_devices xcku060_0] -filter {CELL_NAME=~"u_ila_0"}]
INFO: [Labtools 27-1964] The ILA core 'hw_ila_1' trigger was armed at 2026-Aug-06 17:59:14
wait_on_hw_ila [get_hw_ilas -of_objects [get_hw_devices xcku060_0] -filter {CELL_NAME=~"u_ila_0"}]
display_hw_ila_data [upload_hw_ila_data [get_hw_ilas -of_objects [get_hw_devices xcku060_0] -filter {CELL_NAME=~"u_ila_0"}]]
INFO: [Labtools 27-1966] The ILA core 'hw_ila_1' triggered at 2026-Aug-06 17:59:14
INFO: [Labtools 27-3304] ILA Waveform data saved to file /home/williams/MYFPGA/FPGA Final/rs_codec_clean/rs_codec_clean/rs_codec_clean.hw/backup/hw_ila_data_1.ila. Use Tcl command 'read_hw_ila_data' or Vivado File->Import->Import ILA Data menu item to import the previously saved data.
run_hw_ila [get_hw_ilas -of_objects [get_hw_devices xcku060_0] -filter {CELL_NAME=~"u_ila_0"}]
INFO: [Labtools 27-1964] The ILA core 'hw_ila_1' trigger was armed at 2026-Aug-06 17:59:18
wait_on_hw_ila [get_hw_ilas -of_objects [get_hw_devices xcku060_0] -filter {CELL_NAME=~"u_ila_0"}]
display_hw_ila_data [upload_hw_ila_data [get_hw_ilas -of_objects [get_hw_devices xcku060_0] -filter {CELL_NAME=~"u_ila_0"}]]
INFO: [Labtools 27-1966] The ILA core 'hw_ila_1' triggered at 2026-Aug-06 17:59:18
INFO: [Labtools 27-3304] ILA Waveform data saved to file /home/williams/MYFPGA/FPGA Final/rs_codec_clean/rs_codec_clean/rs_codec_clean.hw/backup/hw_ila_data_1.ila. Use Tcl command 'read_hw_ila_data' or Vivado File->Import->Import ILA Data menu item to import the previously saved data.
run_hw_ila [get_hw_ilas -of_objects [get_hw_devices xcku060_0] -filter {CELL_NAME=~"u_ila_0"}]
INFO: [Labtools 27-1964] The ILA core 'hw_ila_1' trigger was armed at 2026-Aug-06 17:59:21
wait_on_hw_ila [get_hw_ilas -of_objects [get_hw_devices xcku060_0] -filter {CELL_NAME=~"u_ila_0"}]
display_hw_ila_data [upload_hw_ila_data [get_hw_ilas -of_objects [get_hw_devices xcku060_0] -filter {CELL_NAME=~"u_ila_0"}]]
INFO: [Labtools 27-1966] The ILA core 'hw_ila_1' triggered at 2026-Aug-06 17:59:21
INFO: [Labtools 27-3304] ILA Waveform data saved to file /home/williams/MYFPGA/FPGA Final/rs_codec_clean/rs_codec_clean/rs_codec_clean.hw/backup/hw_ila_data_1.ila. Use Tcl command 'read_hw_ila_data' or Vivado File->Import->Import ILA Data menu item to import the previously saved data.
run_hw_ila [get_hw_ilas -of_objects [get_hw_devices xcku060_0] -filter {CELL_NAME=~"u_ila_0"}]
INFO: [Labtools 27-1964] The ILA core 'hw_ila_1' trigger was armed at 2026-Aug-06 17:59:24
wait_on_hw_ila [get_hw_ilas -of_objects [get_hw_devices xcku060_0] -filter {CELL_NAME=~"u_ila_0"}]
display_hw_ila_data [upload_hw_ila_data [get_hw_ilas -of_objects [get_hw_devices xcku060_0] -filter {CELL_NAME=~"u_ila_0"}]]
INFO: [Labtools 27-1966] The ILA core 'hw_ila_1' triggered at 2026-Aug-06 17:59:24
INFO: [Labtools 27-3304] ILA Waveform data saved to file /home/williams/MYFPGA/FPGA Final/rs_codec_clean/rs_codec_clean/rs_codec_clean.hw/backup/hw_ila_data_1.ila. Use Tcl command 'read_hw_ila_data' or Vivado File->Import->Import ILA Data menu item to import the previously saved data.
run_hw_ila [get_hw_ilas -of_objects [get_hw_devices xcku060_0] -filter {CELL_NAME=~"u_ila_0"}]
INFO: [Labtools 27-1964] The ILA core 'hw_ila_1' trigger was armed at 2026-Aug-06 17:59:27
wait_on_hw_ila [get_hw_ilas -of_objects [get_hw_devices xcku060_0] -filter {CELL_NAME=~"u_ila_0"}]
display_hw_ila_data [upload_hw_ila_data [get_hw_ilas -of_objects [get_hw_devices xcku060_0] -filter {CELL_NAME=~"u_ila_0"}]]
INFO: [Labtools 27-1966] The ILA core 'hw_ila_1' triggered at 2026-Aug-06 17:59:27
INFO: [Labtools 27-3304] ILA Waveform data saved to file /home/williams/MYFPGA/FPGA Final/rs_codec_clean/rs_codec_clean/rs_codec_clean.hw/backup/hw_ila_data_1.ila. Use Tcl command 'read_hw_ila_data' or Vivado File->Import->Import ILA Data menu item to import the previously saved data.
run_hw_ila [get_hw_ilas -of_objects [get_hw_devices xcku060_0] -filter {CELL_NAME=~"u_ila_0"}]
INFO: [Labtools 27-1964] The ILA core 'hw_ila_1' trigger was armed at 2026-Aug-06 17:59:31
wait_on_hw_ila [get_hw_ilas -of_objects [get_hw_devices xcku060_0] -filter {CELL_NAME=~"u_ila_0"}]
display_hw_ila_data [upload_hw_ila_data [get_hw_ilas -of_objects [get_hw_devices xcku060_0] -filter {CELL_NAME=~"u_ila_0"}]]
INFO: [Labtools 27-1966] The ILA core 'hw_ila_1' triggered at 2026-Aug-06 17:59:31
INFO: [Labtools 27-3304] ILA Waveform data saved to file /home/williams/MYFPGA/FPGA Final/rs_codec_clean/rs_codec_clean/rs_codec_clean.hw/backup/hw_ila_data_1.ila. Use Tcl command 'read_hw_ila_data' or Vivado File->Import->Import ILA Data menu item to import the previously saved data.
run_hw_ila [get_hw_ilas -of_objects [get_hw_devices xcku060_0] -filter {CELL_NAME=~"u_ila_0"}]
INFO: [Labtools 27-1964] The ILA core 'hw_ila_1' trigger was armed at 2026-Aug-06 17:59:34
wait_on_hw_ila [get_hw_ilas -of_objects [get_hw_devices xcku060_0] -filter {CELL_NAME=~"u_ila_0"}]
display_hw_ila_data [upload_hw_ila_data [get_hw_ilas -of_objects [get_hw_devices xcku060_0] -filter {CELL_NAME=~"u_ila_0"}]]
INFO: [Labtools 27-1966] The ILA core 'hw_ila_1' triggered at 2026-Aug-06 17:59:34
INFO: [Labtools 27-3304] ILA Waveform data saved to file /home/williams/MYFPGA/FPGA Final/rs_codec_clean/rs_codec_clean/rs_codec_clean.hw/backup/hw_ila_data_1.ila. Use Tcl command 'read_hw_ila_data' or Vivado File->Import->Import ILA Data menu item to import the previously saved data.
run_hw_ila [get_hw_ilas -of_objects [get_hw_devices xcku060_0] -filter {CELL_NAME=~"u_ila_0"}]
INFO: [Labtools 27-1964] The ILA core 'hw_ila_1' trigger was armed at 2026-Aug-06 17:59:37
wait_on_hw_ila [get_hw_ilas -of_objects [get_hw_devices xcku060_0] -filter {CELL_NAME=~"u_ila_0"}]
display_hw_ila_data [upload_hw_ila_data [get_hw_ilas -of_objects [get_hw_devices xcku060_0] -filter {CELL_NAME=~"u_ila_0"}]]
INFO: [Labtools 27-1966] The ILA core 'hw_ila_1' triggered at 2026-Aug-06 17:59:37
INFO: [Labtools 27-3304] ILA Waveform data saved to file /home/williams/MYFPGA/FPGA Final/rs_codec_clean/rs_codec_clean/rs_codec_clean.hw/backup/hw_ila_data_1.ila. Use Tcl command 'read_hw_ila_data' or Vivado File->Import->Import ILA Data menu item to import the previously saved data.
run_hw_ila [get_hw_ilas -of_objects [get_hw_devices xcku060_0] -filter {CELL_NAME=~"u_ila_0"}]
INFO: [Labtools 27-1964] The ILA core 'hw_ila_1' trigger was armed at 2026-Aug-06 17:59:41
wait_on_hw_ila [get_hw_ilas -of_objects [get_hw_devices xcku060_0] -filter {CELL_NAME=~"u_ila_0"}]
display_hw_ila_data [upload_hw_ila_data [get_hw_ilas -of_objects [get_hw_devices xcku060_0] -filter {CELL_NAME=~"u_ila_0"}]]
INFO: [Labtools 27-1966] The ILA core 'hw_ila_1' triggered at 2026-Aug-06 17:59:41
INFO: [Labtools 27-3304] ILA Waveform data saved to file /home/williams/MYFPGA/FPGA Final/rs_codec_clean/rs_codec_clean/rs_codec_clean.hw/backup/hw_ila_data_1.ila. Use Tcl command 'read_hw_ila_data' or Vivado File->Import->Import ILA Data menu item to import the previously saved data.
run_hw_ila [get_hw_ilas -of_objects [get_hw_devices xcku060_0] -filter {CELL_NAME=~"u_ila_0"}]
INFO: [Labtools 27-1964] The ILA core 'hw_ila_1' trigger was armed at 2026-Aug-06 17:59:44
wait_on_hw_ila [get_hw_ilas -of_objects [get_hw_devices xcku060_0] -filter {CELL_NAME=~"u_ila_0"}]
display_hw_ila_data [upload_hw_ila_data [get_hw_ilas -of_objects [get_hw_devices xcku060_0] -filter {CELL_NAME=~"u_ila_0"}]]
INFO: [Labtools 27-1966] The ILA core 'hw_ila_1' triggered at 2026-Aug-06 17:59:44
INFO: [Labtools 27-3304] ILA Waveform data saved to file /home/williams/MYFPGA/FPGA Final/rs_codec_clean/rs_codec_clean/rs_codec_clean.hw/backup/hw_ila_data_1.ila. Use Tcl command 'read_hw_ila_data' or Vivado File->Import->Import ILA Data menu item to import the previously saved data.
run_hw_ila [get_hw_ilas -of_objects [get_hw_devices xcku060_0] -filter {CELL_NAME=~"u_ila_0"}]
INFO: [Labtools 27-1964] The ILA core 'hw_ila_1' trigger was armed at 2026-Aug-06 17:59:47
wait_on_hw_ila [get_hw_ilas -of_objects [get_hw_devices xcku060_0] -filter {CELL_NAME=~"u_ila_0"}]
display_hw_ila_data [upload_hw_ila_data [get_hw_ilas -of_objects [get_hw_devices xcku060_0] -filter {CELL_NAME=~"u_ila_0"}]]
INFO: [Labtools 27-1966] The ILA core 'hw_ila_1' triggered at 2026-Aug-06 17:59:47
INFO: [Labtools 27-3304] ILA Waveform data saved to file /home/williams/MYFPGA/FPGA Final/rs_codec_clean/rs_codec_clean/rs_codec_clean.hw/backup/hw_ila_data_1.ila. Use Tcl command 'read_hw_ila_data' or Vivado File->Import->Import ILA Data menu item to import the previously saved data.
run_hw_ila [get_hw_ilas -of_objects [get_hw_devices xcku060_0] -filter {CELL_NAME=~"u_ila_0"}]
INFO: [Labtools 27-1964] The ILA core 'hw_ila_1' trigger was armed at 2026-Aug-06 17:59:50
wait_on_hw_ila [get_hw_ilas -of_objects [get_hw_devices xcku060_0] -filter {CELL_NAME=~"u_ila_0"}]
display_hw_ila_data [upload_hw_ila_data [get_hw_ilas -of_objects [get_hw_devices xcku060_0] -filter {CELL_NAME=~"u_ila_0"}]]
INFO: [Labtools 27-1966] The ILA core 'hw_ila_1' triggered at 2026-Aug-06 17:59:50
INFO: [Labtools 27-3304] ILA Waveform data saved to file /home/williams/MYFPGA/FPGA Final/rs_codec_clean/rs_codec_clean/rs_codec_clean.hw/backup/hw_ila_data_1.ila. Use Tcl command 'read_hw_ila_data' or Vivado File->Import->Import ILA Data menu item to import the previously saved data.
run_hw_ila [get_hw_ilas -of_objects [get_hw_devices xcku060_0] -filter {CELL_NAME=~"u_ila_0"}]
INFO: [Labtools 27-1964] The ILA core 'hw_ila_1' trigger was armed at 2026-Aug-06 17:59:54
wait_on_hw_ila [get_hw_ilas -of_objects [get_hw_devices xcku060_0] -filter {CELL_NAME=~"u_ila_0"}]
display_hw_ila_data [upload_hw_ila_data [get_hw_ilas -of_objects [get_hw_devices xcku060_0] -filter {CELL_NAME=~"u_ila_0"}]]
INFO: [Labtools 27-1966] The ILA core 'hw_ila_1' triggered at 2026-Aug-06 17:59:54
INFO: [Labtools 27-3304] ILA Waveform data saved to file /home/williams/MYFPGA/FPGA Final/rs_codec_clean/rs_codec_clean/rs_codec_clean.hw/backup/hw_ila_data_1.ila. Use Tcl command 'read_hw_ila_data' or Vivado File->Import->Import ILA Data menu item to import the previously saved data.
run_hw_ila [get_hw_ilas -of_objects [get_hw_devices xcku060_0] -filter {CELL_NAME=~"u_ila_0"}]
INFO: [Labtools 27-1964] The ILA core 'hw_ila_1' trigger was armed at 2026-Aug-06 17:59:57
wait_on_hw_ila [get_hw_ilas -of_objects [get_hw_devices xcku060_0] -filter {CELL_NAME=~"u_ila_0"}]
display_hw_ila_data [upload_hw_ila_data [get_hw_ilas -of_objects [get_hw_devices xcku060_0] -filter {CELL_NAME=~"u_ila_0"}]]
INFO: [Labtools 27-1966] The ILA core 'hw_ila_1' triggered at 2026-Aug-06 17:59:57
INFO: [Labtools 27-3304] ILA Waveform data saved to file /home/williams/MYFPGA/FPGA Final/rs_codec_clean/rs_codec_clean/rs_codec_clean.hw/backup/hw_ila_data_1.ila. Use Tcl command 'read_hw_ila_data' or Vivado File->Import->Import ILA Data menu item to import the previously saved data.
run_hw_ila [get_hw_ilas -of_objects [get_hw_devices xcku060_0] -filter {CELL_NAME=~"u_ila_0"}]
INFO: [Labtools 27-1964] The ILA core 'hw_ila_1' trigger was armed at 2026-Aug-06 18:00:00
wait_on_hw_ila [get_hw_ilas -of_objects [get_hw_devices xcku060_0] -filter {CELL_NAME=~"u_ila_0"}]
display_hw_ila_data [upload_hw_ila_data [get_hw_ilas -of_objects [get_hw_devices xcku060_0] -filter {CELL_NAME=~"u_ila_0"}]]
INFO: [Labtools 27-1966] The ILA core 'hw_ila_1' triggered at 2026-Aug-06 18:00:00
INFO: [Labtools 27-3304] ILA Waveform data saved to file /home/williams/MYFPGA/FPGA Final/rs_codec_clean/rs_codec_clean/rs_codec_clean.hw/backup/hw_ila_data_1.ila. Use Tcl command 'read_hw_ila_data' or Vivado File->Import->Import ILA Data menu item to import the previously saved data.
run_hw_ila [get_hw_ilas -of_objects [get_hw_devices xcku060_0] -filter {CELL_NAME=~"u_ila_0"}]
INFO: [Labtools 27-1964] The ILA core 'hw_ila_1' trigger was armed at 2026-Aug-06 18:00:03
wait_on_hw_ila [get_hw_ilas -of_objects [get_hw_devices xcku060_0] -filter {CELL_NAME=~"u_ila_0"}]
display_hw_ila_data [upload_hw_ila_data [get_hw_ilas -of_objects [get_hw_devices xcku060_0] -filter {CELL_NAME=~"u_ila_0"}]]
INFO: [Labtools 27-1966] The ILA core 'hw_ila_1' triggered at 2026-Aug-06 18:00:03
INFO: [Labtools 27-3304] ILA Waveform data saved to file /home/williams/MYFPGA/FPGA Final/rs_codec_clean/rs_codec_clean/rs_codec_clean.hw/backup/hw_ila_data_1.ila. Use Tcl command 'read_hw_ila_data' or Vivado File->Import->Import ILA Data menu item to import the previously saved data.
run_hw_ila [get_hw_ilas -of_objects [get_hw_devices xcku060_0] -filter {CELL_NAME=~"u_ila_0"}]
INFO: [Labtools 27-1964] The ILA core 'hw_ila_1' trigger was armed at 2026-Aug-06 18:00:07
wait_on_hw_ila [get_hw_ilas -of_objects [get_hw_devices xcku060_0] -filter {CELL_NAME=~"u_ila_0"}]
display_hw_ila_data [upload_hw_ila_data [get_hw_ilas -of_objects [get_hw_devices xcku060_0] -filter {CELL_NAME=~"u_ila_0"}]]
INFO: [Labtools 27-1966] The ILA core 'hw_ila_1' triggered at 2026-Aug-06 18:00:07
INFO: [Labtools 27-3304] ILA Waveform data saved to file /home/williams/MYFPGA/FPGA Final/rs_codec_clean/rs_codec_clean/rs_codec_clean.hw/backup/hw_ila_data_1.ila. Use Tcl command 'read_hw_ila_data' or Vivado File->Import->Import ILA Data menu item to import the previously saved data.
run_hw_ila [get_hw_ilas -of_objects [get_hw_devices xcku060_0] -filter {CELL_NAME=~"u_ila_0"}]
INFO: [Labtools 27-1964] The ILA core 'hw_ila_1' trigger was armed at 2026-Aug-06 18:00:10
wait_on_hw_ila [get_hw_ilas -of_objects [get_hw_devices xcku060_0] -filter {CELL_NAME=~"u_ila_0"}]
display_hw_ila_data [upload_hw_ila_data [get_hw_ilas -of_objects [get_hw_devices xcku060_0] -filter {CELL_NAME=~"u_ila_0"}]]
INFO: [Labtools 27-1966] The ILA core 'hw_ila_1' triggered at 2026-Aug-06 18:00:10
INFO: [Labtools 27-3304] ILA Waveform data saved to file /home/williams/MYFPGA/FPGA Final/rs_codec_clean/rs_codec_clean/rs_codec_clean.hw/backup/hw_ila_data_1.ila. Use Tcl command 'read_hw_ila_data' or Vivado File->Import->Import ILA Data menu item to import the previously saved data.
run_hw_ila [get_hw_ilas -of_objects [get_hw_devices xcku060_0] -filter {CELL_NAME=~"u_ila_0"}]
INFO: [Labtools 27-1964] The ILA core 'hw_ila_1' trigger was armed at 2026-Aug-06 18:00:13
wait_on_hw_ila [get_hw_ilas -of_objects [get_hw_devices xcku060_0] -filter {CELL_NAME=~"u_ila_0"}]
display_hw_ila_data [upload_hw_ila_data [get_hw_ilas -of_objects [get_hw_devices xcku060_0] -filter {CELL_NAME=~"u_ila_0"}]]
INFO: [Labtools 27-1966] The ILA core 'hw_ila_1' triggered at 2026-Aug-06 18:00:13
INFO: [Labtools 27-3304] ILA Waveform data saved to file /home/williams/MYFPGA/FPGA Final/rs_codec_clean/rs_codec_clean/rs_codec_clean.hw/backup/hw_ila_data_1.ila. Use Tcl command 'read_hw_ila_data' or Vivado File->Import->Import ILA Data menu item to import the previously saved data.
run_hw_ila [get_hw_ilas -of_objects [get_hw_devices xcku060_0] -filter {CELL_NAME=~"u_ila_0"}]
INFO: [Labtools 27-1964] The ILA core 'hw_ila_1' trigger was armed at 2026-Aug-06 18:00:16
wait_on_hw_ila [get_hw_ilas -of_objects [get_hw_devices xcku060_0] -filter {CELL_NAME=~"u_ila_0"}]
display_hw_ila_data [upload_hw_ila_data [get_hw_ilas -of_objects [get_hw_devices xcku060_0] -filter {CELL_NAME=~"u_ila_0"}]]
INFO: [Labtools 27-1966] The ILA core 'hw_ila_1' triggered at 2026-Aug-06 18:00:16
INFO: [Labtools 27-3304] ILA Waveform data saved to file /home/williams/MYFPGA/FPGA Final/rs_codec_clean/rs_codec_clean/rs_codec_clean.hw/backup/hw_ila_data_1.ila. Use Tcl command 'read_hw_ila_data' or Vivado File->Import->Import ILA Data menu item to import the previously saved data.
run_hw_ila [get_hw_ilas -of_objects [get_hw_devices xcku060_0] -filter {CELL_NAME=~"u_ila_0"}]
INFO: [Labtools 27-1964] The ILA core 'hw_ila_1' trigger was armed at 2026-Aug-06 18:00:20
wait_on_hw_ila [get_hw_ilas -of_objects [get_hw_devices xcku060_0] -filter {CELL_NAME=~"u_ila_0"}]
display_hw_ila_data [upload_hw_ila_data [get_hw_ilas -of_objects [get_hw_devices xcku060_0] -filter {CELL_NAME=~"u_ila_0"}]]
INFO: [Labtools 27-1966] The ILA core 'hw_ila_1' triggered at 2026-Aug-06 18:00:20
INFO: [Labtools 27-3304] ILA Waveform data saved to file /home/williams/MYFPGA/FPGA Final/rs_codec_clean/rs_codec_clean/rs_codec_clean.hw/backup/hw_ila_data_1.ila. Use Tcl command 'read_hw_ila_data' or Vivado File->Import->Import ILA Data menu item to import the previously saved data.
run_hw_ila [get_hw_ilas -of_objects [get_hw_devices xcku060_0] -filter {CELL_NAME=~"u_ila_0"}]
INFO: [Labtools 27-1964] The ILA core 'hw_ila_1' trigger was armed at 2026-Aug-06 18:00:23
wait_on_hw_ila [get_hw_ilas -of_objects [get_hw_devices xcku060_0] -filter {CELL_NAME=~"u_ila_0"}]
display_hw_ila_data [upload_hw_ila_data [get_hw_ilas -of_objects [get_hw_devices xcku060_0] -filter {CELL_NAME=~"u_ila_0"}]]
INFO: [Labtools 27-1966] The ILA core 'hw_ila_1' triggered at 2026-Aug-06 18:00:23
INFO: [Labtools 27-3304] ILA Waveform data saved to file /home/williams/MYFPGA/FPGA Final/rs_codec_clean/rs_codec_clean/rs_codec_clean.hw/backup/hw_ila_data_1.ila. Use Tcl command 'read_hw_ila_data' or Vivado File->Import->Import ILA Data menu item to import the previously saved data.
run_hw_ila [get_hw_ilas -of_objects [get_hw_devices xcku060_0] -filter {CELL_NAME=~"u_ila_0"}]
INFO: [Labtools 27-1964] The ILA core 'hw_ila_1' trigger was armed at 2026-Aug-06 18:00:26
wait_on_hw_ila [get_hw_ilas -of_objects [get_hw_devices xcku060_0] -filter {CELL_NAME=~"u_ila_0"}]
display_hw_ila_data [upload_hw_ila_data [get_hw_ilas -of_objects [get_hw_devices xcku060_0] -filter {CELL_NAME=~"u_ila_0"}]]
INFO: [Labtools 27-1966] The ILA core 'hw_ila_1' triggered at 2026-Aug-06 18:00:26
INFO: [Labtools 27-3304] ILA Waveform data saved to file /home/williams/MYFPGA/FPGA Final/rs_codec_clean/rs_codec_clean/rs_codec_clean.hw/backup/hw_ila_data_1.ila. Use Tcl command 'read_hw_ila_data' or Vivado File->Import->Import ILA Data menu item to import the previously saved data.
run_hw_ila [get_hw_ilas -of_objects [get_hw_devices xcku060_0] -filter {CELL_NAME=~"u_ila_0"}]
INFO: [Labtools 27-1964] The ILA core 'hw_ila_1' trigger was armed at 2026-Aug-06 18:00:30
wait_on_hw_ila [get_hw_ilas -of_objects [get_hw_devices xcku060_0] -filter {CELL_NAME=~"u_ila_0"}]
display_hw_ila_data [upload_hw_ila_data [get_hw_ilas -of_objects [get_hw_devices xcku060_0] -filter {CELL_NAME=~"u_ila_0"}]]
INFO: [Labtools 27-1966] The ILA core 'hw_ila_1' triggered at 2026-Aug-06 18:00:30
INFO: [Labtools 27-3304] ILA Waveform data saved to file /home/williams/MYFPGA/FPGA Final/rs_codec_clean/rs_codec_clean/rs_codec_clean.hw/backup/hw_ila_data_1.ila. Use Tcl command 'read_hw_ila_data' or Vivado File->Import->Import ILA Data menu item to import the previously saved data.
run_hw_ila [get_hw_ilas -of_objects [get_hw_devices xcku060_0] -filter {CELL_NAME=~"u_ila_0"}]
INFO: [Labtools 27-1964] The ILA core 'hw_ila_1' trigger was armed at 2026-Aug-06 18:00:33
wait_on_hw_ila [get_hw_ilas -of_objects [get_hw_devices xcku060_0] -filter {CELL_NAME=~"u_ila_0"}]
display_hw_ila_data [upload_hw_ila_data [get_hw_ilas -of_objects [get_hw_devices xcku060_0] -filter {CELL_NAME=~"u_ila_0"}]]
INFO: [Labtools 27-1966] The ILA core 'hw_ila_1' triggered at 2026-Aug-06 18:00:33
INFO: [Labtools 27-3304] ILA Waveform data saved to file /home/williams/MYFPGA/FPGA Final/rs_codec_clean/rs_codec_clean/rs_codec_clean.hw/backup/hw_ila_data_1.ila. Use Tcl command 'read_hw_ila_data' or Vivado File->Import->Import ILA Data menu item to import the previously saved data.
run_hw_ila [get_hw_ilas -of_objects [get_hw_devices xcku060_0] -filter {CELL_NAME=~"u_ila_0"}]
INFO: [Labtools 27-1964] The ILA core 'hw_ila_1' trigger was armed at 2026-Aug-06 18:00:36
wait_on_hw_ila [get_hw_ilas -of_objects [get_hw_devices xcku060_0] -filter {CELL_NAME=~"u_ila_0"}]
display_hw_ila_data [upload_hw_ila_data [get_hw_ilas -of_objects [get_hw_devices xcku060_0] -filter {CELL_NAME=~"u_ila_0"}]]
INFO: [Labtools 27-1966] The ILA core 'hw_ila_1' triggered at 2026-Aug-06 18:00:36
INFO: [Labtools 27-3304] ILA Waveform data saved to file /home/williams/MYFPGA/FPGA Final/rs_codec_clean/rs_codec_clean/rs_codec_clean.hw/backup/hw_ila_data_1.ila. Use Tcl command 'read_hw_ila_data' or Vivado File->Import->Import ILA Data menu item to import the previously saved data.
run_hw_ila [get_hw_ilas -of_objects [get_hw_devices xcku060_0] -filter {CELL_NAME=~"u_ila_0"}]
INFO: [Labtools 27-1964] The ILA core 'hw_ila_1' trigger was armed at 2026-Aug-06 18:00:39
wait_on_hw_ila [get_hw_ilas -of_objects [get_hw_devices xcku060_0] -filter {CELL_NAME=~"u_ila_0"}]
display_hw_ila_data [upload_hw_ila_data [get_hw_ilas -of_objects [get_hw_devices xcku060_0] -filter {CELL_NAME=~"u_ila_0"}]]
INFO: [Labtools 27-1966] The ILA core 'hw_ila_1' triggered at 2026-Aug-06 18:00:39
INFO: [Labtools 27-3304] ILA Waveform data saved to file /home/williams/MYFPGA/FPGA Final/rs_codec_clean/rs_codec_clean/rs_codec_clean.hw/backup/hw_ila_data_1.ila. Use Tcl command 'read_hw_ila_data' or Vivado File->Import->Import ILA Data menu item to import the previously saved data.
run_hw_ila [get_hw_ilas -of_objects [get_hw_devices xcku060_0] -filter {CELL_NAME=~"u_ila_0"}]
INFO: [Labtools 27-1964] The ILA core 'hw_ila_1' trigger was armed at 2026-Aug-06 18:00:43
wait_on_hw_ila [get_hw_ilas -of_objects [get_hw_devices xcku060_0] -filter {CELL_NAME=~"u_ila_0"}]
display_hw_ila_data [upload_hw_ila_data [get_hw_ilas -of_objects [get_hw_devices xcku060_0] -filter {CELL_NAME=~"u_ila_0"}]]
INFO: [Labtools 27-1966] The ILA core 'hw_ila_1' triggered at 2026-Aug-06 18:00:43
INFO: [Labtools 27-3304] ILA Waveform data saved to file /home/williams/MYFPGA/FPGA Final/rs_codec_clean/rs_codec_clean/rs_codec_clean.hw/backup/hw_ila_data_1.ila. Use Tcl command 'read_hw_ila_data' or Vivado File->Import->Import ILA Data menu item to import the previously saved data.
run_hw_ila [get_hw_ilas -of_objects [get_hw_devices xcku060_0] -filter {CELL_NAME=~"u_ila_0"}]
INFO: [Labtools 27-1964] The ILA core 'hw_ila_1' trigger was armed at 2026-Aug-06 18:00:46
wait_on_hw_ila [get_hw_ilas -of_objects [get_hw_devices xcku060_0] -filter {CELL_NAME=~"u_ila_0"}]
display_hw_ila_data [upload_hw_ila_data [get_hw_ilas -of_objects [get_hw_devices xcku060_0] -filter {CELL_NAME=~"u_ila_0"}]]
INFO: [Labtools 27-1966] The ILA core 'hw_ila_1' triggered at 2026-Aug-06 18:00:46
INFO: [Labtools 27-3304] ILA Waveform data saved to file /home/williams/MYFPGA/FPGA Final/rs_codec_clean/rs_codec_clean/rs_codec_clean.hw/backup/hw_ila_data_1.ila. Use Tcl command 'read_hw_ila_data' or Vivado File->Import->Import ILA Data menu item to import the previously saved data.
run_hw_ila [get_hw_ilas -of_objects [get_hw_devices xcku060_0] -filter {CELL_NAME=~"u_ila_0"}]
INFO: [Labtools 27-1964] The ILA core 'hw_ila_1' trigger was armed at 2026-Aug-06 18:00:49
wait_on_hw_ila [get_hw_ilas -of_objects [get_hw_devices xcku060_0] -filter {CELL_NAME=~"u_ila_0"}]
display_hw_ila_data [upload_hw_ila_data [get_hw_ilas -of_objects [get_hw_devices xcku060_0] -filter {CELL_NAME=~"u_ila_0"}]]
INFO: [Labtools 27-1966] The ILA core 'hw_ila_1' triggered at 2026-Aug-06 18:00:49
INFO: [Labtools 27-3304] ILA Waveform data saved to file /home/williams/MYFPGA/FPGA Final/rs_codec_clean/rs_codec_clean/rs_codec_clean.hw/backup/hw_ila_data_1.ila. Use Tcl command 'read_hw_ila_data' or Vivado File->Import->Import ILA Data menu item to import the previously saved data.
run_hw_ila [get_hw_ilas -of_objects [get_hw_devices xcku060_0] -filter {CELL_NAME=~"u_ila_0"}]
INFO: [Labtools 27-1964] The ILA core 'hw_ila_1' trigger was armed at 2026-Aug-06 18:00:52
wait_on_hw_ila [get_hw_ilas -of_objects [get_hw_devices xcku060_0] -filter {CELL_NAME=~"u_ila_0"}]
display_hw_ila_data [upload_hw_ila_data [get_hw_ilas -of_objects [get_hw_devices xcku060_0] -filter {CELL_NAME=~"u_ila_0"}]]
INFO: [Labtools 27-1966] The ILA core 'hw_ila_1' triggered at 2026-Aug-06 18:00:52
INFO: [Labtools 27-3304] ILA Waveform data saved to file /home/williams/MYFPGA/FPGA Final/rs_codec_clean/rs_codec_clean/rs_codec_clean.hw/backup/hw_ila_data_1.ila. Use Tcl command 'read_hw_ila_data' or Vivado File->Import->Import ILA Data menu item to import the previously saved data.
run_hw_ila [get_hw_ilas -of_objects [get_hw_devices xcku060_0] -filter {CELL_NAME=~"u_ila_0"}]
INFO: [Labtools 27-1964] The ILA core 'hw_ila_1' trigger was armed at 2026-Aug-06 18:00:56
wait_on_hw_ila [get_hw_ilas -of_objects [get_hw_devices xcku060_0] -filter {CELL_NAME=~"u_ila_0"}]
display_hw_ila_data [upload_hw_ila_data [get_hw_ilas -of_objects [get_hw_devices xcku060_0] -filter {CELL_NAME=~"u_ila_0"}]]
INFO: [Labtools 27-1966] The ILA core 'hw_ila_1' triggered at 2026-Aug-06 18:00:56
INFO: [Labtools 27-3304] ILA Waveform data saved to file /home/williams/MYFPGA/FPGA Final/rs_codec_clean/rs_codec_clean/rs_codec_clean.hw/backup/hw_ila_data_1.ila. Use Tcl command 'read_hw_ila_data' or Vivado File->Import->Import ILA Data menu item to import the previously saved data.
run_hw_ila [get_hw_ilas -of_objects [get_hw_devices xcku060_0] -filter {CELL_NAME=~"u_ila_0"}]
INFO: [Labtools 27-1964] The ILA core 'hw_ila_1' trigger was armed at 2026-Aug-06 18:00:59
wait_on_hw_ila [get_hw_ilas -of_objects [get_hw_devices xcku060_0] -filter {CELL_NAME=~"u_ila_0"}]
display_hw_ila_data [upload_hw_ila_data [get_hw_ilas -of_objects [get_hw_devices xcku060_0] -filter {CELL_NAME=~"u_ila_0"}]]
INFO: [Labtools 27-1966] The ILA core 'hw_ila_1' triggered at 2026-Aug-06 18:00:59
INFO: [Labtools 27-3304] ILA Waveform data saved to file /home/williams/MYFPGA/FPGA Final/rs_codec_clean/rs_codec_clean/rs_codec_clean.hw/backup/hw_ila_data_1.ila. Use Tcl command 'read_hw_ila_data' or Vivado File->Import->Import ILA Data menu item to import the previously saved data.
run_hw_ila [get_hw_ilas -of_objects [get_hw_devices xcku060_0] -filter {CELL_NAME=~"u_ila_0"}]
INFO: [Labtools 27-1964] The ILA core 'hw_ila_1' trigger was armed at 2026-Aug-06 18:01:02
wait_on_hw_ila [get_hw_ilas -of_objects [get_hw_devices xcku060_0] -filter {CELL_NAME=~"u_ila_0"}]
display_hw_ila_data [upload_hw_ila_data [get_hw_ilas -of_objects [get_hw_devices xcku060_0] -filter {CELL_NAME=~"u_ila_0"}]]
INFO: [Labtools 27-1966] The ILA core 'hw_ila_1' triggered at 2026-Aug-06 18:01:02
INFO: [Labtools 27-3304] ILA Waveform data saved to file /home/williams/MYFPGA/FPGA Final/rs_codec_clean/rs_codec_clean/rs_codec_clean.hw/backup/hw_ila_data_1.ila. Use Tcl command 'read_hw_ila_data' or Vivado File->Import->Import ILA Data menu item to import the previously saved data.
run_hw_ila [get_hw_ilas -of_objects [get_hw_devices xcku060_0] -filter {CELL_NAME=~"u_ila_0"}]
INFO: [Labtools 27-1964] The ILA core 'hw_ila_1' trigger was armed at 2026-Aug-06 18:01:06
wait_on_hw_ila [get_hw_ilas -of_objects [get_hw_devices xcku060_0] -filter {CELL_NAME=~"u_ila_0"}]
display_hw_ila_data [upload_hw_ila_data [get_hw_ilas -of_objects [get_hw_devices xcku060_0] -filter {CELL_NAME=~"u_ila_0"}]]
INFO: [Labtools 27-1966] The ILA core 'hw_ila_1' triggered at 2026-Aug-06 18:01:06
INFO: [Labtools 27-3304] ILA Waveform data saved to file /home/williams/MYFPGA/FPGA Final/rs_codec_clean/rs_codec_clean/rs_codec_clean.hw/backup/hw_ila_data_1.ila. Use Tcl command 'read_hw_ila_data' or Vivado File->Import->Import ILA Data menu item to import the previously saved data.
run_hw_ila [get_hw_ilas -of_objects [get_hw_devices xcku060_0] -filter {CELL_NAME=~"u_ila_0"}]
INFO: [Labtools 27-1964] The ILA core 'hw_ila_1' trigger was armed at 2026-Aug-06 18:01:09
wait_on_hw_ila [get_hw_ilas -of_objects [get_hw_devices xcku060_0] -filter {CELL_NAME=~"u_ila_0"}]
display_hw_ila_data [upload_hw_ila_data [get_hw_ilas -of_objects [get_hw_devices xcku060_0] -filter {CELL_NAME=~"u_ila_0"}]]
INFO: [Labtools 27-1966] The ILA core 'hw_ila_1' triggered at 2026-Aug-06 18:01:09
INFO: [Labtools 27-3304] ILA Waveform data saved to file /home/williams/MYFPGA/FPGA Final/rs_codec_clean/rs_codec_clean/rs_codec_clean.hw/backup/hw_ila_data_1.ila. Use Tcl command 'read_hw_ila_data' or Vivado File->Import->Import ILA Data menu item to import the previously saved data.
run_hw_ila [get_hw_ilas -of_objects [get_hw_devices xcku060_0] -filter {CELL_NAME=~"u_ila_0"}]
INFO: [Labtools 27-1964] The ILA core 'hw_ila_1' trigger was armed at 2026-Aug-06 18:01:12
wait_on_hw_ila [get_hw_ilas -of_objects [get_hw_devices xcku060_0] -filter {CELL_NAME=~"u_ila_0"}]
display_hw_ila_data [upload_hw_ila_data [get_hw_ilas -of_objects [get_hw_devices xcku060_0] -filter {CELL_NAME=~"u_ila_0"}]]
INFO: [Labtools 27-1966] The ILA core 'hw_ila_1' triggered at 2026-Aug-06 18:01:12
INFO: [Labtools 27-3304] ILA Waveform data saved to file /home/williams/MYFPGA/FPGA Final/rs_codec_clean/rs_codec_clean/rs_codec_clean.hw/backup/hw_ila_data_1.ila. Use Tcl command 'read_hw_ila_data' or Vivado File->Import->Import ILA Data menu item to import the previously saved data.
run_hw_ila [get_hw_ilas -of_objects [get_hw_devices xcku060_0] -filter {CELL_NAME=~"u_ila_0"}]
INFO: [Labtools 27-1964] The ILA core 'hw_ila_1' trigger was armed at 2026-Aug-06 18:01:15
wait_on_hw_ila [get_hw_ilas -of_objects [get_hw_devices xcku060_0] -filter {CELL_NAME=~"u_ila_0"}]
display_hw_ila_data [upload_hw_ila_data [get_hw_ilas -of_objects [get_hw_devices xcku060_0] -filter {CELL_NAME=~"u_ila_0"}]]
INFO: [Labtools 27-1966] The ILA core 'hw_ila_1' triggered at 2026-Aug-06 18:01:15
INFO: [Labtools 27-3304] ILA Waveform data saved to file /home/williams/MYFPGA/FPGA Final/rs_codec_clean/rs_codec_clean/rs_codec_clean.hw/backup/hw_ila_data_1.ila. Use Tcl command 'read_hw_ila_data' or Vivado File->Import->Import ILA Data menu item to import the previously saved data.
run_hw_ila [get_hw_ilas -of_objects [get_hw_devices xcku060_0] -filter {CELL_NAME=~"u_ila_0"}]
INFO: [Labtools 27-1964] The ILA core 'hw_ila_1' trigger was armed at 2026-Aug-06 18:01:19
wait_on_hw_ila [get_hw_ilas -of_objects [get_hw_devices xcku060_0] -filter {CELL_NAME=~"u_ila_0"}]
display_hw_ila_data [upload_hw_ila_data [get_hw_ilas -of_objects [get_hw_devices xcku060_0] -filter {CELL_NAME=~"u_ila_0"}]]
INFO: [Labtools 27-1966] The ILA core 'hw_ila_1' triggered at 2026-Aug-06 18:01:19
INFO: [Labtools 27-3304] ILA Waveform data saved to file /home/williams/MYFPGA/FPGA Final/rs_codec_clean/rs_codec_clean/rs_codec_clean.hw/backup/hw_ila_data_1.ila. Use Tcl command 'read_hw_ila_data' or Vivado File->Import->Import ILA Data menu item to import the previously saved data.
run_hw_ila [get_hw_ilas -of_objects [get_hw_devices xcku060_0] -filter {CELL_NAME=~"u_ila_0"}]
INFO: [Labtools 27-1964] The ILA core 'hw_ila_1' trigger was armed at 2026-Aug-06 18:01:22
wait_on_hw_ila [get_hw_ilas -of_objects [get_hw_devices xcku060_0] -filter {CELL_NAME=~"u_ila_0"}]
display_hw_ila_data [upload_hw_ila_data [get_hw_ilas -of_objects [get_hw_devices xcku060_0] -filter {CELL_NAME=~"u_ila_0"}]]
INFO: [Labtools 27-1966] The ILA core 'hw_ila_1' triggered at 2026-Aug-06 18:01:22
INFO: [Labtools 27-3304] ILA Waveform data saved to file /home/williams/MYFPGA/FPGA Final/rs_codec_clean/rs_codec_clean/rs_codec_clean.hw/backup/hw_ila_data_1.ila. Use Tcl command 'read_hw_ila_data' or Vivado File->Import->Import ILA Data menu item to import the previously saved data.
run_hw_ila [get_hw_ilas -of_objects [get_hw_devices xcku060_0] -filter {CELL_NAME=~"u_ila_0"}]
INFO: [Labtools 27-1964] The ILA core 'hw_ila_1' trigger was armed at 2026-Aug-06 18:01:25
wait_on_hw_ila [get_hw_ilas -of_objects [get_hw_devices xcku060_0] -filter {CELL_NAME=~"u_ila_0"}]
display_hw_ila_data [upload_hw_ila_data [get_hw_ilas -of_objects [get_hw_devices xcku060_0] -filter {CELL_NAME=~"u_ila_0"}]]
INFO: [Labtools 27-1966] The ILA core 'hw_ila_1' triggered at 2026-Aug-06 18:01:25
INFO: [Labtools 27-3304] ILA Waveform data saved to file /home/williams/MYFPGA/FPGA Final/rs_codec_clean/rs_codec_clean/rs_codec_clean.hw/backup/hw_ila_data_1.ila. Use Tcl command 'read_hw_ila_data' or Vivado File->Import->Import ILA Data menu item to import the previously saved data.
run_hw_ila [get_hw_ilas -of_objects [get_hw_devices xcku060_0] -filter {CELL_NAME=~"u_ila_0"}]
INFO: [Labtools 27-1964] The ILA core 'hw_ila_1' trigger was armed at 2026-Aug-06 18:01:28
wait_on_hw_ila [get_hw_ilas -of_objects [get_hw_devices xcku060_0] -filter {CELL_NAME=~"u_ila_0"}]
display_hw_ila_data [upload_hw_ila_data [get_hw_ilas -of_objects [get_hw_devices xcku060_0] -filter {CELL_NAME=~"u_ila_0"}]]
INFO: [Labtools 27-1966] The ILA core 'hw_ila_1' triggered at 2026-Aug-06 18:01:28
INFO: [Labtools 27-3304] ILA Waveform data saved to file /home/williams/MYFPGA/FPGA Final/rs_codec_clean/rs_codec_clean/rs_codec_clean.hw/backup/hw_ila_data_1.ila. Use Tcl command 'read_hw_ila_data' or Vivado File->Import->Import ILA Data menu item to import the previously saved data.
run_hw_ila [get_hw_ilas -of_objects [get_hw_devices xcku060_0] -filter {CELL_NAME=~"u_ila_0"}]
INFO: [Labtools 27-1964] The ILA core 'hw_ila_1' trigger was armed at 2026-Aug-06 18:01:32
wait_on_hw_ila [get_hw_ilas -of_objects [get_hw_devices xcku060_0] -filter {CELL_NAME=~"u_ila_0"}]
display_hw_ila_data [upload_hw_ila_data [get_hw_ilas -of_objects [get_hw_devices xcku060_0] -filter {CELL_NAME=~"u_ila_0"}]]
INFO: [Labtools 27-1966] The ILA core 'hw_ila_1' triggered at 2026-Aug-06 18:01:32
INFO: [Labtools 27-3304] ILA Waveform data saved to file /home/williams/MYFPGA/FPGA Final/rs_codec_clean/rs_codec_clean/rs_codec_clean.hw/backup/hw_ila_data_1.ila. Use Tcl command 'read_hw_ila_data' or Vivado File->Import->Import ILA Data menu item to import the previously saved data.
run_hw_ila [get_hw_ilas -of_objects [get_hw_devices xcku060_0] -filter {CELL_NAME=~"u_ila_0"}]
INFO: [Labtools 27-1964] The ILA core 'hw_ila_1' trigger was armed at 2026-Aug-06 18:01:35
wait_on_hw_ila [get_hw_ilas -of_objects [get_hw_devices xcku060_0] -filter {CELL_NAME=~"u_ila_0"}]
display_hw_ila_data [upload_hw_ila_data [get_hw_ilas -of_objects [get_hw_devices xcku060_0] -filter {CELL_NAME=~"u_ila_0"}]]
INFO: [Labtools 27-1966] The ILA core 'hw_ila_1' triggered at 2026-Aug-06 18:01:35
INFO: [Labtools 27-3304] ILA Waveform data saved to file /home/williams/MYFPGA/FPGA Final/rs_codec_clean/rs_codec_clean/rs_codec_clean.hw/backup/hw_ila_data_1.ila. Use Tcl command 'read_hw_ila_data' or Vivado File->Import->Import ILA Data menu item to import the previously saved data.
run_hw_ila [get_hw_ilas -of_objects [get_hw_devices xcku060_0] -filter {CELL_NAME=~"u_ila_0"}]
INFO: [Labtools 27-1964] The ILA core 'hw_ila_1' trigger was armed at 2026-Aug-06 18:01:38
wait_on_hw_ila [get_hw_ilas -of_objects [get_hw_devices xcku060_0] -filter {CELL_NAME=~"u_ila_0"}]
display_hw_ila_data [upload_hw_ila_data [get_hw_ilas -of_objects [get_hw_devices xcku060_0] -filter {CELL_NAME=~"u_ila_0"}]]
INFO: [Labtools 27-1966] The ILA core 'hw_ila_1' triggered at 2026-Aug-06 18:01:38
INFO: [Labtools 27-3304] ILA Waveform data saved to file /home/williams/MYFPGA/FPGA Final/rs_codec_clean/rs_codec_clean/rs_codec_clean.hw/backup/hw_ila_data_1.ila. Use Tcl command 'read_hw_ila_data' or Vivado File->Import->Import ILA Data menu item to import the previously saved data.
run_hw_ila [get_hw_ilas -of_objects [get_hw_devices xcku060_0] -filter {CELL_NAME=~"u_ila_0"}]
INFO: [Labtools 27-1964] The ILA core 'hw_ila_1' trigger was armed at 2026-Aug-06 18:01:42
wait_on_hw_ila [get_hw_ilas -of_objects [get_hw_devices xcku060_0] -filter {CELL_NAME=~"u_ila_0"}]
display_hw_ila_data [upload_hw_ila_data [get_hw_ilas -of_objects [get_hw_devices xcku060_0] -filter {CELL_NAME=~"u_ila_0"}]]
INFO: [Labtools 27-1966] The ILA core 'hw_ila_1' triggered at 2026-Aug-06 18:01:42
INFO: [Labtools 27-3304] ILA Waveform data saved to file /home/williams/MYFPGA/FPGA Final/rs_codec_clean/rs_codec_clean/rs_codec_clean.hw/backup/hw_ila_data_1.ila. Use Tcl command 'read_hw_ila_data' or Vivado File->Import->Import ILA Data menu item to import the previously saved data.
run_hw_ila [get_hw_ilas -of_objects [get_hw_devices xcku060_0] -filter {CELL_NAME=~"u_ila_0"}]
INFO: [Labtools 27-1964] The ILA core 'hw_ila_1' trigger was armed at 2026-Aug-06 18:01:45
wait_on_hw_ila [get_hw_ilas -of_objects [get_hw_devices xcku060_0] -filter {CELL_NAME=~"u_ila_0"}]
display_hw_ila_data [upload_hw_ila_data [get_hw_ilas -of_objects [get_hw_devices xcku060_0] -filter {CELL_NAME=~"u_ila_0"}]]
INFO: [Labtools 27-1966] The ILA core 'hw_ila_1' triggered at 2026-Aug-06 18:01:45
INFO: [Labtools 27-3304] ILA Waveform data saved to file /home/williams/MYFPGA/FPGA Final/rs_codec_clean/rs_codec_clean/rs_codec_clean.hw/backup/hw_ila_data_1.ila. Use Tcl command 'read_hw_ila_data' or Vivado File->Import->Import ILA Data menu item to import the previously saved data.
run_hw_ila [get_hw_ilas -of_objects [get_hw_devices xcku060_0] -filter {CELL_NAME=~"u_ila_0"}]
INFO: [Labtools 27-1964] The ILA core 'hw_ila_1' trigger was armed at 2026-Aug-06 18:01:48
wait_on_hw_ila [get_hw_ilas -of_objects [get_hw_devices xcku060_0] -filter {CELL_NAME=~"u_ila_0"}]
display_hw_ila_data [upload_hw_ila_data [get_hw_ilas -of_objects [get_hw_devices xcku060_0] -filter {CELL_NAME=~"u_ila_0"}]]
INFO: [Labtools 27-1966] The ILA core 'hw_ila_1' triggered at 2026-Aug-06 18:01:48
INFO: [Labtools 27-3304] ILA Waveform data saved to file /home/williams/MYFPGA/FPGA Final/rs_codec_clean/rs_codec_clean/rs_codec_clean.hw/backup/hw_ila_data_1.ila. Use Tcl command 'read_hw_ila_data' or Vivado File->Import->Import ILA Data menu item to import the previously saved data.
run_hw_ila [get_hw_ilas -of_objects [get_hw_devices xcku060_0] -filter {CELL_NAME=~"u_ila_0"}]
INFO: [Labtools 27-1964] The ILA core 'hw_ila_1' trigger was armed at 2026-Aug-06 18:01:51
wait_on_hw_ila [get_hw_ilas -of_objects [get_hw_devices xcku060_0] -filter {CELL_NAME=~"u_ila_0"}]
display_hw_ila_data [upload_hw_ila_data [get_hw_ilas -of_objects [get_hw_devices xcku060_0] -filter {CELL_NAME=~"u_ila_0"}]]
INFO: [Labtools 27-1966] The ILA core 'hw_ila_1' triggered at 2026-Aug-06 18:01:51
INFO: [Labtools 27-3304] ILA Waveform data saved to file /home/williams/MYFPGA/FPGA Final/rs_codec_clean/rs_codec_clean/rs_codec_clean.hw/backup/hw_ila_data_1.ila. Use Tcl command 'read_hw_ila_data' or Vivado File->Import->Import ILA Data menu item to import the previously saved data.
run_hw_ila [get_hw_ilas -of_objects [get_hw_devices xcku060_0] -filter {CELL_NAME=~"u_ila_0"}]
INFO: [Labtools 27-1964] The ILA core 'hw_ila_1' trigger was armed at 2026-Aug-06 18:01:55
wait_on_hw_ila [get_hw_ilas -of_objects [get_hw_devices xcku060_0] -filter {CELL_NAME=~"u_ila_0"}]
display_hw_ila_data [upload_hw_ila_data [get_hw_ilas -of_objects [get_hw_devices xcku060_0] -filter {CELL_NAME=~"u_ila_0"}]]
INFO: [Labtools 27-1966] The ILA core 'hw_ila_1' triggered at 2026-Aug-06 18:01:55
INFO: [Labtools 27-3304] ILA Waveform data saved to file /home/williams/MYFPGA/FPGA Final/rs_codec_clean/rs_codec_clean/rs_codec_clean.hw/backup/hw_ila_data_1.ila. Use Tcl command 'read_hw_ila_data' or Vivado File->Import->Import ILA Data menu item to import the previously saved data.
run_hw_ila [get_hw_ilas -of_objects [get_hw_devices xcku060_0] -filter {CELL_NAME=~"u_ila_0"}]
INFO: [Labtools 27-1964] The ILA core 'hw_ila_1' trigger was armed at 2026-Aug-06 18:01:58
wait_on_hw_ila [get_hw_ilas -of_objects [get_hw_devices xcku060_0] -filter {CELL_NAME=~"u_ila_0"}]
display_hw_ila_data [upload_hw_ila_data [get_hw_ilas -of_objects [get_hw_devices xcku060_0] -filter {CELL_NAME=~"u_ila_0"}]]
INFO: [Labtools 27-1966] The ILA core 'hw_ila_1' triggered at 2026-Aug-06 18:01:58
INFO: [Labtools 27-3304] ILA Waveform data saved to file /home/williams/MYFPGA/FPGA Final/rs_codec_clean/rs_codec_clean/rs_codec_clean.hw/backup/hw_ila_data_1.ila. Use Tcl command 'read_hw_ila_data' or Vivado File->Import->Import ILA Data menu item to import the previously saved data.
run_hw_ila [get_hw_ilas -of_objects [get_hw_devices xcku060_0] -filter {CELL_NAME=~"u_ila_0"}]
INFO: [Labtools 27-1964] The ILA core 'hw_ila_1' trigger was armed at 2026-Aug-06 18:02:01
wait_on_hw_ila [get_hw_ilas -of_objects [get_hw_devices xcku060_0] -filter {CELL_NAME=~"u_ila_0"}]
display_hw_ila_data [upload_hw_ila_data [get_hw_ilas -of_objects [get_hw_devices xcku060_0] -filter {CELL_NAME=~"u_ila_0"}]]
INFO: [Labtools 27-1966] The ILA core 'hw_ila_1' triggered at 2026-Aug-06 18:02:01
INFO: [Labtools 27-3304] ILA Waveform data saved to file /home/williams/MYFPGA/FPGA Final/rs_codec_clean/rs_codec_clean/rs_codec_clean.hw/backup/hw_ila_data_1.ila. Use Tcl command 'read_hw_ila_data' or Vivado File->Import->Import ILA Data menu item to import the previously saved data.
run_hw_ila [get_hw_ilas -of_objects [get_hw_devices xcku060_0] -filter {CELL_NAME=~"u_ila_0"}]
INFO: [Labtools 27-1964] The ILA core 'hw_ila_1' trigger was armed at 2026-Aug-06 18:02:05
wait_on_hw_ila [get_hw_ilas -of_objects [get_hw_devices xcku060_0] -filter {CELL_NAME=~"u_ila_0"}]
display_hw_ila_data [upload_hw_ila_data [get_hw_ilas -of_objects [get_hw_devices xcku060_0] -filter {CELL_NAME=~"u_ila_0"}]]
INFO: [Labtools 27-1966] The ILA core 'hw_ila_1' triggered at 2026-Aug-06 18:02:05
INFO: [Labtools 27-3304] ILA Waveform data saved to file /home/williams/MYFPGA/FPGA Final/rs_codec_clean/rs_codec_clean/rs_codec_clean.hw/backup/hw_ila_data_1.ila. Use Tcl command 'read_hw_ila_data' or Vivado File->Import->Import ILA Data menu item to import the previously saved data.
run_hw_ila [get_hw_ilas -of_objects [get_hw_devices xcku060_0] -filter {CELL_NAME=~"u_ila_0"}]
INFO: [Labtools 27-1964] The ILA core 'hw_ila_1' trigger was armed at 2026-Aug-06 18:02:08
wait_on_hw_ila [get_hw_ilas -of_objects [get_hw_devices xcku060_0] -filter {CELL_NAME=~"u_ila_0"}]
display_hw_ila_data [upload_hw_ila_data [get_hw_ilas -of_objects [get_hw_devices xcku060_0] -filter {CELL_NAME=~"u_ila_0"}]]
INFO: [Labtools 27-1966] The ILA core 'hw_ila_1' triggered at 2026-Aug-06 18:02:08
INFO: [Labtools 27-3304] ILA Waveform data saved to file /home/williams/MYFPGA/FPGA Final/rs_codec_clean/rs_codec_clean/rs_codec_clean.hw/backup/hw_ila_data_1.ila. Use Tcl command 'read_hw_ila_data' or Vivado File->Import->Import ILA Data menu item to import the previously saved data.
run_hw_ila [get_hw_ilas -of_objects [get_hw_devices xcku060_0] -filter {CELL_NAME=~"u_ila_0"}]
INFO: [Labtools 27-1964] The ILA core 'hw_ila_1' trigger was armed at 2026-Aug-06 18:02:11
wait_on_hw_ila [get_hw_ilas -of_objects [get_hw_devices xcku060_0] -filter {CELL_NAME=~"u_ila_0"}]
display_hw_ila_data [upload_hw_ila_data [get_hw_ilas -of_objects [get_hw_devices xcku060_0] -filter {CELL_NAME=~"u_ila_0"}]]
INFO: [Labtools 27-1966] The ILA core 'hw_ila_1' triggered at 2026-Aug-06 18:02:11
INFO: [Labtools 27-3304] ILA Waveform data saved to file /home/williams/MYFPGA/FPGA Final/rs_codec_clean/rs_codec_clean/rs_codec_clean.hw/backup/hw_ila_data_1.ila. Use Tcl command 'read_hw_ila_data' or Vivado File->Import->Import ILA Data menu item to import the previously saved data.
run_hw_ila [get_hw_ilas -of_objects [get_hw_devices xcku060_0] -filter {CELL_NAME=~"u_ila_0"}]
INFO: [Labtools 27-1964] The ILA core 'hw_ila_1' trigger was armed at 2026-Aug-06 18:02:14
INFO: [Common 17-14] Message 'Labtools 27-1964' appears 100 times and further instances of the messages will be disabled. Use the Tcl command set_msg_config to change the current settings.
wait_on_hw_ila [get_hw_ilas -of_objects [get_hw_devices xcku060_0] -filter {CELL_NAME=~"u_ila_0"}]
display_hw_ila_data [upload_hw_ila_data [get_hw_ilas -of_objects [get_hw_devices xcku060_0] -filter {CELL_NAME=~"u_ila_0"}]]
INFO: [Labtools 27-1966] The ILA core 'hw_ila_1' triggered at 2026-Aug-06 18:02:14
INFO: [Common 17-14] Message 'Labtools 27-1966' appears 100 times and further instances of the messages will be disabled. Use the Tcl command set_msg_config to change the current settings.
INFO: [Labtools 27-3304] ILA Waveform data saved to file /home/williams/MYFPGA/FPGA Final/rs_codec_clean/rs_codec_clean/rs_codec_clean.hw/backup/hw_ila_data_1.ila. Use Tcl command 'read_hw_ila_data' or Vivado File->Import->Import ILA Data menu item to import the previously saved data.
INFO: [Common 17-14] Message 'Labtools 27-3304' appears 100 times and further instances of the messages will be disabled. Use the Tcl command set_msg_config to change the current settings.
run_hw_ila [get_hw_ilas -of_objects [get_hw_devices xcku060_0] -filter {CELL_NAME=~"u_ila_0"}]
wait_on_hw_ila [get_hw_ilas -of_objects [get_hw_devices xcku060_0] -filter {CELL_NAME=~"u_ila_0"}]
display_hw_ila_data [upload_hw_ila_data [get_hw_ilas -of_objects [get_hw_devices xcku060_0] -filter {CELL_NAME=~"u_ila_0"}]]
run_hw_ila [get_hw_ilas -of_objects [get_hw_devices xcku060_0] -filter {CELL_NAME=~"u_ila_0"}]
wait_on_hw_ila [get_hw_ilas -of_objects [get_hw_devices xcku060_0] -filter {CELL_NAME=~"u_ila_0"}]
display_hw_ila_data [upload_hw_ila_data [get_hw_ilas -of_objects [get_hw_devices xcku060_0] -filter {CELL_NAME=~"u_ila_0"}]]
run_hw_ila [get_hw_ilas -of_objects [get_hw_devices xcku060_0] -filter {CELL_NAME=~"u_ila_0"}]
wait_on_hw_ila [get_hw_ilas -of_objects [get_hw_devices xcku060_0] -filter {CELL_NAME=~"u_ila_0"}]
display_hw_ila_data [upload_hw_ila_data [get_hw_ilas -of_objects [get_hw_devices xcku060_0] -filter {CELL_NAME=~"u_ila_0"}]]
run_hw_ila [get_hw_ilas -of_objects [get_hw_devices xcku060_0] -filter {CELL_NAME=~"u_ila_0"}]
wait_on_hw_ila [get_hw_ilas -of_objects [get_hw_devices xcku060_0] -filter {CELL_NAME=~"u_ila_0"}]
display_hw_ila_data [upload_hw_ila_data [get_hw_ilas -of_objects [get_hw_devices xcku060_0] -filter {CELL_NAME=~"u_ila_0"}]]
run_hw_ila [get_hw_ilas -of_objects [get_hw_devices xcku060_0] -filter {CELL_NAME=~"u_ila_0"}]
wait_on_hw_ila [get_hw_ilas -of_objects [get_hw_devices xcku060_0] -filter {CELL_NAME=~"u_ila_0"}]
display_hw_ila_data [upload_hw_ila_data [get_hw_ilas -of_objects [get_hw_devices xcku060_0] -filter {CELL_NAME=~"u_ila_0"}]]
run_hw_ila [get_hw_ilas -of_objects [get_hw_devices xcku060_0] -filter {CELL_NAME=~"u_ila_0"}]
wait_on_hw_ila [get_hw_ilas -of_objects [get_hw_devices xcku060_0] -filter {CELL_NAME=~"u_ila_0"}]
display_hw_ila_data [upload_hw_ila_data [get_hw_ilas -of_objects [get_hw_devices xcku060_0] -filter {CELL_NAME=~"u_ila_0"}]]
run_hw_ila [get_hw_ilas -of_objects [get_hw_devices xcku060_0] -filter {CELL_NAME=~"u_ila_0"}]
wait_on_hw_ila [get_hw_ilas -of_objects [get_hw_devices xcku060_0] -filter {CELL_NAME=~"u_ila_0"}]
display_hw_ila_data [upload_hw_ila_data [get_hw_ilas -of_objects [get_hw_devices xcku060_0] -filter {CELL_NAME=~"u_ila_0"}]]
run_hw_ila [get_hw_ilas -of_objects [get_hw_devices xcku060_0] -filter {CELL_NAME=~"u_ila_0"}]
wait_on_hw_ila [get_hw_ilas -of_objects [get_hw_devices xcku060_0] -filter {CELL_NAME=~"u_ila_0"}]
display_hw_ila_data [upload_hw_ila_data [get_hw_ilas -of_objects [get_hw_devices xcku060_0] -filter {CELL_NAME=~"u_ila_0"}]]
run_hw_ila [get_hw_ilas -of_objects [get_hw_devices xcku060_0] -filter {CELL_NAME=~"u_ila_0"}]
wait_on_hw_ila [get_hw_ilas -of_objects [get_hw_devices xcku060_0] -filter {CELL_NAME=~"u_ila_0"}]
display_hw_ila_data [upload_hw_ila_data [get_hw_ilas -of_objects [get_hw_devices xcku060_0] -filter {CELL_NAME=~"u_ila_0"}]]
run_hw_ila [get_hw_ilas -of_objects [get_hw_devices xcku060_0] -filter {CELL_NAME=~"u_ila_0"}]
wait_on_hw_ila [get_hw_ilas -of_objects [get_hw_devices xcku060_0] -filter {CELL_NAME=~"u_ila_0"}]
display_hw_ila_data [upload_hw_ila_data [get_hw_ilas -of_objects [get_hw_devices xcku060_0] -filter {CELL_NAME=~"u_ila_0"}]]
run_hw_ila [get_hw_ilas -of_objects [get_hw_devices xcku060_0] -filter {CELL_NAME=~"u_ila_0"}]
wait_on_hw_ila [get_hw_ilas -of_objects [get_hw_devices xcku060_0] -filter {CELL_NAME=~"u_ila_0"}]
display_hw_ila_data [upload_hw_ila_data [get_hw_ilas -of_objects [get_hw_devices xcku060_0] -filter {CELL_NAME=~"u_ila_0"}]]
run_hw_ila [get_hw_ilas -of_objects [get_hw_devices xcku060_0] -filter {CELL_NAME=~"u_ila_0"}]
wait_on_hw_ila [get_hw_ilas -of_objects [get_hw_devices xcku060_0] -filter {CELL_NAME=~"u_ila_0"}]
display_hw_ila_data [upload_hw_ila_data [get_hw_ilas -of_objects [get_hw_devices xcku060_0] -filter {CELL_NAME=~"u_ila_0"}]]
run_hw_ila [get_hw_ilas -of_objects [get_hw_devices xcku060_0] -filter {CELL_NAME=~"u_ila_0"}]
wait_on_hw_ila [get_hw_ilas -of_objects [get_hw_devices xcku060_0] -filter {CELL_NAME=~"u_ila_0"}]
display_hw_ila_data [upload_hw_ila_data [get_hw_ilas -of_objects [get_hw_devices xcku060_0] -filter {CELL_NAME=~"u_ila_0"}]]
run_hw_ila [get_hw_ilas -of_objects [get_hw_devices xcku060_0] -filter {CELL_NAME=~"u_ila_0"}]
wait_on_hw_ila [get_hw_ilas -of_objects [get_hw_devices xcku060_0] -filter {CELL_NAME=~"u_ila_0"}]
display_hw_ila_data [upload_hw_ila_data [get_hw_ilas -of_objects [get_hw_devices xcku060_0] -filter {CELL_NAME=~"u_ila_0"}]]
run_hw_ila [get_hw_ilas -of_objects [get_hw_devices xcku060_0] -filter {CELL_NAME=~"u_ila_0"}]
wait_on_hw_ila [get_hw_ilas -of_objects [get_hw_devices xcku060_0] -filter {CELL_NAME=~"u_ila_0"}]
display_hw_ila_data [upload_hw_ila_data [get_hw_ilas -of_objects [get_hw_devices xcku060_0] -filter {CELL_NAME=~"u_ila_0"}]]
run_hw_ila [get_hw_ilas -of_objects [get_hw_devices xcku060_0] -filter {CELL_NAME=~"u_ila_0"}]
wait_on_hw_ila [get_hw_ilas -of_objects [get_hw_devices xcku060_0] -filter {CELL_NAME=~"u_ila_0"}]
display_hw_ila_data [upload_hw_ila_data [get_hw_ilas -of_objects [get_hw_devices xcku060_0] -filter {CELL_NAME=~"u_ila_0"}]]
run_hw_ila [get_hw_ilas -of_objects [get_hw_devices xcku060_0] -filter {CELL_NAME=~"u_ila_0"}]
wait_on_hw_ila [get_hw_ilas -of_objects [get_hw_devices xcku060_0] -filter {CELL_NAME=~"u_ila_0"}]
display_hw_ila_data [upload_hw_ila_data [get_hw_ilas -of_objects [get_hw_devices xcku060_0] -filter {CELL_NAME=~"u_ila_0"}]]
run_hw_ila [get_hw_ilas -of_objects [get_hw_devices xcku060_0] -filter {CELL_NAME=~"u_ila_0"}]
wait_on_hw_ila [get_hw_ilas -of_objects [get_hw_devices xcku060_0] -filter {CELL_NAME=~"u_ila_0"}]
display_hw_ila_data [upload_hw_ila_data [get_hw_ilas -of_objects [get_hw_devices xcku060_0] -filter {CELL_NAME=~"u_ila_0"}]]
run_hw_ila [get_hw_ilas -of_objects [get_hw_devices xcku060_0] -filter {CELL_NAME=~"u_ila_0"}]
wait_on_hw_ila [get_hw_ilas -of_objects [get_hw_devices xcku060_0] -filter {CELL_NAME=~"u_ila_0"}]
display_hw_ila_data [upload_hw_ila_data [get_hw_ilas -of_objects [get_hw_devices xcku060_0] -filter {CELL_NAME=~"u_ila_0"}]]
run_hw_ila [get_hw_ilas -of_objects [get_hw_devices xcku060_0] -filter {CELL_NAME=~"u_ila_0"}]
wait_on_hw_ila [get_hw_ilas -of_objects [get_hw_devices xcku060_0] -filter {CELL_NAME=~"u_ila_0"}]
display_hw_ila_data [upload_hw_ila_data [get_hw_ilas -of_objects [get_hw_devices xcku060_0] -filter {CELL_NAME=~"u_ila_0"}]]
run_hw_ila [get_hw_ilas -of_objects [get_hw_devices xcku060_0] -filter {CELL_NAME=~"u_ila_0"}]
wait_on_hw_ila [get_hw_ilas -of_objects [get_hw_devices xcku060_0] -filter {CELL_NAME=~"u_ila_0"}]
display_hw_ila_data [upload_hw_ila_data [get_hw_ilas -of_objects [get_hw_devices xcku060_0] -filter {CELL_NAME=~"u_ila_0"}]]
run_hw_ila [get_hw_ilas -of_objects [get_hw_devices xcku060_0] -filter {CELL_NAME=~"u_ila_0"}]
wait_on_hw_ila [get_hw_ilas -of_objects [get_hw_devices xcku060_0] -filter {CELL_NAME=~"u_ila_0"}]
display_hw_ila_data [upload_hw_ila_data [get_hw_ilas -of_objects [get_hw_devices xcku060_0] -filter {CELL_NAME=~"u_ila_0"}]]
run_hw_ila [get_hw_ilas -of_objects [get_hw_devices xcku060_0] -filter {CELL_NAME=~"u_ila_0"}]
wait_on_hw_ila [get_hw_ilas -of_objects [get_hw_devices xcku060_0] -filter {CELL_NAME=~"u_ila_0"}]
display_hw_ila_data [upload_hw_ila_data [get_hw_ilas -of_objects [get_hw_devices xcku060_0] -filter {CELL_NAME=~"u_ila_0"}]]
run_hw_ila [get_hw_ilas -of_objects [get_hw_devices xcku060_0] -filter {CELL_NAME=~"u_ila_0"}]
wait_on_hw_ila [get_hw_ilas -of_objects [get_hw_devices xcku060_0] -filter {CELL_NAME=~"u_ila_0"}]
display_hw_ila_data [upload_hw_ila_data [get_hw_ilas -of_objects [get_hw_devices xcku060_0] -filter {CELL_NAME=~"u_ila_0"}]]
run_hw_ila [get_hw_ilas -of_objects [get_hw_devices xcku060_0] -filter {CELL_NAME=~"u_ila_0"}]
wait_on_hw_ila [get_hw_ilas -of_objects [get_hw_devices xcku060_0] -filter {CELL_NAME=~"u_ila_0"}]
display_hw_ila_data [upload_hw_ila_data [get_hw_ilas -of_objects [get_hw_devices xcku060_0] -filter {CELL_NAME=~"u_ila_0"}]]
run_hw_ila [get_hw_ilas -of_objects [get_hw_devices xcku060_0] -filter {CELL_NAME=~"u_ila_0"}]
wait_on_hw_ila [get_hw_ilas -of_objects [get_hw_devices xcku060_0] -filter {CELL_NAME=~"u_ila_0"}]
display_hw_ila_data [upload_hw_ila_data [get_hw_ilas -of_objects [get_hw_devices xcku060_0] -filter {CELL_NAME=~"u_ila_0"}]]
run_hw_ila [get_hw_ilas -of_objects [get_hw_devices xcku060_0] -filter {CELL_NAME=~"u_ila_0"}]
wait_on_hw_ila [get_hw_ilas -of_objects [get_hw_devices xcku060_0] -filter {CELL_NAME=~"u_ila_0"}]
display_hw_ila_data [upload_hw_ila_data [get_hw_ilas -of_objects [get_hw_devices xcku060_0] -filter {CELL_NAME=~"u_ila_0"}]]
run_hw_ila [get_hw_ilas -of_objects [get_hw_devices xcku060_0] -filter {CELL_NAME=~"u_ila_0"}]
wait_on_hw_ila [get_hw_ilas -of_objects [get_hw_devices xcku060_0] -filter {CELL_NAME=~"u_ila_0"}]
display_hw_ila_data [upload_hw_ila_data [get_hw_ilas -of_objects [get_hw_devices xcku060_0] -filter {CELL_NAME=~"u_ila_0"}]]
run_hw_ila [get_hw_ilas -of_objects [get_hw_devices xcku060_0] -filter {CELL_NAME=~"u_ila_0"}]
wait_on_hw_ila [get_hw_ilas -of_objects [get_hw_devices xcku060_0] -filter {CELL_NAME=~"u_ila_0"}]
display_hw_ila_data [upload_hw_ila_data [get_hw_ilas -of_objects [get_hw_devices xcku060_0] -filter {CELL_NAME=~"u_ila_0"}]]
run_hw_ila [get_hw_ilas -of_objects [get_hw_devices xcku060_0] -filter {CELL_NAME=~"u_ila_0"}]
wait_on_hw_ila [get_hw_ilas -of_objects [get_hw_devices xcku060_0] -filter {CELL_NAME=~"u_ila_0"}]
display_hw_ila_data [upload_hw_ila_data [get_hw_ilas -of_objects [get_hw_devices xcku060_0] -filter {CELL_NAME=~"u_ila_0"}]]
run_hw_ila [get_hw_ilas -of_objects [get_hw_devices xcku060_0] -filter {CELL_NAME=~"u_ila_0"}]
wait_on_hw_ila [get_hw_ilas -of_objects [get_hw_devices xcku060_0] -filter {CELL_NAME=~"u_ila_0"}]
display_hw_ila_data [upload_hw_ila_data [get_hw_ilas -of_objects [get_hw_devices xcku060_0] -filter {CELL_NAME=~"u_ila_0"}]]
run_hw_ila [get_hw_ilas -of_objects [get_hw_devices xcku060_0] -filter {CELL_NAME=~"u_ila_0"}]
wait_on_hw_ila [get_hw_ilas -of_objects [get_hw_devices xcku060_0] -filter {CELL_NAME=~"u_ila_0"}]
display_hw_ila_data [upload_hw_ila_data [get_hw_ilas -of_objects [get_hw_devices xcku060_0] -filter {CELL_NAME=~"u_ila_0"}]]
run_hw_ila [get_hw_ilas -of_objects [get_hw_devices xcku060_0] -filter {CELL_NAME=~"u_ila_0"}]
wait_on_hw_ila [get_hw_ilas -of_objects [get_hw_devices xcku060_0] -filter {CELL_NAME=~"u_ila_0"}]
display_hw_ila_data [upload_hw_ila_data [get_hw_ilas -of_objects [get_hw_devices xcku060_0] -filter {CELL_NAME=~"u_ila_0"}]]
run_hw_ila [get_hw_ilas -of_objects [get_hw_devices xcku060_0] -filter {CELL_NAME=~"u_ila_0"}]
wait_on_hw_ila [get_hw_ilas -of_objects [get_hw_devices xcku060_0] -filter {CELL_NAME=~"u_ila_0"}]
display_hw_ila_data [upload_hw_ila_data [get_hw_ilas -of_objects [get_hw_devices xcku060_0] -filter {CELL_NAME=~"u_ila_0"}]]
run_hw_ila [get_hw_ilas -of_objects [get_hw_devices xcku060_0] -filter {CELL_NAME=~"u_ila_0"}]
wait_on_hw_ila [get_hw_ilas -of_objects [get_hw_devices xcku060_0] -filter {CELL_NAME=~"u_ila_0"}]
display_hw_ila_data [upload_hw_ila_data [get_hw_ilas -of_objects [get_hw_devices xcku060_0] -filter {CELL_NAME=~"u_ila_0"}]]
run_hw_ila [get_hw_ilas -of_objects [get_hw_devices xcku060_0] -filter {CELL_NAME=~"u_ila_0"}]
wait_on_hw_ila [get_hw_ilas -of_objects [get_hw_devices xcku060_0] -filter {CELL_NAME=~"u_ila_0"}]
display_hw_ila_data [upload_hw_ila_data [get_hw_ilas -of_objects [get_hw_devices xcku060_0] -filter {CELL_NAME=~"u_ila_0"}]]
run_hw_ila [get_hw_ilas -of_objects [get_hw_devices xcku060_0] -filter {CELL_NAME=~"u_ila_0"}]
wait_on_hw_ila [get_hw_ilas -of_objects [get_hw_devices xcku060_0] -filter {CELL_NAME=~"u_ila_0"}]
display_hw_ila_data [upload_hw_ila_data [get_hw_ilas -of_objects [get_hw_devices xcku060_0] -filter {CELL_NAME=~"u_ila_0"}]]
run_hw_ila [get_hw_ilas -of_objects [get_hw_devices xcku060_0] -filter {CELL_NAME=~"u_ila_0"}]
wait_on_hw_ila [get_hw_ilas -of_objects [get_hw_devices xcku060_0] -filter {CELL_NAME=~"u_ila_0"}]
display_hw_ila_data [upload_hw_ila_data [get_hw_ilas -of_objects [get_hw_devices xcku060_0] -filter {CELL_NAME=~"u_ila_0"}]]
run_hw_ila [get_hw_ilas -of_objects [get_hw_devices xcku060_0] -filter {CELL_NAME=~"u_ila_0"}]
wait_on_hw_ila [get_hw_ilas -of_objects [get_hw_devices xcku060_0] -filter {CELL_NAME=~"u_ila_0"}]
display_hw_ila_data [upload_hw_ila_data [get_hw_ilas -of_objects [get_hw_devices xcku060_0] -filter {CELL_NAME=~"u_ila_0"}]]
run_hw_ila [get_hw_ilas -of_objects [get_hw_devices xcku060_0] -filter {CELL_NAME=~"u_ila_0"}]
wait_on_hw_ila [get_hw_ilas -of_objects [get_hw_devices xcku060_0] -filter {CELL_NAME=~"u_ila_0"}]
display_hw_ila_data [upload_hw_ila_data [get_hw_ilas -of_objects [get_hw_devices xcku060_0] -filter {CELL_NAME=~"u_ila_0"}]]
run_hw_ila [get_hw_ilas -of_objects [get_hw_devices xcku060_0] -filter {CELL_NAME=~"u_ila_0"}]
wait_on_hw_ila [get_hw_ilas -of_objects [get_hw_devices xcku060_0] -filter {CELL_NAME=~"u_ila_0"}]
display_hw_ila_data [upload_hw_ila_data [get_hw_ilas -of_objects [get_hw_devices xcku060_0] -filter {CELL_NAME=~"u_ila_0"}]]
run_hw_ila [get_hw_ilas -of_objects [get_hw_devices xcku060_0] -filter {CELL_NAME=~"u_ila_0"}]
wait_on_hw_ila [get_hw_ilas -of_objects [get_hw_devices xcku060_0] -filter {CELL_NAME=~"u_ila_0"}]
display_hw_ila_data [upload_hw_ila_data [get_hw_ilas -of_objects [get_hw_devices xcku060_0] -filter {CELL_NAME=~"u_ila_0"}]]
run_hw_ila [get_hw_ilas -of_objects [get_hw_devices xcku060_0] -filter {CELL_NAME=~"u_ila_0"}]
wait_on_hw_ila [get_hw_ilas -of_objects [get_hw_devices xcku060_0] -filter {CELL_NAME=~"u_ila_0"}]
display_hw_ila_data [upload_hw_ila_data [get_hw_ilas -of_objects [get_hw_devices xcku060_0] -filter {CELL_NAME=~"u_ila_0"}]]
run_hw_ila [get_hw_ilas -of_objects [get_hw_devices xcku060_0] -filter {CELL_NAME=~"u_ila_0"}]
wait_on_hw_ila [get_hw_ilas -of_objects [get_hw_devices xcku060_0] -filter {CELL_NAME=~"u_ila_0"}]
display_hw_ila_data [upload_hw_ila_data [get_hw_ilas -of_objects [get_hw_devices xcku060_0] -filter {CELL_NAME=~"u_ila_0"}]]
run_hw_ila [get_hw_ilas -of_objects [get_hw_devices xcku060_0] -filter {CELL_NAME=~"u_ila_0"}]
wait_on_hw_ila [get_hw_ilas -of_objects [get_hw_devices xcku060_0] -filter {CELL_NAME=~"u_ila_0"}]
display_hw_ila_data [upload_hw_ila_data [get_hw_ilas -of_objects [get_hw_devices xcku060_0] -filter {CELL_NAME=~"u_ila_0"}]]
run_hw_ila [get_hw_ilas -of_objects [get_hw_devices xcku060_0] -filter {CELL_NAME=~"u_ila_0"}]
wait_on_hw_ila [get_hw_ilas -of_objects [get_hw_devices xcku060_0] -filter {CELL_NAME=~"u_ila_0"}]
display_hw_ila_data [upload_hw_ila_data [get_hw_ilas -of_objects [get_hw_devices xcku060_0] -filter {CELL_NAME=~"u_ila_0"}]]
run_hw_ila [get_hw_ilas -of_objects [get_hw_devices xcku060_0] -filter {CELL_NAME=~"u_ila_0"}]
wait_on_hw_ila [get_hw_ilas -of_objects [get_hw_devices xcku060_0] -filter {CELL_NAME=~"u_ila_0"}]
display_hw_ila_data [upload_hw_ila_data [get_hw_ilas -of_objects [get_hw_devices xcku060_0] -filter {CELL_NAME=~"u_ila_0"}]]
run_hw_ila [get_hw_ilas -of_objects [get_hw_devices xcku060_0] -filter {CELL_NAME=~"u_ila_0"}]
wait_on_hw_ila [get_hw_ilas -of_objects [get_hw_devices xcku060_0] -filter {CELL_NAME=~"u_ila_0"}]
display_hw_ila_data [upload_hw_ila_data [get_hw_ilas -of_objects [get_hw_devices xcku060_0] -filter {CELL_NAME=~"u_ila_0"}]]
run_hw_ila [get_hw_ilas -of_objects [get_hw_devices xcku060_0] -filter {CELL_NAME=~"u_ila_0"}]
wait_on_hw_ila [get_hw_ilas -of_objects [get_hw_devices xcku060_0] -filter {CELL_NAME=~"u_ila_0"}]
display_hw_ila_data [upload_hw_ila_data [get_hw_ilas -of_objects [get_hw_devices xcku060_0] -filter {CELL_NAME=~"u_ila_0"}]]
run_hw_ila [get_hw_ilas -of_objects [get_hw_devices xcku060_0] -filter {CELL_NAME=~"u_ila_0"}]
wait_on_hw_ila [get_hw_ilas -of_objects [get_hw_devices xcku060_0] -filter {CELL_NAME=~"u_ila_0"}]
display_hw_ila_data [upload_hw_ila_data [get_hw_ilas -of_objects [get_hw_devices xcku060_0] -filter {CELL_NAME=~"u_ila_0"}]]
run_hw_ila [get_hw_ilas -of_objects [get_hw_devices xcku060_0] -filter {CELL_NAME=~"u_ila_0"}]
wait_on_hw_ila [get_hw_ilas -of_objects [get_hw_devices xcku060_0] -filter {CELL_NAME=~"u_ila_0"}]
display_hw_ila_data [upload_hw_ila_data [get_hw_ilas -of_objects [get_hw_devices xcku060_0] -filter {CELL_NAME=~"u_ila_0"}]]
run_hw_ila [get_hw_ilas -of_objects [get_hw_devices xcku060_0] -filter {CELL_NAME=~"u_ila_0"}]
wait_on_hw_ila [get_hw_ilas -of_objects [get_hw_devices xcku060_0] -filter {CELL_NAME=~"u_ila_0"}]
display_hw_ila_data [upload_hw_ila_data [get_hw_ilas -of_objects [get_hw_devices xcku060_0] -filter {CELL_NAME=~"u_ila_0"}]]
run_hw_ila [get_hw_ilas -of_objects [get_hw_devices xcku060_0] -filter {CELL_NAME=~"u_ila_0"}]
wait_on_hw_ila [get_hw_ilas -of_objects [get_hw_devices xcku060_0] -filter {CELL_NAME=~"u_ila_0"}]
display_hw_ila_data [upload_hw_ila_data [get_hw_ilas -of_objects [get_hw_devices xcku060_0] -filter {CELL_NAME=~"u_ila_0"}]]
run_hw_ila [get_hw_ilas -of_objects [get_hw_devices xcku060_0] -filter {CELL_NAME=~"u_ila_0"}]
wait_on_hw_ila [get_hw_ilas -of_objects [get_hw_devices xcku060_0] -filter {CELL_NAME=~"u_ila_0"}]
display_hw_ila_data [upload_hw_ila_data [get_hw_ilas -of_objects [get_hw_devices xcku060_0] -filter {CELL_NAME=~"u_ila_0"}]]
run_hw_ila [get_hw_ilas -of_objects [get_hw_devices xcku060_0] -filter {CELL_NAME=~"u_ila_0"}]
wait_on_hw_ila [get_hw_ilas -of_objects [get_hw_devices xcku060_0] -filter {CELL_NAME=~"u_ila_0"}]
display_hw_ila_data [upload_hw_ila_data [get_hw_ilas -of_objects [get_hw_devices xcku060_0] -filter {CELL_NAME=~"u_ila_0"}]]
run_hw_ila [get_hw_ilas -of_objects [get_hw_devices xcku060_0] -filter {CELL_NAME=~"u_ila_0"}]
wait_on_hw_ila [get_hw_ilas -of_objects [get_hw_devices xcku060_0] -filter {CELL_NAME=~"u_ila_0"}]
display_hw_ila_data [upload_hw_ila_data [get_hw_ilas -of_objects [get_hw_devices xcku060_0] -filter {CELL_NAME=~"u_ila_0"}]]
run_hw_ila [get_hw_ilas -of_objects [get_hw_devices xcku060_0] -filter {CELL_NAME=~"u_ila_0"}]
wait_on_hw_ila [get_hw_ilas -of_objects [get_hw_devices xcku060_0] -filter {CELL_NAME=~"u_ila_0"}]
display_hw_ila_data [upload_hw_ila_data [get_hw_ilas -of_objects [get_hw_devices xcku060_0] -filter {CELL_NAME=~"u_ila_0"}]]
run_hw_ila [get_hw_ilas -of_objects [get_hw_devices xcku060_0] -filter {CELL_NAME=~"u_ila_0"}]
ERROR: [Xicom 50-38] xicom: Unable to connect to debug core(s) on the target device. Check cable connectivity and that the target board is powered up then use the disconnect_hw_server and connect_hw_server to re-initialize the hardware target. Use open_hw_target to re-register the hardware device.
ERROR: [Xicom 50-38] xicom: Unable to connect to debug core(s) on the target device. Check cable connectivity and that the target board is powered up then use the disconnect_hw_server and connect_hw_server to re-initialize the hardware target. Use open_hw_target to re-register the hardware device.
ERROR: [Xicom 50-38] xicom: Unable to connect to debug core(s) on the target device. Check cable connectivity and that the target board is powered up then use the disconnect_hw_server and connect_hw_server to re-initialize the hardware target. Use open_hw_target to re-register the hardware device.
ERROR: [Xicom 50-38] xicom: Unable to connect to debug core(s) on the target device. Check cable connectivity and that the target board is powered up then use the disconnect_hw_server and connect_hw_server to re-initialize the hardware target. Use open_hw_target to re-register the hardware device.
ERROR: [Xicom 50-38] xicom: Unable to connect to debug core(s) on the target device. Check cable connectivity and that the target board is powered up then use the disconnect_hw_server and connect_hw_server to re-initialize the hardware target. Use open_hw_target to re-register the hardware device.
ERROR: [Labtools 27-3176] hw_server failed during internal command.
Resolution: Check that the hw_server is running and the hardware connectivity to the target
run_hw_ila [get_hw_ilas -of_objects [get_hw_devices xcku060_0] -filter {CELL_NAME=~"u_ila_0"}]
wait_on_hw_ila [get_hw_ilas -of_objects [get_hw_devices xcku060_0] -filter {CELL_NAME=~"u_ila_0"}]
display_hw_ila_data [upload_hw_ila_data [get_hw_ilas -of_objects [get_hw_devices xcku060_0] -filter {CELL_NAME=~"u_ila_0"}]]
ERROR: [Common 17-49] Internal Data Exception: Assertion failed:/wrk/wall1/workspaces/wall523/sub/HEAD/src/shared/labtools/la/LTDHWProbeUtils.cxx:332:HDDCProbeData LTDHWProbeUtils::getProbeILAData(HDDCProbeInterface*, ILAData::AbstractILAData*):sampleCount == bitset.size()
run_hw_ila [get_hw_ilas -of_objects [get_hw_devices xcku060_0] -filter {CELL_NAME=~"u_ila_0"}]
wait_on_hw_ila [get_hw_ilas -of_objects [get_hw_devices xcku060_0] -filter {CELL_NAME=~"u_ila_0"}]
display_hw_ila_data [upload_hw_ila_data [get_hw_ilas -of_objects [get_hw_devices xcku060_0] -filter {CELL_NAME=~"u_ila_0"}]]
ERROR: [Common 17-49] Internal Data Exception: Assertion failed:/wrk/wall1/workspaces/wall523/sub/HEAD/src/shared/labtools/la/LTDHWProbeUtils.cxx:332:HDDCProbeData LTDHWProbeUtils::getProbeILAData(HDDCProbeInterface*, ILAData::AbstractILAData*):sampleCount == bitset.size()
run_hw_ila [get_hw_ilas -of_objects [get_hw_devices xcku060_0] -filter {CELL_NAME=~"u_ila_0"}]
wait_on_hw_ila [get_hw_ilas -of_objects [get_hw_devices xcku060_0] -filter {CELL_NAME=~"u_ila_0"}]
display_hw_ila_data [upload_hw_ila_data [get_hw_ilas -of_objects [get_hw_devices xcku060_0] -filter {CELL_NAME=~"u_ila_0"}]]
ERROR: [Common 17-49] Internal Data Exception: Assertion failed:/wrk/wall1/workspaces/wall523/sub/HEAD/src/shared/labtools/la/LTDHWProbeUtils.cxx:332:HDDCProbeData LTDHWProbeUtils::getProbeILAData(HDDCProbeInterface*, ILAData::AbstractILAData*):sampleCount == bitset.size()
run_hw_ila [get_hw_ilas -of_objects [get_hw_devices xcku060_0] -filter {CELL_NAME=~"u_ila_0"}]
wait_on_hw_ila [get_hw_ilas -of_objects [get_hw_devices xcku060_0] -filter {CELL_NAME=~"u_ila_0"}]
display_hw_ila_data [upload_hw_ila_data [get_hw_ilas -of_objects [get_hw_devices xcku060_0] -filter {CELL_NAME=~"u_ila_0"}]]
ERROR: [Common 17-49] Internal Data Exception: Assertion failed:/wrk/wall1/workspaces/wall523/sub/HEAD/src/shared/labtools/la/LTDHWProbeUtils.cxx:332:HDDCProbeData LTDHWProbeUtils::getProbeILAData(HDDCProbeInterface*, ILAData::AbstractILAData*):sampleCount == bitset.size()
run_hw_ila [get_hw_ilas -of_objects [get_hw_devices xcku060_0] -filter {CELL_NAME=~"u_ila_0"}]
wait_on_hw_ila [get_hw_ilas -of_objects [get_hw_devices xcku060_0] -filter {CELL_NAME=~"u_ila_0"}]
display_hw_ila_data [upload_hw_ila_data [get_hw_ilas -of_objects [get_hw_devices xcku060_0] -filter {CELL_NAME=~"u_ila_0"}]]
ERROR: [Common 17-49] Internal Data Exception: Assertion failed:/wrk/wall1/workspaces/wall523/sub/HEAD/src/shared/labtools/la/LTDHWProbeUtils.cxx:332:HDDCProbeData LTDHWProbeUtils::getProbeILAData(HDDCProbeInterface*, ILAData::AbstractILAData*):sampleCount == bitset.size()
run_hw_ila [get_hw_ilas -of_objects [get_hw_devices xcku060_0] -filter {CELL_NAME=~"u_ila_0"}]
wait_on_hw_ila [get_hw_ilas -of_objects [get_hw_devices xcku060_0] -filter {CELL_NAME=~"u_ila_0"}]
display_hw_ila_data [upload_hw_ila_data [get_hw_ilas -of_objects [get_hw_devices xcku060_0] -filter {CELL_NAME=~"u_ila_0"}]]
ERROR: [Common 17-49] Internal Data Exception: Assertion failed:/wrk/wall1/workspaces/wall523/sub/HEAD/src/shared/labtools/la/LTDHWProbeUtils.cxx:332:HDDCProbeData LTDHWProbeUtils::getProbeILAData(HDDCProbeInterface*, ILAData::AbstractILAData*):sampleCount == bitset.size()
run_hw_ila [get_hw_ilas -of_objects [get_hw_devices xcku060_0] -filter {CELL_NAME=~"u_ila_0"}]
wait_on_hw_ila [get_hw_ilas -of_objects [get_hw_devices xcku060_0] -filter {CELL_NAME=~"u_ila_0"}]
display_hw_ila_data [upload_hw_ila_data [get_hw_ilas -of_objects [get_hw_devices xcku060_0] -filter {CELL_NAME=~"u_ila_0"}]]
ERROR: [Common 17-49] Internal Data Exception: Assertion failed:/wrk/wall1/workspaces/wall523/sub/HEAD/src/shared/labtools/la/LTDHWProbeUtils.cxx:332:HDDCProbeData LTDHWProbeUtils::getProbeILAData(HDDCProbeInterface*, ILAData::AbstractILAData*):sampleCount == bitset.size()
set_property PROBES.FILE {/home/williams/MYFPGA/FPGA Final/rs_codec_clean/rs_codec_clean/rs_codec_clean.runs/impl_1/top.ltx} [get_hw_devices xcku060_0]
set_property FULL_PROBES.FILE {/home/williams/MYFPGA/FPGA Final/rs_codec_clean/rs_codec_clean/rs_codec_clean.runs/impl_1/top.ltx} [get_hw_devices xcku060_0]
set_property PROGRAM.FILE {/home/williams/MYFPGA/FPGA Final/rs_codec_clean/rs_codec_clean/rs_codec_clean.runs/impl_1/top.bit} [get_hw_devices xcku060_0]
program_hw_devices [get_hw_devices xcku060_0]
INFO: [Labtools 27-3164] End of startup status: HIGH
refresh_hw_device [lindex [get_hw_devices xcku060_0] 0]
INFO: [Labtools 27-2302] Device xcku060 (JTAG device index = 0) is programmed with a design that has 1 ILA core(s).
run_hw_ila [get_hw_ilas -of_objects [get_hw_devices xcku060_0] -filter {CELL_NAME=~"u_ila_0"}]
wait_on_hw_ila [get_hw_ilas -of_objects [get_hw_devices xcku060_0] -filter {CELL_NAME=~"u_ila_0"}]
display_hw_ila_data [upload_hw_ila_data [get_hw_ilas -of_objects [get_hw_devices xcku060_0] -filter {CELL_NAME=~"u_ila_0"}]]
run_hw_ila [get_hw_ilas -of_objects [get_hw_devices xcku060_0] -filter {CELL_NAME=~"u_ila_0"}]
wait_on_hw_ila [get_hw_ilas -of_objects [get_hw_devices xcku060_0] -filter {CELL_NAME=~"u_ila_0"}]
display_hw_ila_data [upload_hw_ila_data [get_hw_ilas -of_objects [get_hw_devices xcku060_0] -filter {CELL_NAME=~"u_ila_0"}]]
run_hw_ila [get_hw_ilas -of_objects [get_hw_devices xcku060_0] -filter {CELL_NAME=~"u_ila_0"}]
wait_on_hw_ila [get_hw_ilas -of_objects [get_hw_devices xcku060_0] -filter {CELL_NAME=~"u_ila_0"}]
display_hw_ila_data [upload_hw_ila_data [get_hw_ilas -of_objects [get_hw_devices xcku060_0] -filter {CELL_NAME=~"u_ila_0"}]]
run_hw_ila [get_hw_ilas -of_objects [get_hw_devices xcku060_0] -filter {CELL_NAME=~"u_ila_0"}]
wait_on_hw_ila [get_hw_ilas -of_objects [get_hw_devices xcku060_0] -filter {CELL_NAME=~"u_ila_0"}]
display_hw_ila_data [upload_hw_ila_data [get_hw_ilas -of_objects [get_hw_devices xcku060_0] -filter {CELL_NAME=~"u_ila_0"}]]
run_hw_ila [get_hw_ilas -of_objects [get_hw_devices xcku060_0] -filter {CELL_NAME=~"u_ila_0"}]
wait_on_hw_ila [get_hw_ilas -of_objects [get_hw_devices xcku060_0] -filter {CELL_NAME=~"u_ila_0"}]
display_hw_ila_data [upload_hw_ila_data [get_hw_ilas -of_objects [get_hw_devices xcku060_0] -filter {CELL_NAME=~"u_ila_0"}]]
run_hw_ila [get_hw_ilas -of_objects [get_hw_devices xcku060_0] -filter {CELL_NAME=~"u_ila_0"}]
wait_on_hw_ila [get_hw_ilas -of_objects [get_hw_devices xcku060_0] -filter {CELL_NAME=~"u_ila_0"}]
display_hw_ila_data [upload_hw_ila_data [get_hw_ilas -of_objects [get_hw_devices xcku060_0] -filter {CELL_NAME=~"u_ila_0"}]]
run_hw_ila [get_hw_ilas -of_objects [get_hw_devices xcku060_0] -filter {CELL_NAME=~"u_ila_0"}]
wait_on_hw_ila [get_hw_ilas -of_objects [get_hw_devices xcku060_0] -filter {CELL_NAME=~"u_ila_0"}]
display_hw_ila_data [upload_hw_ila_data [get_hw_ilas -of_objects [get_hw_devices xcku060_0] -filter {CELL_NAME=~"u_ila_0"}]]
run_hw_ila [get_hw_ilas -of_objects [get_hw_devices xcku060_0] -filter {CELL_NAME=~"u_ila_0"}]
wait_on_hw_ila [get_hw_ilas -of_objects [get_hw_devices xcku060_0] -filter {CELL_NAME=~"u_ila_0"}]
display_hw_ila_data [upload_hw_ila_data [get_hw_ilas -of_objects [get_hw_devices xcku060_0] -filter {CELL_NAME=~"u_ila_0"}]]
run_hw_ila [get_hw_ilas -of_objects [get_hw_devices xcku060_0] -filter {CELL_NAME=~"u_ila_0"}]
wait_on_hw_ila [get_hw_ilas -of_objects [get_hw_devices xcku060_0] -filter {CELL_NAME=~"u_ila_0"}]
display_hw_ila_data [upload_hw_ila_data [get_hw_ilas -of_objects [get_hw_devices xcku060_0] -filter {CELL_NAME=~"u_ila_0"}]]
run_hw_ila [get_hw_ilas -of_objects [get_hw_devices xcku060_0] -filter {CELL_NAME=~"u_ila_0"}]
wait_on_hw_ila [get_hw_ilas -of_objects [get_hw_devices xcku060_0] -filter {CELL_NAME=~"u_ila_0"}]
display_hw_ila_data [upload_hw_ila_data [get_hw_ilas -of_objects [get_hw_devices xcku060_0] -filter {CELL_NAME=~"u_ila_0"}]]
run_hw_ila [get_hw_ilas -of_objects [get_hw_devices xcku060_0] -filter {CELL_NAME=~"u_ila_0"}]
wait_on_hw_ila [get_hw_ilas -of_objects [get_hw_devices xcku060_0] -filter {CELL_NAME=~"u_ila_0"}]
display_hw_ila_data [upload_hw_ila_data [get_hw_ilas -of_objects [get_hw_devices xcku060_0] -filter {CELL_NAME=~"u_ila_0"}]]
run_hw_ila [get_hw_ilas -of_objects [get_hw_devices xcku060_0] -filter {CELL_NAME=~"u_ila_0"}]
wait_on_hw_ila [get_hw_ilas -of_objects [get_hw_devices xcku060_0] -filter {CELL_NAME=~"u_ila_0"}]
display_hw_ila_data [upload_hw_ila_data [get_hw_ilas -of_objects [get_hw_devices xcku060_0] -filter {CELL_NAME=~"u_ila_0"}]]
run_hw_ila [get_hw_ilas -of_objects [get_hw_devices xcku060_0] -filter {CELL_NAME=~"u_ila_0"}]
wait_on_hw_ila [get_hw_ilas -of_objects [get_hw_devices xcku060_0] -filter {CELL_NAME=~"u_ila_0"}]
display_hw_ila_data [upload_hw_ila_data [get_hw_ilas -of_objects [get_hw_devices xcku060_0] -filter {CELL_NAME=~"u_ila_0"}]]
run_hw_ila [get_hw_ilas -of_objects [get_hw_devices xcku060_0] -filter {CELL_NAME=~"u_ila_0"}]
wait_on_hw_ila [get_hw_ilas -of_objects [get_hw_devices xcku060_0] -filter {CELL_NAME=~"u_ila_0"}]
display_hw_ila_data [upload_hw_ila_data [get_hw_ilas -of_objects [get_hw_devices xcku060_0] -filter {CELL_NAME=~"u_ila_0"}]]
run_hw_ila [get_hw_ilas -of_objects [get_hw_devices xcku060_0] -filter {CELL_NAME=~"u_ila_0"}]
wait_on_hw_ila [get_hw_ilas -of_objects [get_hw_devices xcku060_0] -filter {CELL_NAME=~"u_ila_0"}]
display_hw_ila_data [upload_hw_ila_data [get_hw_ilas -of_objects [get_hw_devices xcku060_0] -filter {CELL_NAME=~"u_ila_0"}]]
run_hw_ila [get_hw_ilas -of_objects [get_hw_devices xcku060_0] -filter {CELL_NAME=~"u_ila_0"}]
wait_on_hw_ila [get_hw_ilas -of_objects [get_hw_devices xcku060_0] -filter {CELL_NAME=~"u_ila_0"}]
display_hw_ila_data [upload_hw_ila_data [get_hw_ilas -of_objects [get_hw_devices xcku060_0] -filter {CELL_NAME=~"u_ila_0"}]]
run_hw_ila [get_hw_ilas -of_objects [get_hw_devices xcku060_0] -filter {CELL_NAME=~"u_ila_0"}]
wait_on_hw_ila [get_hw_ilas -of_objects [get_hw_devices xcku060_0] -filter {CELL_NAME=~"u_ila_0"}]
display_hw_ila_data [upload_hw_ila_data [get_hw_ilas -of_objects [get_hw_devices xcku060_0] -filter {CELL_NAME=~"u_ila_0"}]]
run_hw_ila [get_hw_ilas -of_objects [get_hw_devices xcku060_0] -filter {CELL_NAME=~"u_ila_0"}]
wait_on_hw_ila [get_hw_ilas -of_objects [get_hw_devices xcku060_0] -filter {CELL_NAME=~"u_ila_0"}]
display_hw_ila_data [upload_hw_ila_data [get_hw_ilas -of_objects [get_hw_devices xcku060_0] -filter {CELL_NAME=~"u_ila_0"}]]
run_hw_ila [get_hw_ilas -of_objects [get_hw_devices xcku060_0] -filter {CELL_NAME=~"u_ila_0"}]
wait_on_hw_ila [get_hw_ilas -of_objects [get_hw_devices xcku060_0] -filter {CELL_NAME=~"u_ila_0"}]
display_hw_ila_data [upload_hw_ila_data [get_hw_ilas -of_objects [get_hw_devices xcku060_0] -filter {CELL_NAME=~"u_ila_0"}]]
run_hw_ila [get_hw_ilas -of_objects [get_hw_devices xcku060_0] -filter {CELL_NAME=~"u_ila_0"}]
wait_on_hw_ila [get_hw_ilas -of_objects [get_hw_devices xcku060_0] -filter {CELL_NAME=~"u_ila_0"}]
display_hw_ila_data [upload_hw_ila_data [get_hw_ilas -of_objects [get_hw_devices xcku060_0] -filter {CELL_NAME=~"u_ila_0"}]]
run_hw_ila [get_hw_ilas -of_objects [get_hw_devices xcku060_0] -filter {CELL_NAME=~"u_ila_0"}]
wait_on_hw_ila [get_hw_ilas -of_objects [get_hw_devices xcku060_0] -filter {CELL_NAME=~"u_ila_0"}]
display_hw_ila_data [upload_hw_ila_data [get_hw_ilas -of_objects [get_hw_devices xcku060_0] -filter {CELL_NAME=~"u_ila_0"}]]
run_hw_ila [get_hw_ilas -of_objects [get_hw_devices xcku060_0] -filter {CELL_NAME=~"u_ila_0"}]
wait_on_hw_ila [get_hw_ilas -of_objects [get_hw_devices xcku060_0] -filter {CELL_NAME=~"u_ila_0"}]
display_hw_ila_data [upload_hw_ila_data [get_hw_ilas -of_objects [get_hw_devices xcku060_0] -filter {CELL_NAME=~"u_ila_0"}]]
run_hw_ila [get_hw_ilas -of_objects [get_hw_devices xcku060_0] -filter {CELL_NAME=~"u_ila_0"}]
wait_on_hw_ila [get_hw_ilas -of_objects [get_hw_devices xcku060_0] -filter {CELL_NAME=~"u_ila_0"}]
display_hw_ila_data [upload_hw_ila_data [get_hw_ilas -of_objects [get_hw_devices xcku060_0] -filter {CELL_NAME=~"u_ila_0"}]]
run_hw_ila [get_hw_ilas -of_objects [get_hw_devices xcku060_0] -filter {CELL_NAME=~"u_ila_0"}]
wait_on_hw_ila [get_hw_ilas -of_objects [get_hw_devices xcku060_0] -filter {CELL_NAME=~"u_ila_0"}]
display_hw_ila_data [upload_hw_ila_data [get_hw_ilas -of_objects [get_hw_devices xcku060_0] -filter {CELL_NAME=~"u_ila_0"}]]
run_hw_ila [get_hw_ilas -of_objects [get_hw_devices xcku060_0] -filter {CELL_NAME=~"u_ila_0"}]
wait_on_hw_ila [get_hw_ilas -of_objects [get_hw_devices xcku060_0] -filter {CELL_NAME=~"u_ila_0"}]
display_hw_ila_data [upload_hw_ila_data [get_hw_ilas -of_objects [get_hw_devices xcku060_0] -filter {CELL_NAME=~"u_ila_0"}]]
run_hw_ila [get_hw_ilas -of_objects [get_hw_devices xcku060_0] -filter {CELL_NAME=~"u_ila_0"}]
wait_on_hw_ila [get_hw_ilas -of_objects [get_hw_devices xcku060_0] -filter {CELL_NAME=~"u_ila_0"}]
display_hw_ila_data [upload_hw_ila_data [get_hw_ilas -of_objects [get_hw_devices xcku060_0] -filter {CELL_NAME=~"u_ila_0"}]]
run_hw_ila [get_hw_ilas -of_objects [get_hw_devices xcku060_0] -filter {CELL_NAME=~"u_ila_0"}]
wait_on_hw_ila [get_hw_ilas -of_objects [get_hw_devices xcku060_0] -filter {CELL_NAME=~"u_ila_0"}]
display_hw_ila_data [upload_hw_ila_data [get_hw_ilas -of_objects [get_hw_devices xcku060_0] -filter {CELL_NAME=~"u_ila_0"}]]
run_hw_ila [get_hw_ilas -of_objects [get_hw_devices xcku060_0] -filter {CELL_NAME=~"u_ila_0"}]
wait_on_hw_ila [get_hw_ilas -of_objects [get_hw_devices xcku060_0] -filter {CELL_NAME=~"u_ila_0"}]
display_hw_ila_data [upload_hw_ila_data [get_hw_ilas -of_objects [get_hw_devices xcku060_0] -filter {CELL_NAME=~"u_ila_0"}]]
run_hw_ila [get_hw_ilas -of_objects [get_hw_devices xcku060_0] -filter {CELL_NAME=~"u_ila_0"}]
wait_on_hw_ila [get_hw_ilas -of_objects [get_hw_devices xcku060_0] -filter {CELL_NAME=~"u_ila_0"}]
display_hw_ila_data [upload_hw_ila_data [get_hw_ilas -of_objects [get_hw_devices xcku060_0] -filter {CELL_NAME=~"u_ila_0"}]]
run_hw_ila [get_hw_ilas -of_objects [get_hw_devices xcku060_0] -filter {CELL_NAME=~"u_ila_0"}]
wait_on_hw_ila [get_hw_ilas -of_objects [get_hw_devices xcku060_0] -filter {CELL_NAME=~"u_ila_0"}]
display_hw_ila_data [upload_hw_ila_data [get_hw_ilas -of_objects [get_hw_devices xcku060_0] -filter {CELL_NAME=~"u_ila_0"}]]
run_hw_ila [get_hw_ilas -of_objects [get_hw_devices xcku060_0] -filter {CELL_NAME=~"u_ila_0"}]
wait_on_hw_ila [get_hw_ilas -of_objects [get_hw_devices xcku060_0] -filter {CELL_NAME=~"u_ila_0"}]
display_hw_ila_data [upload_hw_ila_data [get_hw_ilas -of_objects [get_hw_devices xcku060_0] -filter {CELL_NAME=~"u_ila_0"}]]
run_hw_ila [get_hw_ilas -of_objects [get_hw_devices xcku060_0] -filter {CELL_NAME=~"u_ila_0"}]
wait_on_hw_ila [get_hw_ilas -of_objects [get_hw_devices xcku060_0] -filter {CELL_NAME=~"u_ila_0"}]
display_hw_ila_data [upload_hw_ila_data [get_hw_ilas -of_objects [get_hw_devices xcku060_0] -filter {CELL_NAME=~"u_ila_0"}]]
run_hw_ila [get_hw_ilas -of_objects [get_hw_devices xcku060_0] -filter {CELL_NAME=~"u_ila_0"}]
wait_on_hw_ila [get_hw_ilas -of_objects [get_hw_devices xcku060_0] -filter {CELL_NAME=~"u_ila_0"}]
display_hw_ila_data [upload_hw_ila_data [get_hw_ilas -of_objects [get_hw_devices xcku060_0] -filter {CELL_NAME=~"u_ila_0"}]]
run_hw_ila [get_hw_ilas -of_objects [get_hw_devices xcku060_0] -filter {CELL_NAME=~"u_ila_0"}]
wait_on_hw_ila [get_hw_ilas -of_objects [get_hw_devices xcku060_0] -filter {CELL_NAME=~"u_ila_0"}]
display_hw_ila_data [upload_hw_ila_data [get_hw_ilas -of_objects [get_hw_devices xcku060_0] -filter {CELL_NAME=~"u_ila_0"}]]
run_hw_ila [get_hw_ilas -of_objects [get_hw_devices xcku060_0] -filter {CELL_NAME=~"u_ila_0"}]
wait_on_hw_ila [get_hw_ilas -of_objects [get_hw_devices xcku060_0] -filter {CELL_NAME=~"u_ila_0"}]
display_hw_ila_data [upload_hw_ila_data [get_hw_ilas -of_objects [get_hw_devices xcku060_0] -filter {CELL_NAME=~"u_ila_0"}]]
run_hw_ila [get_hw_ilas -of_objects [get_hw_devices xcku060_0] -filter {CELL_NAME=~"u_ila_0"}]
wait_on_hw_ila [get_hw_ilas -of_objects [get_hw_devices xcku060_0] -filter {CELL_NAME=~"u_ila_0"}]
display_hw_ila_data [upload_hw_ila_data [get_hw_ilas -of_objects [get_hw_devices xcku060_0] -filter {CELL_NAME=~"u_ila_0"}]]
run_hw_ila [get_hw_ilas -of_objects [get_hw_devices xcku060_0] -filter {CELL_NAME=~"u_ila_0"}]
wait_on_hw_ila [get_hw_ilas -of_objects [get_hw_devices xcku060_0] -filter {CELL_NAME=~"u_ila_0"}]
display_hw_ila_data [upload_hw_ila_data [get_hw_ilas -of_objects [get_hw_devices xcku060_0] -filter {CELL_NAME=~"u_ila_0"}]]
run_hw_ila [get_hw_ilas -of_objects [get_hw_devices xcku060_0] -filter {CELL_NAME=~"u_ila_0"}]
wait_on_hw_ila [get_hw_ilas -of_objects [get_hw_devices xcku060_0] -filter {CELL_NAME=~"u_ila_0"}]
display_hw_ila_data [upload_hw_ila_data [get_hw_ilas -of_objects [get_hw_devices xcku060_0] -filter {CELL_NAME=~"u_ila_0"}]]
run_hw_ila [get_hw_ilas -of_objects [get_hw_devices xcku060_0] -filter {CELL_NAME=~"u_ila_0"}]
wait_on_hw_ila [get_hw_ilas -of_objects [get_hw_devices xcku060_0] -filter {CELL_NAME=~"u_ila_0"}]
display_hw_ila_data [upload_hw_ila_data [get_hw_ilas -of_objects [get_hw_devices xcku060_0] -filter {CELL_NAME=~"u_ila_0"}]]
run_hw_ila [get_hw_ilas -of_objects [get_hw_devices xcku060_0] -filter {CELL_NAME=~"u_ila_0"}]
wait_on_hw_ila [get_hw_ilas -of_objects [get_hw_devices xcku060_0] -filter {CELL_NAME=~"u_ila_0"}]
display_hw_ila_data [upload_hw_ila_data [get_hw_ilas -of_objects [get_hw_devices xcku060_0] -filter {CELL_NAME=~"u_ila_0"}]]
run_hw_ila [get_hw_ilas -of_objects [get_hw_devices xcku060_0] -filter {CELL_NAME=~"u_ila_0"}]
wait_on_hw_ila [get_hw_ilas -of_objects [get_hw_devices xcku060_0] -filter {CELL_NAME=~"u_ila_0"}]
display_hw_ila_data [upload_hw_ila_data [get_hw_ilas -of_objects [get_hw_devices xcku060_0] -filter {CELL_NAME=~"u_ila_0"}]]
run_hw_ila [get_hw_ilas -of_objects [get_hw_devices xcku060_0] -filter {CELL_NAME=~"u_ila_0"}]
wait_on_hw_ila [get_hw_ilas -of_objects [get_hw_devices xcku060_0] -filter {CELL_NAME=~"u_ila_0"}]
display_hw_ila_data [upload_hw_ila_data [get_hw_ilas -of_objects [get_hw_devices xcku060_0] -filter {CELL_NAME=~"u_ila_0"}]]
run_hw_ila [get_hw_ilas -of_objects [get_hw_devices xcku060_0] -filter {CELL_NAME=~"u_ila_0"}]
wait_on_hw_ila [get_hw_ilas -of_objects [get_hw_devices xcku060_0] -filter {CELL_NAME=~"u_ila_0"}]
display_hw_ila_data [upload_hw_ila_data [get_hw_ilas -of_objects [get_hw_devices xcku060_0] -filter {CELL_NAME=~"u_ila_0"}]]
run_hw_ila [get_hw_ilas -of_objects [get_hw_devices xcku060_0] -filter {CELL_NAME=~"u_ila_0"}]
wait_on_hw_ila [get_hw_ilas -of_objects [get_hw_devices xcku060_0] -filter {CELL_NAME=~"u_ila_0"}]
display_hw_ila_data [upload_hw_ila_data [get_hw_ilas -of_objects [get_hw_devices xcku060_0] -filter {CELL_NAME=~"u_ila_0"}]]
run_hw_ila [get_hw_ilas -of_objects [get_hw_devices xcku060_0] -filter {CELL_NAME=~"u_ila_0"}]
wait_on_hw_ila [get_hw_ilas -of_objects [get_hw_devices xcku060_0] -filter {CELL_NAME=~"u_ila_0"}]
display_hw_ila_data [upload_hw_ila_data [get_hw_ilas -of_objects [get_hw_devices xcku060_0] -filter {CELL_NAME=~"u_ila_0"}]]
run_hw_ila [get_hw_ilas -of_objects [get_hw_devices xcku060_0] -filter {CELL_NAME=~"u_ila_0"}]
wait_on_hw_ila [get_hw_ilas -of_objects [get_hw_devices xcku060_0] -filter {CELL_NAME=~"u_ila_0"}]
display_hw_ila_data [upload_hw_ila_data [get_hw_ilas -of_objects [get_hw_devices xcku060_0] -filter {CELL_NAME=~"u_ila_0"}]]
run_hw_ila [get_hw_ilas -of_objects [get_hw_devices xcku060_0] -filter {CELL_NAME=~"u_ila_0"}]
wait_on_hw_ila [get_hw_ilas -of_objects [get_hw_devices xcku060_0] -filter {CELL_NAME=~"u_ila_0"}]
display_hw_ila_data [upload_hw_ila_data [get_hw_ilas -of_objects [get_hw_devices xcku060_0] -filter {CELL_NAME=~"u_ila_0"}]]
run_hw_ila [get_hw_ilas -of_objects [get_hw_devices xcku060_0] -filter {CELL_NAME=~"u_ila_0"}]
wait_on_hw_ila [get_hw_ilas -of_objects [get_hw_devices xcku060_0] -filter {CELL_NAME=~"u_ila_0"}]
display_hw_ila_data [upload_hw_ila_data [get_hw_ilas -of_objects [get_hw_devices xcku060_0] -filter {CELL_NAME=~"u_ila_0"}]]
run_hw_ila [get_hw_ilas -of_objects [get_hw_devices xcku060_0] -filter {CELL_NAME=~"u_ila_0"}]
wait_on_hw_ila [get_hw_ilas -of_objects [get_hw_devices xcku060_0] -filter {CELL_NAME=~"u_ila_0"}]
display_hw_ila_data [upload_hw_ila_data [get_hw_ilas -of_objects [get_hw_devices xcku060_0] -filter {CELL_NAME=~"u_ila_0"}]]
run_hw_ila [get_hw_ilas -of_objects [get_hw_devices xcku060_0] -filter {CELL_NAME=~"u_ila_0"}]
wait_on_hw_ila [get_hw_ilas -of_objects [get_hw_devices xcku060_0] -filter {CELL_NAME=~"u_ila_0"}]
display_hw_ila_data [upload_hw_ila_data [get_hw_ilas -of_objects [get_hw_devices xcku060_0] -filter {CELL_NAME=~"u_ila_0"}]]
run_hw_ila [get_hw_ilas -of_objects [get_hw_devices xcku060_0] -filter {CELL_NAME=~"u_ila_0"}]
wait_on_hw_ila [get_hw_ilas -of_objects [get_hw_devices xcku060_0] -filter {CELL_NAME=~"u_ila_0"}]
display_hw_ila_data [upload_hw_ila_data [get_hw_ilas -of_objects [get_hw_devices xcku060_0] -filter {CELL_NAME=~"u_ila_0"}]]
run_hw_ila [get_hw_ilas -of_objects [get_hw_devices xcku060_0] -filter {CELL_NAME=~"u_ila_0"}]
wait_on_hw_ila [get_hw_ilas -of_objects [get_hw_devices xcku060_0] -filter {CELL_NAME=~"u_ila_0"}]
display_hw_ila_data [upload_hw_ila_data [get_hw_ilas -of_objects [get_hw_devices xcku060_0] -filter {CELL_NAME=~"u_ila_0"}]]
run_hw_ila [get_hw_ilas -of_objects [get_hw_devices xcku060_0] -filter {CELL_NAME=~"u_ila_0"}]
wait_on_hw_ila [get_hw_ilas -of_objects [get_hw_devices xcku060_0] -filter {CELL_NAME=~"u_ila_0"}]
display_hw_ila_data [upload_hw_ila_data [get_hw_ilas -of_objects [get_hw_devices xcku060_0] -filter {CELL_NAME=~"u_ila_0"}]]
run_hw_ila [get_hw_ilas -of_objects [get_hw_devices xcku060_0] -filter {CELL_NAME=~"u_ila_0"}]
wait_on_hw_ila [get_hw_ilas -of_objects [get_hw_devices xcku060_0] -filter {CELL_NAME=~"u_ila_0"}]
display_hw_ila_data [upload_hw_ila_data [get_hw_ilas -of_objects [get_hw_devices xcku060_0] -filter {CELL_NAME=~"u_ila_0"}]]
run_hw_ila [get_hw_ilas -of_objects [get_hw_devices xcku060_0] -filter {CELL_NAME=~"u_ila_0"}]
wait_on_hw_ila [get_hw_ilas -of_objects [get_hw_devices xcku060_0] -filter {CELL_NAME=~"u_ila_0"}]
display_hw_ila_data [upload_hw_ila_data [get_hw_ilas -of_objects [get_hw_devices xcku060_0] -filter {CELL_NAME=~"u_ila_0"}]]
run_hw_ila [get_hw_ilas -of_objects [get_hw_devices xcku060_0] -filter {CELL_NAME=~"u_ila_0"}]
wait_on_hw_ila [get_hw_ilas -of_objects [get_hw_devices xcku060_0] -filter {CELL_NAME=~"u_ila_0"}]
display_hw_ila_data [upload_hw_ila_data [get_hw_ilas -of_objects [get_hw_devices xcku060_0] -filter {CELL_NAME=~"u_ila_0"}]]
run_hw_ila [get_hw_ilas -of_objects [get_hw_devices xcku060_0] -filter {CELL_NAME=~"u_ila_0"}]
wait_on_hw_ila [get_hw_ilas -of_objects [get_hw_devices xcku060_0] -filter {CELL_NAME=~"u_ila_0"}]
display_hw_ila_data [upload_hw_ila_data [get_hw_ilas -of_objects [get_hw_devices xcku060_0] -filter {CELL_NAME=~"u_ila_0"}]]
run_hw_ila [get_hw_ilas -of_objects [get_hw_devices xcku060_0] -filter {CELL_NAME=~"u_ila_0"}]
wait_on_hw_ila [get_hw_ilas -of_objects [get_hw_devices xcku060_0] -filter {CELL_NAME=~"u_ila_0"}]
display_hw_ila_data [upload_hw_ila_data [get_hw_ilas -of_objects [get_hw_devices xcku060_0] -filter {CELL_NAME=~"u_ila_0"}]]
run_hw_ila [get_hw_ilas -of_objects [get_hw_devices xcku060_0] -filter {CELL_NAME=~"u_ila_0"}]
wait_on_hw_ila [get_hw_ilas -of_objects [get_hw_devices xcku060_0] -filter {CELL_NAME=~"u_ila_0"}]
display_hw_ila_data [upload_hw_ila_data [get_hw_ilas -of_objects [get_hw_devices xcku060_0] -filter {CELL_NAME=~"u_ila_0"}]]
run_hw_ila [get_hw_ilas -of_objects [get_hw_devices xcku060_0] -filter {CELL_NAME=~"u_ila_0"}]
wait_on_hw_ila [get_hw_ilas -of_objects [get_hw_devices xcku060_0] -filter {CELL_NAME=~"u_ila_0"}]
display_hw_ila_data [upload_hw_ila_data [get_hw_ilas -of_objects [get_hw_devices xcku060_0] -filter {CELL_NAME=~"u_ila_0"}]]
run_hw_ila [get_hw_ilas -of_objects [get_hw_devices xcku060_0] -filter {CELL_NAME=~"u_ila_0"}]
wait_on_hw_ila [get_hw_ilas -of_objects [get_hw_devices xcku060_0] -filter {CELL_NAME=~"u_ila_0"}]
display_hw_ila_data [upload_hw_ila_data [get_hw_ilas -of_objects [get_hw_devices xcku060_0] -filter {CELL_NAME=~"u_ila_0"}]]
run_hw_ila [get_hw_ilas -of_objects [get_hw_devices xcku060_0] -filter {CELL_NAME=~"u_ila_0"}]
wait_on_hw_ila [get_hw_ilas -of_objects [get_hw_devices xcku060_0] -filter {CELL_NAME=~"u_ila_0"}]
display_hw_ila_data [upload_hw_ila_data [get_hw_ilas -of_objects [get_hw_devices xcku060_0] -filter {CELL_NAME=~"u_ila_0"}]]
run_hw_ila [get_hw_ilas -of_objects [get_hw_devices xcku060_0] -filter {CELL_NAME=~"u_ila_0"}]
wait_on_hw_ila [get_hw_ilas -of_objects [get_hw_devices xcku060_0] -filter {CELL_NAME=~"u_ila_0"}]
display_hw_ila_data [upload_hw_ila_data [get_hw_ilas -of_objects [get_hw_devices xcku060_0] -filter {CELL_NAME=~"u_ila_0"}]]
run_hw_ila [get_hw_ilas -of_objects [get_hw_devices xcku060_0] -filter {CELL_NAME=~"u_ila_0"}]
wait_on_hw_ila [get_hw_ilas -of_objects [get_hw_devices xcku060_0] -filter {CELL_NAME=~"u_ila_0"}]
display_hw_ila_data [upload_hw_ila_data [get_hw_ilas -of_objects [get_hw_devices xcku060_0] -filter {CELL_NAME=~"u_ila_0"}]]
run_hw_ila [get_hw_ilas -of_objects [get_hw_devices xcku060_0] -filter {CELL_NAME=~"u_ila_0"}]
wait_on_hw_ila [get_hw_ilas -of_objects [get_hw_devices xcku060_0] -filter {CELL_NAME=~"u_ila_0"}]
display_hw_ila_data [upload_hw_ila_data [get_hw_ilas -of_objects [get_hw_devices xcku060_0] -filter {CELL_NAME=~"u_ila_0"}]]
run_hw_ila [get_hw_ilas -of_objects [get_hw_devices xcku060_0] -filter {CELL_NAME=~"u_ila_0"}]
wait_on_hw_ila [get_hw_ilas -of_objects [get_hw_devices xcku060_0] -filter {CELL_NAME=~"u_ila_0"}]
display_hw_ila_data [upload_hw_ila_data [get_hw_ilas -of_objects [get_hw_devices xcku060_0] -filter {CELL_NAME=~"u_ila_0"}]]
run_hw_ila [get_hw_ilas -of_objects [get_hw_devices xcku060_0] -filter {CELL_NAME=~"u_ila_0"}]
wait_on_hw_ila [get_hw_ilas -of_objects [get_hw_devices xcku060_0] -filter {CELL_NAME=~"u_ila_0"}]
display_hw_ila_data [upload_hw_ila_data [get_hw_ilas -of_objects [get_hw_devices xcku060_0] -filter {CELL_NAME=~"u_ila_0"}]]
run_hw_ila [get_hw_ilas -of_objects [get_hw_devices xcku060_0] -filter {CELL_NAME=~"u_ila_0"}]
wait_on_hw_ila [get_hw_ilas -of_objects [get_hw_devices xcku060_0] -filter {CELL_NAME=~"u_ila_0"}]
display_hw_ila_data [upload_hw_ila_data [get_hw_ilas -of_objects [get_hw_devices xcku060_0] -filter {CELL_NAME=~"u_ila_0"}]]
run_hw_ila [get_hw_ilas -of_objects [get_hw_devices xcku060_0] -filter {CELL_NAME=~"u_ila_0"}]
wait_on_hw_ila [get_hw_ilas -of_objects [get_hw_devices xcku060_0] -filter {CELL_NAME=~"u_ila_0"}]
display_hw_ila_data [upload_hw_ila_data [get_hw_ilas -of_objects [get_hw_devices xcku060_0] -filter {CELL_NAME=~"u_ila_0"}]]
run_hw_ila [get_hw_ilas -of_objects [get_hw_devices xcku060_0] -filter {CELL_NAME=~"u_ila_0"}]
wait_on_hw_ila [get_hw_ilas -of_objects [get_hw_devices xcku060_0] -filter {CELL_NAME=~"u_ila_0"}]
display_hw_ila_data [upload_hw_ila_data [get_hw_ilas -of_objects [get_hw_devices xcku060_0] -filter {CELL_NAME=~"u_ila_0"}]]
run_hw_ila [get_hw_ilas -of_objects [get_hw_devices xcku060_0] -filter {CELL_NAME=~"u_ila_0"}]
wait_on_hw_ila [get_hw_ilas -of_objects [get_hw_devices xcku060_0] -filter {CELL_NAME=~"u_ila_0"}]
display_hw_ila_data [upload_hw_ila_data [get_hw_ilas -of_objects [get_hw_devices xcku060_0] -filter {CELL_NAME=~"u_ila_0"}]]
run_hw_ila [get_hw_ilas -of_objects [get_hw_devices xcku060_0] -filter {CELL_NAME=~"u_ila_0"}]
wait_on_hw_ila [get_hw_ilas -of_objects [get_hw_devices xcku060_0] -filter {CELL_NAME=~"u_ila_0"}]
display_hw_ila_data [upload_hw_ila_data [get_hw_ilas -of_objects [get_hw_devices xcku060_0] -filter {CELL_NAME=~"u_ila_0"}]]
run_hw_ila [get_hw_ilas -of_objects [get_hw_devices xcku060_0] -filter {CELL_NAME=~"u_ila_0"}]
wait_on_hw_ila [get_hw_ilas -of_objects [get_hw_devices xcku060_0] -filter {CELL_NAME=~"u_ila_0"}]
display_hw_ila_data [upload_hw_ila_data [get_hw_ilas -of_objects [get_hw_devices xcku060_0] -filter {CELL_NAME=~"u_ila_0"}]]
run_hw_ila [get_hw_ilas -of_objects [get_hw_devices xcku060_0] -filter {CELL_NAME=~"u_ila_0"}]
wait_on_hw_ila [get_hw_ilas -of_objects [get_hw_devices xcku060_0] -filter {CELL_NAME=~"u_ila_0"}]
display_hw_ila_data [upload_hw_ila_data [get_hw_ilas -of_objects [get_hw_devices xcku060_0] -filter {CELL_NAME=~"u_ila_0"}]]
run_hw_ila [get_hw_ilas -of_objects [get_hw_devices xcku060_0] -filter {CELL_NAME=~"u_ila_0"}]
wait_on_hw_ila [get_hw_ilas -of_objects [get_hw_devices xcku060_0] -filter {CELL_NAME=~"u_ila_0"}]
display_hw_ila_data [upload_hw_ila_data [get_hw_ilas -of_objects [get_hw_devices xcku060_0] -filter {CELL_NAME=~"u_ila_0"}]]
run_hw_ila [get_hw_ilas -of_objects [get_hw_devices xcku060_0] -filter {CELL_NAME=~"u_ila_0"}]
wait_on_hw_ila [get_hw_ilas -of_objects [get_hw_devices xcku060_0] -filter {CELL_NAME=~"u_ila_0"}]
display_hw_ila_data [upload_hw_ila_data [get_hw_ilas -of_objects [get_hw_devices xcku060_0] -filter {CELL_NAME=~"u_ila_0"}]]
run_hw_ila [get_hw_ilas -of_objects [get_hw_devices xcku060_0] -filter {CELL_NAME=~"u_ila_0"}]
wait_on_hw_ila [get_hw_ilas -of_objects [get_hw_devices xcku060_0] -filter {CELL_NAME=~"u_ila_0"}]
display_hw_ila_data [upload_hw_ila_data [get_hw_ilas -of_objects [get_hw_devices xcku060_0] -filter {CELL_NAME=~"u_ila_0"}]]
run_hw_ila [get_hw_ilas -of_objects [get_hw_devices xcku060_0] -filter {CELL_NAME=~"u_ila_0"}]
wait_on_hw_ila [get_hw_ilas -of_objects [get_hw_devices xcku060_0] -filter {CELL_NAME=~"u_ila_0"}]
display_hw_ila_data [upload_hw_ila_data [get_hw_ilas -of_objects [get_hw_devices xcku060_0] -filter {CELL_NAME=~"u_ila_0"}]]
run_hw_ila [get_hw_ilas -of_objects [get_hw_devices xcku060_0] -filter {CELL_NAME=~"u_ila_0"}]
wait_on_hw_ila [get_hw_ilas -of_objects [get_hw_devices xcku060_0] -filter {CELL_NAME=~"u_ila_0"}]
display_hw_ila_data [upload_hw_ila_data [get_hw_ilas -of_objects [get_hw_devices xcku060_0] -filter {CELL_NAME=~"u_ila_0"}]]
run_hw_ila [get_hw_ilas -of_objects [get_hw_devices xcku060_0] -filter {CELL_NAME=~"u_ila_0"}]
wait_on_hw_ila [get_hw_ilas -of_objects [get_hw_devices xcku060_0] -filter {CELL_NAME=~"u_ila_0"}]
display_hw_ila_data [upload_hw_ila_data [get_hw_ilas -of_objects [get_hw_devices xcku060_0] -filter {CELL_NAME=~"u_ila_0"}]]
run_hw_ila [get_hw_ilas -of_objects [get_hw_devices xcku060_0] -filter {CELL_NAME=~"u_ila_0"}]
wait_on_hw_ila [get_hw_ilas -of_objects [get_hw_devices xcku060_0] -filter {CELL_NAME=~"u_ila_0"}]
display_hw_ila_data [upload_hw_ila_data [get_hw_ilas -of_objects [get_hw_devices xcku060_0] -filter {CELL_NAME=~"u_ila_0"}]]
run_hw_ila [get_hw_ilas -of_objects [get_hw_devices xcku060_0] -filter {CELL_NAME=~"u_ila_0"}]
wait_on_hw_ila [get_hw_ilas -of_objects [get_hw_devices xcku060_0] -filter {CELL_NAME=~"u_ila_0"}]
display_hw_ila_data [upload_hw_ila_data [get_hw_ilas -of_objects [get_hw_devices xcku060_0] -filter {CELL_NAME=~"u_ila_0"}]]
run_hw_ila [get_hw_ilas -of_objects [get_hw_devices xcku060_0] -filter {CELL_NAME=~"u_ila_0"}]
wait_on_hw_ila [get_hw_ilas -of_objects [get_hw_devices xcku060_0] -filter {CELL_NAME=~"u_ila_0"}]
display_hw_ila_data [upload_hw_ila_data [get_hw_ilas -of_objects [get_hw_devices xcku060_0] -filter {CELL_NAME=~"u_ila_0"}]]
run_hw_ila [get_hw_ilas -of_objects [get_hw_devices xcku060_0] -filter {CELL_NAME=~"u_ila_0"}]
wait_on_hw_ila [get_hw_ilas -of_objects [get_hw_devices xcku060_0] -filter {CELL_NAME=~"u_ila_0"}]
display_hw_ila_data [upload_hw_ila_data [get_hw_ilas -of_objects [get_hw_devices xcku060_0] -filter {CELL_NAME=~"u_ila_0"}]]
run_hw_ila [get_hw_ilas -of_objects [get_hw_devices xcku060_0] -filter {CELL_NAME=~"u_ila_0"}]
wait_on_hw_ila [get_hw_ilas -of_objects [get_hw_devices xcku060_0] -filter {CELL_NAME=~"u_ila_0"}]
display_hw_ila_data [upload_hw_ila_data [get_hw_ilas -of_objects [get_hw_devices xcku060_0] -filter {CELL_NAME=~"u_ila_0"}]]
run_hw_ila [get_hw_ilas -of_objects [get_hw_devices xcku060_0] -filter {CELL_NAME=~"u_ila_0"}]
wait_on_hw_ila [get_hw_ilas -of_objects [get_hw_devices xcku060_0] -filter {CELL_NAME=~"u_ila_0"}]
display_hw_ila_data [upload_hw_ila_data [get_hw_ilas -of_objects [get_hw_devices xcku060_0] -filter {CELL_NAME=~"u_ila_0"}]]
run_hw_ila [get_hw_ilas -of_objects [get_hw_devices xcku060_0] -filter {CELL_NAME=~"u_ila_0"}]
wait_on_hw_ila [get_hw_ilas -of_objects [get_hw_devices xcku060_0] -filter {CELL_NAME=~"u_ila_0"}]
display_hw_ila_data [upload_hw_ila_data [get_hw_ilas -of_objects [get_hw_devices xcku060_0] -filter {CELL_NAME=~"u_ila_0"}]]
run_hw_ila [get_hw_ilas -of_objects [get_hw_devices xcku060_0] -filter {CELL_NAME=~"u_ila_0"}]
wait_on_hw_ila [get_hw_ilas -of_objects [get_hw_devices xcku060_0] -filter {CELL_NAME=~"u_ila_0"}]
display_hw_ila_data [upload_hw_ila_data [get_hw_ilas -of_objects [get_hw_devices xcku060_0] -filter {CELL_NAME=~"u_ila_0"}]]
run_hw_ila [get_hw_ilas -of_objects [get_hw_devices xcku060_0] -filter {CELL_NAME=~"u_ila_0"}]
wait_on_hw_ila [get_hw_ilas -of_objects [get_hw_devices xcku060_0] -filter {CELL_NAME=~"u_ila_0"}]
display_hw_ila_data [upload_hw_ila_data [get_hw_ilas -of_objects [get_hw_devices xcku060_0] -filter {CELL_NAME=~"u_ila_0"}]]
run_hw_ila [get_hw_ilas -of_objects [get_hw_devices xcku060_0] -filter {CELL_NAME=~"u_ila_0"}]
wait_on_hw_ila [get_hw_ilas -of_objects [get_hw_devices xcku060_0] -filter {CELL_NAME=~"u_ila_0"}]
display_hw_ila_data [upload_hw_ila_data [get_hw_ilas -of_objects [get_hw_devices xcku060_0] -filter {CELL_NAME=~"u_ila_0"}]]
run_hw_ila [get_hw_ilas -of_objects [get_hw_devices xcku060_0] -filter {CELL_NAME=~"u_ila_0"}]
wait_on_hw_ila [get_hw_ilas -of_objects [get_hw_devices xcku060_0] -filter {CELL_NAME=~"u_ila_0"}]
display_hw_ila_data [upload_hw_ila_data [get_hw_ilas -of_objects [get_hw_devices xcku060_0] -filter {CELL_NAME=~"u_ila_0"}]]
run_hw_ila [get_hw_ilas -of_objects [get_hw_devices xcku060_0] -filter {CELL_NAME=~"u_ila_0"}]
wait_on_hw_ila [get_hw_ilas -of_objects [get_hw_devices xcku060_0] -filter {CELL_NAME=~"u_ila_0"}]
display_hw_ila_data [upload_hw_ila_data [get_hw_ilas -of_objects [get_hw_devices xcku060_0] -filter {CELL_NAME=~"u_ila_0"}]]
run_hw_ila [get_hw_ilas -of_objects [get_hw_devices xcku060_0] -filter {CELL_NAME=~"u_ila_0"}]
wait_on_hw_ila [get_hw_ilas -of_objects [get_hw_devices xcku060_0] -filter {CELL_NAME=~"u_ila_0"}]
display_hw_ila_data [upload_hw_ila_data [get_hw_ilas -of_objects [get_hw_devices xcku060_0] -filter {CELL_NAME=~"u_ila_0"}]]
run_hw_ila [get_hw_ilas -of_objects [get_hw_devices xcku060_0] -filter {CELL_NAME=~"u_ila_0"}]
wait_on_hw_ila [get_hw_ilas -of_objects [get_hw_devices xcku060_0] -filter {CELL_NAME=~"u_ila_0"}]
display_hw_ila_data [upload_hw_ila_data [get_hw_ilas -of_objects [get_hw_devices xcku060_0] -filter {CELL_NAME=~"u_ila_0"}]]
run_hw_ila [get_hw_ilas -of_objects [get_hw_devices xcku060_0] -filter {CELL_NAME=~"u_ila_0"}]
wait_on_hw_ila [get_hw_ilas -of_objects [get_hw_devices xcku060_0] -filter {CELL_NAME=~"u_ila_0"}]
display_hw_ila_data [upload_hw_ila_data [get_hw_ilas -of_objects [get_hw_devices xcku060_0] -filter {CELL_NAME=~"u_ila_0"}]]
run_hw_ila [get_hw_ilas -of_objects [get_hw_devices xcku060_0] -filter {CELL_NAME=~"u_ila_0"}]
wait_on_hw_ila [get_hw_ilas -of_objects [get_hw_devices xcku060_0] -filter {CELL_NAME=~"u_ila_0"}]
display_hw_ila_data [upload_hw_ila_data [get_hw_ilas -of_objects [get_hw_devices xcku060_0] -filter {CELL_NAME=~"u_ila_0"}]]
run_hw_ila [get_hw_ilas -of_objects [get_hw_devices xcku060_0] -filter {CELL_NAME=~"u_ila_0"}]
wait_on_hw_ila [get_hw_ilas -of_objects [get_hw_devices xcku060_0] -filter {CELL_NAME=~"u_ila_0"}]
display_hw_ila_data [upload_hw_ila_data [get_hw_ilas -of_objects [get_hw_devices xcku060_0] -filter {CELL_NAME=~"u_ila_0"}]]
run_hw_ila [get_hw_ilas -of_objects [get_hw_devices xcku060_0] -filter {CELL_NAME=~"u_ila_0"}]
wait_on_hw_ila [get_hw_ilas -of_objects [get_hw_devices xcku060_0] -filter {CELL_NAME=~"u_ila_0"}]
display_hw_ila_data [upload_hw_ila_data [get_hw_ilas -of_objects [get_hw_devices xcku060_0] -filter {CELL_NAME=~"u_ila_0"}]]
run_hw_ila [get_hw_ilas -of_objects [get_hw_devices xcku060_0] -filter {CELL_NAME=~"u_ila_0"}]
wait_on_hw_ila [get_hw_ilas -of_objects [get_hw_devices xcku060_0] -filter {CELL_NAME=~"u_ila_0"}]
display_hw_ila_data [upload_hw_ila_data [get_hw_ilas -of_objects [get_hw_devices xcku060_0] -filter {CELL_NAME=~"u_ila_0"}]]
run_hw_ila [get_hw_ilas -of_objects [get_hw_devices xcku060_0] -filter {CELL_NAME=~"u_ila_0"}]
wait_on_hw_ila [get_hw_ilas -of_objects [get_hw_devices xcku060_0] -filter {CELL_NAME=~"u_ila_0"}]
display_hw_ila_data [upload_hw_ila_data [get_hw_ilas -of_objects [get_hw_devices xcku060_0] -filter {CELL_NAME=~"u_ila_0"}]]
run_hw_ila [get_hw_ilas -of_objects [get_hw_devices xcku060_0] -filter {CELL_NAME=~"u_ila_0"}]
wait_on_hw_ila [get_hw_ilas -of_objects [get_hw_devices xcku060_0] -filter {CELL_NAME=~"u_ila_0"}]
display_hw_ila_data [upload_hw_ila_data [get_hw_ilas -of_objects [get_hw_devices xcku060_0] -filter {CELL_NAME=~"u_ila_0"}]]
run_hw_ila [get_hw_ilas -of_objects [get_hw_devices xcku060_0] -filter {CELL_NAME=~"u_ila_0"}]
wait_on_hw_ila [get_hw_ilas -of_objects [get_hw_devices xcku060_0] -filter {CELL_NAME=~"u_ila_0"}]
display_hw_ila_data [upload_hw_ila_data [get_hw_ilas -of_objects [get_hw_devices xcku060_0] -filter {CELL_NAME=~"u_ila_0"}]]
run_hw_ila [get_hw_ilas -of_objects [get_hw_devices xcku060_0] -filter {CELL_NAME=~"u_ila_0"}]
wait_on_hw_ila [get_hw_ilas -of_objects [get_hw_devices xcku060_0] -filter {CELL_NAME=~"u_ila_0"}]
display_hw_ila_data [upload_hw_ila_data [get_hw_ilas -of_objects [get_hw_devices xcku060_0] -filter {CELL_NAME=~"u_ila_0"}]]
run_hw_ila [get_hw_ilas -of_objects [get_hw_devices xcku060_0] -filter {CELL_NAME=~"u_ila_0"}]
wait_on_hw_ila [get_hw_ilas -of_objects [get_hw_devices xcku060_0] -filter {CELL_NAME=~"u_ila_0"}]
display_hw_ila_data [upload_hw_ila_data [get_hw_ilas -of_objects [get_hw_devices xcku060_0] -filter {CELL_NAME=~"u_ila_0"}]]
run_hw_ila [get_hw_ilas -of_objects [get_hw_devices xcku060_0] -filter {CELL_NAME=~"u_ila_0"}]
wait_on_hw_ila [get_hw_ilas -of_objects [get_hw_devices xcku060_0] -filter {CELL_NAME=~"u_ila_0"}]
display_hw_ila_data [upload_hw_ila_data [get_hw_ilas -of_objects [get_hw_devices xcku060_0] -filter {CELL_NAME=~"u_ila_0"}]]
run_hw_ila [get_hw_ilas -of_objects [get_hw_devices xcku060_0] -filter {CELL_NAME=~"u_ila_0"}]
wait_on_hw_ila [get_hw_ilas -of_objects [get_hw_devices xcku060_0] -filter {CELL_NAME=~"u_ila_0"}]
display_hw_ila_data [upload_hw_ila_data [get_hw_ilas -of_objects [get_hw_devices xcku060_0] -filter {CELL_NAME=~"u_ila_0"}]]
run_hw_ila [get_hw_ilas -of_objects [get_hw_devices xcku060_0] -filter {CELL_NAME=~"u_ila_0"}]
wait_on_hw_ila [get_hw_ilas -of_objects [get_hw_devices xcku060_0] -filter {CELL_NAME=~"u_ila_0"}]
display_hw_ila_data [upload_hw_ila_data [get_hw_ilas -of_objects [get_hw_devices xcku060_0] -filter {CELL_NAME=~"u_ila_0"}]]
run_hw_ila [get_hw_ilas -of_objects [get_hw_devices xcku060_0] -filter {CELL_NAME=~"u_ila_0"}]
wait_on_hw_ila [get_hw_ilas -of_objects [get_hw_devices xcku060_0] -filter {CELL_NAME=~"u_ila_0"}]
display_hw_ila_data [upload_hw_ila_data [get_hw_ilas -of_objects [get_hw_devices xcku060_0] -filter {CELL_NAME=~"u_ila_0"}]]
run_hw_ila [get_hw_ilas -of_objects [get_hw_devices xcku060_0] -filter {CELL_NAME=~"u_ila_0"}]
wait_on_hw_ila [get_hw_ilas -of_objects [get_hw_devices xcku060_0] -filter {CELL_NAME=~"u_ila_0"}]
display_hw_ila_data [upload_hw_ila_data [get_hw_ilas -of_objects [get_hw_devices xcku060_0] -filter {CELL_NAME=~"u_ila_0"}]]
run_hw_ila [get_hw_ilas -of_objects [get_hw_devices xcku060_0] -filter {CELL_NAME=~"u_ila_0"}]
wait_on_hw_ila [get_hw_ilas -of_objects [get_hw_devices xcku060_0] -filter {CELL_NAME=~"u_ila_0"}]
display_hw_ila_data [upload_hw_ila_data [get_hw_ilas -of_objects [get_hw_devices xcku060_0] -filter {CELL_NAME=~"u_ila_0"}]]
run_hw_ila [get_hw_ilas -of_objects [get_hw_devices xcku060_0] -filter {CELL_NAME=~"u_ila_0"}]
wait_on_hw_ila [get_hw_ilas -of_objects [get_hw_devices xcku060_0] -filter {CELL_NAME=~"u_ila_0"}]
display_hw_ila_data [upload_hw_ila_data [get_hw_ilas -of_objects [get_hw_devices xcku060_0] -filter {CELL_NAME=~"u_ila_0"}]]
run_hw_ila [get_hw_ilas -of_objects [get_hw_devices xcku060_0] -filter {CELL_NAME=~"u_ila_0"}]
wait_on_hw_ila [get_hw_ilas -of_objects [get_hw_devices xcku060_0] -filter {CELL_NAME=~"u_ila_0"}]
display_hw_ila_data [upload_hw_ila_data [get_hw_ilas -of_objects [get_hw_devices xcku060_0] -filter {CELL_NAME=~"u_ila_0"}]]
run_hw_ila [get_hw_ilas -of_objects [get_hw_devices xcku060_0] -filter {CELL_NAME=~"u_ila_0"}]
wait_on_hw_ila [get_hw_ilas -of_objects [get_hw_devices xcku060_0] -filter {CELL_NAME=~"u_ila_0"}]
display_hw_ila_data [upload_hw_ila_data [get_hw_ilas -of_objects [get_hw_devices xcku060_0] -filter {CELL_NAME=~"u_ila_0"}]]
run_hw_ila [get_hw_ilas -of_objects [get_hw_devices xcku060_0] -filter {CELL_NAME=~"u_ila_0"}]
wait_on_hw_ila [get_hw_ilas -of_objects [get_hw_devices xcku060_0] -filter {CELL_NAME=~"u_ila_0"}]
display_hw_ila_data [upload_hw_ila_data [get_hw_ilas -of_objects [get_hw_devices xcku060_0] -filter {CELL_NAME=~"u_ila_0"}]]
run_hw_ila [get_hw_ilas -of_objects [get_hw_devices xcku060_0] -filter {CELL_NAME=~"u_ila_0"}]
wait_on_hw_ila [get_hw_ilas -of_objects [get_hw_devices xcku060_0] -filter {CELL_NAME=~"u_ila_0"}]
display_hw_ila_data [upload_hw_ila_data [get_hw_ilas -of_objects [get_hw_devices xcku060_0] -filter {CELL_NAME=~"u_ila_0"}]]
run_hw_ila [get_hw_ilas -of_objects [get_hw_devices xcku060_0] -filter {CELL_NAME=~"u_ila_0"}]
wait_on_hw_ila [get_hw_ilas -of_objects [get_hw_devices xcku060_0] -filter {CELL_NAME=~"u_ila_0"}]
display_hw_ila_data [upload_hw_ila_data [get_hw_ilas -of_objects [get_hw_devices xcku060_0] -filter {CELL_NAME=~"u_ila_0"}]]
run_hw_ila [get_hw_ilas -of_objects [get_hw_devices xcku060_0] -filter {CELL_NAME=~"u_ila_0"}]
wait_on_hw_ila [get_hw_ilas -of_objects [get_hw_devices xcku060_0] -filter {CELL_NAME=~"u_ila_0"}]
display_hw_ila_data [upload_hw_ila_data [get_hw_ilas -of_objects [get_hw_devices xcku060_0] -filter {CELL_NAME=~"u_ila_0"}]]
run_hw_ila [get_hw_ilas -of_objects [get_hw_devices xcku060_0] -filter {CELL_NAME=~"u_ila_0"}]
wait_on_hw_ila [get_hw_ilas -of_objects [get_hw_devices xcku060_0] -filter {CELL_NAME=~"u_ila_0"}]
display_hw_ila_data [upload_hw_ila_data [get_hw_ilas -of_objects [get_hw_devices xcku060_0] -filter {CELL_NAME=~"u_ila_0"}]]
run_hw_ila [get_hw_ilas -of_objects [get_hw_devices xcku060_0] -filter {CELL_NAME=~"u_ila_0"}]
wait_on_hw_ila [get_hw_ilas -of_objects [get_hw_devices xcku060_0] -filter {CELL_NAME=~"u_ila_0"}]
display_hw_ila_data [upload_hw_ila_data [get_hw_ilas -of_objects [get_hw_devices xcku060_0] -filter {CELL_NAME=~"u_ila_0"}]]
run_hw_ila [get_hw_ilas -of_objects [get_hw_devices xcku060_0] -filter {CELL_NAME=~"u_ila_0"}]
wait_on_hw_ila [get_hw_ilas -of_objects [get_hw_devices xcku060_0] -filter {CELL_NAME=~"u_ila_0"}]
display_hw_ila_data [upload_hw_ila_data [get_hw_ilas -of_objects [get_hw_devices xcku060_0] -filter {CELL_NAME=~"u_ila_0"}]]
run_hw_ila [get_hw_ilas -of_objects [get_hw_devices xcku060_0] -filter {CELL_NAME=~"u_ila_0"}]
wait_on_hw_ila [get_hw_ilas -of_objects [get_hw_devices xcku060_0] -filter {CELL_NAME=~"u_ila_0"}]
display_hw_ila_data [upload_hw_ila_data [get_hw_ilas -of_objects [get_hw_devices xcku060_0] -filter {CELL_NAME=~"u_ila_0"}]]
run_hw_ila [get_hw_ilas -of_objects [get_hw_devices xcku060_0] -filter {CELL_NAME=~"u_ila_0"}]
wait_on_hw_ila [get_hw_ilas -of_objects [get_hw_devices xcku060_0] -filter {CELL_NAME=~"u_ila_0"}]
display_hw_ila_data [upload_hw_ila_data [get_hw_ilas -of_objects [get_hw_devices xcku060_0] -filter {CELL_NAME=~"u_ila_0"}]]
run_hw_ila [get_hw_ilas -of_objects [get_hw_devices xcku060_0] -filter {CELL_NAME=~"u_ila_0"}]
wait_on_hw_ila [get_hw_ilas -of_objects [get_hw_devices xcku060_0] -filter {CELL_NAME=~"u_ila_0"}]
display_hw_ila_data [upload_hw_ila_data [get_hw_ilas -of_objects [get_hw_devices xcku060_0] -filter {CELL_NAME=~"u_ila_0"}]]
run_hw_ila [get_hw_ilas -of_objects [get_hw_devices xcku060_0] -filter {CELL_NAME=~"u_ila_0"}]
wait_on_hw_ila [get_hw_ilas -of_objects [get_hw_devices xcku060_0] -filter {CELL_NAME=~"u_ila_0"}]
display_hw_ila_data [upload_hw_ila_data [get_hw_ilas -of_objects [get_hw_devices xcku060_0] -filter {CELL_NAME=~"u_ila_0"}]]
run_hw_ila [get_hw_ilas -of_objects [get_hw_devices xcku060_0] -filter {CELL_NAME=~"u_ila_0"}]
wait_on_hw_ila [get_hw_ilas -of_objects [get_hw_devices xcku060_0] -filter {CELL_NAME=~"u_ila_0"}]
display_hw_ila_data [upload_hw_ila_data [get_hw_ilas -of_objects [get_hw_devices xcku060_0] -filter {CELL_NAME=~"u_ila_0"}]]
run_hw_ila [get_hw_ilas -of_objects [get_hw_devices xcku060_0] -filter {CELL_NAME=~"u_ila_0"}]
wait_on_hw_ila [get_hw_ilas -of_objects [get_hw_devices xcku060_0] -filter {CELL_NAME=~"u_ila_0"}]
display_hw_ila_data [upload_hw_ila_data [get_hw_ilas -of_objects [get_hw_devices xcku060_0] -filter {CELL_NAME=~"u_ila_0"}]]
run_hw_ila [get_hw_ilas -of_objects [get_hw_devices xcku060_0] -filter {CELL_NAME=~"u_ila_0"}]
wait_on_hw_ila [get_hw_ilas -of_objects [get_hw_devices xcku060_0] -filter {CELL_NAME=~"u_ila_0"}]
display_hw_ila_data [upload_hw_ila_data [get_hw_ilas -of_objects [get_hw_devices xcku060_0] -filter {CELL_NAME=~"u_ila_0"}]]
run_hw_ila [get_hw_ilas -of_objects [get_hw_devices xcku060_0] -filter {CELL_NAME=~"u_ila_0"}]
wait_on_hw_ila [get_hw_ilas -of_objects [get_hw_devices xcku060_0] -filter {CELL_NAME=~"u_ila_0"}]
display_hw_ila_data [upload_hw_ila_data [get_hw_ilas -of_objects [get_hw_devices xcku060_0] -filter {CELL_NAME=~"u_ila_0"}]]
run_hw_ila [get_hw_ilas -of_objects [get_hw_devices xcku060_0] -filter {CELL_NAME=~"u_ila_0"}]
wait_on_hw_ila [get_hw_ilas -of_objects [get_hw_devices xcku060_0] -filter {CELL_NAME=~"u_ila_0"}]
display_hw_ila_data [upload_hw_ila_data [get_hw_ilas -of_objects [get_hw_devices xcku060_0] -filter {CELL_NAME=~"u_ila_0"}]]
run_hw_ila [get_hw_ilas -of_objects [get_hw_devices xcku060_0] -filter {CELL_NAME=~"u_ila_0"}]
wait_on_hw_ila [get_hw_ilas -of_objects [get_hw_devices xcku060_0] -filter {CELL_NAME=~"u_ila_0"}]
display_hw_ila_data [upload_hw_ila_data [get_hw_ilas -of_objects [get_hw_devices xcku060_0] -filter {CELL_NAME=~"u_ila_0"}]]
run_hw_ila [get_hw_ilas -of_objects [get_hw_devices xcku060_0] -filter {CELL_NAME=~"u_ila_0"}]
wait_on_hw_ila [get_hw_ilas -of_objects [get_hw_devices xcku060_0] -filter {CELL_NAME=~"u_ila_0"}]
display_hw_ila_data [upload_hw_ila_data [get_hw_ilas -of_objects [get_hw_devices xcku060_0] -filter {CELL_NAME=~"u_ila_0"}]]
run_hw_ila [get_hw_ilas -of_objects [get_hw_devices xcku060_0] -filter {CELL_NAME=~"u_ila_0"}]
wait_on_hw_ila [get_hw_ilas -of_objects [get_hw_devices xcku060_0] -filter {CELL_NAME=~"u_ila_0"}]
display_hw_ila_data [upload_hw_ila_data [get_hw_ilas -of_objects [get_hw_devices xcku060_0] -filter {CELL_NAME=~"u_ila_0"}]]
run_hw_ila [get_hw_ilas -of_objects [get_hw_devices xcku060_0] -filter {CELL_NAME=~"u_ila_0"}]
wait_on_hw_ila [get_hw_ilas -of_objects [get_hw_devices xcku060_0] -filter {CELL_NAME=~"u_ila_0"}]
display_hw_ila_data [upload_hw_ila_data [get_hw_ilas -of_objects [get_hw_devices xcku060_0] -filter {CELL_NAME=~"u_ila_0"}]]
run_hw_ila [get_hw_ilas -of_objects [get_hw_devices xcku060_0] -filter {CELL_NAME=~"u_ila_0"}]
wait_on_hw_ila [get_hw_ilas -of_objects [get_hw_devices xcku060_0] -filter {CELL_NAME=~"u_ila_0"}]
display_hw_ila_data [upload_hw_ila_data [get_hw_ilas -of_objects [get_hw_devices xcku060_0] -filter {CELL_NAME=~"u_ila_0"}]]
run_hw_ila [get_hw_ilas -of_objects [get_hw_devices xcku060_0] -filter {CELL_NAME=~"u_ila_0"}]
wait_on_hw_ila [get_hw_ilas -of_objects [get_hw_devices xcku060_0] -filter {CELL_NAME=~"u_ila_0"}]
display_hw_ila_data [upload_hw_ila_data [get_hw_ilas -of_objects [get_hw_devices xcku060_0] -filter {CELL_NAME=~"u_ila_0"}]]
run_hw_ila [get_hw_ilas -of_objects [get_hw_devices xcku060_0] -filter {CELL_NAME=~"u_ila_0"}]
wait_on_hw_ila [get_hw_ilas -of_objects [get_hw_devices xcku060_0] -filter {CELL_NAME=~"u_ila_0"}]
display_hw_ila_data [upload_hw_ila_data [get_hw_ilas -of_objects [get_hw_devices xcku060_0] -filter {CELL_NAME=~"u_ila_0"}]]
run_hw_ila [get_hw_ilas -of_objects [get_hw_devices xcku060_0] -filter {CELL_NAME=~"u_ila_0"}]
wait_on_hw_ila [get_hw_ilas -of_objects [get_hw_devices xcku060_0] -filter {CELL_NAME=~"u_ila_0"}]
display_hw_ila_data [upload_hw_ila_data [get_hw_ilas -of_objects [get_hw_devices xcku060_0] -filter {CELL_NAME=~"u_ila_0"}]]
run_hw_ila [get_hw_ilas -of_objects [get_hw_devices xcku060_0] -filter {CELL_NAME=~"u_ila_0"}]
wait_on_hw_ila [get_hw_ilas -of_objects [get_hw_devices xcku060_0] -filter {CELL_NAME=~"u_ila_0"}]
display_hw_ila_data [upload_hw_ila_data [get_hw_ilas -of_objects [get_hw_devices xcku060_0] -filter {CELL_NAME=~"u_ila_0"}]]
run_hw_ila [get_hw_ilas -of_objects [get_hw_devices xcku060_0] -filter {CELL_NAME=~"u_ila_0"}]
wait_on_hw_ila [get_hw_ilas -of_objects [get_hw_devices xcku060_0] -filter {CELL_NAME=~"u_ila_0"}]
display_hw_ila_data [upload_hw_ila_data [get_hw_ilas -of_objects [get_hw_devices xcku060_0] -filter {CELL_NAME=~"u_ila_0"}]]
run_hw_ila [get_hw_ilas -of_objects [get_hw_devices xcku060_0] -filter {CELL_NAME=~"u_ila_0"}]
wait_on_hw_ila [get_hw_ilas -of_objects [get_hw_devices xcku060_0] -filter {CELL_NAME=~"u_ila_0"}]
display_hw_ila_data [upload_hw_ila_data [get_hw_ilas -of_objects [get_hw_devices xcku060_0] -filter {CELL_NAME=~"u_ila_0"}]]
run_hw_ila [get_hw_ilas -of_objects [get_hw_devices xcku060_0] -filter {CELL_NAME=~"u_ila_0"}]
wait_on_hw_ila [get_hw_ilas -of_objects [get_hw_devices xcku060_0] -filter {CELL_NAME=~"u_ila_0"}]
display_hw_ila_data [upload_hw_ila_data [get_hw_ilas -of_objects [get_hw_devices xcku060_0] -filter {CELL_NAME=~"u_ila_0"}]]
run_hw_ila [get_hw_ilas -of_objects [get_hw_devices xcku060_0] -filter {CELL_NAME=~"u_ila_0"}]
wait_on_hw_ila [get_hw_ilas -of_objects [get_hw_devices xcku060_0] -filter {CELL_NAME=~"u_ila_0"}]
display_hw_ila_data [upload_hw_ila_data [get_hw_ilas -of_objects [get_hw_devices xcku060_0] -filter {CELL_NAME=~"u_ila_0"}]]
run_hw_ila [get_hw_ilas -of_objects [get_hw_devices xcku060_0] -filter {CELL_NAME=~"u_ila_0"}]
wait_on_hw_ila [get_hw_ilas -of_objects [get_hw_devices xcku060_0] -filter {CELL_NAME=~"u_ila_0"}]
display_hw_ila_data [upload_hw_ila_data [get_hw_ilas -of_objects [get_hw_devices xcku060_0] -filter {CELL_NAME=~"u_ila_0"}]]
run_hw_ila [get_hw_ilas -of_objects [get_hw_devices xcku060_0] -filter {CELL_NAME=~"u_ila_0"}]
wait_on_hw_ila [get_hw_ilas -of_objects [get_hw_devices xcku060_0] -filter {CELL_NAME=~"u_ila_0"}]
display_hw_ila_data [upload_hw_ila_data [get_hw_ilas -of_objects [get_hw_devices xcku060_0] -filter {CELL_NAME=~"u_ila_0"}]]
run_hw_ila [get_hw_ilas -of_objects [get_hw_devices xcku060_0] -filter {CELL_NAME=~"u_ila_0"}]
wait_on_hw_ila [get_hw_ilas -of_objects [get_hw_devices xcku060_0] -filter {CELL_NAME=~"u_ila_0"}]
display_hw_ila_data [upload_hw_ila_data [get_hw_ilas -of_objects [get_hw_devices xcku060_0] -filter {CELL_NAME=~"u_ila_0"}]]
run_hw_ila [get_hw_ilas -of_objects [get_hw_devices xcku060_0] -filter {CELL_NAME=~"u_ila_0"}]
wait_on_hw_ila [get_hw_ilas -of_objects [get_hw_devices xcku060_0] -filter {CELL_NAME=~"u_ila_0"}]
display_hw_ila_data [upload_hw_ila_data [get_hw_ilas -of_objects [get_hw_devices xcku060_0] -filter {CELL_NAME=~"u_ila_0"}]]
run_hw_ila [get_hw_ilas -of_objects [get_hw_devices xcku060_0] -filter {CELL_NAME=~"u_ila_0"}]
wait_on_hw_ila [get_hw_ilas -of_objects [get_hw_devices xcku060_0] -filter {CELL_NAME=~"u_ila_0"}]
display_hw_ila_data [upload_hw_ila_data [get_hw_ilas -of_objects [get_hw_devices xcku060_0] -filter {CELL_NAME=~"u_ila_0"}]]
run_hw_ila [get_hw_ilas -of_objects [get_hw_devices xcku060_0] -filter {CELL_NAME=~"u_ila_0"}]
wait_on_hw_ila [get_hw_ilas -of_objects [get_hw_devices xcku060_0] -filter {CELL_NAME=~"u_ila_0"}]
display_hw_ila_data [upload_hw_ila_data [get_hw_ilas -of_objects [get_hw_devices xcku060_0] -filter {CELL_NAME=~"u_ila_0"}]]
run_hw_ila [get_hw_ilas -of_objects [get_hw_devices xcku060_0] -filter {CELL_NAME=~"u_ila_0"}]
wait_on_hw_ila [get_hw_ilas -of_objects [get_hw_devices xcku060_0] -filter {CELL_NAME=~"u_ila_0"}]
display_hw_ila_data [upload_hw_ila_data [get_hw_ilas -of_objects [get_hw_devices xcku060_0] -filter {CELL_NAME=~"u_ila_0"}]]
run_hw_ila [get_hw_ilas -of_objects [get_hw_devices xcku060_0] -filter {CELL_NAME=~"u_ila_0"}]
wait_on_hw_ila [get_hw_ilas -of_objects [get_hw_devices xcku060_0] -filter {CELL_NAME=~"u_ila_0"}]
display_hw_ila_data [upload_hw_ila_data [get_hw_ilas -of_objects [get_hw_devices xcku060_0] -filter {CELL_NAME=~"u_ila_0"}]]
run_hw_ila [get_hw_ilas -of_objects [get_hw_devices xcku060_0] -filter {CELL_NAME=~"u_ila_0"}]
wait_on_hw_ila [get_hw_ilas -of_objects [get_hw_devices xcku060_0] -filter {CELL_NAME=~"u_ila_0"}]
display_hw_ila_data [upload_hw_ila_data [get_hw_ilas -of_objects [get_hw_devices xcku060_0] -filter {CELL_NAME=~"u_ila_0"}]]
run_hw_ila [get_hw_ilas -of_objects [get_hw_devices xcku060_0] -filter {CELL_NAME=~"u_ila_0"}]
wait_on_hw_ila [get_hw_ilas -of_objects [get_hw_devices xcku060_0] -filter {CELL_NAME=~"u_ila_0"}]
display_hw_ila_data [upload_hw_ila_data [get_hw_ilas -of_objects [get_hw_devices xcku060_0] -filter {CELL_NAME=~"u_ila_0"}]]
run_hw_ila [get_hw_ilas -of_objects [get_hw_devices xcku060_0] -filter {CELL_NAME=~"u_ila_0"}]
wait_on_hw_ila [get_hw_ilas -of_objects [get_hw_devices xcku060_0] -filter {CELL_NAME=~"u_ila_0"}]
display_hw_ila_data [upload_hw_ila_data [get_hw_ilas -of_objects [get_hw_devices xcku060_0] -filter {CELL_NAME=~"u_ila_0"}]]
run_hw_ila [get_hw_ilas -of_objects [get_hw_devices xcku060_0] -filter {CELL_NAME=~"u_ila_0"}]
wait_on_hw_ila [get_hw_ilas -of_objects [get_hw_devices xcku060_0] -filter {CELL_NAME=~"u_ila_0"}]
display_hw_ila_data [upload_hw_ila_data [get_hw_ilas -of_objects [get_hw_devices xcku060_0] -filter {CELL_NAME=~"u_ila_0"}]]
run_hw_ila [get_hw_ilas -of_objects [get_hw_devices xcku060_0] -filter {CELL_NAME=~"u_ila_0"}]
wait_on_hw_ila [get_hw_ilas -of_objects [get_hw_devices xcku060_0] -filter {CELL_NAME=~"u_ila_0"}]
display_hw_ila_data [upload_hw_ila_data [get_hw_ilas -of_objects [get_hw_devices xcku060_0] -filter {CELL_NAME=~"u_ila_0"}]]
run_hw_ila [get_hw_ilas -of_objects [get_hw_devices xcku060_0] -filter {CELL_NAME=~"u_ila_0"}]
wait_on_hw_ila [get_hw_ilas -of_objects [get_hw_devices xcku060_0] -filter {CELL_NAME=~"u_ila_0"}]
display_hw_ila_data [upload_hw_ila_data [get_hw_ilas -of_objects [get_hw_devices xcku060_0] -filter {CELL_NAME=~"u_ila_0"}]]
run_hw_ila [get_hw_ilas -of_objects [get_hw_devices xcku060_0] -filter {CELL_NAME=~"u_ila_0"}]
wait_on_hw_ila [get_hw_ilas -of_objects [get_hw_devices xcku060_0] -filter {CELL_NAME=~"u_ila_0"}]
display_hw_ila_data [upload_hw_ila_data [get_hw_ilas -of_objects [get_hw_devices xcku060_0] -filter {CELL_NAME=~"u_ila_0"}]]
run_hw_ila [get_hw_ilas -of_objects [get_hw_devices xcku060_0] -filter {CELL_NAME=~"u_ila_0"}]
wait_on_hw_ila [get_hw_ilas -of_objects [get_hw_devices xcku060_0] -filter {CELL_NAME=~"u_ila_0"}]
display_hw_ila_data [upload_hw_ila_data [get_hw_ilas -of_objects [get_hw_devices xcku060_0] -filter {CELL_NAME=~"u_ila_0"}]]
run_hw_ila [get_hw_ilas -of_objects [get_hw_devices xcku060_0] -filter {CELL_NAME=~"u_ila_0"}]
wait_on_hw_ila [get_hw_ilas -of_objects [get_hw_devices xcku060_0] -filter {CELL_NAME=~"u_ila_0"}]
display_hw_ila_data [upload_hw_ila_data [get_hw_ilas -of_objects [get_hw_devices xcku060_0] -filter {CELL_NAME=~"u_ila_0"}]]
run_hw_ila [get_hw_ilas -of_objects [get_hw_devices xcku060_0] -filter {CELL_NAME=~"u_ila_0"}]
wait_on_hw_ila [get_hw_ilas -of_objects [get_hw_devices xcku060_0] -filter {CELL_NAME=~"u_ila_0"}]
display_hw_ila_data [upload_hw_ila_data [get_hw_ilas -of_objects [get_hw_devices xcku060_0] -filter {CELL_NAME=~"u_ila_0"}]]
run_hw_ila [get_hw_ilas -of_objects [get_hw_devices xcku060_0] -filter {CELL_NAME=~"u_ila_0"}]
wait_on_hw_ila [get_hw_ilas -of_objects [get_hw_devices xcku060_0] -filter {CELL_NAME=~"u_ila_0"}]
display_hw_ila_data [upload_hw_ila_data [get_hw_ilas -of_objects [get_hw_devices xcku060_0] -filter {CELL_NAME=~"u_ila_0"}]]
run_hw_ila [get_hw_ilas -of_objects [get_hw_devices xcku060_0] -filter {CELL_NAME=~"u_ila_0"}]
wait_on_hw_ila [get_hw_ilas -of_objects [get_hw_devices xcku060_0] -filter {CELL_NAME=~"u_ila_0"}]
display_hw_ila_data [upload_hw_ila_data [get_hw_ilas -of_objects [get_hw_devices xcku060_0] -filter {CELL_NAME=~"u_ila_0"}]]
run_hw_ila [get_hw_ilas -of_objects [get_hw_devices xcku060_0] -filter {CELL_NAME=~"u_ila_0"}]
wait_on_hw_ila [get_hw_ilas -of_objects [get_hw_devices xcku060_0] -filter {CELL_NAME=~"u_ila_0"}]
display_hw_ila_data [upload_hw_ila_data [get_hw_ilas -of_objects [get_hw_devices xcku060_0] -filter {CELL_NAME=~"u_ila_0"}]]
run_hw_ila [get_hw_ilas -of_objects [get_hw_devices xcku060_0] -filter {CELL_NAME=~"u_ila_0"}]
wait_on_hw_ila [get_hw_ilas -of_objects [get_hw_devices xcku060_0] -filter {CELL_NAME=~"u_ila_0"}]
display_hw_ila_data [upload_hw_ila_data [get_hw_ilas -of_objects [get_hw_devices xcku060_0] -filter {CELL_NAME=~"u_ila_0"}]]
run_hw_ila [get_hw_ilas -of_objects [get_hw_devices xcku060_0] -filter {CELL_NAME=~"u_ila_0"}]
wait_on_hw_ila [get_hw_ilas -of_objects [get_hw_devices xcku060_0] -filter {CELL_NAME=~"u_ila_0"}]
display_hw_ila_data [upload_hw_ila_data [get_hw_ilas -of_objects [get_hw_devices xcku060_0] -filter {CELL_NAME=~"u_ila_0"}]]
run_hw_ila [get_hw_ilas -of_objects [get_hw_devices xcku060_0] -filter {CELL_NAME=~"u_ila_0"}]
wait_on_hw_ila [get_hw_ilas -of_objects [get_hw_devices xcku060_0] -filter {CELL_NAME=~"u_ila_0"}]
display_hw_ila_data [upload_hw_ila_data [get_hw_ilas -of_objects [get_hw_devices xcku060_0] -filter {CELL_NAME=~"u_ila_0"}]]
run_hw_ila [get_hw_ilas -of_objects [get_hw_devices xcku060_0] -filter {CELL_NAME=~"u_ila_0"}]
wait_on_hw_ila [get_hw_ilas -of_objects [get_hw_devices xcku060_0] -filter {CELL_NAME=~"u_ila_0"}]
display_hw_ila_data [upload_hw_ila_data [get_hw_ilas -of_objects [get_hw_devices xcku060_0] -filter {CELL_NAME=~"u_ila_0"}]]
run_hw_ila [get_hw_ilas -of_objects [get_hw_devices xcku060_0] -filter {CELL_NAME=~"u_ila_0"}]
wait_on_hw_ila [get_hw_ilas -of_objects [get_hw_devices xcku060_0] -filter {CELL_NAME=~"u_ila_0"}]
display_hw_ila_data [upload_hw_ila_data [get_hw_ilas -of_objects [get_hw_devices xcku060_0] -filter {CELL_NAME=~"u_ila_0"}]]
run_hw_ila [get_hw_ilas -of_objects [get_hw_devices xcku060_0] -filter {CELL_NAME=~"u_ila_0"}]
wait_on_hw_ila [get_hw_ilas -of_objects [get_hw_devices xcku060_0] -filter {CELL_NAME=~"u_ila_0"}]
display_hw_ila_data [upload_hw_ila_data [get_hw_ilas -of_objects [get_hw_devices xcku060_0] -filter {CELL_NAME=~"u_ila_0"}]]
run_hw_ila [get_hw_ilas -of_objects [get_hw_devices xcku060_0] -filter {CELL_NAME=~"u_ila_0"}]
wait_on_hw_ila [get_hw_ilas -of_objects [get_hw_devices xcku060_0] -filter {CELL_NAME=~"u_ila_0"}]
display_hw_ila_data [upload_hw_ila_data [get_hw_ilas -of_objects [get_hw_devices xcku060_0] -filter {CELL_NAME=~"u_ila_0"}]]
run_hw_ila [get_hw_ilas -of_objects [get_hw_devices xcku060_0] -filter {CELL_NAME=~"u_ila_0"}]
wait_on_hw_ila [get_hw_ilas -of_objects [get_hw_devices xcku060_0] -filter {CELL_NAME=~"u_ila_0"}]
display_hw_ila_data [upload_hw_ila_data [get_hw_ilas -of_objects [get_hw_devices xcku060_0] -filter {CELL_NAME=~"u_ila_0"}]]
run_hw_ila [get_hw_ilas -of_objects [get_hw_devices xcku060_0] -filter {CELL_NAME=~"u_ila_0"}]
wait_on_hw_ila [get_hw_ilas -of_objects [get_hw_devices xcku060_0] -filter {CELL_NAME=~"u_ila_0"}]
display_hw_ila_data [upload_hw_ila_data [get_hw_ilas -of_objects [get_hw_devices xcku060_0] -filter {CELL_NAME=~"u_ila_0"}]]
run_hw_ila [get_hw_ilas -of_objects [get_hw_devices xcku060_0] -filter {CELL_NAME=~"u_ila_0"}]
wait_on_hw_ila [get_hw_ilas -of_objects [get_hw_devices xcku060_0] -filter {CELL_NAME=~"u_ila_0"}]
display_hw_ila_data [upload_hw_ila_data [get_hw_ilas -of_objects [get_hw_devices xcku060_0] -filter {CELL_NAME=~"u_ila_0"}]]
run_hw_ila [get_hw_ilas -of_objects [get_hw_devices xcku060_0] -filter {CELL_NAME=~"u_ila_0"}]
wait_on_hw_ila [get_hw_ilas -of_objects [get_hw_devices xcku060_0] -filter {CELL_NAME=~"u_ila_0"}]
display_hw_ila_data [upload_hw_ila_data [get_hw_ilas -of_objects [get_hw_devices xcku060_0] -filter {CELL_NAME=~"u_ila_0"}]]
run_hw_ila [get_hw_ilas -of_objects [get_hw_devices xcku060_0] -filter {CELL_NAME=~"u_ila_0"}]
wait_on_hw_ila [get_hw_ilas -of_objects [get_hw_devices xcku060_0] -filter {CELL_NAME=~"u_ila_0"}]
display_hw_ila_data [upload_hw_ila_data [get_hw_ilas -of_objects [get_hw_devices xcku060_0] -filter {CELL_NAME=~"u_ila_0"}]]
run_hw_ila [get_hw_ilas -of_objects [get_hw_devices xcku060_0] -filter {CELL_NAME=~"u_ila_0"}]
wait_on_hw_ila [get_hw_ilas -of_objects [get_hw_devices xcku060_0] -filter {CELL_NAME=~"u_ila_0"}]
display_hw_ila_data [upload_hw_ila_data [get_hw_ilas -of_objects [get_hw_devices xcku060_0] -filter {CELL_NAME=~"u_ila_0"}]]
run_hw_ila [get_hw_ilas -of_objects [get_hw_devices xcku060_0] -filter {CELL_NAME=~"u_ila_0"}]
wait_on_hw_ila [get_hw_ilas -of_objects [get_hw_devices xcku060_0] -filter {CELL_NAME=~"u_ila_0"}]
display_hw_ila_data [upload_hw_ila_data [get_hw_ilas -of_objects [get_hw_devices xcku060_0] -filter {CELL_NAME=~"u_ila_0"}]]
run_hw_ila [get_hw_ilas -of_objects [get_hw_devices xcku060_0] -filter {CELL_NAME=~"u_ila_0"}]
wait_on_hw_ila [get_hw_ilas -of_objects [get_hw_devices xcku060_0] -filter {CELL_NAME=~"u_ila_0"}]
display_hw_ila_data [upload_hw_ila_data [get_hw_ilas -of_objects [get_hw_devices xcku060_0] -filter {CELL_NAME=~"u_ila_0"}]]
run_hw_ila [get_hw_ilas -of_objects [get_hw_devices xcku060_0] -filter {CELL_NAME=~"u_ila_0"}]
wait_on_hw_ila [get_hw_ilas -of_objects [get_hw_devices xcku060_0] -filter {CELL_NAME=~"u_ila_0"}]
display_hw_ila_data [upload_hw_ila_data [get_hw_ilas -of_objects [get_hw_devices xcku060_0] -filter {CELL_NAME=~"u_ila_0"}]]
run_hw_ila [get_hw_ilas -of_objects [get_hw_devices xcku060_0] -filter {CELL_NAME=~"u_ila_0"}]
wait_on_hw_ila [get_hw_ilas -of_objects [get_hw_devices xcku060_0] -filter {CELL_NAME=~"u_ila_0"}]
display_hw_ila_data [upload_hw_ila_data [get_hw_ilas -of_objects [get_hw_devices xcku060_0] -filter {CELL_NAME=~"u_ila_0"}]]
run_hw_ila [get_hw_ilas -of_objects [get_hw_devices xcku060_0] -filter {CELL_NAME=~"u_ila_0"}]
wait_on_hw_ila [get_hw_ilas -of_objects [get_hw_devices xcku060_0] -filter {CELL_NAME=~"u_ila_0"}]
display_hw_ila_data [upload_hw_ila_data [get_hw_ilas -of_objects [get_hw_devices xcku060_0] -filter {CELL_NAME=~"u_ila_0"}]]
run_hw_ila [get_hw_ilas -of_objects [get_hw_devices xcku060_0] -filter {CELL_NAME=~"u_ila_0"}]
wait_on_hw_ila [get_hw_ilas -of_objects [get_hw_devices xcku060_0] -filter {CELL_NAME=~"u_ila_0"}]
display_hw_ila_data [upload_hw_ila_data [get_hw_ilas -of_objects [get_hw_devices xcku060_0] -filter {CELL_NAME=~"u_ila_0"}]]
run_hw_ila [get_hw_ilas -of_objects [get_hw_devices xcku060_0] -filter {CELL_NAME=~"u_ila_0"}]
wait_on_hw_ila [get_hw_ilas -of_objects [get_hw_devices xcku060_0] -filter {CELL_NAME=~"u_ila_0"}]
display_hw_ila_data [upload_hw_ila_data [get_hw_ilas -of_objects [get_hw_devices xcku060_0] -filter {CELL_NAME=~"u_ila_0"}]]
run_hw_ila [get_hw_ilas -of_objects [get_hw_devices xcku060_0] -filter {CELL_NAME=~"u_ila_0"}]
wait_on_hw_ila [get_hw_ilas -of_objects [get_hw_devices xcku060_0] -filter {CELL_NAME=~"u_ila_0"}]
display_hw_ila_data [upload_hw_ila_data [get_hw_ilas -of_objects [get_hw_devices xcku060_0] -filter {CELL_NAME=~"u_ila_0"}]]
run_hw_ila [get_hw_ilas -of_objects [get_hw_devices xcku060_0] -filter {CELL_NAME=~"u_ila_0"}]
wait_on_hw_ila [get_hw_ilas -of_objects [get_hw_devices xcku060_0] -filter {CELL_NAME=~"u_ila_0"}]
display_hw_ila_data [upload_hw_ila_data [get_hw_ilas -of_objects [get_hw_devices xcku060_0] -filter {CELL_NAME=~"u_ila_0"}]]
run_hw_ila [get_hw_ilas -of_objects [get_hw_devices xcku060_0] -filter {CELL_NAME=~"u_ila_0"}]
wait_on_hw_ila [get_hw_ilas -of_objects [get_hw_devices xcku060_0] -filter {CELL_NAME=~"u_ila_0"}]
display_hw_ila_data [upload_hw_ila_data [get_hw_ilas -of_objects [get_hw_devices xcku060_0] -filter {CELL_NAME=~"u_ila_0"}]]
run_hw_ila [get_hw_ilas -of_objects [get_hw_devices xcku060_0] -filter {CELL_NAME=~"u_ila_0"}]
wait_on_hw_ila [get_hw_ilas -of_objects [get_hw_devices xcku060_0] -filter {CELL_NAME=~"u_ila_0"}]
display_hw_ila_data [upload_hw_ila_data [get_hw_ilas -of_objects [get_hw_devices xcku060_0] -filter {CELL_NAME=~"u_ila_0"}]]
run_hw_ila [get_hw_ilas -of_objects [get_hw_devices xcku060_0] -filter {CELL_NAME=~"u_ila_0"}]
wait_on_hw_ila [get_hw_ilas -of_objects [get_hw_devices xcku060_0] -filter {CELL_NAME=~"u_ila_0"}]
display_hw_ila_data [upload_hw_ila_data [get_hw_ilas -of_objects [get_hw_devices xcku060_0] -filter {CELL_NAME=~"u_ila_0"}]]
run_hw_ila [get_hw_ilas -of_objects [get_hw_devices xcku060_0] -filter {CELL_NAME=~"u_ila_0"}]
wait_on_hw_ila [get_hw_ilas -of_objects [get_hw_devices xcku060_0] -filter {CELL_NAME=~"u_ila_0"}]
display_hw_ila_data [upload_hw_ila_data [get_hw_ilas -of_objects [get_hw_devices xcku060_0] -filter {CELL_NAME=~"u_ila_0"}]]
run_hw_ila [get_hw_ilas -of_objects [get_hw_devices xcku060_0] -filter {CELL_NAME=~"u_ila_0"}]
wait_on_hw_ila [get_hw_ilas -of_objects [get_hw_devices xcku060_0] -filter {CELL_NAME=~"u_ila_0"}]
display_hw_ila_data [upload_hw_ila_data [get_hw_ilas -of_objects [get_hw_devices xcku060_0] -filter {CELL_NAME=~"u_ila_0"}]]
run_hw_ila [get_hw_ilas -of_objects [get_hw_devices xcku060_0] -filter {CELL_NAME=~"u_ila_0"}]
wait_on_hw_ila [get_hw_ilas -of_objects [get_hw_devices xcku060_0] -filter {CELL_NAME=~"u_ila_0"}]
display_hw_ila_data [upload_hw_ila_data [get_hw_ilas -of_objects [get_hw_devices xcku060_0] -filter {CELL_NAME=~"u_ila_0"}]]
run_hw_ila [get_hw_ilas -of_objects [get_hw_devices xcku060_0] -filter {CELL_NAME=~"u_ila_0"}]
wait_on_hw_ila [get_hw_ilas -of_objects [get_hw_devices xcku060_0] -filter {CELL_NAME=~"u_ila_0"}]
display_hw_ila_data [upload_hw_ila_data [get_hw_ilas -of_objects [get_hw_devices xcku060_0] -filter {CELL_NAME=~"u_ila_0"}]]
run_hw_ila [get_hw_ilas -of_objects [get_hw_devices xcku060_0] -filter {CELL_NAME=~"u_ila_0"}]
wait_on_hw_ila [get_hw_ilas -of_objects [get_hw_devices xcku060_0] -filter {CELL_NAME=~"u_ila_0"}]
display_hw_ila_data [upload_hw_ila_data [get_hw_ilas -of_objects [get_hw_devices xcku060_0] -filter {CELL_NAME=~"u_ila_0"}]]
run_hw_ila [get_hw_ilas -of_objects [get_hw_devices xcku060_0] -filter {CELL_NAME=~"u_ila_0"}]
wait_on_hw_ila [get_hw_ilas -of_objects [get_hw_devices xcku060_0] -filter {CELL_NAME=~"u_ila_0"}]
display_hw_ila_data [upload_hw_ila_data [get_hw_ilas -of_objects [get_hw_devices xcku060_0] -filter {CELL_NAME=~"u_ila_0"}]]
run_hw_ila [get_hw_ilas -of_objects [get_hw_devices xcku060_0] -filter {CELL_NAME=~"u_ila_0"}]
wait_on_hw_ila [get_hw_ilas -of_objects [get_hw_devices xcku060_0] -filter {CELL_NAME=~"u_ila_0"}]
display_hw_ila_data [upload_hw_ila_data [get_hw_ilas -of_objects [get_hw_devices xcku060_0] -filter {CELL_NAME=~"u_ila_0"}]]
run_hw_ila [get_hw_ilas -of_objects [get_hw_devices xcku060_0] -filter {CELL_NAME=~"u_ila_0"}]
wait_on_hw_ila [get_hw_ilas -of_objects [get_hw_devices xcku060_0] -filter {CELL_NAME=~"u_ila_0"}]
display_hw_ila_data [upload_hw_ila_data [get_hw_ilas -of_objects [get_hw_devices xcku060_0] -filter {CELL_NAME=~"u_ila_0"}]]
run_hw_ila [get_hw_ilas -of_objects [get_hw_devices xcku060_0] -filter {CELL_NAME=~"u_ila_0"}]
wait_on_hw_ila [get_hw_ilas -of_objects [get_hw_devices xcku060_0] -filter {CELL_NAME=~"u_ila_0"}]
display_hw_ila_data [upload_hw_ila_data [get_hw_ilas -of_objects [get_hw_devices xcku060_0] -filter {CELL_NAME=~"u_ila_0"}]]
run_hw_ila [get_hw_ilas -of_objects [get_hw_devices xcku060_0] -filter {CELL_NAME=~"u_ila_0"}]
wait_on_hw_ila [get_hw_ilas -of_objects [get_hw_devices xcku060_0] -filter {CELL_NAME=~"u_ila_0"}]
display_hw_ila_data [upload_hw_ila_data [get_hw_ilas -of_objects [get_hw_devices xcku060_0] -filter {CELL_NAME=~"u_ila_0"}]]
run_hw_ila [get_hw_ilas -of_objects [get_hw_devices xcku060_0] -filter {CELL_NAME=~"u_ila_0"}]
wait_on_hw_ila [get_hw_ilas -of_objects [get_hw_devices xcku060_0] -filter {CELL_NAME=~"u_ila_0"}]
display_hw_ila_data [upload_hw_ila_data [get_hw_ilas -of_objects [get_hw_devices xcku060_0] -filter {CELL_NAME=~"u_ila_0"}]]
run_hw_ila [get_hw_ilas -of_objects [get_hw_devices xcku060_0] -filter {CELL_NAME=~"u_ila_0"}]
wait_on_hw_ila [get_hw_ilas -of_objects [get_hw_devices xcku060_0] -filter {CELL_NAME=~"u_ila_0"}]
display_hw_ila_data [upload_hw_ila_data [get_hw_ilas -of_objects [get_hw_devices xcku060_0] -filter {CELL_NAME=~"u_ila_0"}]]
run_hw_ila [get_hw_ilas -of_objects [get_hw_devices xcku060_0] -filter {CELL_NAME=~"u_ila_0"}]
wait_on_hw_ila [get_hw_ilas -of_objects [get_hw_devices xcku060_0] -filter {CELL_NAME=~"u_ila_0"}]
display_hw_ila_data [upload_hw_ila_data [get_hw_ilas -of_objects [get_hw_devices xcku060_0] -filter {CELL_NAME=~"u_ila_0"}]]
run_hw_ila [get_hw_ilas -of_objects [get_hw_devices xcku060_0] -filter {CELL_NAME=~"u_ila_0"}]
wait_on_hw_ila [get_hw_ilas -of_objects [get_hw_devices xcku060_0] -filter {CELL_NAME=~"u_ila_0"}]
display_hw_ila_data [upload_hw_ila_data [get_hw_ilas -of_objects [get_hw_devices xcku060_0] -filter {CELL_NAME=~"u_ila_0"}]]
run_hw_ila [get_hw_ilas -of_objects [get_hw_devices xcku060_0] -filter {CELL_NAME=~"u_ila_0"}]
wait_on_hw_ila [get_hw_ilas -of_objects [get_hw_devices xcku060_0] -filter {CELL_NAME=~"u_ila_0"}]
display_hw_ila_data [upload_hw_ila_data [get_hw_ilas -of_objects [get_hw_devices xcku060_0] -filter {CELL_NAME=~"u_ila_0"}]]
run_hw_ila [get_hw_ilas -of_objects [get_hw_devices xcku060_0] -filter {CELL_NAME=~"u_ila_0"}]
wait_on_hw_ila [get_hw_ilas -of_objects [get_hw_devices xcku060_0] -filter {CELL_NAME=~"u_ila_0"}]
display_hw_ila_data [upload_hw_ila_data [get_hw_ilas -of_objects [get_hw_devices xcku060_0] -filter {CELL_NAME=~"u_ila_0"}]]
run_hw_ila [get_hw_ilas -of_objects [get_hw_devices xcku060_0] -filter {CELL_NAME=~"u_ila_0"}]
wait_on_hw_ila [get_hw_ilas -of_objects [get_hw_devices xcku060_0] -filter {CELL_NAME=~"u_ila_0"}]
display_hw_ila_data [upload_hw_ila_data [get_hw_ilas -of_objects [get_hw_devices xcku060_0] -filter {CELL_NAME=~"u_ila_0"}]]
run_hw_ila [get_hw_ilas -of_objects [get_hw_devices xcku060_0] -filter {CELL_NAME=~"u_ila_0"}]
wait_on_hw_ila [get_hw_ilas -of_objects [get_hw_devices xcku060_0] -filter {CELL_NAME=~"u_ila_0"}]
display_hw_ila_data [upload_hw_ila_data [get_hw_ilas -of_objects [get_hw_devices xcku060_0] -filter {CELL_NAME=~"u_ila_0"}]]
run_hw_ila [get_hw_ilas -of_objects [get_hw_devices xcku060_0] -filter {CELL_NAME=~"u_ila_0"}]
wait_on_hw_ila [get_hw_ilas -of_objects [get_hw_devices xcku060_0] -filter {CELL_NAME=~"u_ila_0"}]
display_hw_ila_data [upload_hw_ila_data [get_hw_ilas -of_objects [get_hw_devices xcku060_0] -filter {CELL_NAME=~"u_ila_0"}]]
run_hw_ila [get_hw_ilas -of_objects [get_hw_devices xcku060_0] -filter {CELL_NAME=~"u_ila_0"}]
wait_on_hw_ila [get_hw_ilas -of_objects [get_hw_devices xcku060_0] -filter {CELL_NAME=~"u_ila_0"}]
display_hw_ila_data [upload_hw_ila_data [get_hw_ilas -of_objects [get_hw_devices xcku060_0] -filter {CELL_NAME=~"u_ila_0"}]]
run_hw_ila [get_hw_ilas -of_objects [get_hw_devices xcku060_0] -filter {CELL_NAME=~"u_ila_0"}]
wait_on_hw_ila [get_hw_ilas -of_objects [get_hw_devices xcku060_0] -filter {CELL_NAME=~"u_ila_0"}]
display_hw_ila_data [upload_hw_ila_data [get_hw_ilas -of_objects [get_hw_devices xcku060_0] -filter {CELL_NAME=~"u_ila_0"}]]
run_hw_ila [get_hw_ilas -of_objects [get_hw_devices xcku060_0] -filter {CELL_NAME=~"u_ila_0"}]
wait_on_hw_ila [get_hw_ilas -of_objects [get_hw_devices xcku060_0] -filter {CELL_NAME=~"u_ila_0"}]
display_hw_ila_data [upload_hw_ila_data [get_hw_ilas -of_objects [get_hw_devices xcku060_0] -filter {CELL_NAME=~"u_ila_0"}]]
run_hw_ila [get_hw_ilas -of_objects [get_hw_devices xcku060_0] -filter {CELL_NAME=~"u_ila_0"}]
wait_on_hw_ila [get_hw_ilas -of_objects [get_hw_devices xcku060_0] -filter {CELL_NAME=~"u_ila_0"}]
display_hw_ila_data [upload_hw_ila_data [get_hw_ilas -of_objects [get_hw_devices xcku060_0] -filter {CELL_NAME=~"u_ila_0"}]]
run_hw_ila [get_hw_ilas -of_objects [get_hw_devices xcku060_0] -filter {CELL_NAME=~"u_ila_0"}]
wait_on_hw_ila [get_hw_ilas -of_objects [get_hw_devices xcku060_0] -filter {CELL_NAME=~"u_ila_0"}]
display_hw_ila_data [upload_hw_ila_data [get_hw_ilas -of_objects [get_hw_devices xcku060_0] -filter {CELL_NAME=~"u_ila_0"}]]
run_hw_ila [get_hw_ilas -of_objects [get_hw_devices xcku060_0] -filter {CELL_NAME=~"u_ila_0"}]
wait_on_hw_ila [get_hw_ilas -of_objects [get_hw_devices xcku060_0] -filter {CELL_NAME=~"u_ila_0"}]
display_hw_ila_data [upload_hw_ila_data [get_hw_ilas -of_objects [get_hw_devices xcku060_0] -filter {CELL_NAME=~"u_ila_0"}]]
run_hw_ila [get_hw_ilas -of_objects [get_hw_devices xcku060_0] -filter {CELL_NAME=~"u_ila_0"}]
wait_on_hw_ila [get_hw_ilas -of_objects [get_hw_devices xcku060_0] -filter {CELL_NAME=~"u_ila_0"}]
display_hw_ila_data [upload_hw_ila_data [get_hw_ilas -of_objects [get_hw_devices xcku060_0] -filter {CELL_NAME=~"u_ila_0"}]]
run_hw_ila [get_hw_ilas -of_objects [get_hw_devices xcku060_0] -filter {CELL_NAME=~"u_ila_0"}]
wait_on_hw_ila [get_hw_ilas -of_objects [get_hw_devices xcku060_0] -filter {CELL_NAME=~"u_ila_0"}]
display_hw_ila_data [upload_hw_ila_data [get_hw_ilas -of_objects [get_hw_devices xcku060_0] -filter {CELL_NAME=~"u_ila_0"}]]
run_hw_ila [get_hw_ilas -of_objects [get_hw_devices xcku060_0] -filter {CELL_NAME=~"u_ila_0"}]
wait_on_hw_ila [get_hw_ilas -of_objects [get_hw_devices xcku060_0] -filter {CELL_NAME=~"u_ila_0"}]
display_hw_ila_data [upload_hw_ila_data [get_hw_ilas -of_objects [get_hw_devices xcku060_0] -filter {CELL_NAME=~"u_ila_0"}]]
run_hw_ila [get_hw_ilas -of_objects [get_hw_devices xcku060_0] -filter {CELL_NAME=~"u_ila_0"}]
wait_on_hw_ila [get_hw_ilas -of_objects [get_hw_devices xcku060_0] -filter {CELL_NAME=~"u_ila_0"}]
display_hw_ila_data [upload_hw_ila_data [get_hw_ilas -of_objects [get_hw_devices xcku060_0] -filter {CELL_NAME=~"u_ila_0"}]]
run_hw_ila [get_hw_ilas -of_objects [get_hw_devices xcku060_0] -filter {CELL_NAME=~"u_ila_0"}]
wait_on_hw_ila [get_hw_ilas -of_objects [get_hw_devices xcku060_0] -filter {CELL_NAME=~"u_ila_0"}]
display_hw_ila_data [upload_hw_ila_data [get_hw_ilas -of_objects [get_hw_devices xcku060_0] -filter {CELL_NAME=~"u_ila_0"}]]
run_hw_ila [get_hw_ilas -of_objects [get_hw_devices xcku060_0] -filter {CELL_NAME=~"u_ila_0"}]
wait_on_hw_ila [get_hw_ilas -of_objects [get_hw_devices xcku060_0] -filter {CELL_NAME=~"u_ila_0"}]
display_hw_ila_data [upload_hw_ila_data [get_hw_ilas -of_objects [get_hw_devices xcku060_0] -filter {CELL_NAME=~"u_ila_0"}]]
run_hw_ila [get_hw_ilas -of_objects [get_hw_devices xcku060_0] -filter {CELL_NAME=~"u_ila_0"}]
wait_on_hw_ila [get_hw_ilas -of_objects [get_hw_devices xcku060_0] -filter {CELL_NAME=~"u_ila_0"}]
display_hw_ila_data [upload_hw_ila_data [get_hw_ilas -of_objects [get_hw_devices xcku060_0] -filter {CELL_NAME=~"u_ila_0"}]]
run_hw_ila [get_hw_ilas -of_objects [get_hw_devices xcku060_0] -filter {CELL_NAME=~"u_ila_0"}]
wait_on_hw_ila [get_hw_ilas -of_objects [get_hw_devices xcku060_0] -filter {CELL_NAME=~"u_ila_0"}]
display_hw_ila_data [upload_hw_ila_data [get_hw_ilas -of_objects [get_hw_devices xcku060_0] -filter {CELL_NAME=~"u_ila_0"}]]
run_hw_ila [get_hw_ilas -of_objects [get_hw_devices xcku060_0] -filter {CELL_NAME=~"u_ila_0"}]
wait_on_hw_ila [get_hw_ilas -of_objects [get_hw_devices xcku060_0] -filter {CELL_NAME=~"u_ila_0"}]
display_hw_ila_data [upload_hw_ila_data [get_hw_ilas -of_objects [get_hw_devices xcku060_0] -filter {CELL_NAME=~"u_ila_0"}]]
run_hw_ila [get_hw_ilas -of_objects [get_hw_devices xcku060_0] -filter {CELL_NAME=~"u_ila_0"}]
wait_on_hw_ila [get_hw_ilas -of_objects [get_hw_devices xcku060_0] -filter {CELL_NAME=~"u_ila_0"}]
display_hw_ila_data [upload_hw_ila_data [get_hw_ilas -of_objects [get_hw_devices xcku060_0] -filter {CELL_NAME=~"u_ila_0"}]]
run_hw_ila [get_hw_ilas -of_objects [get_hw_devices xcku060_0] -filter {CELL_NAME=~"u_ila_0"}]
wait_on_hw_ila [get_hw_ilas -of_objects [get_hw_devices xcku060_0] -filter {CELL_NAME=~"u_ila_0"}]
display_hw_ila_data [upload_hw_ila_data [get_hw_ilas -of_objects [get_hw_devices xcku060_0] -filter {CELL_NAME=~"u_ila_0"}]]
run_hw_ila [get_hw_ilas -of_objects [get_hw_devices xcku060_0] -filter {CELL_NAME=~"u_ila_0"}]
wait_on_hw_ila [get_hw_ilas -of_objects [get_hw_devices xcku060_0] -filter {CELL_NAME=~"u_ila_0"}]
display_hw_ila_data [upload_hw_ila_data [get_hw_ilas -of_objects [get_hw_devices xcku060_0] -filter {CELL_NAME=~"u_ila_0"}]]
run_hw_ila [get_hw_ilas -of_objects [get_hw_devices xcku060_0] -filter {CELL_NAME=~"u_ila_0"}]
wait_on_hw_ila [get_hw_ilas -of_objects [get_hw_devices xcku060_0] -filter {CELL_NAME=~"u_ila_0"}]
display_hw_ila_data [upload_hw_ila_data [get_hw_ilas -of_objects [get_hw_devices xcku060_0] -filter {CELL_NAME=~"u_ila_0"}]]
run_hw_ila [get_hw_ilas -of_objects [get_hw_devices xcku060_0] -filter {CELL_NAME=~"u_ila_0"}]
wait_on_hw_ila [get_hw_ilas -of_objects [get_hw_devices xcku060_0] -filter {CELL_NAME=~"u_ila_0"}]
display_hw_ila_data [upload_hw_ila_data [get_hw_ilas -of_objects [get_hw_devices xcku060_0] -filter {CELL_NAME=~"u_ila_0"}]]
run_hw_ila [get_hw_ilas -of_objects [get_hw_devices xcku060_0] -filter {CELL_NAME=~"u_ila_0"}]
wait_on_hw_ila [get_hw_ilas -of_objects [get_hw_devices xcku060_0] -filter {CELL_NAME=~"u_ila_0"}]
display_hw_ila_data [upload_hw_ila_data [get_hw_ilas -of_objects [get_hw_devices xcku060_0] -filter {CELL_NAME=~"u_ila_0"}]]
run_hw_ila [get_hw_ilas -of_objects [get_hw_devices xcku060_0] -filter {CELL_NAME=~"u_ila_0"}]
wait_on_hw_ila [get_hw_ilas -of_objects [get_hw_devices xcku060_0] -filter {CELL_NAME=~"u_ila_0"}]
display_hw_ila_data [upload_hw_ila_data [get_hw_ilas -of_objects [get_hw_devices xcku060_0] -filter {CELL_NAME=~"u_ila_0"}]]
run_hw_ila [get_hw_ilas -of_objects [get_hw_devices xcku060_0] -filter {CELL_NAME=~"u_ila_0"}]
wait_on_hw_ila [get_hw_ilas -of_objects [get_hw_devices xcku060_0] -filter {CELL_NAME=~"u_ila_0"}]
display_hw_ila_data [upload_hw_ila_data [get_hw_ilas -of_objects [get_hw_devices xcku060_0] -filter {CELL_NAME=~"u_ila_0"}]]
run_hw_ila [get_hw_ilas -of_objects [get_hw_devices xcku060_0] -filter {CELL_NAME=~"u_ila_0"}]
wait_on_hw_ila [get_hw_ilas -of_objects [get_hw_devices xcku060_0] -filter {CELL_NAME=~"u_ila_0"}]
display_hw_ila_data [upload_hw_ila_data [get_hw_ilas -of_objects [get_hw_devices xcku060_0] -filter {CELL_NAME=~"u_ila_0"}]]
run_hw_ila [get_hw_ilas -of_objects [get_hw_devices xcku060_0] -filter {CELL_NAME=~"u_ila_0"}]
wait_on_hw_ila [get_hw_ilas -of_objects [get_hw_devices xcku060_0] -filter {CELL_NAME=~"u_ila_0"}]
display_hw_ila_data [upload_hw_ila_data [get_hw_ilas -of_objects [get_hw_devices xcku060_0] -filter {CELL_NAME=~"u_ila_0"}]]
run_hw_ila [get_hw_ilas -of_objects [get_hw_devices xcku060_0] -filter {CELL_NAME=~"u_ila_0"}]
wait_on_hw_ila [get_hw_ilas -of_objects [get_hw_devices xcku060_0] -filter {CELL_NAME=~"u_ila_0"}]
display_hw_ila_data [upload_hw_ila_data [get_hw_ilas -of_objects [get_hw_devices xcku060_0] -filter {CELL_NAME=~"u_ila_0"}]]
run_hw_ila [get_hw_ilas -of_objects [get_hw_devices xcku060_0] -filter {CELL_NAME=~"u_ila_0"}]
wait_on_hw_ila [get_hw_ilas -of_objects [get_hw_devices xcku060_0] -filter {CELL_NAME=~"u_ila_0"}]
display_hw_ila_data [upload_hw_ila_data [get_hw_ilas -of_objects [get_hw_devices xcku060_0] -filter {CELL_NAME=~"u_ila_0"}]]
run_hw_ila [get_hw_ilas -of_objects [get_hw_devices xcku060_0] -filter {CELL_NAME=~"u_ila_0"}]
wait_on_hw_ila [get_hw_ilas -of_objects [get_hw_devices xcku060_0] -filter {CELL_NAME=~"u_ila_0"}]
display_hw_ila_data [upload_hw_ila_data [get_hw_ilas -of_objects [get_hw_devices xcku060_0] -filter {CELL_NAME=~"u_ila_0"}]]
run_hw_ila [get_hw_ilas -of_objects [get_hw_devices xcku060_0] -filter {CELL_NAME=~"u_ila_0"}]
wait_on_hw_ila [get_hw_ilas -of_objects [get_hw_devices xcku060_0] -filter {CELL_NAME=~"u_ila_0"}]
display_hw_ila_data [upload_hw_ila_data [get_hw_ilas -of_objects [get_hw_devices xcku060_0] -filter {CELL_NAME=~"u_ila_0"}]]
run_hw_ila [get_hw_ilas -of_objects [get_hw_devices xcku060_0] -filter {CELL_NAME=~"u_ila_0"}]
wait_on_hw_ila [get_hw_ilas -of_objects [get_hw_devices xcku060_0] -filter {CELL_NAME=~"u_ila_0"}]
display_hw_ila_data [upload_hw_ila_data [get_hw_ilas -of_objects [get_hw_devices xcku060_0] -filter {CELL_NAME=~"u_ila_0"}]]
run_hw_ila [get_hw_ilas -of_objects [get_hw_devices xcku060_0] -filter {CELL_NAME=~"u_ila_0"}]
wait_on_hw_ila [get_hw_ilas -of_objects [get_hw_devices xcku060_0] -filter {CELL_NAME=~"u_ila_0"}]
display_hw_ila_data [upload_hw_ila_data [get_hw_ilas -of_objects [get_hw_devices xcku060_0] -filter {CELL_NAME=~"u_ila_0"}]]
run_hw_ila [get_hw_ilas -of_objects [get_hw_devices xcku060_0] -filter {CELL_NAME=~"u_ila_0"}]
wait_on_hw_ila [get_hw_ilas -of_objects [get_hw_devices xcku060_0] -filter {CELL_NAME=~"u_ila_0"}]
display_hw_ila_data [upload_hw_ila_data [get_hw_ilas -of_objects [get_hw_devices xcku060_0] -filter {CELL_NAME=~"u_ila_0"}]]
run_hw_ila [get_hw_ilas -of_objects [get_hw_devices xcku060_0] -filter {CELL_NAME=~"u_ila_0"}]
wait_on_hw_ila [get_hw_ilas -of_objects [get_hw_devices xcku060_0] -filter {CELL_NAME=~"u_ila_0"}]
display_hw_ila_data [upload_hw_ila_data [get_hw_ilas -of_objects [get_hw_devices xcku060_0] -filter {CELL_NAME=~"u_ila_0"}]]
run_hw_ila [get_hw_ilas -of_objects [get_hw_devices xcku060_0] -filter {CELL_NAME=~"u_ila_0"}]
wait_on_hw_ila [get_hw_ilas -of_objects [get_hw_devices xcku060_0] -filter {CELL_NAME=~"u_ila_0"}]
display_hw_ila_data [upload_hw_ila_data [get_hw_ilas -of_objects [get_hw_devices xcku060_0] -filter {CELL_NAME=~"u_ila_0"}]]
run_hw_ila [get_hw_ilas -of_objects [get_hw_devices xcku060_0] -filter {CELL_NAME=~"u_ila_0"}]
wait_on_hw_ila [get_hw_ilas -of_objects [get_hw_devices xcku060_0] -filter {CELL_NAME=~"u_ila_0"}]
display_hw_ila_data [upload_hw_ila_data [get_hw_ilas -of_objects [get_hw_devices xcku060_0] -filter {CELL_NAME=~"u_ila_0"}]]
run_hw_ila [get_hw_ilas -of_objects [get_hw_devices xcku060_0] -filter {CELL_NAME=~"u_ila_0"}]
wait_on_hw_ila [get_hw_ilas -of_objects [get_hw_devices xcku060_0] -filter {CELL_NAME=~"u_ila_0"}]
display_hw_ila_data [upload_hw_ila_data [get_hw_ilas -of_objects [get_hw_devices xcku060_0] -filter {CELL_NAME=~"u_ila_0"}]]
run_hw_ila [get_hw_ilas -of_objects [get_hw_devices xcku060_0] -filter {CELL_NAME=~"u_ila_0"}]
wait_on_hw_ila [get_hw_ilas -of_objects [get_hw_devices xcku060_0] -filter {CELL_NAME=~"u_ila_0"}]
display_hw_ila_data [upload_hw_ila_data [get_hw_ilas -of_objects [get_hw_devices xcku060_0] -filter {CELL_NAME=~"u_ila_0"}]]
run_hw_ila [get_hw_ilas -of_objects [get_hw_devices xcku060_0] -filter {CELL_NAME=~"u_ila_0"}]
wait_on_hw_ila [get_hw_ilas -of_objects [get_hw_devices xcku060_0] -filter {CELL_NAME=~"u_ila_0"}]
display_hw_ila_data [upload_hw_ila_data [get_hw_ilas -of_objects [get_hw_devices xcku060_0] -filter {CELL_NAME=~"u_ila_0"}]]
run_hw_ila [get_hw_ilas -of_objects [get_hw_devices xcku060_0] -filter {CELL_NAME=~"u_ila_0"}]
wait_on_hw_ila [get_hw_ilas -of_objects [get_hw_devices xcku060_0] -filter {CELL_NAME=~"u_ila_0"}]
display_hw_ila_data [upload_hw_ila_data [get_hw_ilas -of_objects [get_hw_devices xcku060_0] -filter {CELL_NAME=~"u_ila_0"}]]
run_hw_ila [get_hw_ilas -of_objects [get_hw_devices xcku060_0] -filter {CELL_NAME=~"u_ila_0"}]
wait_on_hw_ila [get_hw_ilas -of_objects [get_hw_devices xcku060_0] -filter {CELL_NAME=~"u_ila_0"}]
display_hw_ila_data [upload_hw_ila_data [get_hw_ilas -of_objects [get_hw_devices xcku060_0] -filter {CELL_NAME=~"u_ila_0"}]]
run_hw_ila [get_hw_ilas -of_objects [get_hw_devices xcku060_0] -filter {CELL_NAME=~"u_ila_0"}]
wait_on_hw_ila [get_hw_ilas -of_objects [get_hw_devices xcku060_0] -filter {CELL_NAME=~"u_ila_0"}]
display_hw_ila_data [upload_hw_ila_data [get_hw_ilas -of_objects [get_hw_devices xcku060_0] -filter {CELL_NAME=~"u_ila_0"}]]
run_hw_ila [get_hw_ilas -of_objects [get_hw_devices xcku060_0] -filter {CELL_NAME=~"u_ila_0"}]
wait_on_hw_ila [get_hw_ilas -of_objects [get_hw_devices xcku060_0] -filter {CELL_NAME=~"u_ila_0"}]
display_hw_ila_data [upload_hw_ila_data [get_hw_ilas -of_objects [get_hw_devices xcku060_0] -filter {CELL_NAME=~"u_ila_0"}]]
run_hw_ila [get_hw_ilas -of_objects [get_hw_devices xcku060_0] -filter {CELL_NAME=~"u_ila_0"}]
wait_on_hw_ila [get_hw_ilas -of_objects [get_hw_devices xcku060_0] -filter {CELL_NAME=~"u_ila_0"}]
display_hw_ila_data [upload_hw_ila_data [get_hw_ilas -of_objects [get_hw_devices xcku060_0] -filter {CELL_NAME=~"u_ila_0"}]]
run_hw_ila [get_hw_ilas -of_objects [get_hw_devices xcku060_0] -filter {CELL_NAME=~"u_ila_0"}]
wait_on_hw_ila [get_hw_ilas -of_objects [get_hw_devices xcku060_0] -filter {CELL_NAME=~"u_ila_0"}]
display_hw_ila_data [upload_hw_ila_data [get_hw_ilas -of_objects [get_hw_devices xcku060_0] -filter {CELL_NAME=~"u_ila_0"}]]
run_hw_ila [get_hw_ilas -of_objects [get_hw_devices xcku060_0] -filter {CELL_NAME=~"u_ila_0"}]
wait_on_hw_ila [get_hw_ilas -of_objects [get_hw_devices xcku060_0] -filter {CELL_NAME=~"u_ila_0"}]
display_hw_ila_data [upload_hw_ila_data [get_hw_ilas -of_objects [get_hw_devices xcku060_0] -filter {CELL_NAME=~"u_ila_0"}]]
run_hw_ila [get_hw_ilas -of_objects [get_hw_devices xcku060_0] -filter {CELL_NAME=~"u_ila_0"}]
wait_on_hw_ila [get_hw_ilas -of_objects [get_hw_devices xcku060_0] -filter {CELL_NAME=~"u_ila_0"}]
display_hw_ila_data [upload_hw_ila_data [get_hw_ilas -of_objects [get_hw_devices xcku060_0] -filter {CELL_NAME=~"u_ila_0"}]]
run_hw_ila [get_hw_ilas -of_objects [get_hw_devices xcku060_0] -filter {CELL_NAME=~"u_ila_0"}]
wait_on_hw_ila [get_hw_ilas -of_objects [get_hw_devices xcku060_0] -filter {CELL_NAME=~"u_ila_0"}]
display_hw_ila_data [upload_hw_ila_data [get_hw_ilas -of_objects [get_hw_devices xcku060_0] -filter {CELL_NAME=~"u_ila_0"}]]
run_hw_ila [get_hw_ilas -of_objects [get_hw_devices xcku060_0] -filter {CELL_NAME=~"u_ila_0"}]
wait_on_hw_ila [get_hw_ilas -of_objects [get_hw_devices xcku060_0] -filter {CELL_NAME=~"u_ila_0"}]
display_hw_ila_data [upload_hw_ila_data [get_hw_ilas -of_objects [get_hw_devices xcku060_0] -filter {CELL_NAME=~"u_ila_0"}]]
run_hw_ila [get_hw_ilas -of_objects [get_hw_devices xcku060_0] -filter {CELL_NAME=~"u_ila_0"}]
wait_on_hw_ila [get_hw_ilas -of_objects [get_hw_devices xcku060_0] -filter {CELL_NAME=~"u_ila_0"}]
display_hw_ila_data [upload_hw_ila_data [get_hw_ilas -of_objects [get_hw_devices xcku060_0] -filter {CELL_NAME=~"u_ila_0"}]]
run_hw_ila [get_hw_ilas -of_objects [get_hw_devices xcku060_0] -filter {CELL_NAME=~"u_ila_0"}]
wait_on_hw_ila [get_hw_ilas -of_objects [get_hw_devices xcku060_0] -filter {CELL_NAME=~"u_ila_0"}]
display_hw_ila_data [upload_hw_ila_data [get_hw_ilas -of_objects [get_hw_devices xcku060_0] -filter {CELL_NAME=~"u_ila_0"}]]
run_hw_ila [get_hw_ilas -of_objects [get_hw_devices xcku060_0] -filter {CELL_NAME=~"u_ila_0"}]
wait_on_hw_ila [get_hw_ilas -of_objects [get_hw_devices xcku060_0] -filter {CELL_NAME=~"u_ila_0"}]
display_hw_ila_data [upload_hw_ila_data [get_hw_ilas -of_objects [get_hw_devices xcku060_0] -filter {CELL_NAME=~"u_ila_0"}]]
run_hw_ila [get_hw_ilas -of_objects [get_hw_devices xcku060_0] -filter {CELL_NAME=~"u_ila_0"}]
wait_on_hw_ila [get_hw_ilas -of_objects [get_hw_devices xcku060_0] -filter {CELL_NAME=~"u_ila_0"}]
display_hw_ila_data [upload_hw_ila_data [get_hw_ilas -of_objects [get_hw_devices xcku060_0] -filter {CELL_NAME=~"u_ila_0"}]]
run_hw_ila [get_hw_ilas -of_objects [get_hw_devices xcku060_0] -filter {CELL_NAME=~"u_ila_0"}]
wait_on_hw_ila [get_hw_ilas -of_objects [get_hw_devices xcku060_0] -filter {CELL_NAME=~"u_ila_0"}]
display_hw_ila_data [upload_hw_ila_data [get_hw_ilas -of_objects [get_hw_devices xcku060_0] -filter {CELL_NAME=~"u_ila_0"}]]
run_hw_ila [get_hw_ilas -of_objects [get_hw_devices xcku060_0] -filter {CELL_NAME=~"u_ila_0"}]
wait_on_hw_ila [get_hw_ilas -of_objects [get_hw_devices xcku060_0] -filter {CELL_NAME=~"u_ila_0"}]
display_hw_ila_data [upload_hw_ila_data [get_hw_ilas -of_objects [get_hw_devices xcku060_0] -filter {CELL_NAME=~"u_ila_0"}]]
run_hw_ila [get_hw_ilas -of_objects [get_hw_devices xcku060_0] -filter {CELL_NAME=~"u_ila_0"}]
wait_on_hw_ila [get_hw_ilas -of_objects [get_hw_devices xcku060_0] -filter {CELL_NAME=~"u_ila_0"}]
display_hw_ila_data [upload_hw_ila_data [get_hw_ilas -of_objects [get_hw_devices xcku060_0] -filter {CELL_NAME=~"u_ila_0"}]]
run_hw_ila [get_hw_ilas -of_objects [get_hw_devices xcku060_0] -filter {CELL_NAME=~"u_ila_0"}]
wait_on_hw_ila [get_hw_ilas -of_objects [get_hw_devices xcku060_0] -filter {CELL_NAME=~"u_ila_0"}]
display_hw_ila_data [upload_hw_ila_data [get_hw_ilas -of_objects [get_hw_devices xcku060_0] -filter {CELL_NAME=~"u_ila_0"}]]
run_hw_ila [get_hw_ilas -of_objects [get_hw_devices xcku060_0] -filter {CELL_NAME=~"u_ila_0"}]
wait_on_hw_ila [get_hw_ilas -of_objects [get_hw_devices xcku060_0] -filter {CELL_NAME=~"u_ila_0"}]
display_hw_ila_data [upload_hw_ila_data [get_hw_ilas -of_objects [get_hw_devices xcku060_0] -filter {CELL_NAME=~"u_ila_0"}]]
run_hw_ila [get_hw_ilas -of_objects [get_hw_devices xcku060_0] -filter {CELL_NAME=~"u_ila_0"}]
wait_on_hw_ila [get_hw_ilas -of_objects [get_hw_devices xcku060_0] -filter {CELL_NAME=~"u_ila_0"}]
display_hw_ila_data [upload_hw_ila_data [get_hw_ilas -of_objects [get_hw_devices xcku060_0] -filter {CELL_NAME=~"u_ila_0"}]]
run_hw_ila [get_hw_ilas -of_objects [get_hw_devices xcku060_0] -filter {CELL_NAME=~"u_ila_0"}]
wait_on_hw_ila [get_hw_ilas -of_objects [get_hw_devices xcku060_0] -filter {CELL_NAME=~"u_ila_0"}]
display_hw_ila_data [upload_hw_ila_data [get_hw_ilas -of_objects [get_hw_devices xcku060_0] -filter {CELL_NAME=~"u_ila_0"}]]
run_hw_ila [get_hw_ilas -of_objects [get_hw_devices xcku060_0] -filter {CELL_NAME=~"u_ila_0"}]
wait_on_hw_ila [get_hw_ilas -of_objects [get_hw_devices xcku060_0] -filter {CELL_NAME=~"u_ila_0"}]
display_hw_ila_data [upload_hw_ila_data [get_hw_ilas -of_objects [get_hw_devices xcku060_0] -filter {CELL_NAME=~"u_ila_0"}]]
run_hw_ila [get_hw_ilas -of_objects [get_hw_devices xcku060_0] -filter {CELL_NAME=~"u_ila_0"}]
wait_on_hw_ila [get_hw_ilas -of_objects [get_hw_devices xcku060_0] -filter {CELL_NAME=~"u_ila_0"}]
display_hw_ila_data [upload_hw_ila_data [get_hw_ilas -of_objects [get_hw_devices xcku060_0] -filter {CELL_NAME=~"u_ila_0"}]]
run_hw_ila [get_hw_ilas -of_objects [get_hw_devices xcku060_0] -filter {CELL_NAME=~"u_ila_0"}]
wait_on_hw_ila [get_hw_ilas -of_objects [get_hw_devices xcku060_0] -filter {CELL_NAME=~"u_ila_0"}]
display_hw_ila_data [upload_hw_ila_data [get_hw_ilas -of_objects [get_hw_devices xcku060_0] -filter {CELL_NAME=~"u_ila_0"}]]
run_hw_ila [get_hw_ilas -of_objects [get_hw_devices xcku060_0] -filter {CELL_NAME=~"u_ila_0"}]
wait_on_hw_ila [get_hw_ilas -of_objects [get_hw_devices xcku060_0] -filter {CELL_NAME=~"u_ila_0"}]
display_hw_ila_data [upload_hw_ila_data [get_hw_ilas -of_objects [get_hw_devices xcku060_0] -filter {CELL_NAME=~"u_ila_0"}]]
run_hw_ila [get_hw_ilas -of_objects [get_hw_devices xcku060_0] -filter {CELL_NAME=~"u_ila_0"}]
wait_on_hw_ila [get_hw_ilas -of_objects [get_hw_devices xcku060_0] -filter {CELL_NAME=~"u_ila_0"}]
display_hw_ila_data [upload_hw_ila_data [get_hw_ilas -of_objects [get_hw_devices xcku060_0] -filter {CELL_NAME=~"u_ila_0"}]]
run_hw_ila [get_hw_ilas -of_objects [get_hw_devices xcku060_0] -filter {CELL_NAME=~"u_ila_0"}]
wait_on_hw_ila [get_hw_ilas -of_objects [get_hw_devices xcku060_0] -filter {CELL_NAME=~"u_ila_0"}]
display_hw_ila_data [upload_hw_ila_data [get_hw_ilas -of_objects [get_hw_devices xcku060_0] -filter {CELL_NAME=~"u_ila_0"}]]
run_hw_ila [get_hw_ilas -of_objects [get_hw_devices xcku060_0] -filter {CELL_NAME=~"u_ila_0"}]
wait_on_hw_ila [get_hw_ilas -of_objects [get_hw_devices xcku060_0] -filter {CELL_NAME=~"u_ila_0"}]
display_hw_ila_data [upload_hw_ila_data [get_hw_ilas -of_objects [get_hw_devices xcku060_0] -filter {CELL_NAME=~"u_ila_0"}]]
run_hw_ila [get_hw_ilas -of_objects [get_hw_devices xcku060_0] -filter {CELL_NAME=~"u_ila_0"}]
wait_on_hw_ila [get_hw_ilas -of_objects [get_hw_devices xcku060_0] -filter {CELL_NAME=~"u_ila_0"}]
display_hw_ila_data [upload_hw_ila_data [get_hw_ilas -of_objects [get_hw_devices xcku060_0] -filter {CELL_NAME=~"u_ila_0"}]]
run_hw_ila [get_hw_ilas -of_objects [get_hw_devices xcku060_0] -filter {CELL_NAME=~"u_ila_0"}]
wait_on_hw_ila [get_hw_ilas -of_objects [get_hw_devices xcku060_0] -filter {CELL_NAME=~"u_ila_0"}]
display_hw_ila_data [upload_hw_ila_data [get_hw_ilas -of_objects [get_hw_devices xcku060_0] -filter {CELL_NAME=~"u_ila_0"}]]
run_hw_ila [get_hw_ilas -of_objects [get_hw_devices xcku060_0] -filter {CELL_NAME=~"u_ila_0"}]
wait_on_hw_ila [get_hw_ilas -of_objects [get_hw_devices xcku060_0] -filter {CELL_NAME=~"u_ila_0"}]
display_hw_ila_data [upload_hw_ila_data [get_hw_ilas -of_objects [get_hw_devices xcku060_0] -filter {CELL_NAME=~"u_ila_0"}]]
run_hw_ila [get_hw_ilas -of_objects [get_hw_devices xcku060_0] -filter {CELL_NAME=~"u_ila_0"}]
wait_on_hw_ila [get_hw_ilas -of_objects [get_hw_devices xcku060_0] -filter {CELL_NAME=~"u_ila_0"}]
display_hw_ila_data [upload_hw_ila_data [get_hw_ilas -of_objects [get_hw_devices xcku060_0] -filter {CELL_NAME=~"u_ila_0"}]]
run_hw_ila [get_hw_ilas -of_objects [get_hw_devices xcku060_0] -filter {CELL_NAME=~"u_ila_0"}]
wait_on_hw_ila [get_hw_ilas -of_objects [get_hw_devices xcku060_0] -filter {CELL_NAME=~"u_ila_0"}]
display_hw_ila_data [upload_hw_ila_data [get_hw_ilas -of_objects [get_hw_devices xcku060_0] -filter {CELL_NAME=~"u_ila_0"}]]
run_hw_ila [get_hw_ilas -of_objects [get_hw_devices xcku060_0] -filter {CELL_NAME=~"u_ila_0"}]
wait_on_hw_ila [get_hw_ilas -of_objects [get_hw_devices xcku060_0] -filter {CELL_NAME=~"u_ila_0"}]
display_hw_ila_data [upload_hw_ila_data [get_hw_ilas -of_objects [get_hw_devices xcku060_0] -filter {CELL_NAME=~"u_ila_0"}]]
run_hw_ila [get_hw_ilas -of_objects [get_hw_devices xcku060_0] -filter {CELL_NAME=~"u_ila_0"}]
wait_on_hw_ila [get_hw_ilas -of_objects [get_hw_devices xcku060_0] -filter {CELL_NAME=~"u_ila_0"}]
display_hw_ila_data [upload_hw_ila_data [get_hw_ilas -of_objects [get_hw_devices xcku060_0] -filter {CELL_NAME=~"u_ila_0"}]]
run_hw_ila [get_hw_ilas -of_objects [get_hw_devices xcku060_0] -filter {CELL_NAME=~"u_ila_0"}]
wait_on_hw_ila [get_hw_ilas -of_objects [get_hw_devices xcku060_0] -filter {CELL_NAME=~"u_ila_0"}]
display_hw_ila_data [upload_hw_ila_data [get_hw_ilas -of_objects [get_hw_devices xcku060_0] -filter {CELL_NAME=~"u_ila_0"}]]
run_hw_ila [get_hw_ilas -of_objects [get_hw_devices xcku060_0] -filter {CELL_NAME=~"u_ila_0"}]
wait_on_hw_ila [get_hw_ilas -of_objects [get_hw_devices xcku060_0] -filter {CELL_NAME=~"u_ila_0"}]
display_hw_ila_data [upload_hw_ila_data [get_hw_ilas -of_objects [get_hw_devices xcku060_0] -filter {CELL_NAME=~"u_ila_0"}]]
run_hw_ila [get_hw_ilas -of_objects [get_hw_devices xcku060_0] -filter {CELL_NAME=~"u_ila_0"}]
wait_on_hw_ila [get_hw_ilas -of_objects [get_hw_devices xcku060_0] -filter {CELL_NAME=~"u_ila_0"}]
display_hw_ila_data [upload_hw_ila_data [get_hw_ilas -of_objects [get_hw_devices xcku060_0] -filter {CELL_NAME=~"u_ila_0"}]]
run_hw_ila [get_hw_ilas -of_objects [get_hw_devices xcku060_0] -filter {CELL_NAME=~"u_ila_0"}]
wait_on_hw_ila [get_hw_ilas -of_objects [get_hw_devices xcku060_0] -filter {CELL_NAME=~"u_ila_0"}]
display_hw_ila_data [upload_hw_ila_data [get_hw_ilas -of_objects [get_hw_devices xcku060_0] -filter {CELL_NAME=~"u_ila_0"}]]
run_hw_ila [get_hw_ilas -of_objects [get_hw_devices xcku060_0] -filter {CELL_NAME=~"u_ila_0"}]
wait_on_hw_ila [get_hw_ilas -of_objects [get_hw_devices xcku060_0] -filter {CELL_NAME=~"u_ila_0"}]
display_hw_ila_data [upload_hw_ila_data [get_hw_ilas -of_objects [get_hw_devices xcku060_0] -filter {CELL_NAME=~"u_ila_0"}]]
run_hw_ila [get_hw_ilas -of_objects [get_hw_devices xcku060_0] -filter {CELL_NAME=~"u_ila_0"}]
wait_on_hw_ila [get_hw_ilas -of_objects [get_hw_devices xcku060_0] -filter {CELL_NAME=~"u_ila_0"}]
display_hw_ila_data [upload_hw_ila_data [get_hw_ilas -of_objects [get_hw_devices xcku060_0] -filter {CELL_NAME=~"u_ila_0"}]]
run_hw_ila [get_hw_ilas -of_objects [get_hw_devices xcku060_0] -filter {CELL_NAME=~"u_ila_0"}]
wait_on_hw_ila [get_hw_ilas -of_objects [get_hw_devices xcku060_0] -filter {CELL_NAME=~"u_ila_0"}]
display_hw_ila_data [upload_hw_ila_data [get_hw_ilas -of_objects [get_hw_devices xcku060_0] -filter {CELL_NAME=~"u_ila_0"}]]
run_hw_ila [get_hw_ilas -of_objects [get_hw_devices xcku060_0] -filter {CELL_NAME=~"u_ila_0"}]
wait_on_hw_ila [get_hw_ilas -of_objects [get_hw_devices xcku060_0] -filter {CELL_NAME=~"u_ila_0"}]
display_hw_ila_data [upload_hw_ila_data [get_hw_ilas -of_objects [get_hw_devices xcku060_0] -filter {CELL_NAME=~"u_ila_0"}]]
run_hw_ila [get_hw_ilas -of_objects [get_hw_devices xcku060_0] -filter {CELL_NAME=~"u_ila_0"}]
wait_on_hw_ila [get_hw_ilas -of_objects [get_hw_devices xcku060_0] -filter {CELL_NAME=~"u_ila_0"}]
display_hw_ila_data [upload_hw_ila_data [get_hw_ilas -of_objects [get_hw_devices xcku060_0] -filter {CELL_NAME=~"u_ila_0"}]]
run_hw_ila [get_hw_ilas -of_objects [get_hw_devices xcku060_0] -filter {CELL_NAME=~"u_ila_0"}]
wait_on_hw_ila [get_hw_ilas -of_objects [get_hw_devices xcku060_0] -filter {CELL_NAME=~"u_ila_0"}]
display_hw_ila_data [upload_hw_ila_data [get_hw_ilas -of_objects [get_hw_devices xcku060_0] -filter {CELL_NAME=~"u_ila_0"}]]
run_hw_ila [get_hw_ilas -of_objects [get_hw_devices xcku060_0] -filter {CELL_NAME=~"u_ila_0"}]
wait_on_hw_ila [get_hw_ilas -of_objects [get_hw_devices xcku060_0] -filter {CELL_NAME=~"u_ila_0"}]
display_hw_ila_data [upload_hw_ila_data [get_hw_ilas -of_objects [get_hw_devices xcku060_0] -filter {CELL_NAME=~"u_ila_0"}]]
run_hw_ila [get_hw_ilas -of_objects [get_hw_devices xcku060_0] -filter {CELL_NAME=~"u_ila_0"}]
wait_on_hw_ila [get_hw_ilas -of_objects [get_hw_devices xcku060_0] -filter {CELL_NAME=~"u_ila_0"}]
display_hw_ila_data [upload_hw_ila_data [get_hw_ilas -of_objects [get_hw_devices xcku060_0] -filter {CELL_NAME=~"u_ila_0"}]]
run_hw_ila [get_hw_ilas -of_objects [get_hw_devices xcku060_0] -filter {CELL_NAME=~"u_ila_0"}]
wait_on_hw_ila [get_hw_ilas -of_objects [get_hw_devices xcku060_0] -filter {CELL_NAME=~"u_ila_0"}]
display_hw_ila_data [upload_hw_ila_data [get_hw_ilas -of_objects [get_hw_devices xcku060_0] -filter {CELL_NAME=~"u_ila_0"}]]
run_hw_ila [get_hw_ilas -of_objects [get_hw_devices xcku060_0] -filter {CELL_NAME=~"u_ila_0"}]
wait_on_hw_ila [get_hw_ilas -of_objects [get_hw_devices xcku060_0] -filter {CELL_NAME=~"u_ila_0"}]
display_hw_ila_data [upload_hw_ila_data [get_hw_ilas -of_objects [get_hw_devices xcku060_0] -filter {CELL_NAME=~"u_ila_0"}]]
run_hw_ila [get_hw_ilas -of_objects [get_hw_devices xcku060_0] -filter {CELL_NAME=~"u_ila_0"}]
wait_on_hw_ila [get_hw_ilas -of_objects [get_hw_devices xcku060_0] -filter {CELL_NAME=~"u_ila_0"}]
display_hw_ila_data [upload_hw_ila_data [get_hw_ilas -of_objects [get_hw_devices xcku060_0] -filter {CELL_NAME=~"u_ila_0"}]]
run_hw_ila [get_hw_ilas -of_objects [get_hw_devices xcku060_0] -filter {CELL_NAME=~"u_ila_0"}]
wait_on_hw_ila [get_hw_ilas -of_objects [get_hw_devices xcku060_0] -filter {CELL_NAME=~"u_ila_0"}]
display_hw_ila_data [upload_hw_ila_data [get_hw_ilas -of_objects [get_hw_devices xcku060_0] -filter {CELL_NAME=~"u_ila_0"}]]
run_hw_ila [get_hw_ilas -of_objects [get_hw_devices xcku060_0] -filter {CELL_NAME=~"u_ila_0"}]
wait_on_hw_ila [get_hw_ilas -of_objects [get_hw_devices xcku060_0] -filter {CELL_NAME=~"u_ila_0"}]
display_hw_ila_data [upload_hw_ila_data [get_hw_ilas -of_objects [get_hw_devices xcku060_0] -filter {CELL_NAME=~"u_ila_0"}]]
run_hw_ila [get_hw_ilas -of_objects [get_hw_devices xcku060_0] -filter {CELL_NAME=~"u_ila_0"}]
wait_on_hw_ila [get_hw_ilas -of_objects [get_hw_devices xcku060_0] -filter {CELL_NAME=~"u_ila_0"}]
display_hw_ila_data [upload_hw_ila_data [get_hw_ilas -of_objects [get_hw_devices xcku060_0] -filter {CELL_NAME=~"u_ila_0"}]]
run_hw_ila [get_hw_ilas -of_objects [get_hw_devices xcku060_0] -filter {CELL_NAME=~"u_ila_0"}]
wait_on_hw_ila [get_hw_ilas -of_objects [get_hw_devices xcku060_0] -filter {CELL_NAME=~"u_ila_0"}]
display_hw_ila_data [upload_hw_ila_data [get_hw_ilas -of_objects [get_hw_devices xcku060_0] -filter {CELL_NAME=~"u_ila_0"}]]
run_hw_ila [get_hw_ilas -of_objects [get_hw_devices xcku060_0] -filter {CELL_NAME=~"u_ila_0"}]
wait_on_hw_ila [get_hw_ilas -of_objects [get_hw_devices xcku060_0] -filter {CELL_NAME=~"u_ila_0"}]
display_hw_ila_data [upload_hw_ila_data [get_hw_ilas -of_objects [get_hw_devices xcku060_0] -filter {CELL_NAME=~"u_ila_0"}]]
run_hw_ila [get_hw_ilas -of_objects [get_hw_devices xcku060_0] -filter {CELL_NAME=~"u_ila_0"}]
wait_on_hw_ila [get_hw_ilas -of_objects [get_hw_devices xcku060_0] -filter {CELL_NAME=~"u_ila_0"}]
display_hw_ila_data [upload_hw_ila_data [get_hw_ilas -of_objects [get_hw_devices xcku060_0] -filter {CELL_NAME=~"u_ila_0"}]]
run_hw_ila [get_hw_ilas -of_objects [get_hw_devices xcku060_0] -filter {CELL_NAME=~"u_ila_0"}]
wait_on_hw_ila [get_hw_ilas -of_objects [get_hw_devices xcku060_0] -filter {CELL_NAME=~"u_ila_0"}]
display_hw_ila_data [upload_hw_ila_data [get_hw_ilas -of_objects [get_hw_devices xcku060_0] -filter {CELL_NAME=~"u_ila_0"}]]
run_hw_ila [get_hw_ilas -of_objects [get_hw_devices xcku060_0] -filter {CELL_NAME=~"u_ila_0"}]
wait_on_hw_ila [get_hw_ilas -of_objects [get_hw_devices xcku060_0] -filter {CELL_NAME=~"u_ila_0"}]
display_hw_ila_data [upload_hw_ila_data [get_hw_ilas -of_objects [get_hw_devices xcku060_0] -filter {CELL_NAME=~"u_ila_0"}]]
run_hw_ila [get_hw_ilas -of_objects [get_hw_devices xcku060_0] -filter {CELL_NAME=~"u_ila_0"}]
wait_on_hw_ila [get_hw_ilas -of_objects [get_hw_devices xcku060_0] -filter {CELL_NAME=~"u_ila_0"}]
display_hw_ila_data [upload_hw_ila_data [get_hw_ilas -of_objects [get_hw_devices xcku060_0] -filter {CELL_NAME=~"u_ila_0"}]]
run_hw_ila [get_hw_ilas -of_objects [get_hw_devices xcku060_0] -filter {CELL_NAME=~"u_ila_0"}]
wait_on_hw_ila [get_hw_ilas -of_objects [get_hw_devices xcku060_0] -filter {CELL_NAME=~"u_ila_0"}]
display_hw_ila_data [upload_hw_ila_data [get_hw_ilas -of_objects [get_hw_devices xcku060_0] -filter {CELL_NAME=~"u_ila_0"}]]
run_hw_ila [get_hw_ilas -of_objects [get_hw_devices xcku060_0] -filter {CELL_NAME=~"u_ila_0"}]
wait_on_hw_ila [get_hw_ilas -of_objects [get_hw_devices xcku060_0] -filter {CELL_NAME=~"u_ila_0"}]
display_hw_ila_data [upload_hw_ila_data [get_hw_ilas -of_objects [get_hw_devices xcku060_0] -filter {CELL_NAME=~"u_ila_0"}]]
run_hw_ila [get_hw_ilas -of_objects [get_hw_devices xcku060_0] -filter {CELL_NAME=~"u_ila_0"}]
wait_on_hw_ila [get_hw_ilas -of_objects [get_hw_devices xcku060_0] -filter {CELL_NAME=~"u_ila_0"}]
display_hw_ila_data [upload_hw_ila_data [get_hw_ilas -of_objects [get_hw_devices xcku060_0] -filter {CELL_NAME=~"u_ila_0"}]]
run_hw_ila [get_hw_ilas -of_objects [get_hw_devices xcku060_0] -filter {CELL_NAME=~"u_ila_0"}]
wait_on_hw_ila [get_hw_ilas -of_objects [get_hw_devices xcku060_0] -filter {CELL_NAME=~"u_ila_0"}]
display_hw_ila_data [upload_hw_ila_data [get_hw_ilas -of_objects [get_hw_devices xcku060_0] -filter {CELL_NAME=~"u_ila_0"}]]
run_hw_ila [get_hw_ilas -of_objects [get_hw_devices xcku060_0] -filter {CELL_NAME=~"u_ila_0"}]
wait_on_hw_ila [get_hw_ilas -of_objects [get_hw_devices xcku060_0] -filter {CELL_NAME=~"u_ila_0"}]
display_hw_ila_data [upload_hw_ila_data [get_hw_ilas -of_objects [get_hw_devices xcku060_0] -filter {CELL_NAME=~"u_ila_0"}]]
run_hw_ila [get_hw_ilas -of_objects [get_hw_devices xcku060_0] -filter {CELL_NAME=~"u_ila_0"}]
wait_on_hw_ila [get_hw_ilas -of_objects [get_hw_devices xcku060_0] -filter {CELL_NAME=~"u_ila_0"}]
display_hw_ila_data [upload_hw_ila_data [get_hw_ilas -of_objects [get_hw_devices xcku060_0] -filter {CELL_NAME=~"u_ila_0"}]]
run_hw_ila [get_hw_ilas -of_objects [get_hw_devices xcku060_0] -filter {CELL_NAME=~"u_ila_0"}]
wait_on_hw_ila [get_hw_ilas -of_objects [get_hw_devices xcku060_0] -filter {CELL_NAME=~"u_ila_0"}]
display_hw_ila_data [upload_hw_ila_data [get_hw_ilas -of_objects [get_hw_devices xcku060_0] -filter {CELL_NAME=~"u_ila_0"}]]
run_hw_ila [get_hw_ilas -of_objects [get_hw_devices xcku060_0] -filter {CELL_NAME=~"u_ila_0"}]
wait_on_hw_ila [get_hw_ilas -of_objects [get_hw_devices xcku060_0] -filter {CELL_NAME=~"u_ila_0"}]
display_hw_ila_data [upload_hw_ila_data [get_hw_ilas -of_objects [get_hw_devices xcku060_0] -filter {CELL_NAME=~"u_ila_0"}]]
run_hw_ila [get_hw_ilas -of_objects [get_hw_devices xcku060_0] -filter {CELL_NAME=~"u_ila_0"}]
wait_on_hw_ila [get_hw_ilas -of_objects [get_hw_devices xcku060_0] -filter {CELL_NAME=~"u_ila_0"}]
display_hw_ila_data [upload_hw_ila_data [get_hw_ilas -of_objects [get_hw_devices xcku060_0] -filter {CELL_NAME=~"u_ila_0"}]]
run_hw_ila [get_hw_ilas -of_objects [get_hw_devices xcku060_0] -filter {CELL_NAME=~"u_ila_0"}]
wait_on_hw_ila [get_hw_ilas -of_objects [get_hw_devices xcku060_0] -filter {CELL_NAME=~"u_ila_0"}]
display_hw_ila_data [upload_hw_ila_data [get_hw_ilas -of_objects [get_hw_devices xcku060_0] -filter {CELL_NAME=~"u_ila_0"}]]
run_hw_ila [get_hw_ilas -of_objects [get_hw_devices xcku060_0] -filter {CELL_NAME=~"u_ila_0"}]
wait_on_hw_ila [get_hw_ilas -of_objects [get_hw_devices xcku060_0] -filter {CELL_NAME=~"u_ila_0"}]
display_hw_ila_data [upload_hw_ila_data [get_hw_ilas -of_objects [get_hw_devices xcku060_0] -filter {CELL_NAME=~"u_ila_0"}]]
run_hw_ila [get_hw_ilas -of_objects [get_hw_devices xcku060_0] -filter {CELL_NAME=~"u_ila_0"}]
wait_on_hw_ila [get_hw_ilas -of_objects [get_hw_devices xcku060_0] -filter {CELL_NAME=~"u_ila_0"}]
display_hw_ila_data [upload_hw_ila_data [get_hw_ilas -of_objects [get_hw_devices xcku060_0] -filter {CELL_NAME=~"u_ila_0"}]]
run_hw_ila [get_hw_ilas -of_objects [get_hw_devices xcku060_0] -filter {CELL_NAME=~"u_ila_0"}]
wait_on_hw_ila [get_hw_ilas -of_objects [get_hw_devices xcku060_0] -filter {CELL_NAME=~"u_ila_0"}]
display_hw_ila_data [upload_hw_ila_data [get_hw_ilas -of_objects [get_hw_devices xcku060_0] -filter {CELL_NAME=~"u_ila_0"}]]
run_hw_ila [get_hw_ilas -of_objects [get_hw_devices xcku060_0] -filter {CELL_NAME=~"u_ila_0"}]
wait_on_hw_ila [get_hw_ilas -of_objects [get_hw_devices xcku060_0] -filter {CELL_NAME=~"u_ila_0"}]
display_hw_ila_data [upload_hw_ila_data [get_hw_ilas -of_objects [get_hw_devices xcku060_0] -filter {CELL_NAME=~"u_ila_0"}]]
run_hw_ila [get_hw_ilas -of_objects [get_hw_devices xcku060_0] -filter {CELL_NAME=~"u_ila_0"}]
wait_on_hw_ila [get_hw_ilas -of_objects [get_hw_devices xcku060_0] -filter {CELL_NAME=~"u_ila_0"}]
display_hw_ila_data [upload_hw_ila_data [get_hw_ilas -of_objects [get_hw_devices xcku060_0] -filter {CELL_NAME=~"u_ila_0"}]]
run_hw_ila [get_hw_ilas -of_objects [get_hw_devices xcku060_0] -filter {CELL_NAME=~"u_ila_0"}]
wait_on_hw_ila [get_hw_ilas -of_objects [get_hw_devices xcku060_0] -filter {CELL_NAME=~"u_ila_0"}]
display_hw_ila_data [upload_hw_ila_data [get_hw_ilas -of_objects [get_hw_devices xcku060_0] -filter {CELL_NAME=~"u_ila_0"}]]
run_hw_ila [get_hw_ilas -of_objects [get_hw_devices xcku060_0] -filter {CELL_NAME=~"u_ila_0"}]
wait_on_hw_ila [get_hw_ilas -of_objects [get_hw_devices xcku060_0] -filter {CELL_NAME=~"u_ila_0"}]
display_hw_ila_data [upload_hw_ila_data [get_hw_ilas -of_objects [get_hw_devices xcku060_0] -filter {CELL_NAME=~"u_ila_0"}]]
run_hw_ila [get_hw_ilas -of_objects [get_hw_devices xcku060_0] -filter {CELL_NAME=~"u_ila_0"}]
wait_on_hw_ila [get_hw_ilas -of_objects [get_hw_devices xcku060_0] -filter {CELL_NAME=~"u_ila_0"}]
display_hw_ila_data [upload_hw_ila_data [get_hw_ilas -of_objects [get_hw_devices xcku060_0] -filter {CELL_NAME=~"u_ila_0"}]]
run_hw_ila [get_hw_ilas -of_objects [get_hw_devices xcku060_0] -filter {CELL_NAME=~"u_ila_0"}]
wait_on_hw_ila [get_hw_ilas -of_objects [get_hw_devices xcku060_0] -filter {CELL_NAME=~"u_ila_0"}]
display_hw_ila_data [upload_hw_ila_data [get_hw_ilas -of_objects [get_hw_devices xcku060_0] -filter {CELL_NAME=~"u_ila_0"}]]
run_hw_ila [get_hw_ilas -of_objects [get_hw_devices xcku060_0] -filter {CELL_NAME=~"u_ila_0"}]
wait_on_hw_ila [get_hw_ilas -of_objects [get_hw_devices xcku060_0] -filter {CELL_NAME=~"u_ila_0"}]
display_hw_ila_data [upload_hw_ila_data [get_hw_ilas -of_objects [get_hw_devices xcku060_0] -filter {CELL_NAME=~"u_ila_0"}]]
run_hw_ila [get_hw_ilas -of_objects [get_hw_devices xcku060_0] -filter {CELL_NAME=~"u_ila_0"}]
wait_on_hw_ila [get_hw_ilas -of_objects [get_hw_devices xcku060_0] -filter {CELL_NAME=~"u_ila_0"}]
display_hw_ila_data [upload_hw_ila_data [get_hw_ilas -of_objects [get_hw_devices xcku060_0] -filter {CELL_NAME=~"u_ila_0"}]]
run_hw_ila [get_hw_ilas -of_objects [get_hw_devices xcku060_0] -filter {CELL_NAME=~"u_ila_0"}]
wait_on_hw_ila [get_hw_ilas -of_objects [get_hw_devices xcku060_0] -filter {CELL_NAME=~"u_ila_0"}]
display_hw_ila_data [upload_hw_ila_data [get_hw_ilas -of_objects [get_hw_devices xcku060_0] -filter {CELL_NAME=~"u_ila_0"}]]
run_hw_ila [get_hw_ilas -of_objects [get_hw_devices xcku060_0] -filter {CELL_NAME=~"u_ila_0"}]
wait_on_hw_ila [get_hw_ilas -of_objects [get_hw_devices xcku060_0] -filter {CELL_NAME=~"u_ila_0"}]
display_hw_ila_data [upload_hw_ila_data [get_hw_ilas -of_objects [get_hw_devices xcku060_0] -filter {CELL_NAME=~"u_ila_0"}]]
run_hw_ila [get_hw_ilas -of_objects [get_hw_devices xcku060_0] -filter {CELL_NAME=~"u_ila_0"}]
wait_on_hw_ila [get_hw_ilas -of_objects [get_hw_devices xcku060_0] -filter {CELL_NAME=~"u_ila_0"}]
display_hw_ila_data [upload_hw_ila_data [get_hw_ilas -of_objects [get_hw_devices xcku060_0] -filter {CELL_NAME=~"u_ila_0"}]]
run_hw_ila [get_hw_ilas -of_objects [get_hw_devices xcku060_0] -filter {CELL_NAME=~"u_ila_0"}]
wait_on_hw_ila [get_hw_ilas -of_objects [get_hw_devices xcku060_0] -filter {CELL_NAME=~"u_ila_0"}]
display_hw_ila_data [upload_hw_ila_data [get_hw_ilas -of_objects [get_hw_devices xcku060_0] -filter {CELL_NAME=~"u_ila_0"}]]
run_hw_ila [get_hw_ilas -of_objects [get_hw_devices xcku060_0] -filter {CELL_NAME=~"u_ila_0"}]
wait_on_hw_ila [get_hw_ilas -of_objects [get_hw_devices xcku060_0] -filter {CELL_NAME=~"u_ila_0"}]
display_hw_ila_data [upload_hw_ila_data [get_hw_ilas -of_objects [get_hw_devices xcku060_0] -filter {CELL_NAME=~"u_ila_0"}]]
run_hw_ila [get_hw_ilas -of_objects [get_hw_devices xcku060_0] -filter {CELL_NAME=~"u_ila_0"}]
wait_on_hw_ila [get_hw_ilas -of_objects [get_hw_devices xcku060_0] -filter {CELL_NAME=~"u_ila_0"}]
display_hw_ila_data [upload_hw_ila_data [get_hw_ilas -of_objects [get_hw_devices xcku060_0] -filter {CELL_NAME=~"u_ila_0"}]]
run_hw_ila [get_hw_ilas -of_objects [get_hw_devices xcku060_0] -filter {CELL_NAME=~"u_ila_0"}]
wait_on_hw_ila [get_hw_ilas -of_objects [get_hw_devices xcku060_0] -filter {CELL_NAME=~"u_ila_0"}]
display_hw_ila_data [upload_hw_ila_data [get_hw_ilas -of_objects [get_hw_devices xcku060_0] -filter {CELL_NAME=~"u_ila_0"}]]
run_hw_ila [get_hw_ilas -of_objects [get_hw_devices xcku060_0] -filter {CELL_NAME=~"u_ila_0"}]
wait_on_hw_ila [get_hw_ilas -of_objects [get_hw_devices xcku060_0] -filter {CELL_NAME=~"u_ila_0"}]
display_hw_ila_data [upload_hw_ila_data [get_hw_ilas -of_objects [get_hw_devices xcku060_0] -filter {CELL_NAME=~"u_ila_0"}]]
run_hw_ila [get_hw_ilas -of_objects [get_hw_devices xcku060_0] -filter {CELL_NAME=~"u_ila_0"}]
wait_on_hw_ila [get_hw_ilas -of_objects [get_hw_devices xcku060_0] -filter {CELL_NAME=~"u_ila_0"}]
display_hw_ila_data [upload_hw_ila_data [get_hw_ilas -of_objects [get_hw_devices xcku060_0] -filter {CELL_NAME=~"u_ila_0"}]]
run_hw_ila [get_hw_ilas -of_objects [get_hw_devices xcku060_0] -filter {CELL_NAME=~"u_ila_0"}]
wait_on_hw_ila [get_hw_ilas -of_objects [get_hw_devices xcku060_0] -filter {CELL_NAME=~"u_ila_0"}]
display_hw_ila_data [upload_hw_ila_data [get_hw_ilas -of_objects [get_hw_devices xcku060_0] -filter {CELL_NAME=~"u_ila_0"}]]
run_hw_ila [get_hw_ilas -of_objects [get_hw_devices xcku060_0] -filter {CELL_NAME=~"u_ila_0"}]
wait_on_hw_ila [get_hw_ilas -of_objects [get_hw_devices xcku060_0] -filter {CELL_NAME=~"u_ila_0"}]
display_hw_ila_data [upload_hw_ila_data [get_hw_ilas -of_objects [get_hw_devices xcku060_0] -filter {CELL_NAME=~"u_ila_0"}]]
run_hw_ila [get_hw_ilas -of_objects [get_hw_devices xcku060_0] -filter {CELL_NAME=~"u_ila_0"}]
wait_on_hw_ila [get_hw_ilas -of_objects [get_hw_devices xcku060_0] -filter {CELL_NAME=~"u_ila_0"}]
display_hw_ila_data [upload_hw_ila_data [get_hw_ilas -of_objects [get_hw_devices xcku060_0] -filter {CELL_NAME=~"u_ila_0"}]]
run_hw_ila [get_hw_ilas -of_objects [get_hw_devices xcku060_0] -filter {CELL_NAME=~"u_ila_0"}]
wait_on_hw_ila [get_hw_ilas -of_objects [get_hw_devices xcku060_0] -filter {CELL_NAME=~"u_ila_0"}]
display_hw_ila_data [upload_hw_ila_data [get_hw_ilas -of_objects [get_hw_devices xcku060_0] -filter {CELL_NAME=~"u_ila_0"}]]
run_hw_ila [get_hw_ilas -of_objects [get_hw_devices xcku060_0] -filter {CELL_NAME=~"u_ila_0"}]
wait_on_hw_ila [get_hw_ilas -of_objects [get_hw_devices xcku060_0] -filter {CELL_NAME=~"u_ila_0"}]
display_hw_ila_data [upload_hw_ila_data [get_hw_ilas -of_objects [get_hw_devices xcku060_0] -filter {CELL_NAME=~"u_ila_0"}]]
run_hw_ila [get_hw_ilas -of_objects [get_hw_devices xcku060_0] -filter {CELL_NAME=~"u_ila_0"}]
wait_on_hw_ila [get_hw_ilas -of_objects [get_hw_devices xcku060_0] -filter {CELL_NAME=~"u_ila_0"}]
display_hw_ila_data [upload_hw_ila_data [get_hw_ilas -of_objects [get_hw_devices xcku060_0] -filter {CELL_NAME=~"u_ila_0"}]]
run_hw_ila [get_hw_ilas -of_objects [get_hw_devices xcku060_0] -filter {CELL_NAME=~"u_ila_0"}]
wait_on_hw_ila [get_hw_ilas -of_objects [get_hw_devices xcku060_0] -filter {CELL_NAME=~"u_ila_0"}]
display_hw_ila_data [upload_hw_ila_data [get_hw_ilas -of_objects [get_hw_devices xcku060_0] -filter {CELL_NAME=~"u_ila_0"}]]
run_hw_ila [get_hw_ilas -of_objects [get_hw_devices xcku060_0] -filter {CELL_NAME=~"u_ila_0"}]
wait_on_hw_ila [get_hw_ilas -of_objects [get_hw_devices xcku060_0] -filter {CELL_NAME=~"u_ila_0"}]
display_hw_ila_data [upload_hw_ila_data [get_hw_ilas -of_objects [get_hw_devices xcku060_0] -filter {CELL_NAME=~"u_ila_0"}]]
run_hw_ila [get_hw_ilas -of_objects [get_hw_devices xcku060_0] -filter {CELL_NAME=~"u_ila_0"}]
wait_on_hw_ila [get_hw_ilas -of_objects [get_hw_devices xcku060_0] -filter {CELL_NAME=~"u_ila_0"}]
display_hw_ila_data [upload_hw_ila_data [get_hw_ilas -of_objects [get_hw_devices xcku060_0] -filter {CELL_NAME=~"u_ila_0"}]]
run_hw_ila [get_hw_ilas -of_objects [get_hw_devices xcku060_0] -filter {CELL_NAME=~"u_ila_0"}]
wait_on_hw_ila [get_hw_ilas -of_objects [get_hw_devices xcku060_0] -filter {CELL_NAME=~"u_ila_0"}]
display_hw_ila_data [upload_hw_ila_data [get_hw_ilas -of_objects [get_hw_devices xcku060_0] -filter {CELL_NAME=~"u_ila_0"}]]
run_hw_ila [get_hw_ilas -of_objects [get_hw_devices xcku060_0] -filter {CELL_NAME=~"u_ila_0"}]
wait_on_hw_ila [get_hw_ilas -of_objects [get_hw_devices xcku060_0] -filter {CELL_NAME=~"u_ila_0"}]
display_hw_ila_data [upload_hw_ila_data [get_hw_ilas -of_objects [get_hw_devices xcku060_0] -filter {CELL_NAME=~"u_ila_0"}]]
run_hw_ila [get_hw_ilas -of_objects [get_hw_devices xcku060_0] -filter {CELL_NAME=~"u_ila_0"}]
wait_on_hw_ila [get_hw_ilas -of_objects [get_hw_devices xcku060_0] -filter {CELL_NAME=~"u_ila_0"}]
display_hw_ila_data [upload_hw_ila_data [get_hw_ilas -of_objects [get_hw_devices xcku060_0] -filter {CELL_NAME=~"u_ila_0"}]]
run_hw_ila [get_hw_ilas -of_objects [get_hw_devices xcku060_0] -filter {CELL_NAME=~"u_ila_0"}]
wait_on_hw_ila [get_hw_ilas -of_objects [get_hw_devices xcku060_0] -filter {CELL_NAME=~"u_ila_0"}]
display_hw_ila_data [upload_hw_ila_data [get_hw_ilas -of_objects [get_hw_devices xcku060_0] -filter {CELL_NAME=~"u_ila_0"}]]
run_hw_ila [get_hw_ilas -of_objects [get_hw_devices xcku060_0] -filter {CELL_NAME=~"u_ila_0"}]
wait_on_hw_ila [get_hw_ilas -of_objects [get_hw_devices xcku060_0] -filter {CELL_NAME=~"u_ila_0"}]
display_hw_ila_data [upload_hw_ila_data [get_hw_ilas -of_objects [get_hw_devices xcku060_0] -filter {CELL_NAME=~"u_ila_0"}]]
run_hw_ila [get_hw_ilas -of_objects [get_hw_devices xcku060_0] -filter {CELL_NAME=~"u_ila_0"}]
wait_on_hw_ila [get_hw_ilas -of_objects [get_hw_devices xcku060_0] -filter {CELL_NAME=~"u_ila_0"}]
display_hw_ila_data [upload_hw_ila_data [get_hw_ilas -of_objects [get_hw_devices xcku060_0] -filter {CELL_NAME=~"u_ila_0"}]]
run_hw_ila [get_hw_ilas -of_objects [get_hw_devices xcku060_0] -filter {CELL_NAME=~"u_ila_0"}]
wait_on_hw_ila [get_hw_ilas -of_objects [get_hw_devices xcku060_0] -filter {CELL_NAME=~"u_ila_0"}]
display_hw_ila_data [upload_hw_ila_data [get_hw_ilas -of_objects [get_hw_devices xcku060_0] -filter {CELL_NAME=~"u_ila_0"}]]
run_hw_ila [get_hw_ilas -of_objects [get_hw_devices xcku060_0] -filter {CELL_NAME=~"u_ila_0"}]
wait_on_hw_ila [get_hw_ilas -of_objects [get_hw_devices xcku060_0] -filter {CELL_NAME=~"u_ila_0"}]
display_hw_ila_data [upload_hw_ila_data [get_hw_ilas -of_objects [get_hw_devices xcku060_0] -filter {CELL_NAME=~"u_ila_0"}]]
run_hw_ila [get_hw_ilas -of_objects [get_hw_devices xcku060_0] -filter {CELL_NAME=~"u_ila_0"}]
wait_on_hw_ila [get_hw_ilas -of_objects [get_hw_devices xcku060_0] -filter {CELL_NAME=~"u_ila_0"}]
display_hw_ila_data [upload_hw_ila_data [get_hw_ilas -of_objects [get_hw_devices xcku060_0] -filter {CELL_NAME=~"u_ila_0"}]]
run_hw_ila [get_hw_ilas -of_objects [get_hw_devices xcku060_0] -filter {CELL_NAME=~"u_ila_0"}]
wait_on_hw_ila [get_hw_ilas -of_objects [get_hw_devices xcku060_0] -filter {CELL_NAME=~"u_ila_0"}]
display_hw_ila_data [upload_hw_ila_data [get_hw_ilas -of_objects [get_hw_devices xcku060_0] -filter {CELL_NAME=~"u_ila_0"}]]
run_hw_ila [get_hw_ilas -of_objects [get_hw_devices xcku060_0] -filter {CELL_NAME=~"u_ila_0"}]
wait_on_hw_ila [get_hw_ilas -of_objects [get_hw_devices xcku060_0] -filter {CELL_NAME=~"u_ila_0"}]
display_hw_ila_data [upload_hw_ila_data [get_hw_ilas -of_objects [get_hw_devices xcku060_0] -filter {CELL_NAME=~"u_ila_0"}]]
run_hw_ila [get_hw_ilas -of_objects [get_hw_devices xcku060_0] -filter {CELL_NAME=~"u_ila_0"}]
wait_on_hw_ila [get_hw_ilas -of_objects [get_hw_devices xcku060_0] -filter {CELL_NAME=~"u_ila_0"}]
display_hw_ila_data [upload_hw_ila_data [get_hw_ilas -of_objects [get_hw_devices xcku060_0] -filter {CELL_NAME=~"u_ila_0"}]]
run_hw_ila [get_hw_ilas -of_objects [get_hw_devices xcku060_0] -filter {CELL_NAME=~"u_ila_0"}]
wait_on_hw_ila [get_hw_ilas -of_objects [get_hw_devices xcku060_0] -filter {CELL_NAME=~"u_ila_0"}]
display_hw_ila_data [upload_hw_ila_data [get_hw_ilas -of_objects [get_hw_devices xcku060_0] -filter {CELL_NAME=~"u_ila_0"}]]
run_hw_ila [get_hw_ilas -of_objects [get_hw_devices xcku060_0] -filter {CELL_NAME=~"u_ila_0"}]
wait_on_hw_ila [get_hw_ilas -of_objects [get_hw_devices xcku060_0] -filter {CELL_NAME=~"u_ila_0"}]
display_hw_ila_data [upload_hw_ila_data [get_hw_ilas -of_objects [get_hw_devices xcku060_0] -filter {CELL_NAME=~"u_ila_0"}]]
run_hw_ila [get_hw_ilas -of_objects [get_hw_devices xcku060_0] -filter {CELL_NAME=~"u_ila_0"}]
wait_on_hw_ila [get_hw_ilas -of_objects [get_hw_devices xcku060_0] -filter {CELL_NAME=~"u_ila_0"}]
display_hw_ila_data [upload_hw_ila_data [get_hw_ilas -of_objects [get_hw_devices xcku060_0] -filter {CELL_NAME=~"u_ila_0"}]]
run_hw_ila [get_hw_ilas -of_objects [get_hw_devices xcku060_0] -filter {CELL_NAME=~"u_ila_0"}]
wait_on_hw_ila [get_hw_ilas -of_objects [get_hw_devices xcku060_0] -filter {CELL_NAME=~"u_ila_0"}]
display_hw_ila_data [upload_hw_ila_data [get_hw_ilas -of_objects [get_hw_devices xcku060_0] -filter {CELL_NAME=~"u_ila_0"}]]
run_hw_ila [get_hw_ilas -of_objects [get_hw_devices xcku060_0] -filter {CELL_NAME=~"u_ila_0"}]
wait_on_hw_ila [get_hw_ilas -of_objects [get_hw_devices xcku060_0] -filter {CELL_NAME=~"u_ila_0"}]
display_hw_ila_data [upload_hw_ila_data [get_hw_ilas -of_objects [get_hw_devices xcku060_0] -filter {CELL_NAME=~"u_ila_0"}]]
run_hw_ila [get_hw_ilas -of_objects [get_hw_devices xcku060_0] -filter {CELL_NAME=~"u_ila_0"}]
wait_on_hw_ila [get_hw_ilas -of_objects [get_hw_devices xcku060_0] -filter {CELL_NAME=~"u_ila_0"}]
display_hw_ila_data [upload_hw_ila_data [get_hw_ilas -of_objects [get_hw_devices xcku060_0] -filter {CELL_NAME=~"u_ila_0"}]]
run_hw_ila [get_hw_ilas -of_objects [get_hw_devices xcku060_0] -filter {CELL_NAME=~"u_ila_0"}]
wait_on_hw_ila [get_hw_ilas -of_objects [get_hw_devices xcku060_0] -filter {CELL_NAME=~"u_ila_0"}]
display_hw_ila_data [upload_hw_ila_data [get_hw_ilas -of_objects [get_hw_devices xcku060_0] -filter {CELL_NAME=~"u_ila_0"}]]
run_hw_ila [get_hw_ilas -of_objects [get_hw_devices xcku060_0] -filter {CELL_NAME=~"u_ila_0"}]
wait_on_hw_ila [get_hw_ilas -of_objects [get_hw_devices xcku060_0] -filter {CELL_NAME=~"u_ila_0"}]
display_hw_ila_data [upload_hw_ila_data [get_hw_ilas -of_objects [get_hw_devices xcku060_0] -filter {CELL_NAME=~"u_ila_0"}]]
run_hw_ila [get_hw_ilas -of_objects [get_hw_devices xcku060_0] -filter {CELL_NAME=~"u_ila_0"}]
wait_on_hw_ila [get_hw_ilas -of_objects [get_hw_devices xcku060_0] -filter {CELL_NAME=~"u_ila_0"}]
display_hw_ila_data [upload_hw_ila_data [get_hw_ilas -of_objects [get_hw_devices xcku060_0] -filter {CELL_NAME=~"u_ila_0"}]]
run_hw_ila [get_hw_ilas -of_objects [get_hw_devices xcku060_0] -filter {CELL_NAME=~"u_ila_0"}]
wait_on_hw_ila [get_hw_ilas -of_objects [get_hw_devices xcku060_0] -filter {CELL_NAME=~"u_ila_0"}]
display_hw_ila_data [upload_hw_ila_data [get_hw_ilas -of_objects [get_hw_devices xcku060_0] -filter {CELL_NAME=~"u_ila_0"}]]
run_hw_ila [get_hw_ilas -of_objects [get_hw_devices xcku060_0] -filter {CELL_NAME=~"u_ila_0"}]
wait_on_hw_ila [get_hw_ilas -of_objects [get_hw_devices xcku060_0] -filter {CELL_NAME=~"u_ila_0"}]
display_hw_ila_data [upload_hw_ila_data [get_hw_ilas -of_objects [get_hw_devices xcku060_0] -filter {CELL_NAME=~"u_ila_0"}]]
run_hw_ila [get_hw_ilas -of_objects [get_hw_devices xcku060_0] -filter {CELL_NAME=~"u_ila_0"}]
wait_on_hw_ila [get_hw_ilas -of_objects [get_hw_devices xcku060_0] -filter {CELL_NAME=~"u_ila_0"}]
display_hw_ila_data [upload_hw_ila_data [get_hw_ilas -of_objects [get_hw_devices xcku060_0] -filter {CELL_NAME=~"u_ila_0"}]]
run_hw_ila [get_hw_ilas -of_objects [get_hw_devices xcku060_0] -filter {CELL_NAME=~"u_ila_0"}]
wait_on_hw_ila [get_hw_ilas -of_objects [get_hw_devices xcku060_0] -filter {CELL_NAME=~"u_ila_0"}]
display_hw_ila_data [upload_hw_ila_data [get_hw_ilas -of_objects [get_hw_devices xcku060_0] -filter {CELL_NAME=~"u_ila_0"}]]
run_hw_ila [get_hw_ilas -of_objects [get_hw_devices xcku060_0] -filter {CELL_NAME=~"u_ila_0"}]
wait_on_hw_ila [get_hw_ilas -of_objects [get_hw_devices xcku060_0] -filter {CELL_NAME=~"u_ila_0"}]
display_hw_ila_data [upload_hw_ila_data [get_hw_ilas -of_objects [get_hw_devices xcku060_0] -filter {CELL_NAME=~"u_ila_0"}]]
run_hw_ila [get_hw_ilas -of_objects [get_hw_devices xcku060_0] -filter {CELL_NAME=~"u_ila_0"}]
wait_on_hw_ila [get_hw_ilas -of_objects [get_hw_devices xcku060_0] -filter {CELL_NAME=~"u_ila_0"}]
display_hw_ila_data [upload_hw_ila_data [get_hw_ilas -of_objects [get_hw_devices xcku060_0] -filter {CELL_NAME=~"u_ila_0"}]]
run_hw_ila [get_hw_ilas -of_objects [get_hw_devices xcku060_0] -filter {CELL_NAME=~"u_ila_0"}]
wait_on_hw_ila [get_hw_ilas -of_objects [get_hw_devices xcku060_0] -filter {CELL_NAME=~"u_ila_0"}]
display_hw_ila_data [upload_hw_ila_data [get_hw_ilas -of_objects [get_hw_devices xcku060_0] -filter {CELL_NAME=~"u_ila_0"}]]
run_hw_ila [get_hw_ilas -of_objects [get_hw_devices xcku060_0] -filter {CELL_NAME=~"u_ila_0"}]
wait_on_hw_ila [get_hw_ilas -of_objects [get_hw_devices xcku060_0] -filter {CELL_NAME=~"u_ila_0"}]
display_hw_ila_data [upload_hw_ila_data [get_hw_ilas -of_objects [get_hw_devices xcku060_0] -filter {CELL_NAME=~"u_ila_0"}]]
run_hw_ila [get_hw_ilas -of_objects [get_hw_devices xcku060_0] -filter {CELL_NAME=~"u_ila_0"}]
wait_on_hw_ila [get_hw_ilas -of_objects [get_hw_devices xcku060_0] -filter {CELL_NAME=~"u_ila_0"}]
display_hw_ila_data [upload_hw_ila_data [get_hw_ilas -of_objects [get_hw_devices xcku060_0] -filter {CELL_NAME=~"u_ila_0"}]]
run_hw_ila [get_hw_ilas -of_objects [get_hw_devices xcku060_0] -filter {CELL_NAME=~"u_ila_0"}]
wait_on_hw_ila [get_hw_ilas -of_objects [get_hw_devices xcku060_0] -filter {CELL_NAME=~"u_ila_0"}]
display_hw_ila_data [upload_hw_ila_data [get_hw_ilas -of_objects [get_hw_devices xcku060_0] -filter {CELL_NAME=~"u_ila_0"}]]
run_hw_ila [get_hw_ilas -of_objects [get_hw_devices xcku060_0] -filter {CELL_NAME=~"u_ila_0"}]
wait_on_hw_ila [get_hw_ilas -of_objects [get_hw_devices xcku060_0] -filter {CELL_NAME=~"u_ila_0"}]
display_hw_ila_data [upload_hw_ila_data [get_hw_ilas -of_objects [get_hw_devices xcku060_0] -filter {CELL_NAME=~"u_ila_0"}]]
run_hw_ila [get_hw_ilas -of_objects [get_hw_devices xcku060_0] -filter {CELL_NAME=~"u_ila_0"}]
wait_on_hw_ila [get_hw_ilas -of_objects [get_hw_devices xcku060_0] -filter {CELL_NAME=~"u_ila_0"}]
display_hw_ila_data [upload_hw_ila_data [get_hw_ilas -of_objects [get_hw_devices xcku060_0] -filter {CELL_NAME=~"u_ila_0"}]]
run_hw_ila [get_hw_ilas -of_objects [get_hw_devices xcku060_0] -filter {CELL_NAME=~"u_ila_0"}]
wait_on_hw_ila [get_hw_ilas -of_objects [get_hw_devices xcku060_0] -filter {CELL_NAME=~"u_ila_0"}]
display_hw_ila_data [upload_hw_ila_data [get_hw_ilas -of_objects [get_hw_devices xcku060_0] -filter {CELL_NAME=~"u_ila_0"}]]
run_hw_ila [get_hw_ilas -of_objects [get_hw_devices xcku060_0] -filter {CELL_NAME=~"u_ila_0"}]
wait_on_hw_ila [get_hw_ilas -of_objects [get_hw_devices xcku060_0] -filter {CELL_NAME=~"u_ila_0"}]
display_hw_ila_data [upload_hw_ila_data [get_hw_ilas -of_objects [get_hw_devices xcku060_0] -filter {CELL_NAME=~"u_ila_0"}]]
run_hw_ila [get_hw_ilas -of_objects [get_hw_devices xcku060_0] -filter {CELL_NAME=~"u_ila_0"}]
wait_on_hw_ila [get_hw_ilas -of_objects [get_hw_devices xcku060_0] -filter {CELL_NAME=~"u_ila_0"}]
display_hw_ila_data [upload_hw_ila_data [get_hw_ilas -of_objects [get_hw_devices xcku060_0] -filter {CELL_NAME=~"u_ila_0"}]]
run_hw_ila [get_hw_ilas -of_objects [get_hw_devices xcku060_0] -filter {CELL_NAME=~"u_ila_0"}]
wait_on_hw_ila [get_hw_ilas -of_objects [get_hw_devices xcku060_0] -filter {CELL_NAME=~"u_ila_0"}]
display_hw_ila_data [upload_hw_ila_data [get_hw_ilas -of_objects [get_hw_devices xcku060_0] -filter {CELL_NAME=~"u_ila_0"}]]
run_hw_ila [get_hw_ilas -of_objects [get_hw_devices xcku060_0] -filter {CELL_NAME=~"u_ila_0"}]
wait_on_hw_ila [get_hw_ilas -of_objects [get_hw_devices xcku060_0] -filter {CELL_NAME=~"u_ila_0"}]
display_hw_ila_data [upload_hw_ila_data [get_hw_ilas -of_objects [get_hw_devices xcku060_0] -filter {CELL_NAME=~"u_ila_0"}]]
run_hw_ila [get_hw_ilas -of_objects [get_hw_devices xcku060_0] -filter {CELL_NAME=~"u_ila_0"}]
wait_on_hw_ila [get_hw_ilas -of_objects [get_hw_devices xcku060_0] -filter {CELL_NAME=~"u_ila_0"}]
display_hw_ila_data [upload_hw_ila_data [get_hw_ilas -of_objects [get_hw_devices xcku060_0] -filter {CELL_NAME=~"u_ila_0"}]]
run_hw_ila [get_hw_ilas -of_objects [get_hw_devices xcku060_0] -filter {CELL_NAME=~"u_ila_0"}]
wait_on_hw_ila [get_hw_ilas -of_objects [get_hw_devices xcku060_0] -filter {CELL_NAME=~"u_ila_0"}]
display_hw_ila_data [upload_hw_ila_data [get_hw_ilas -of_objects [get_hw_devices xcku060_0] -filter {CELL_NAME=~"u_ila_0"}]]
run_hw_ila [get_hw_ilas -of_objects [get_hw_devices xcku060_0] -filter {CELL_NAME=~"u_ila_0"}]
wait_on_hw_ila [get_hw_ilas -of_objects [get_hw_devices xcku060_0] -filter {CELL_NAME=~"u_ila_0"}]
display_hw_ila_data [upload_hw_ila_data [get_hw_ilas -of_objects [get_hw_devices xcku060_0] -filter {CELL_NAME=~"u_ila_0"}]]
run_hw_ila [get_hw_ilas -of_objects [get_hw_devices xcku060_0] -filter {CELL_NAME=~"u_ila_0"}]
wait_on_hw_ila [get_hw_ilas -of_objects [get_hw_devices xcku060_0] -filter {CELL_NAME=~"u_ila_0"}]
display_hw_ila_data [upload_hw_ila_data [get_hw_ilas -of_objects [get_hw_devices xcku060_0] -filter {CELL_NAME=~"u_ila_0"}]]
run_hw_ila [get_hw_ilas -of_objects [get_hw_devices xcku060_0] -filter {CELL_NAME=~"u_ila_0"}]
wait_on_hw_ila [get_hw_ilas -of_objects [get_hw_devices xcku060_0] -filter {CELL_NAME=~"u_ila_0"}]
display_hw_ila_data [upload_hw_ila_data [get_hw_ilas -of_objects [get_hw_devices xcku060_0] -filter {CELL_NAME=~"u_ila_0"}]]
run_hw_ila [get_hw_ilas -of_objects [get_hw_devices xcku060_0] -filter {CELL_NAME=~"u_ila_0"}]
wait_on_hw_ila [get_hw_ilas -of_objects [get_hw_devices xcku060_0] -filter {CELL_NAME=~"u_ila_0"}]
display_hw_ila_data [upload_hw_ila_data [get_hw_ilas -of_objects [get_hw_devices xcku060_0] -filter {CELL_NAME=~"u_ila_0"}]]
run_hw_ila [get_hw_ilas -of_objects [get_hw_devices xcku060_0] -filter {CELL_NAME=~"u_ila_0"}]
wait_on_hw_ila [get_hw_ilas -of_objects [get_hw_devices xcku060_0] -filter {CELL_NAME=~"u_ila_0"}]
display_hw_ila_data [upload_hw_ila_data [get_hw_ilas -of_objects [get_hw_devices xcku060_0] -filter {CELL_NAME=~"u_ila_0"}]]
run_hw_ila [get_hw_ilas -of_objects [get_hw_devices xcku060_0] -filter {CELL_NAME=~"u_ila_0"}]
wait_on_hw_ila [get_hw_ilas -of_objects [get_hw_devices xcku060_0] -filter {CELL_NAME=~"u_ila_0"}]
display_hw_ila_data [upload_hw_ila_data [get_hw_ilas -of_objects [get_hw_devices xcku060_0] -filter {CELL_NAME=~"u_ila_0"}]]
run_hw_ila [get_hw_ilas -of_objects [get_hw_devices xcku060_0] -filter {CELL_NAME=~"u_ila_0"}]
wait_on_hw_ila [get_hw_ilas -of_objects [get_hw_devices xcku060_0] -filter {CELL_NAME=~"u_ila_0"}]
display_hw_ila_data [upload_hw_ila_data [get_hw_ilas -of_objects [get_hw_devices xcku060_0] -filter {CELL_NAME=~"u_ila_0"}]]
run_hw_ila [get_hw_ilas -of_objects [get_hw_devices xcku060_0] -filter {CELL_NAME=~"u_ila_0"}]
wait_on_hw_ila [get_hw_ilas -of_objects [get_hw_devices xcku060_0] -filter {CELL_NAME=~"u_ila_0"}]
display_hw_ila_data [upload_hw_ila_data [get_hw_ilas -of_objects [get_hw_devices xcku060_0] -filter {CELL_NAME=~"u_ila_0"}]]
run_hw_ila [get_hw_ilas -of_objects [get_hw_devices xcku060_0] -filter {CELL_NAME=~"u_ila_0"}]
wait_on_hw_ila [get_hw_ilas -of_objects [get_hw_devices xcku060_0] -filter {CELL_NAME=~"u_ila_0"}]
display_hw_ila_data [upload_hw_ila_data [get_hw_ilas -of_objects [get_hw_devices xcku060_0] -filter {CELL_NAME=~"u_ila_0"}]]
run_hw_ila [get_hw_ilas -of_objects [get_hw_devices xcku060_0] -filter {CELL_NAME=~"u_ila_0"}]
wait_on_hw_ila [get_hw_ilas -of_objects [get_hw_devices xcku060_0] -filter {CELL_NAME=~"u_ila_0"}]
display_hw_ila_data [upload_hw_ila_data [get_hw_ilas -of_objects [get_hw_devices xcku060_0] -filter {CELL_NAME=~"u_ila_0"}]]
run_hw_ila [get_hw_ilas -of_objects [get_hw_devices xcku060_0] -filter {CELL_NAME=~"u_ila_0"}]
wait_on_hw_ila [get_hw_ilas -of_objects [get_hw_devices xcku060_0] -filter {CELL_NAME=~"u_ila_0"}]
display_hw_ila_data [upload_hw_ila_data [get_hw_ilas -of_objects [get_hw_devices xcku060_0] -filter {CELL_NAME=~"u_ila_0"}]]
run_hw_ila [get_hw_ilas -of_objects [get_hw_devices xcku060_0] -filter {CELL_NAME=~"u_ila_0"}]
wait_on_hw_ila [get_hw_ilas -of_objects [get_hw_devices xcku060_0] -filter {CELL_NAME=~"u_ila_0"}]
display_hw_ila_data [upload_hw_ila_data [get_hw_ilas -of_objects [get_hw_devices xcku060_0] -filter {CELL_NAME=~"u_ila_0"}]]
run_hw_ila [get_hw_ilas -of_objects [get_hw_devices xcku060_0] -filter {CELL_NAME=~"u_ila_0"}]
wait_on_hw_ila [get_hw_ilas -of_objects [get_hw_devices xcku060_0] -filter {CELL_NAME=~"u_ila_0"}]
display_hw_ila_data [upload_hw_ila_data [get_hw_ilas -of_objects [get_hw_devices xcku060_0] -filter {CELL_NAME=~"u_ila_0"}]]
run_hw_ila [get_hw_ilas -of_objects [get_hw_devices xcku060_0] -filter {CELL_NAME=~"u_ila_0"}]
wait_on_hw_ila [get_hw_ilas -of_objects [get_hw_devices xcku060_0] -filter {CELL_NAME=~"u_ila_0"}]
display_hw_ila_data [upload_hw_ila_data [get_hw_ilas -of_objects [get_hw_devices xcku060_0] -filter {CELL_NAME=~"u_ila_0"}]]
run_hw_ila [get_hw_ilas -of_objects [get_hw_devices xcku060_0] -filter {CELL_NAME=~"u_ila_0"}]
wait_on_hw_ila [get_hw_ilas -of_objects [get_hw_devices xcku060_0] -filter {CELL_NAME=~"u_ila_0"}]
display_hw_ila_data [upload_hw_ila_data [get_hw_ilas -of_objects [get_hw_devices xcku060_0] -filter {CELL_NAME=~"u_ila_0"}]]
run_hw_ila [get_hw_ilas -of_objects [get_hw_devices xcku060_0] -filter {CELL_NAME=~"u_ila_0"}]
wait_on_hw_ila [get_hw_ilas -of_objects [get_hw_devices xcku060_0] -filter {CELL_NAME=~"u_ila_0"}]
display_hw_ila_data [upload_hw_ila_data [get_hw_ilas -of_objects [get_hw_devices xcku060_0] -filter {CELL_NAME=~"u_ila_0"}]]
run_hw_ila [get_hw_ilas -of_objects [get_hw_devices xcku060_0] -filter {CELL_NAME=~"u_ila_0"}]
wait_on_hw_ila [get_hw_ilas -of_objects [get_hw_devices xcku060_0] -filter {CELL_NAME=~"u_ila_0"}]
display_hw_ila_data [upload_hw_ila_data [get_hw_ilas -of_objects [get_hw_devices xcku060_0] -filter {CELL_NAME=~"u_ila_0"}]]
run_hw_ila [get_hw_ilas -of_objects [get_hw_devices xcku060_0] -filter {CELL_NAME=~"u_ila_0"}]
wait_on_hw_ila [get_hw_ilas -of_objects [get_hw_devices xcku060_0] -filter {CELL_NAME=~"u_ila_0"}]
display_hw_ila_data [upload_hw_ila_data [get_hw_ilas -of_objects [get_hw_devices xcku060_0] -filter {CELL_NAME=~"u_ila_0"}]]
run_hw_ila [get_hw_ilas -of_objects [get_hw_devices xcku060_0] -filter {CELL_NAME=~"u_ila_0"}]
wait_on_hw_ila [get_hw_ilas -of_objects [get_hw_devices xcku060_0] -filter {CELL_NAME=~"u_ila_0"}]
display_hw_ila_data [upload_hw_ila_data [get_hw_ilas -of_objects [get_hw_devices xcku060_0] -filter {CELL_NAME=~"u_ila_0"}]]
run_hw_ila [get_hw_ilas -of_objects [get_hw_devices xcku060_0] -filter {CELL_NAME=~"u_ila_0"}]
wait_on_hw_ila [get_hw_ilas -of_objects [get_hw_devices xcku060_0] -filter {CELL_NAME=~"u_ila_0"}]
display_hw_ila_data [upload_hw_ila_data [get_hw_ilas -of_objects [get_hw_devices xcku060_0] -filter {CELL_NAME=~"u_ila_0"}]]
run_hw_ila [get_hw_ilas -of_objects [get_hw_devices xcku060_0] -filter {CELL_NAME=~"u_ila_0"}]
wait_on_hw_ila [get_hw_ilas -of_objects [get_hw_devices xcku060_0] -filter {CELL_NAME=~"u_ila_0"}]
display_hw_ila_data [upload_hw_ila_data [get_hw_ilas -of_objects [get_hw_devices xcku060_0] -filter {CELL_NAME=~"u_ila_0"}]]
run_hw_ila [get_hw_ilas -of_objects [get_hw_devices xcku060_0] -filter {CELL_NAME=~"u_ila_0"}]
wait_on_hw_ila [get_hw_ilas -of_objects [get_hw_devices xcku060_0] -filter {CELL_NAME=~"u_ila_0"}]
display_hw_ila_data [upload_hw_ila_data [get_hw_ilas -of_objects [get_hw_devices xcku060_0] -filter {CELL_NAME=~"u_ila_0"}]]
run_hw_ila [get_hw_ilas -of_objects [get_hw_devices xcku060_0] -filter {CELL_NAME=~"u_ila_0"}]
wait_on_hw_ila [get_hw_ilas -of_objects [get_hw_devices xcku060_0] -filter {CELL_NAME=~"u_ila_0"}]
display_hw_ila_data [upload_hw_ila_data [get_hw_ilas -of_objects [get_hw_devices xcku060_0] -filter {CELL_NAME=~"u_ila_0"}]]
run_hw_ila [get_hw_ilas -of_objects [get_hw_devices xcku060_0] -filter {CELL_NAME=~"u_ila_0"}]
wait_on_hw_ila [get_hw_ilas -of_objects [get_hw_devices xcku060_0] -filter {CELL_NAME=~"u_ila_0"}]
display_hw_ila_data [upload_hw_ila_data [get_hw_ilas -of_objects [get_hw_devices xcku060_0] -filter {CELL_NAME=~"u_ila_0"}]]
run_hw_ila [get_hw_ilas -of_objects [get_hw_devices xcku060_0] -filter {CELL_NAME=~"u_ila_0"}]
wait_on_hw_ila [get_hw_ilas -of_objects [get_hw_devices xcku060_0] -filter {CELL_NAME=~"u_ila_0"}]
display_hw_ila_data [upload_hw_ila_data [get_hw_ilas -of_objects [get_hw_devices xcku060_0] -filter {CELL_NAME=~"u_ila_0"}]]
run_hw_ila [get_hw_ilas -of_objects [get_hw_devices xcku060_0] -filter {CELL_NAME=~"u_ila_0"}]
wait_on_hw_ila [get_hw_ilas -of_objects [get_hw_devices xcku060_0] -filter {CELL_NAME=~"u_ila_0"}]
display_hw_ila_data [upload_hw_ila_data [get_hw_ilas -of_objects [get_hw_devices xcku060_0] -filter {CELL_NAME=~"u_ila_0"}]]
run_hw_ila [get_hw_ilas -of_objects [get_hw_devices xcku060_0] -filter {CELL_NAME=~"u_ila_0"}]
wait_on_hw_ila [get_hw_ilas -of_objects [get_hw_devices xcku060_0] -filter {CELL_NAME=~"u_ila_0"}]
display_hw_ila_data [upload_hw_ila_data [get_hw_ilas -of_objects [get_hw_devices xcku060_0] -filter {CELL_NAME=~"u_ila_0"}]]
run_hw_ila [get_hw_ilas -of_objects [get_hw_devices xcku060_0] -filter {CELL_NAME=~"u_ila_0"}]
wait_on_hw_ila [get_hw_ilas -of_objects [get_hw_devices xcku060_0] -filter {CELL_NAME=~"u_ila_0"}]
display_hw_ila_data [upload_hw_ila_data [get_hw_ilas -of_objects [get_hw_devices xcku060_0] -filter {CELL_NAME=~"u_ila_0"}]]
run_hw_ila [get_hw_ilas -of_objects [get_hw_devices xcku060_0] -filter {CELL_NAME=~"u_ila_0"}]
wait_on_hw_ila [get_hw_ilas -of_objects [get_hw_devices xcku060_0] -filter {CELL_NAME=~"u_ila_0"}]
display_hw_ila_data [upload_hw_ila_data [get_hw_ilas -of_objects [get_hw_devices xcku060_0] -filter {CELL_NAME=~"u_ila_0"}]]
run_hw_ila [get_hw_ilas -of_objects [get_hw_devices xcku060_0] -filter {CELL_NAME=~"u_ila_0"}]
wait_on_hw_ila [get_hw_ilas -of_objects [get_hw_devices xcku060_0] -filter {CELL_NAME=~"u_ila_0"}]
display_hw_ila_data [upload_hw_ila_data [get_hw_ilas -of_objects [get_hw_devices xcku060_0] -filter {CELL_NAME=~"u_ila_0"}]]
run_hw_ila [get_hw_ilas -of_objects [get_hw_devices xcku060_0] -filter {CELL_NAME=~"u_ila_0"}]
wait_on_hw_ila [get_hw_ilas -of_objects [get_hw_devices xcku060_0] -filter {CELL_NAME=~"u_ila_0"}]
display_hw_ila_data [upload_hw_ila_data [get_hw_ilas -of_objects [get_hw_devices xcku060_0] -filter {CELL_NAME=~"u_ila_0"}]]
run_hw_ila [get_hw_ilas -of_objects [get_hw_devices xcku060_0] -filter {CELL_NAME=~"u_ila_0"}]
wait_on_hw_ila [get_hw_ilas -of_objects [get_hw_devices xcku060_0] -filter {CELL_NAME=~"u_ila_0"}]
display_hw_ila_data [upload_hw_ila_data [get_hw_ilas -of_objects [get_hw_devices xcku060_0] -filter {CELL_NAME=~"u_ila_0"}]]
run_hw_ila [get_hw_ilas -of_objects [get_hw_devices xcku060_0] -filter {CELL_NAME=~"u_ila_0"}]
wait_on_hw_ila [get_hw_ilas -of_objects [get_hw_devices xcku060_0] -filter {CELL_NAME=~"u_ila_0"}]
display_hw_ila_data [upload_hw_ila_data [get_hw_ilas -of_objects [get_hw_devices xcku060_0] -filter {CELL_NAME=~"u_ila_0"}]]
run_hw_ila [get_hw_ilas -of_objects [get_hw_devices xcku060_0] -filter {CELL_NAME=~"u_ila_0"}]
wait_on_hw_ila [get_hw_ilas -of_objects [get_hw_devices xcku060_0] -filter {CELL_NAME=~"u_ila_0"}]
display_hw_ila_data [upload_hw_ila_data [get_hw_ilas -of_objects [get_hw_devices xcku060_0] -filter {CELL_NAME=~"u_ila_0"}]]
run_hw_ila [get_hw_ilas -of_objects [get_hw_devices xcku060_0] -filter {CELL_NAME=~"u_ila_0"}]
wait_on_hw_ila [get_hw_ilas -of_objects [get_hw_devices xcku060_0] -filter {CELL_NAME=~"u_ila_0"}]
display_hw_ila_data [upload_hw_ila_data [get_hw_ilas -of_objects [get_hw_devices xcku060_0] -filter {CELL_NAME=~"u_ila_0"}]]
run_hw_ila [get_hw_ilas -of_objects [get_hw_devices xcku060_0] -filter {CELL_NAME=~"u_ila_0"}]
wait_on_hw_ila [get_hw_ilas -of_objects [get_hw_devices xcku060_0] -filter {CELL_NAME=~"u_ila_0"}]
display_hw_ila_data [upload_hw_ila_data [get_hw_ilas -of_objects [get_hw_devices xcku060_0] -filter {CELL_NAME=~"u_ila_0"}]]
run_hw_ila [get_hw_ilas -of_objects [get_hw_devices xcku060_0] -filter {CELL_NAME=~"u_ila_0"}]
wait_on_hw_ila [get_hw_ilas -of_objects [get_hw_devices xcku060_0] -filter {CELL_NAME=~"u_ila_0"}]
display_hw_ila_data [upload_hw_ila_data [get_hw_ilas -of_objects [get_hw_devices xcku060_0] -filter {CELL_NAME=~"u_ila_0"}]]
run_hw_ila [get_hw_ilas -of_objects [get_hw_devices xcku060_0] -filter {CELL_NAME=~"u_ila_0"}]
wait_on_hw_ila [get_hw_ilas -of_objects [get_hw_devices xcku060_0] -filter {CELL_NAME=~"u_ila_0"}]
display_hw_ila_data [upload_hw_ila_data [get_hw_ilas -of_objects [get_hw_devices xcku060_0] -filter {CELL_NAME=~"u_ila_0"}]]
run_hw_ila [get_hw_ilas -of_objects [get_hw_devices xcku060_0] -filter {CELL_NAME=~"u_ila_0"}]
wait_on_hw_ila [get_hw_ilas -of_objects [get_hw_devices xcku060_0] -filter {CELL_NAME=~"u_ila_0"}]
display_hw_ila_data [upload_hw_ila_data [get_hw_ilas -of_objects [get_hw_devices xcku060_0] -filter {CELL_NAME=~"u_ila_0"}]]
run_hw_ila [get_hw_ilas -of_objects [get_hw_devices xcku060_0] -filter {CELL_NAME=~"u_ila_0"}]
wait_on_hw_ila [get_hw_ilas -of_objects [get_hw_devices xcku060_0] -filter {CELL_NAME=~"u_ila_0"}]
display_hw_ila_data [upload_hw_ila_data [get_hw_ilas -of_objects [get_hw_devices xcku060_0] -filter {CELL_NAME=~"u_ila_0"}]]
run_hw_ila [get_hw_ilas -of_objects [get_hw_devices xcku060_0] -filter {CELL_NAME=~"u_ila_0"}]
wait_on_hw_ila [get_hw_ilas -of_objects [get_hw_devices xcku060_0] -filter {CELL_NAME=~"u_ila_0"}]
display_hw_ila_data [upload_hw_ila_data [get_hw_ilas -of_objects [get_hw_devices xcku060_0] -filter {CELL_NAME=~"u_ila_0"}]]
run_hw_ila [get_hw_ilas -of_objects [get_hw_devices xcku060_0] -filter {CELL_NAME=~"u_ila_0"}]
wait_on_hw_ila [get_hw_ilas -of_objects [get_hw_devices xcku060_0] -filter {CELL_NAME=~"u_ila_0"}]
display_hw_ila_data [upload_hw_ila_data [get_hw_ilas -of_objects [get_hw_devices xcku060_0] -filter {CELL_NAME=~"u_ila_0"}]]
run_hw_ila [get_hw_ilas -of_objects [get_hw_devices xcku060_0] -filter {CELL_NAME=~"u_ila_0"}]
wait_on_hw_ila [get_hw_ilas -of_objects [get_hw_devices xcku060_0] -filter {CELL_NAME=~"u_ila_0"}]
display_hw_ila_data [upload_hw_ila_data [get_hw_ilas -of_objects [get_hw_devices xcku060_0] -filter {CELL_NAME=~"u_ila_0"}]]
run_hw_ila [get_hw_ilas -of_objects [get_hw_devices xcku060_0] -filter {CELL_NAME=~"u_ila_0"}]
wait_on_hw_ila [get_hw_ilas -of_objects [get_hw_devices xcku060_0] -filter {CELL_NAME=~"u_ila_0"}]
display_hw_ila_data [upload_hw_ila_data [get_hw_ilas -of_objects [get_hw_devices xcku060_0] -filter {CELL_NAME=~"u_ila_0"}]]
run_hw_ila [get_hw_ilas -of_objects [get_hw_devices xcku060_0] -filter {CELL_NAME=~"u_ila_0"}]
wait_on_hw_ila [get_hw_ilas -of_objects [get_hw_devices xcku060_0] -filter {CELL_NAME=~"u_ila_0"}]
display_hw_ila_data [upload_hw_ila_data [get_hw_ilas -of_objects [get_hw_devices xcku060_0] -filter {CELL_NAME=~"u_ila_0"}]]
run_hw_ila [get_hw_ilas -of_objects [get_hw_devices xcku060_0] -filter {CELL_NAME=~"u_ila_0"}]
wait_on_hw_ila [get_hw_ilas -of_objects [get_hw_devices xcku060_0] -filter {CELL_NAME=~"u_ila_0"}]
display_hw_ila_data [upload_hw_ila_data [get_hw_ilas -of_objects [get_hw_devices xcku060_0] -filter {CELL_NAME=~"u_ila_0"}]]
run_hw_ila [get_hw_ilas -of_objects [get_hw_devices xcku060_0] -filter {CELL_NAME=~"u_ila_0"}]
wait_on_hw_ila [get_hw_ilas -of_objects [get_hw_devices xcku060_0] -filter {CELL_NAME=~"u_ila_0"}]
display_hw_ila_data [upload_hw_ila_data [get_hw_ilas -of_objects [get_hw_devices xcku060_0] -filter {CELL_NAME=~"u_ila_0"}]]
run_hw_ila [get_hw_ilas -of_objects [get_hw_devices xcku060_0] -filter {CELL_NAME=~"u_ila_0"}]
wait_on_hw_ila [get_hw_ilas -of_objects [get_hw_devices xcku060_0] -filter {CELL_NAME=~"u_ila_0"}]
display_hw_ila_data [upload_hw_ila_data [get_hw_ilas -of_objects [get_hw_devices xcku060_0] -filter {CELL_NAME=~"u_ila_0"}]]
run_hw_ila [get_hw_ilas -of_objects [get_hw_devices xcku060_0] -filter {CELL_NAME=~"u_ila_0"}]
wait_on_hw_ila [get_hw_ilas -of_objects [get_hw_devices xcku060_0] -filter {CELL_NAME=~"u_ila_0"}]
display_hw_ila_data [upload_hw_ila_data [get_hw_ilas -of_objects [get_hw_devices xcku060_0] -filter {CELL_NAME=~"u_ila_0"}]]
run_hw_ila [get_hw_ilas -of_objects [get_hw_devices xcku060_0] -filter {CELL_NAME=~"u_ila_0"}]
wait_on_hw_ila [get_hw_ilas -of_objects [get_hw_devices xcku060_0] -filter {CELL_NAME=~"u_ila_0"}]
display_hw_ila_data [upload_hw_ila_data [get_hw_ilas -of_objects [get_hw_devices xcku060_0] -filter {CELL_NAME=~"u_ila_0"}]]
run_hw_ila [get_hw_ilas -of_objects [get_hw_devices xcku060_0] -filter {CELL_NAME=~"u_ila_0"}]
wait_on_hw_ila [get_hw_ilas -of_objects [get_hw_devices xcku060_0] -filter {CELL_NAME=~"u_ila_0"}]
display_hw_ila_data [upload_hw_ila_data [get_hw_ilas -of_objects [get_hw_devices xcku060_0] -filter {CELL_NAME=~"u_ila_0"}]]
run_hw_ila [get_hw_ilas -of_objects [get_hw_devices xcku060_0] -filter {CELL_NAME=~"u_ila_0"}]
wait_on_hw_ila [get_hw_ilas -of_objects [get_hw_devices xcku060_0] -filter {CELL_NAME=~"u_ila_0"}]
display_hw_ila_data [upload_hw_ila_data [get_hw_ilas -of_objects [get_hw_devices xcku060_0] -filter {CELL_NAME=~"u_ila_0"}]]
run_hw_ila [get_hw_ilas -of_objects [get_hw_devices xcku060_0] -filter {CELL_NAME=~"u_ila_0"}]
wait_on_hw_ila [get_hw_ilas -of_objects [get_hw_devices xcku060_0] -filter {CELL_NAME=~"u_ila_0"}]
display_hw_ila_data [upload_hw_ila_data [get_hw_ilas -of_objects [get_hw_devices xcku060_0] -filter {CELL_NAME=~"u_ila_0"}]]
run_hw_ila [get_hw_ilas -of_objects [get_hw_devices xcku060_0] -filter {CELL_NAME=~"u_ila_0"}]
wait_on_hw_ila [get_hw_ilas -of_objects [get_hw_devices xcku060_0] -filter {CELL_NAME=~"u_ila_0"}]
display_hw_ila_data [upload_hw_ila_data [get_hw_ilas -of_objects [get_hw_devices xcku060_0] -filter {CELL_NAME=~"u_ila_0"}]]
run_hw_ila [get_hw_ilas -of_objects [get_hw_devices xcku060_0] -filter {CELL_NAME=~"u_ila_0"}]
wait_on_hw_ila [get_hw_ilas -of_objects [get_hw_devices xcku060_0] -filter {CELL_NAME=~"u_ila_0"}]
display_hw_ila_data [upload_hw_ila_data [get_hw_ilas -of_objects [get_hw_devices xcku060_0] -filter {CELL_NAME=~"u_ila_0"}]]
run_hw_ila [get_hw_ilas -of_objects [get_hw_devices xcku060_0] -filter {CELL_NAME=~"u_ila_0"}]
wait_on_hw_ila [get_hw_ilas -of_objects [get_hw_devices xcku060_0] -filter {CELL_NAME=~"u_ila_0"}]
display_hw_ila_data [upload_hw_ila_data [get_hw_ilas -of_objects [get_hw_devices xcku060_0] -filter {CELL_NAME=~"u_ila_0"}]]
run_hw_ila [get_hw_ilas -of_objects [get_hw_devices xcku060_0] -filter {CELL_NAME=~"u_ila_0"}]
wait_on_hw_ila [get_hw_ilas -of_objects [get_hw_devices xcku060_0] -filter {CELL_NAME=~"u_ila_0"}]
display_hw_ila_data [upload_hw_ila_data [get_hw_ilas -of_objects [get_hw_devices xcku060_0] -filter {CELL_NAME=~"u_ila_0"}]]
run_hw_ila [get_hw_ilas -of_objects [get_hw_devices xcku060_0] -filter {CELL_NAME=~"u_ila_0"}]
wait_on_hw_ila [get_hw_ilas -of_objects [get_hw_devices xcku060_0] -filter {CELL_NAME=~"u_ila_0"}]
display_hw_ila_data [upload_hw_ila_data [get_hw_ilas -of_objects [get_hw_devices xcku060_0] -filter {CELL_NAME=~"u_ila_0"}]]
run_hw_ila [get_hw_ilas -of_objects [get_hw_devices xcku060_0] -filter {CELL_NAME=~"u_ila_0"}]
wait_on_hw_ila [get_hw_ilas -of_objects [get_hw_devices xcku060_0] -filter {CELL_NAME=~"u_ila_0"}]
display_hw_ila_data [upload_hw_ila_data [get_hw_ilas -of_objects [get_hw_devices xcku060_0] -filter {CELL_NAME=~"u_ila_0"}]]
run_hw_ila [get_hw_ilas -of_objects [get_hw_devices xcku060_0] -filter {CELL_NAME=~"u_ila_0"}]
wait_on_hw_ila [get_hw_ilas -of_objects [get_hw_devices xcku060_0] -filter {CELL_NAME=~"u_ila_0"}]
display_hw_ila_data [upload_hw_ila_data [get_hw_ilas -of_objects [get_hw_devices xcku060_0] -filter {CELL_NAME=~"u_ila_0"}]]
run_hw_ila [get_hw_ilas -of_objects [get_hw_devices xcku060_0] -filter {CELL_NAME=~"u_ila_0"}]
wait_on_hw_ila [get_hw_ilas -of_objects [get_hw_devices xcku060_0] -filter {CELL_NAME=~"u_ila_0"}]
display_hw_ila_data [upload_hw_ila_data [get_hw_ilas -of_objects [get_hw_devices xcku060_0] -filter {CELL_NAME=~"u_ila_0"}]]
run_hw_ila [get_hw_ilas -of_objects [get_hw_devices xcku060_0] -filter {CELL_NAME=~"u_ila_0"}]
wait_on_hw_ila [get_hw_ilas -of_objects [get_hw_devices xcku060_0] -filter {CELL_NAME=~"u_ila_0"}]
display_hw_ila_data [upload_hw_ila_data [get_hw_ilas -of_objects [get_hw_devices xcku060_0] -filter {CELL_NAME=~"u_ila_0"}]]
run_hw_ila [get_hw_ilas -of_objects [get_hw_devices xcku060_0] -filter {CELL_NAME=~"u_ila_0"}]
wait_on_hw_ila [get_hw_ilas -of_objects [get_hw_devices xcku060_0] -filter {CELL_NAME=~"u_ila_0"}]
display_hw_ila_data [upload_hw_ila_data [get_hw_ilas -of_objects [get_hw_devices xcku060_0] -filter {CELL_NAME=~"u_ila_0"}]]
run_hw_ila [get_hw_ilas -of_objects [get_hw_devices xcku060_0] -filter {CELL_NAME=~"u_ila_0"}]
wait_on_hw_ila [get_hw_ilas -of_objects [get_hw_devices xcku060_0] -filter {CELL_NAME=~"u_ila_0"}]
display_hw_ila_data [upload_hw_ila_data [get_hw_ilas -of_objects [get_hw_devices xcku060_0] -filter {CELL_NAME=~"u_ila_0"}]]
run_hw_ila [get_hw_ilas -of_objects [get_hw_devices xcku060_0] -filter {CELL_NAME=~"u_ila_0"}]
wait_on_hw_ila [get_hw_ilas -of_objects [get_hw_devices xcku060_0] -filter {CELL_NAME=~"u_ila_0"}]
display_hw_ila_data [upload_hw_ila_data [get_hw_ilas -of_objects [get_hw_devices xcku060_0] -filter {CELL_NAME=~"u_ila_0"}]]
run_hw_ila [get_hw_ilas -of_objects [get_hw_devices xcku060_0] -filter {CELL_NAME=~"u_ila_0"}]
wait_on_hw_ila [get_hw_ilas -of_objects [get_hw_devices xcku060_0] -filter {CELL_NAME=~"u_ila_0"}]
display_hw_ila_data [upload_hw_ila_data [get_hw_ilas -of_objects [get_hw_devices xcku060_0] -filter {CELL_NAME=~"u_ila_0"}]]
run_hw_ila [get_hw_ilas -of_objects [get_hw_devices xcku060_0] -filter {CELL_NAME=~"u_ila_0"}]
wait_on_hw_ila [get_hw_ilas -of_objects [get_hw_devices xcku060_0] -filter {CELL_NAME=~"u_ila_0"}]
display_hw_ila_data [upload_hw_ila_data [get_hw_ilas -of_objects [get_hw_devices xcku060_0] -filter {CELL_NAME=~"u_ila_0"}]]
run_hw_ila [get_hw_ilas -of_objects [get_hw_devices xcku060_0] -filter {CELL_NAME=~"u_ila_0"}]
wait_on_hw_ila [get_hw_ilas -of_objects [get_hw_devices xcku060_0] -filter {CELL_NAME=~"u_ila_0"}]
display_hw_ila_data [upload_hw_ila_data [get_hw_ilas -of_objects [get_hw_devices xcku060_0] -filter {CELL_NAME=~"u_ila_0"}]]
run_hw_ila [get_hw_ilas -of_objects [get_hw_devices xcku060_0] -filter {CELL_NAME=~"u_ila_0"}]
wait_on_hw_ila [get_hw_ilas -of_objects [get_hw_devices xcku060_0] -filter {CELL_NAME=~"u_ila_0"}]
display_hw_ila_data [upload_hw_ila_data [get_hw_ilas -of_objects [get_hw_devices xcku060_0] -filter {CELL_NAME=~"u_ila_0"}]]
run_hw_ila [get_hw_ilas -of_objects [get_hw_devices xcku060_0] -filter {CELL_NAME=~"u_ila_0"}]
wait_on_hw_ila [get_hw_ilas -of_objects [get_hw_devices xcku060_0] -filter {CELL_NAME=~"u_ila_0"}]
display_hw_ila_data [upload_hw_ila_data [get_hw_ilas -of_objects [get_hw_devices xcku060_0] -filter {CELL_NAME=~"u_ila_0"}]]
run_hw_ila [get_hw_ilas -of_objects [get_hw_devices xcku060_0] -filter {CELL_NAME=~"u_ila_0"}]
wait_on_hw_ila [get_hw_ilas -of_objects [get_hw_devices xcku060_0] -filter {CELL_NAME=~"u_ila_0"}]
display_hw_ila_data [upload_hw_ila_data [get_hw_ilas -of_objects [get_hw_devices xcku060_0] -filter {CELL_NAME=~"u_ila_0"}]]
run_hw_ila [get_hw_ilas -of_objects [get_hw_devices xcku060_0] -filter {CELL_NAME=~"u_ila_0"}]
wait_on_hw_ila [get_hw_ilas -of_objects [get_hw_devices xcku060_0] -filter {CELL_NAME=~"u_ila_0"}]
display_hw_ila_data [upload_hw_ila_data [get_hw_ilas -of_objects [get_hw_devices xcku060_0] -filter {CELL_NAME=~"u_ila_0"}]]
run_hw_ila [get_hw_ilas -of_objects [get_hw_devices xcku060_0] -filter {CELL_NAME=~"u_ila_0"}]
wait_on_hw_ila [get_hw_ilas -of_objects [get_hw_devices xcku060_0] -filter {CELL_NAME=~"u_ila_0"}]
display_hw_ila_data [upload_hw_ila_data [get_hw_ilas -of_objects [get_hw_devices xcku060_0] -filter {CELL_NAME=~"u_ila_0"}]]
run_hw_ila [get_hw_ilas -of_objects [get_hw_devices xcku060_0] -filter {CELL_NAME=~"u_ila_0"}]
wait_on_hw_ila [get_hw_ilas -of_objects [get_hw_devices xcku060_0] -filter {CELL_NAME=~"u_ila_0"}]
display_hw_ila_data [upload_hw_ila_data [get_hw_ilas -of_objects [get_hw_devices xcku060_0] -filter {CELL_NAME=~"u_ila_0"}]]
run_hw_ila [get_hw_ilas -of_objects [get_hw_devices xcku060_0] -filter {CELL_NAME=~"u_ila_0"}]
wait_on_hw_ila [get_hw_ilas -of_objects [get_hw_devices xcku060_0] -filter {CELL_NAME=~"u_ila_0"}]
display_hw_ila_data [upload_hw_ila_data [get_hw_ilas -of_objects [get_hw_devices xcku060_0] -filter {CELL_NAME=~"u_ila_0"}]]
run_hw_ila [get_hw_ilas -of_objects [get_hw_devices xcku060_0] -filter {CELL_NAME=~"u_ila_0"}]
wait_on_hw_ila [get_hw_ilas -of_objects [get_hw_devices xcku060_0] -filter {CELL_NAME=~"u_ila_0"}]
display_hw_ila_data [upload_hw_ila_data [get_hw_ilas -of_objects [get_hw_devices xcku060_0] -filter {CELL_NAME=~"u_ila_0"}]]
run_hw_ila [get_hw_ilas -of_objects [get_hw_devices xcku060_0] -filter {CELL_NAME=~"u_ila_0"}]
wait_on_hw_ila [get_hw_ilas -of_objects [get_hw_devices xcku060_0] -filter {CELL_NAME=~"u_ila_0"}]
display_hw_ila_data [upload_hw_ila_data [get_hw_ilas -of_objects [get_hw_devices xcku060_0] -filter {CELL_NAME=~"u_ila_0"}]]
run_hw_ila [get_hw_ilas -of_objects [get_hw_devices xcku060_0] -filter {CELL_NAME=~"u_ila_0"}]
wait_on_hw_ila [get_hw_ilas -of_objects [get_hw_devices xcku060_0] -filter {CELL_NAME=~"u_ila_0"}]
display_hw_ila_data [upload_hw_ila_data [get_hw_ilas -of_objects [get_hw_devices xcku060_0] -filter {CELL_NAME=~"u_ila_0"}]]
run_hw_ila [get_hw_ilas -of_objects [get_hw_devices xcku060_0] -filter {CELL_NAME=~"u_ila_0"}]
wait_on_hw_ila [get_hw_ilas -of_objects [get_hw_devices xcku060_0] -filter {CELL_NAME=~"u_ila_0"}]
display_hw_ila_data [upload_hw_ila_data [get_hw_ilas -of_objects [get_hw_devices xcku060_0] -filter {CELL_NAME=~"u_ila_0"}]]
run_hw_ila [get_hw_ilas -of_objects [get_hw_devices xcku060_0] -filter {CELL_NAME=~"u_ila_0"}]
wait_on_hw_ila [get_hw_ilas -of_objects [get_hw_devices xcku060_0] -filter {CELL_NAME=~"u_ila_0"}]
display_hw_ila_data [upload_hw_ila_data [get_hw_ilas -of_objects [get_hw_devices xcku060_0] -filter {CELL_NAME=~"u_ila_0"}]]
run_hw_ila [get_hw_ilas -of_objects [get_hw_devices xcku060_0] -filter {CELL_NAME=~"u_ila_0"}]
wait_on_hw_ila [get_hw_ilas -of_objects [get_hw_devices xcku060_0] -filter {CELL_NAME=~"u_ila_0"}]
display_hw_ila_data [upload_hw_ila_data [get_hw_ilas -of_objects [get_hw_devices xcku060_0] -filter {CELL_NAME=~"u_ila_0"}]]
run_hw_ila [get_hw_ilas -of_objects [get_hw_devices xcku060_0] -filter {CELL_NAME=~"u_ila_0"}]
wait_on_hw_ila [get_hw_ilas -of_objects [get_hw_devices xcku060_0] -filter {CELL_NAME=~"u_ila_0"}]
display_hw_ila_data [upload_hw_ila_data [get_hw_ilas -of_objects [get_hw_devices xcku060_0] -filter {CELL_NAME=~"u_ila_0"}]]
run_hw_ila [get_hw_ilas -of_objects [get_hw_devices xcku060_0] -filter {CELL_NAME=~"u_ila_0"}]
wait_on_hw_ila [get_hw_ilas -of_objects [get_hw_devices xcku060_0] -filter {CELL_NAME=~"u_ila_0"}]
display_hw_ila_data [upload_hw_ila_data [get_hw_ilas -of_objects [get_hw_devices xcku060_0] -filter {CELL_NAME=~"u_ila_0"}]]
run_hw_ila [get_hw_ilas -of_objects [get_hw_devices xcku060_0] -filter {CELL_NAME=~"u_ila_0"}]
wait_on_hw_ila [get_hw_ilas -of_objects [get_hw_devices xcku060_0] -filter {CELL_NAME=~"u_ila_0"}]
display_hw_ila_data [upload_hw_ila_data [get_hw_ilas -of_objects [get_hw_devices xcku060_0] -filter {CELL_NAME=~"u_ila_0"}]]
run_hw_ila [get_hw_ilas -of_objects [get_hw_devices xcku060_0] -filter {CELL_NAME=~"u_ila_0"}]
wait_on_hw_ila [get_hw_ilas -of_objects [get_hw_devices xcku060_0] -filter {CELL_NAME=~"u_ila_0"}]
display_hw_ila_data [upload_hw_ila_data [get_hw_ilas -of_objects [get_hw_devices xcku060_0] -filter {CELL_NAME=~"u_ila_0"}]]
run_hw_ila [get_hw_ilas -of_objects [get_hw_devices xcku060_0] -filter {CELL_NAME=~"u_ila_0"}]
wait_on_hw_ila [get_hw_ilas -of_objects [get_hw_devices xcku060_0] -filter {CELL_NAME=~"u_ila_0"}]
display_hw_ila_data [upload_hw_ila_data [get_hw_ilas -of_objects [get_hw_devices xcku060_0] -filter {CELL_NAME=~"u_ila_0"}]]
run_hw_ila [get_hw_ilas -of_objects [get_hw_devices xcku060_0] -filter {CELL_NAME=~"u_ila_0"}]
wait_on_hw_ila [get_hw_ilas -of_objects [get_hw_devices xcku060_0] -filter {CELL_NAME=~"u_ila_0"}]
display_hw_ila_data [upload_hw_ila_data [get_hw_ilas -of_objects [get_hw_devices xcku060_0] -filter {CELL_NAME=~"u_ila_0"}]]
run_hw_ila [get_hw_ilas -of_objects [get_hw_devices xcku060_0] -filter {CELL_NAME=~"u_ila_0"}]
wait_on_hw_ila [get_hw_ilas -of_objects [get_hw_devices xcku060_0] -filter {CELL_NAME=~"u_ila_0"}]
display_hw_ila_data [upload_hw_ila_data [get_hw_ilas -of_objects [get_hw_devices xcku060_0] -filter {CELL_NAME=~"u_ila_0"}]]
run_hw_ila [get_hw_ilas -of_objects [get_hw_devices xcku060_0] -filter {CELL_NAME=~"u_ila_0"}]
wait_on_hw_ila [get_hw_ilas -of_objects [get_hw_devices xcku060_0] -filter {CELL_NAME=~"u_ila_0"}]
display_hw_ila_data [upload_hw_ila_data [get_hw_ilas -of_objects [get_hw_devices xcku060_0] -filter {CELL_NAME=~"u_ila_0"}]]
run_hw_ila [get_hw_ilas -of_objects [get_hw_devices xcku060_0] -filter {CELL_NAME=~"u_ila_0"}]
wait_on_hw_ila [get_hw_ilas -of_objects [get_hw_devices xcku060_0] -filter {CELL_NAME=~"u_ila_0"}]
display_hw_ila_data [upload_hw_ila_data [get_hw_ilas -of_objects [get_hw_devices xcku060_0] -filter {CELL_NAME=~"u_ila_0"}]]
run_hw_ila [get_hw_ilas -of_objects [get_hw_devices xcku060_0] -filter {CELL_NAME=~"u_ila_0"}]
wait_on_hw_ila [get_hw_ilas -of_objects [get_hw_devices xcku060_0] -filter {CELL_NAME=~"u_ila_0"}]
display_hw_ila_data [upload_hw_ila_data [get_hw_ilas -of_objects [get_hw_devices xcku060_0] -filter {CELL_NAME=~"u_ila_0"}]]
run_hw_ila [get_hw_ilas -of_objects [get_hw_devices xcku060_0] -filter {CELL_NAME=~"u_ila_0"}]
wait_on_hw_ila [get_hw_ilas -of_objects [get_hw_devices xcku060_0] -filter {CELL_NAME=~"u_ila_0"}]
display_hw_ila_data [upload_hw_ila_data [get_hw_ilas -of_objects [get_hw_devices xcku060_0] -filter {CELL_NAME=~"u_ila_0"}]]
run_hw_ila [get_hw_ilas -of_objects [get_hw_devices xcku060_0] -filter {CELL_NAME=~"u_ila_0"}]
wait_on_hw_ila [get_hw_ilas -of_objects [get_hw_devices xcku060_0] -filter {CELL_NAME=~"u_ila_0"}]
display_hw_ila_data [upload_hw_ila_data [get_hw_ilas -of_objects [get_hw_devices xcku060_0] -filter {CELL_NAME=~"u_ila_0"}]]
run_hw_ila [get_hw_ilas -of_objects [get_hw_devices xcku060_0] -filter {CELL_NAME=~"u_ila_0"}]
wait_on_hw_ila [get_hw_ilas -of_objects [get_hw_devices xcku060_0] -filter {CELL_NAME=~"u_ila_0"}]
display_hw_ila_data [upload_hw_ila_data [get_hw_ilas -of_objects [get_hw_devices xcku060_0] -filter {CELL_NAME=~"u_ila_0"}]]
run_hw_ila [get_hw_ilas -of_objects [get_hw_devices xcku060_0] -filter {CELL_NAME=~"u_ila_0"}]
wait_on_hw_ila [get_hw_ilas -of_objects [get_hw_devices xcku060_0] -filter {CELL_NAME=~"u_ila_0"}]
display_hw_ila_data [upload_hw_ila_data [get_hw_ilas -of_objects [get_hw_devices xcku060_0] -filter {CELL_NAME=~"u_ila_0"}]]
run_hw_ila [get_hw_ilas -of_objects [get_hw_devices xcku060_0] -filter {CELL_NAME=~"u_ila_0"}]
wait_on_hw_ila [get_hw_ilas -of_objects [get_hw_devices xcku060_0] -filter {CELL_NAME=~"u_ila_0"}]
display_hw_ila_data [upload_hw_ila_data [get_hw_ilas -of_objects [get_hw_devices xcku060_0] -filter {CELL_NAME=~"u_ila_0"}]]
run_hw_ila [get_hw_ilas -of_objects [get_hw_devices xcku060_0] -filter {CELL_NAME=~"u_ila_0"}]
wait_on_hw_ila [get_hw_ilas -of_objects [get_hw_devices xcku060_0] -filter {CELL_NAME=~"u_ila_0"}]
display_hw_ila_data [upload_hw_ila_data [get_hw_ilas -of_objects [get_hw_devices xcku060_0] -filter {CELL_NAME=~"u_ila_0"}]]
run_hw_ila [get_hw_ilas -of_objects [get_hw_devices xcku060_0] -filter {CELL_NAME=~"u_ila_0"}]
wait_on_hw_ila [get_hw_ilas -of_objects [get_hw_devices xcku060_0] -filter {CELL_NAME=~"u_ila_0"}]
display_hw_ila_data [upload_hw_ila_data [get_hw_ilas -of_objects [get_hw_devices xcku060_0] -filter {CELL_NAME=~"u_ila_0"}]]
run_hw_ila [get_hw_ilas -of_objects [get_hw_devices xcku060_0] -filter {CELL_NAME=~"u_ila_0"}]
wait_on_hw_ila [get_hw_ilas -of_objects [get_hw_devices xcku060_0] -filter {CELL_NAME=~"u_ila_0"}]
display_hw_ila_data [upload_hw_ila_data [get_hw_ilas -of_objects [get_hw_devices xcku060_0] -filter {CELL_NAME=~"u_ila_0"}]]
run_hw_ila [get_hw_ilas -of_objects [get_hw_devices xcku060_0] -filter {CELL_NAME=~"u_ila_0"}]
wait_on_hw_ila [get_hw_ilas -of_objects [get_hw_devices xcku060_0] -filter {CELL_NAME=~"u_ila_0"}]
display_hw_ila_data [upload_hw_ila_data [get_hw_ilas -of_objects [get_hw_devices xcku060_0] -filter {CELL_NAME=~"u_ila_0"}]]
run_hw_ila [get_hw_ilas -of_objects [get_hw_devices xcku060_0] -filter {CELL_NAME=~"u_ila_0"}]
wait_on_hw_ila [get_hw_ilas -of_objects [get_hw_devices xcku060_0] -filter {CELL_NAME=~"u_ila_0"}]
display_hw_ila_data [upload_hw_ila_data [get_hw_ilas -of_objects [get_hw_devices xcku060_0] -filter {CELL_NAME=~"u_ila_0"}]]
run_hw_ila [get_hw_ilas -of_objects [get_hw_devices xcku060_0] -filter {CELL_NAME=~"u_ila_0"}]
wait_on_hw_ila [get_hw_ilas -of_objects [get_hw_devices xcku060_0] -filter {CELL_NAME=~"u_ila_0"}]
display_hw_ila_data [upload_hw_ila_data [get_hw_ilas -of_objects [get_hw_devices xcku060_0] -filter {CELL_NAME=~"u_ila_0"}]]
run_hw_ila [get_hw_ilas -of_objects [get_hw_devices xcku060_0] -filter {CELL_NAME=~"u_ila_0"}]
wait_on_hw_ila [get_hw_ilas -of_objects [get_hw_devices xcku060_0] -filter {CELL_NAME=~"u_ila_0"}]
display_hw_ila_data [upload_hw_ila_data [get_hw_ilas -of_objects [get_hw_devices xcku060_0] -filter {CELL_NAME=~"u_ila_0"}]]
run_hw_ila [get_hw_ilas -of_objects [get_hw_devices xcku060_0] -filter {CELL_NAME=~"u_ila_0"}]
wait_on_hw_ila [get_hw_ilas -of_objects [get_hw_devices xcku060_0] -filter {CELL_NAME=~"u_ila_0"}]
display_hw_ila_data [upload_hw_ila_data [get_hw_ilas -of_objects [get_hw_devices xcku060_0] -filter {CELL_NAME=~"u_ila_0"}]]
run_hw_ila [get_hw_ilas -of_objects [get_hw_devices xcku060_0] -filter {CELL_NAME=~"u_ila_0"}]
wait_on_hw_ila [get_hw_ilas -of_objects [get_hw_devices xcku060_0] -filter {CELL_NAME=~"u_ila_0"}]
display_hw_ila_data [upload_hw_ila_data [get_hw_ilas -of_objects [get_hw_devices xcku060_0] -filter {CELL_NAME=~"u_ila_0"}]]
run_hw_ila [get_hw_ilas -of_objects [get_hw_devices xcku060_0] -filter {CELL_NAME=~"u_ila_0"}]
wait_on_hw_ila [get_hw_ilas -of_objects [get_hw_devices xcku060_0] -filter {CELL_NAME=~"u_ila_0"}]
display_hw_ila_data [upload_hw_ila_data [get_hw_ilas -of_objects [get_hw_devices xcku060_0] -filter {CELL_NAME=~"u_ila_0"}]]
run_hw_ila [get_hw_ilas -of_objects [get_hw_devices xcku060_0] -filter {CELL_NAME=~"u_ila_0"}]
wait_on_hw_ila [get_hw_ilas -of_objects [get_hw_devices xcku060_0] -filter {CELL_NAME=~"u_ila_0"}]
display_hw_ila_data [upload_hw_ila_data [get_hw_ilas -of_objects [get_hw_devices xcku060_0] -filter {CELL_NAME=~"u_ila_0"}]]
run_hw_ila [get_hw_ilas -of_objects [get_hw_devices xcku060_0] -filter {CELL_NAME=~"u_ila_0"}]
wait_on_hw_ila [get_hw_ilas -of_objects [get_hw_devices xcku060_0] -filter {CELL_NAME=~"u_ila_0"}]
display_hw_ila_data [upload_hw_ila_data [get_hw_ilas -of_objects [get_hw_devices xcku060_0] -filter {CELL_NAME=~"u_ila_0"}]]
run_hw_ila [get_hw_ilas -of_objects [get_hw_devices xcku060_0] -filter {CELL_NAME=~"u_ila_0"}]
wait_on_hw_ila [get_hw_ilas -of_objects [get_hw_devices xcku060_0] -filter {CELL_NAME=~"u_ila_0"}]
display_hw_ila_data [upload_hw_ila_data [get_hw_ilas -of_objects [get_hw_devices xcku060_0] -filter {CELL_NAME=~"u_ila_0"}]]
run_hw_ila [get_hw_ilas -of_objects [get_hw_devices xcku060_0] -filter {CELL_NAME=~"u_ila_0"}]
wait_on_hw_ila [get_hw_ilas -of_objects [get_hw_devices xcku060_0] -filter {CELL_NAME=~"u_ila_0"}]
display_hw_ila_data [upload_hw_ila_data [get_hw_ilas -of_objects [get_hw_devices xcku060_0] -filter {CELL_NAME=~"u_ila_0"}]]
run_hw_ila [get_hw_ilas -of_objects [get_hw_devices xcku060_0] -filter {CELL_NAME=~"u_ila_0"}]
wait_on_hw_ila [get_hw_ilas -of_objects [get_hw_devices xcku060_0] -filter {CELL_NAME=~"u_ila_0"}]
display_hw_ila_data [upload_hw_ila_data [get_hw_ilas -of_objects [get_hw_devices xcku060_0] -filter {CELL_NAME=~"u_ila_0"}]]
run_hw_ila [get_hw_ilas -of_objects [get_hw_devices xcku060_0] -filter {CELL_NAME=~"u_ila_0"}]
wait_on_hw_ila [get_hw_ilas -of_objects [get_hw_devices xcku060_0] -filter {CELL_NAME=~"u_ila_0"}]
display_hw_ila_data [upload_hw_ila_data [get_hw_ilas -of_objects [get_hw_devices xcku060_0] -filter {CELL_NAME=~"u_ila_0"}]]
run_hw_ila [get_hw_ilas -of_objects [get_hw_devices xcku060_0] -filter {CELL_NAME=~"u_ila_0"}]
wait_on_hw_ila [get_hw_ilas -of_objects [get_hw_devices xcku060_0] -filter {CELL_NAME=~"u_ila_0"}]
display_hw_ila_data [upload_hw_ila_data [get_hw_ilas -of_objects [get_hw_devices xcku060_0] -filter {CELL_NAME=~"u_ila_0"}]]
run_hw_ila [get_hw_ilas -of_objects [get_hw_devices xcku060_0] -filter {CELL_NAME=~"u_ila_0"}]
wait_on_hw_ila [get_hw_ilas -of_objects [get_hw_devices xcku060_0] -filter {CELL_NAME=~"u_ila_0"}]
display_hw_ila_data [upload_hw_ila_data [get_hw_ilas -of_objects [get_hw_devices xcku060_0] -filter {CELL_NAME=~"u_ila_0"}]]
run_hw_ila [get_hw_ilas -of_objects [get_hw_devices xcku060_0] -filter {CELL_NAME=~"u_ila_0"}]
wait_on_hw_ila [get_hw_ilas -of_objects [get_hw_devices xcku060_0] -filter {CELL_NAME=~"u_ila_0"}]
display_hw_ila_data [upload_hw_ila_data [get_hw_ilas -of_objects [get_hw_devices xcku060_0] -filter {CELL_NAME=~"u_ila_0"}]]
run_hw_ila [get_hw_ilas -of_objects [get_hw_devices xcku060_0] -filter {CELL_NAME=~"u_ila_0"}]
wait_on_hw_ila [get_hw_ilas -of_objects [get_hw_devices xcku060_0] -filter {CELL_NAME=~"u_ila_0"}]
display_hw_ila_data [upload_hw_ila_data [get_hw_ilas -of_objects [get_hw_devices xcku060_0] -filter {CELL_NAME=~"u_ila_0"}]]
run_hw_ila [get_hw_ilas -of_objects [get_hw_devices xcku060_0] -filter {CELL_NAME=~"u_ila_0"}]
wait_on_hw_ila [get_hw_ilas -of_objects [get_hw_devices xcku060_0] -filter {CELL_NAME=~"u_ila_0"}]
display_hw_ila_data [upload_hw_ila_data [get_hw_ilas -of_objects [get_hw_devices xcku060_0] -filter {CELL_NAME=~"u_ila_0"}]]
run_hw_ila [get_hw_ilas -of_objects [get_hw_devices xcku060_0] -filter {CELL_NAME=~"u_ila_0"}]
wait_on_hw_ila [get_hw_ilas -of_objects [get_hw_devices xcku060_0] -filter {CELL_NAME=~"u_ila_0"}]
display_hw_ila_data [upload_hw_ila_data [get_hw_ilas -of_objects [get_hw_devices xcku060_0] -filter {CELL_NAME=~"u_ila_0"}]]
run_hw_ila [get_hw_ilas -of_objects [get_hw_devices xcku060_0] -filter {CELL_NAME=~"u_ila_0"}]
wait_on_hw_ila [get_hw_ilas -of_objects [get_hw_devices xcku060_0] -filter {CELL_NAME=~"u_ila_0"}]
display_hw_ila_data [upload_hw_ila_data [get_hw_ilas -of_objects [get_hw_devices xcku060_0] -filter {CELL_NAME=~"u_ila_0"}]]
run_hw_ila [get_hw_ilas -of_objects [get_hw_devices xcku060_0] -filter {CELL_NAME=~"u_ila_0"}]
wait_on_hw_ila [get_hw_ilas -of_objects [get_hw_devices xcku060_0] -filter {CELL_NAME=~"u_ila_0"}]
display_hw_ila_data [upload_hw_ila_data [get_hw_ilas -of_objects [get_hw_devices xcku060_0] -filter {CELL_NAME=~"u_ila_0"}]]
run_hw_ila [get_hw_ilas -of_objects [get_hw_devices xcku060_0] -filter {CELL_NAME=~"u_ila_0"}]
wait_on_hw_ila [get_hw_ilas -of_objects [get_hw_devices xcku060_0] -filter {CELL_NAME=~"u_ila_0"}]
display_hw_ila_data [upload_hw_ila_data [get_hw_ilas -of_objects [get_hw_devices xcku060_0] -filter {CELL_NAME=~"u_ila_0"}]]
run_hw_ila [get_hw_ilas -of_objects [get_hw_devices xcku060_0] -filter {CELL_NAME=~"u_ila_0"}]
wait_on_hw_ila [get_hw_ilas -of_objects [get_hw_devices xcku060_0] -filter {CELL_NAME=~"u_ila_0"}]
display_hw_ila_data [upload_hw_ila_data [get_hw_ilas -of_objects [get_hw_devices xcku060_0] -filter {CELL_NAME=~"u_ila_0"}]]
run_hw_ila [get_hw_ilas -of_objects [get_hw_devices xcku060_0] -filter {CELL_NAME=~"u_ila_0"}]
wait_on_hw_ila [get_hw_ilas -of_objects [get_hw_devices xcku060_0] -filter {CELL_NAME=~"u_ila_0"}]
display_hw_ila_data [upload_hw_ila_data [get_hw_ilas -of_objects [get_hw_devices xcku060_0] -filter {CELL_NAME=~"u_ila_0"}]]
run_hw_ila [get_hw_ilas -of_objects [get_hw_devices xcku060_0] -filter {CELL_NAME=~"u_ila_0"}]
wait_on_hw_ila [get_hw_ilas -of_objects [get_hw_devices xcku060_0] -filter {CELL_NAME=~"u_ila_0"}]
display_hw_ila_data [upload_hw_ila_data [get_hw_ilas -of_objects [get_hw_devices xcku060_0] -filter {CELL_NAME=~"u_ila_0"}]]
run_hw_ila [get_hw_ilas -of_objects [get_hw_devices xcku060_0] -filter {CELL_NAME=~"u_ila_0"}]
wait_on_hw_ila [get_hw_ilas -of_objects [get_hw_devices xcku060_0] -filter {CELL_NAME=~"u_ila_0"}]
display_hw_ila_data [upload_hw_ila_data [get_hw_ilas -of_objects [get_hw_devices xcku060_0] -filter {CELL_NAME=~"u_ila_0"}]]
run_hw_ila [get_hw_ilas -of_objects [get_hw_devices xcku060_0] -filter {CELL_NAME=~"u_ila_0"}]
wait_on_hw_ila [get_hw_ilas -of_objects [get_hw_devices xcku060_0] -filter {CELL_NAME=~"u_ila_0"}]
display_hw_ila_data [upload_hw_ila_data [get_hw_ilas -of_objects [get_hw_devices xcku060_0] -filter {CELL_NAME=~"u_ila_0"}]]
run_hw_ila [get_hw_ilas -of_objects [get_hw_devices xcku060_0] -filter {CELL_NAME=~"u_ila_0"}]
wait_on_hw_ila [get_hw_ilas -of_objects [get_hw_devices xcku060_0] -filter {CELL_NAME=~"u_ila_0"}]
display_hw_ila_data [upload_hw_ila_data [get_hw_ilas -of_objects [get_hw_devices xcku060_0] -filter {CELL_NAME=~"u_ila_0"}]]
run_hw_ila [get_hw_ilas -of_objects [get_hw_devices xcku060_0] -filter {CELL_NAME=~"u_ila_0"}]
wait_on_hw_ila [get_hw_ilas -of_objects [get_hw_devices xcku060_0] -filter {CELL_NAME=~"u_ila_0"}]
display_hw_ila_data [upload_hw_ila_data [get_hw_ilas -of_objects [get_hw_devices xcku060_0] -filter {CELL_NAME=~"u_ila_0"}]]
run_hw_ila [get_hw_ilas -of_objects [get_hw_devices xcku060_0] -filter {CELL_NAME=~"u_ila_0"}]
wait_on_hw_ila [get_hw_ilas -of_objects [get_hw_devices xcku060_0] -filter {CELL_NAME=~"u_ila_0"}]
display_hw_ila_data [upload_hw_ila_data [get_hw_ilas -of_objects [get_hw_devices xcku060_0] -filter {CELL_NAME=~"u_ila_0"}]]
run_hw_ila [get_hw_ilas -of_objects [get_hw_devices xcku060_0] -filter {CELL_NAME=~"u_ila_0"}]
wait_on_hw_ila [get_hw_ilas -of_objects [get_hw_devices xcku060_0] -filter {CELL_NAME=~"u_ila_0"}]
display_hw_ila_data [upload_hw_ila_data [get_hw_ilas -of_objects [get_hw_devices xcku060_0] -filter {CELL_NAME=~"u_ila_0"}]]
run_hw_ila [get_hw_ilas -of_objects [get_hw_devices xcku060_0] -filter {CELL_NAME=~"u_ila_0"}]
wait_on_hw_ila [get_hw_ilas -of_objects [get_hw_devices xcku060_0] -filter {CELL_NAME=~"u_ila_0"}]
display_hw_ila_data [upload_hw_ila_data [get_hw_ilas -of_objects [get_hw_devices xcku060_0] -filter {CELL_NAME=~"u_ila_0"}]]
run_hw_ila [get_hw_ilas -of_objects [get_hw_devices xcku060_0] -filter {CELL_NAME=~"u_ila_0"}]
wait_on_hw_ila [get_hw_ilas -of_objects [get_hw_devices xcku060_0] -filter {CELL_NAME=~"u_ila_0"}]
display_hw_ila_data [upload_hw_ila_data [get_hw_ilas -of_objects [get_hw_devices xcku060_0] -filter {CELL_NAME=~"u_ila_0"}]]
run_hw_ila [get_hw_ilas -of_objects [get_hw_devices xcku060_0] -filter {CELL_NAME=~"u_ila_0"}]
wait_on_hw_ila [get_hw_ilas -of_objects [get_hw_devices xcku060_0] -filter {CELL_NAME=~"u_ila_0"}]
display_hw_ila_data [upload_hw_ila_data [get_hw_ilas -of_objects [get_hw_devices xcku060_0] -filter {CELL_NAME=~"u_ila_0"}]]
run_hw_ila [get_hw_ilas -of_objects [get_hw_devices xcku060_0] -filter {CELL_NAME=~"u_ila_0"}]
wait_on_hw_ila [get_hw_ilas -of_objects [get_hw_devices xcku060_0] -filter {CELL_NAME=~"u_ila_0"}]
display_hw_ila_data [upload_hw_ila_data [get_hw_ilas -of_objects [get_hw_devices xcku060_0] -filter {CELL_NAME=~"u_ila_0"}]]
run_hw_ila [get_hw_ilas -of_objects [get_hw_devices xcku060_0] -filter {CELL_NAME=~"u_ila_0"}]
wait_on_hw_ila [get_hw_ilas -of_objects [get_hw_devices xcku060_0] -filter {CELL_NAME=~"u_ila_0"}]
display_hw_ila_data [upload_hw_ila_data [get_hw_ilas -of_objects [get_hw_devices xcku060_0] -filter {CELL_NAME=~"u_ila_0"}]]
run_hw_ila [get_hw_ilas -of_objects [get_hw_devices xcku060_0] -filter {CELL_NAME=~"u_ila_0"}]
wait_on_hw_ila [get_hw_ilas -of_objects [get_hw_devices xcku060_0] -filter {CELL_NAME=~"u_ila_0"}]
display_hw_ila_data [upload_hw_ila_data [get_hw_ilas -of_objects [get_hw_devices xcku060_0] -filter {CELL_NAME=~"u_ila_0"}]]
run_hw_ila [get_hw_ilas -of_objects [get_hw_devices xcku060_0] -filter {CELL_NAME=~"u_ila_0"}]
wait_on_hw_ila [get_hw_ilas -of_objects [get_hw_devices xcku060_0] -filter {CELL_NAME=~"u_ila_0"}]
display_hw_ila_data [upload_hw_ila_data [get_hw_ilas -of_objects [get_hw_devices xcku060_0] -filter {CELL_NAME=~"u_ila_0"}]]
run_hw_ila [get_hw_ilas -of_objects [get_hw_devices xcku060_0] -filter {CELL_NAME=~"u_ila_0"}]
wait_on_hw_ila [get_hw_ilas -of_objects [get_hw_devices xcku060_0] -filter {CELL_NAME=~"u_ila_0"}]
display_hw_ila_data [upload_hw_ila_data [get_hw_ilas -of_objects [get_hw_devices xcku060_0] -filter {CELL_NAME=~"u_ila_0"}]]
run_hw_ila [get_hw_ilas -of_objects [get_hw_devices xcku060_0] -filter {CELL_NAME=~"u_ila_0"}]
wait_on_hw_ila [get_hw_ilas -of_objects [get_hw_devices xcku060_0] -filter {CELL_NAME=~"u_ila_0"}]
display_hw_ila_data [upload_hw_ila_data [get_hw_ilas -of_objects [get_hw_devices xcku060_0] -filter {CELL_NAME=~"u_ila_0"}]]
run_hw_ila [get_hw_ilas -of_objects [get_hw_devices xcku060_0] -filter {CELL_NAME=~"u_ila_0"}]
wait_on_hw_ila [get_hw_ilas -of_objects [get_hw_devices xcku060_0] -filter {CELL_NAME=~"u_ila_0"}]
display_hw_ila_data [upload_hw_ila_data [get_hw_ilas -of_objects [get_hw_devices xcku060_0] -filter {CELL_NAME=~"u_ila_0"}]]
run_hw_ila [get_hw_ilas -of_objects [get_hw_devices xcku060_0] -filter {CELL_NAME=~"u_ila_0"}]
wait_on_hw_ila [get_hw_ilas -of_objects [get_hw_devices xcku060_0] -filter {CELL_NAME=~"u_ila_0"}]
display_hw_ila_data [upload_hw_ila_data [get_hw_ilas -of_objects [get_hw_devices xcku060_0] -filter {CELL_NAME=~"u_ila_0"}]]
run_hw_ila [get_hw_ilas -of_objects [get_hw_devices xcku060_0] -filter {CELL_NAME=~"u_ila_0"}]
wait_on_hw_ila [get_hw_ilas -of_objects [get_hw_devices xcku060_0] -filter {CELL_NAME=~"u_ila_0"}]
display_hw_ila_data [upload_hw_ila_data [get_hw_ilas -of_objects [get_hw_devices xcku060_0] -filter {CELL_NAME=~"u_ila_0"}]]
run_hw_ila [get_hw_ilas -of_objects [get_hw_devices xcku060_0] -filter {CELL_NAME=~"u_ila_0"}]
wait_on_hw_ila [get_hw_ilas -of_objects [get_hw_devices xcku060_0] -filter {CELL_NAME=~"u_ila_0"}]
display_hw_ila_data [upload_hw_ila_data [get_hw_ilas -of_objects [get_hw_devices xcku060_0] -filter {CELL_NAME=~"u_ila_0"}]]
run_hw_ila [get_hw_ilas -of_objects [get_hw_devices xcku060_0] -filter {CELL_NAME=~"u_ila_0"}]
wait_on_hw_ila [get_hw_ilas -of_objects [get_hw_devices xcku060_0] -filter {CELL_NAME=~"u_ila_0"}]
display_hw_ila_data [upload_hw_ila_data [get_hw_ilas -of_objects [get_hw_devices xcku060_0] -filter {CELL_NAME=~"u_ila_0"}]]
run_hw_ila [get_hw_ilas -of_objects [get_hw_devices xcku060_0] -filter {CELL_NAME=~"u_ila_0"}]
wait_on_hw_ila [get_hw_ilas -of_objects [get_hw_devices xcku060_0] -filter {CELL_NAME=~"u_ila_0"}]
display_hw_ila_data [upload_hw_ila_data [get_hw_ilas -of_objects [get_hw_devices xcku060_0] -filter {CELL_NAME=~"u_ila_0"}]]
run_hw_ila [get_hw_ilas -of_objects [get_hw_devices xcku060_0] -filter {CELL_NAME=~"u_ila_0"}]
wait_on_hw_ila [get_hw_ilas -of_objects [get_hw_devices xcku060_0] -filter {CELL_NAME=~"u_ila_0"}]
display_hw_ila_data [upload_hw_ila_data [get_hw_ilas -of_objects [get_hw_devices xcku060_0] -filter {CELL_NAME=~"u_ila_0"}]]
run_hw_ila [get_hw_ilas -of_objects [get_hw_devices xcku060_0] -filter {CELL_NAME=~"u_ila_0"}]
wait_on_hw_ila [get_hw_ilas -of_objects [get_hw_devices xcku060_0] -filter {CELL_NAME=~"u_ila_0"}]
display_hw_ila_data [upload_hw_ila_data [get_hw_ilas -of_objects [get_hw_devices xcku060_0] -filter {CELL_NAME=~"u_ila_0"}]]
run_hw_ila [get_hw_ilas -of_objects [get_hw_devices xcku060_0] -filter {CELL_NAME=~"u_ila_0"}]
wait_on_hw_ila [get_hw_ilas -of_objects [get_hw_devices xcku060_0] -filter {CELL_NAME=~"u_ila_0"}]
display_hw_ila_data [upload_hw_ila_data [get_hw_ilas -of_objects [get_hw_devices xcku060_0] -filter {CELL_NAME=~"u_ila_0"}]]
run_hw_ila [get_hw_ilas -of_objects [get_hw_devices xcku060_0] -filter {CELL_NAME=~"u_ila_0"}]
wait_on_hw_ila [get_hw_ilas -of_objects [get_hw_devices xcku060_0] -filter {CELL_NAME=~"u_ila_0"}]
display_hw_ila_data [upload_hw_ila_data [get_hw_ilas -of_objects [get_hw_devices xcku060_0] -filter {CELL_NAME=~"u_ila_0"}]]
run_hw_ila [get_hw_ilas -of_objects [get_hw_devices xcku060_0] -filter {CELL_NAME=~"u_ila_0"}]
wait_on_hw_ila [get_hw_ilas -of_objects [get_hw_devices xcku060_0] -filter {CELL_NAME=~"u_ila_0"}]
display_hw_ila_data [upload_hw_ila_data [get_hw_ilas -of_objects [get_hw_devices xcku060_0] -filter {CELL_NAME=~"u_ila_0"}]]
run_hw_ila [get_hw_ilas -of_objects [get_hw_devices xcku060_0] -filter {CELL_NAME=~"u_ila_0"}]
wait_on_hw_ila [get_hw_ilas -of_objects [get_hw_devices xcku060_0] -filter {CELL_NAME=~"u_ila_0"}]
display_hw_ila_data [upload_hw_ila_data [get_hw_ilas -of_objects [get_hw_devices xcku060_0] -filter {CELL_NAME=~"u_ila_0"}]]
run_hw_ila [get_hw_ilas -of_objects [get_hw_devices xcku060_0] -filter {CELL_NAME=~"u_ila_0"}]
wait_on_hw_ila [get_hw_ilas -of_objects [get_hw_devices xcku060_0] -filter {CELL_NAME=~"u_ila_0"}]
display_hw_ila_data [upload_hw_ila_data [get_hw_ilas -of_objects [get_hw_devices xcku060_0] -filter {CELL_NAME=~"u_ila_0"}]]
run_hw_ila [get_hw_ilas -of_objects [get_hw_devices xcku060_0] -filter {CELL_NAME=~"u_ila_0"}]
wait_on_hw_ila [get_hw_ilas -of_objects [get_hw_devices xcku060_0] -filter {CELL_NAME=~"u_ila_0"}]
display_hw_ila_data [upload_hw_ila_data [get_hw_ilas -of_objects [get_hw_devices xcku060_0] -filter {CELL_NAME=~"u_ila_0"}]]
run_hw_ila [get_hw_ilas -of_objects [get_hw_devices xcku060_0] -filter {CELL_NAME=~"u_ila_0"}]
wait_on_hw_ila [get_hw_ilas -of_objects [get_hw_devices xcku060_0] -filter {CELL_NAME=~"u_ila_0"}]
display_hw_ila_data [upload_hw_ila_data [get_hw_ilas -of_objects [get_hw_devices xcku060_0] -filter {CELL_NAME=~"u_ila_0"}]]
run_hw_ila [get_hw_ilas -of_objects [get_hw_devices xcku060_0] -filter {CELL_NAME=~"u_ila_0"}]
wait_on_hw_ila [get_hw_ilas -of_objects [get_hw_devices xcku060_0] -filter {CELL_NAME=~"u_ila_0"}]
display_hw_ila_data [upload_hw_ila_data [get_hw_ilas -of_objects [get_hw_devices xcku060_0] -filter {CELL_NAME=~"u_ila_0"}]]
run_hw_ila [get_hw_ilas -of_objects [get_hw_devices xcku060_0] -filter {CELL_NAME=~"u_ila_0"}]
wait_on_hw_ila [get_hw_ilas -of_objects [get_hw_devices xcku060_0] -filter {CELL_NAME=~"u_ila_0"}]
display_hw_ila_data [upload_hw_ila_data [get_hw_ilas -of_objects [get_hw_devices xcku060_0] -filter {CELL_NAME=~"u_ila_0"}]]
run_hw_ila [get_hw_ilas -of_objects [get_hw_devices xcku060_0] -filter {CELL_NAME=~"u_ila_0"}]
wait_on_hw_ila [get_hw_ilas -of_objects [get_hw_devices xcku060_0] -filter {CELL_NAME=~"u_ila_0"}]
display_hw_ila_data [upload_hw_ila_data [get_hw_ilas -of_objects [get_hw_devices xcku060_0] -filter {CELL_NAME=~"u_ila_0"}]]
run_hw_ila [get_hw_ilas -of_objects [get_hw_devices xcku060_0] -filter {CELL_NAME=~"u_ila_0"}]
wait_on_hw_ila [get_hw_ilas -of_objects [get_hw_devices xcku060_0] -filter {CELL_NAME=~"u_ila_0"}]
display_hw_ila_data [upload_hw_ila_data [get_hw_ilas -of_objects [get_hw_devices xcku060_0] -filter {CELL_NAME=~"u_ila_0"}]]
run_hw_ila [get_hw_ilas -of_objects [get_hw_devices xcku060_0] -filter {CELL_NAME=~"u_ila_0"}]
wait_on_hw_ila [get_hw_ilas -of_objects [get_hw_devices xcku060_0] -filter {CELL_NAME=~"u_ila_0"}]
display_hw_ila_data [upload_hw_ila_data [get_hw_ilas -of_objects [get_hw_devices xcku060_0] -filter {CELL_NAME=~"u_ila_0"}]]
run_hw_ila [get_hw_ilas -of_objects [get_hw_devices xcku060_0] -filter {CELL_NAME=~"u_ila_0"}]
wait_on_hw_ila [get_hw_ilas -of_objects [get_hw_devices xcku060_0] -filter {CELL_NAME=~"u_ila_0"}]
display_hw_ila_data [upload_hw_ila_data [get_hw_ilas -of_objects [get_hw_devices xcku060_0] -filter {CELL_NAME=~"u_ila_0"}]]
run_hw_ila [get_hw_ilas -of_objects [get_hw_devices xcku060_0] -filter {CELL_NAME=~"u_ila_0"}]
wait_on_hw_ila [get_hw_ilas -of_objects [get_hw_devices xcku060_0] -filter {CELL_NAME=~"u_ila_0"}]
display_hw_ila_data [upload_hw_ila_data [get_hw_ilas -of_objects [get_hw_devices xcku060_0] -filter {CELL_NAME=~"u_ila_0"}]]
run_hw_ila [get_hw_ilas -of_objects [get_hw_devices xcku060_0] -filter {CELL_NAME=~"u_ila_0"}]
wait_on_hw_ila [get_hw_ilas -of_objects [get_hw_devices xcku060_0] -filter {CELL_NAME=~"u_ila_0"}]
display_hw_ila_data [upload_hw_ila_data [get_hw_ilas -of_objects [get_hw_devices xcku060_0] -filter {CELL_NAME=~"u_ila_0"}]]
run_hw_ila [get_hw_ilas -of_objects [get_hw_devices xcku060_0] -filter {CELL_NAME=~"u_ila_0"}]
wait_on_hw_ila [get_hw_ilas -of_objects [get_hw_devices xcku060_0] -filter {CELL_NAME=~"u_ila_0"}]
display_hw_ila_data [upload_hw_ila_data [get_hw_ilas -of_objects [get_hw_devices xcku060_0] -filter {CELL_NAME=~"u_ila_0"}]]
run_hw_ila [get_hw_ilas -of_objects [get_hw_devices xcku060_0] -filter {CELL_NAME=~"u_ila_0"}]
wait_on_hw_ila [get_hw_ilas -of_objects [get_hw_devices xcku060_0] -filter {CELL_NAME=~"u_ila_0"}]
display_hw_ila_data [upload_hw_ila_data [get_hw_ilas -of_objects [get_hw_devices xcku060_0] -filter {CELL_NAME=~"u_ila_0"}]]
run_hw_ila [get_hw_ilas -of_objects [get_hw_devices xcku060_0] -filter {CELL_NAME=~"u_ila_0"}]
wait_on_hw_ila [get_hw_ilas -of_objects [get_hw_devices xcku060_0] -filter {CELL_NAME=~"u_ila_0"}]
display_hw_ila_data [upload_hw_ila_data [get_hw_ilas -of_objects [get_hw_devices xcku060_0] -filter {CELL_NAME=~"u_ila_0"}]]
run_hw_ila [get_hw_ilas -of_objects [get_hw_devices xcku060_0] -filter {CELL_NAME=~"u_ila_0"}]
wait_on_hw_ila [get_hw_ilas -of_objects [get_hw_devices xcku060_0] -filter {CELL_NAME=~"u_ila_0"}]
display_hw_ila_data [upload_hw_ila_data [get_hw_ilas -of_objects [get_hw_devices xcku060_0] -filter {CELL_NAME=~"u_ila_0"}]]
run_hw_ila [get_hw_ilas -of_objects [get_hw_devices xcku060_0] -filter {CELL_NAME=~"u_ila_0"}]
wait_on_hw_ila [get_hw_ilas -of_objects [get_hw_devices xcku060_0] -filter {CELL_NAME=~"u_ila_0"}]
display_hw_ila_data [upload_hw_ila_data [get_hw_ilas -of_objects [get_hw_devices xcku060_0] -filter {CELL_NAME=~"u_ila_0"}]]
run_hw_ila [get_hw_ilas -of_objects [get_hw_devices xcku060_0] -filter {CELL_NAME=~"u_ila_0"}]
wait_on_hw_ila [get_hw_ilas -of_objects [get_hw_devices xcku060_0] -filter {CELL_NAME=~"u_ila_0"}]
display_hw_ila_data [upload_hw_ila_data [get_hw_ilas -of_objects [get_hw_devices xcku060_0] -filter {CELL_NAME=~"u_ila_0"}]]
run_hw_ila [get_hw_ilas -of_objects [get_hw_devices xcku060_0] -filter {CELL_NAME=~"u_ila_0"}]
wait_on_hw_ila [get_hw_ilas -of_objects [get_hw_devices xcku060_0] -filter {CELL_NAME=~"u_ila_0"}]
display_hw_ila_data [upload_hw_ila_data [get_hw_ilas -of_objects [get_hw_devices xcku060_0] -filter {CELL_NAME=~"u_ila_0"}]]
run_hw_ila [get_hw_ilas -of_objects [get_hw_devices xcku060_0] -filter {CELL_NAME=~"u_ila_0"}]
wait_on_hw_ila [get_hw_ilas -of_objects [get_hw_devices xcku060_0] -filter {CELL_NAME=~"u_ila_0"}]
display_hw_ila_data [upload_hw_ila_data [get_hw_ilas -of_objects [get_hw_devices xcku060_0] -filter {CELL_NAME=~"u_ila_0"}]]
run_hw_ila [get_hw_ilas -of_objects [get_hw_devices xcku060_0] -filter {CELL_NAME=~"u_ila_0"}]
wait_on_hw_ila [get_hw_ilas -of_objects [get_hw_devices xcku060_0] -filter {CELL_NAME=~"u_ila_0"}]
display_hw_ila_data [upload_hw_ila_data [get_hw_ilas -of_objects [get_hw_devices xcku060_0] -filter {CELL_NAME=~"u_ila_0"}]]
run_hw_ila [get_hw_ilas -of_objects [get_hw_devices xcku060_0] -filter {CELL_NAME=~"u_ila_0"}]
wait_on_hw_ila [get_hw_ilas -of_objects [get_hw_devices xcku060_0] -filter {CELL_NAME=~"u_ila_0"}]
display_hw_ila_data [upload_hw_ila_data [get_hw_ilas -of_objects [get_hw_devices xcku060_0] -filter {CELL_NAME=~"u_ila_0"}]]
run_hw_ila [get_hw_ilas -of_objects [get_hw_devices xcku060_0] -filter {CELL_NAME=~"u_ila_0"}]
wait_on_hw_ila [get_hw_ilas -of_objects [get_hw_devices xcku060_0] -filter {CELL_NAME=~"u_ila_0"}]
display_hw_ila_data [upload_hw_ila_data [get_hw_ilas -of_objects [get_hw_devices xcku060_0] -filter {CELL_NAME=~"u_ila_0"}]]
run_hw_ila [get_hw_ilas -of_objects [get_hw_devices xcku060_0] -filter {CELL_NAME=~"u_ila_0"}]
wait_on_hw_ila [get_hw_ilas -of_objects [get_hw_devices xcku060_0] -filter {CELL_NAME=~"u_ila_0"}]
display_hw_ila_data [upload_hw_ila_data [get_hw_ilas -of_objects [get_hw_devices xcku060_0] -filter {CELL_NAME=~"u_ila_0"}]]
run_hw_ila [get_hw_ilas -of_objects [get_hw_devices xcku060_0] -filter {CELL_NAME=~"u_ila_0"}]
wait_on_hw_ila [get_hw_ilas -of_objects [get_hw_devices xcku060_0] -filter {CELL_NAME=~"u_ila_0"}]
display_hw_ila_data [upload_hw_ila_data [get_hw_ilas -of_objects [get_hw_devices xcku060_0] -filter {CELL_NAME=~"u_ila_0"}]]
run_hw_ila [get_hw_ilas -of_objects [get_hw_devices xcku060_0] -filter {CELL_NAME=~"u_ila_0"}]
wait_on_hw_ila [get_hw_ilas -of_objects [get_hw_devices xcku060_0] -filter {CELL_NAME=~"u_ila_0"}]
display_hw_ila_data [upload_hw_ila_data [get_hw_ilas -of_objects [get_hw_devices xcku060_0] -filter {CELL_NAME=~"u_ila_0"}]]
run_hw_ila [get_hw_ilas -of_objects [get_hw_devices xcku060_0] -filter {CELL_NAME=~"u_ila_0"}]
wait_on_hw_ila [get_hw_ilas -of_objects [get_hw_devices xcku060_0] -filter {CELL_NAME=~"u_ila_0"}]
display_hw_ila_data [upload_hw_ila_data [get_hw_ilas -of_objects [get_hw_devices xcku060_0] -filter {CELL_NAME=~"u_ila_0"}]]
run_hw_ila [get_hw_ilas -of_objects [get_hw_devices xcku060_0] -filter {CELL_NAME=~"u_ila_0"}]
wait_on_hw_ila [get_hw_ilas -of_objects [get_hw_devices xcku060_0] -filter {CELL_NAME=~"u_ila_0"}]
display_hw_ila_data [upload_hw_ila_data [get_hw_ilas -of_objects [get_hw_devices xcku060_0] -filter {CELL_NAME=~"u_ila_0"}]]
run_hw_ila [get_hw_ilas -of_objects [get_hw_devices xcku060_0] -filter {CELL_NAME=~"u_ila_0"}]
wait_on_hw_ila [get_hw_ilas -of_objects [get_hw_devices xcku060_0] -filter {CELL_NAME=~"u_ila_0"}]
display_hw_ila_data [upload_hw_ila_data [get_hw_ilas -of_objects [get_hw_devices xcku060_0] -filter {CELL_NAME=~"u_ila_0"}]]
run_hw_ila [get_hw_ilas -of_objects [get_hw_devices xcku060_0] -filter {CELL_NAME=~"u_ila_0"}]
wait_on_hw_ila [get_hw_ilas -of_objects [get_hw_devices xcku060_0] -filter {CELL_NAME=~"u_ila_0"}]
display_hw_ila_data [upload_hw_ila_data [get_hw_ilas -of_objects [get_hw_devices xcku060_0] -filter {CELL_NAME=~"u_ila_0"}]]
run_hw_ila [get_hw_ilas -of_objects [get_hw_devices xcku060_0] -filter {CELL_NAME=~"u_ila_0"}]
wait_on_hw_ila [get_hw_ilas -of_objects [get_hw_devices xcku060_0] -filter {CELL_NAME=~"u_ila_0"}]
display_hw_ila_data [upload_hw_ila_data [get_hw_ilas -of_objects [get_hw_devices xcku060_0] -filter {CELL_NAME=~"u_ila_0"}]]
run_hw_ila [get_hw_ilas -of_objects [get_hw_devices xcku060_0] -filter {CELL_NAME=~"u_ila_0"}]
wait_on_hw_ila [get_hw_ilas -of_objects [get_hw_devices xcku060_0] -filter {CELL_NAME=~"u_ila_0"}]
display_hw_ila_data [upload_hw_ila_data [get_hw_ilas -of_objects [get_hw_devices xcku060_0] -filter {CELL_NAME=~"u_ila_0"}]]
run_hw_ila [get_hw_ilas -of_objects [get_hw_devices xcku060_0] -filter {CELL_NAME=~"u_ila_0"}]
wait_on_hw_ila [get_hw_ilas -of_objects [get_hw_devices xcku060_0] -filter {CELL_NAME=~"u_ila_0"}]
display_hw_ila_data [upload_hw_ila_data [get_hw_ilas -of_objects [get_hw_devices xcku060_0] -filter {CELL_NAME=~"u_ila_0"}]]
run_hw_ila [get_hw_ilas -of_objects [get_hw_devices xcku060_0] -filter {CELL_NAME=~"u_ila_0"}]
wait_on_hw_ila [get_hw_ilas -of_objects [get_hw_devices xcku060_0] -filter {CELL_NAME=~"u_ila_0"}]
display_hw_ila_data [upload_hw_ila_data [get_hw_ilas -of_objects [get_hw_devices xcku060_0] -filter {CELL_NAME=~"u_ila_0"}]]
run_hw_ila [get_hw_ilas -of_objects [get_hw_devices xcku060_0] -filter {CELL_NAME=~"u_ila_0"}]
wait_on_hw_ila [get_hw_ilas -of_objects [get_hw_devices xcku060_0] -filter {CELL_NAME=~"u_ila_0"}]
display_hw_ila_data [upload_hw_ila_data [get_hw_ilas -of_objects [get_hw_devices xcku060_0] -filter {CELL_NAME=~"u_ila_0"}]]
run_hw_ila [get_hw_ilas -of_objects [get_hw_devices xcku060_0] -filter {CELL_NAME=~"u_ila_0"}]
wait_on_hw_ila [get_hw_ilas -of_objects [get_hw_devices xcku060_0] -filter {CELL_NAME=~"u_ila_0"}]
display_hw_ila_data [upload_hw_ila_data [get_hw_ilas -of_objects [get_hw_devices xcku060_0] -filter {CELL_NAME=~"u_ila_0"}]]
run_hw_ila [get_hw_ilas -of_objects [get_hw_devices xcku060_0] -filter {CELL_NAME=~"u_ila_0"}]
wait_on_hw_ila [get_hw_ilas -of_objects [get_hw_devices xcku060_0] -filter {CELL_NAME=~"u_ila_0"}]
display_hw_ila_data [upload_hw_ila_data [get_hw_ilas -of_objects [get_hw_devices xcku060_0] -filter {CELL_NAME=~"u_ila_0"}]]
run_hw_ila [get_hw_ilas -of_objects [get_hw_devices xcku060_0] -filter {CELL_NAME=~"u_ila_0"}]
wait_on_hw_ila [get_hw_ilas -of_objects [get_hw_devices xcku060_0] -filter {CELL_NAME=~"u_ila_0"}]
display_hw_ila_data [upload_hw_ila_data [get_hw_ilas -of_objects [get_hw_devices xcku060_0] -filter {CELL_NAME=~"u_ila_0"}]]
run_hw_ila [get_hw_ilas -of_objects [get_hw_devices xcku060_0] -filter {CELL_NAME=~"u_ila_0"}]
wait_on_hw_ila [get_hw_ilas -of_objects [get_hw_devices xcku060_0] -filter {CELL_NAME=~"u_ila_0"}]
display_hw_ila_data [upload_hw_ila_data [get_hw_ilas -of_objects [get_hw_devices xcku060_0] -filter {CELL_NAME=~"u_ila_0"}]]
run_hw_ila [get_hw_ilas -of_objects [get_hw_devices xcku060_0] -filter {CELL_NAME=~"u_ila_0"}]
wait_on_hw_ila [get_hw_ilas -of_objects [get_hw_devices xcku060_0] -filter {CELL_NAME=~"u_ila_0"}]
display_hw_ila_data [upload_hw_ila_data [get_hw_ilas -of_objects [get_hw_devices xcku060_0] -filter {CELL_NAME=~"u_ila_0"}]]
run_hw_ila [get_hw_ilas -of_objects [get_hw_devices xcku060_0] -filter {CELL_NAME=~"u_ila_0"}]
wait_on_hw_ila [get_hw_ilas -of_objects [get_hw_devices xcku060_0] -filter {CELL_NAME=~"u_ila_0"}]
display_hw_ila_data [upload_hw_ila_data [get_hw_ilas -of_objects [get_hw_devices xcku060_0] -filter {CELL_NAME=~"u_ila_0"}]]
run_hw_ila [get_hw_ilas -of_objects [get_hw_devices xcku060_0] -filter {CELL_NAME=~"u_ila_0"}]
wait_on_hw_ila [get_hw_ilas -of_objects [get_hw_devices xcku060_0] -filter {CELL_NAME=~"u_ila_0"}]
display_hw_ila_data [upload_hw_ila_data [get_hw_ilas -of_objects [get_hw_devices xcku060_0] -filter {CELL_NAME=~"u_ila_0"}]]
run_hw_ila [get_hw_ilas -of_objects [get_hw_devices xcku060_0] -filter {CELL_NAME=~"u_ila_0"}]
wait_on_hw_ila [get_hw_ilas -of_objects [get_hw_devices xcku060_0] -filter {CELL_NAME=~"u_ila_0"}]
display_hw_ila_data [upload_hw_ila_data [get_hw_ilas -of_objects [get_hw_devices xcku060_0] -filter {CELL_NAME=~"u_ila_0"}]]
run_hw_ila [get_hw_ilas -of_objects [get_hw_devices xcku060_0] -filter {CELL_NAME=~"u_ila_0"}]
wait_on_hw_ila [get_hw_ilas -of_objects [get_hw_devices xcku060_0] -filter {CELL_NAME=~"u_ila_0"}]
display_hw_ila_data [upload_hw_ila_data [get_hw_ilas -of_objects [get_hw_devices xcku060_0] -filter {CELL_NAME=~"u_ila_0"}]]
run_hw_ila [get_hw_ilas -of_objects [get_hw_devices xcku060_0] -filter {CELL_NAME=~"u_ila_0"}]
wait_on_hw_ila [get_hw_ilas -of_objects [get_hw_devices xcku060_0] -filter {CELL_NAME=~"u_ila_0"}]
display_hw_ila_data [upload_hw_ila_data [get_hw_ilas -of_objects [get_hw_devices xcku060_0] -filter {CELL_NAME=~"u_ila_0"}]]
run_hw_ila [get_hw_ilas -of_objects [get_hw_devices xcku060_0] -filter {CELL_NAME=~"u_ila_0"}]
wait_on_hw_ila [get_hw_ilas -of_objects [get_hw_devices xcku060_0] -filter {CELL_NAME=~"u_ila_0"}]
display_hw_ila_data [upload_hw_ila_data [get_hw_ilas -of_objects [get_hw_devices xcku060_0] -filter {CELL_NAME=~"u_ila_0"}]]
run_hw_ila [get_hw_ilas -of_objects [get_hw_devices xcku060_0] -filter {CELL_NAME=~"u_ila_0"}]
wait_on_hw_ila [get_hw_ilas -of_objects [get_hw_devices xcku060_0] -filter {CELL_NAME=~"u_ila_0"}]
display_hw_ila_data [upload_hw_ila_data [get_hw_ilas -of_objects [get_hw_devices xcku060_0] -filter {CELL_NAME=~"u_ila_0"}]]
run_hw_ila [get_hw_ilas -of_objects [get_hw_devices xcku060_0] -filter {CELL_NAME=~"u_ila_0"}]
wait_on_hw_ila [get_hw_ilas -of_objects [get_hw_devices xcku060_0] -filter {CELL_NAME=~"u_ila_0"}]
display_hw_ila_data [upload_hw_ila_data [get_hw_ilas -of_objects [get_hw_devices xcku060_0] -filter {CELL_NAME=~"u_ila_0"}]]
run_hw_ila [get_hw_ilas -of_objects [get_hw_devices xcku060_0] -filter {CELL_NAME=~"u_ila_0"}]
wait_on_hw_ila [get_hw_ilas -of_objects [get_hw_devices xcku060_0] -filter {CELL_NAME=~"u_ila_0"}]
display_hw_ila_data [upload_hw_ila_data [get_hw_ilas -of_objects [get_hw_devices xcku060_0] -filter {CELL_NAME=~"u_ila_0"}]]
run_hw_ila [get_hw_ilas -of_objects [get_hw_devices xcku060_0] -filter {CELL_NAME=~"u_ila_0"}]
wait_on_hw_ila [get_hw_ilas -of_objects [get_hw_devices xcku060_0] -filter {CELL_NAME=~"u_ila_0"}]
display_hw_ila_data [upload_hw_ila_data [get_hw_ilas -of_objects [get_hw_devices xcku060_0] -filter {CELL_NAME=~"u_ila_0"}]]
run_hw_ila [get_hw_ilas -of_objects [get_hw_devices xcku060_0] -filter {CELL_NAME=~"u_ila_0"}]
wait_on_hw_ila [get_hw_ilas -of_objects [get_hw_devices xcku060_0] -filter {CELL_NAME=~"u_ila_0"}]
display_hw_ila_data [upload_hw_ila_data [get_hw_ilas -of_objects [get_hw_devices xcku060_0] -filter {CELL_NAME=~"u_ila_0"}]]
run_hw_ila [get_hw_ilas -of_objects [get_hw_devices xcku060_0] -filter {CELL_NAME=~"u_ila_0"}]
wait_on_hw_ila [get_hw_ilas -of_objects [get_hw_devices xcku060_0] -filter {CELL_NAME=~"u_ila_0"}]
display_hw_ila_data [upload_hw_ila_data [get_hw_ilas -of_objects [get_hw_devices xcku060_0] -filter {CELL_NAME=~"u_ila_0"}]]
run_hw_ila [get_hw_ilas -of_objects [get_hw_devices xcku060_0] -filter {CELL_NAME=~"u_ila_0"}]
wait_on_hw_ila [get_hw_ilas -of_objects [get_hw_devices xcku060_0] -filter {CELL_NAME=~"u_ila_0"}]
display_hw_ila_data [upload_hw_ila_data [get_hw_ilas -of_objects [get_hw_devices xcku060_0] -filter {CELL_NAME=~"u_ila_0"}]]
run_hw_ila [get_hw_ilas -of_objects [get_hw_devices xcku060_0] -filter {CELL_NAME=~"u_ila_0"}]
wait_on_hw_ila [get_hw_ilas -of_objects [get_hw_devices xcku060_0] -filter {CELL_NAME=~"u_ila_0"}]
display_hw_ila_data [upload_hw_ila_data [get_hw_ilas -of_objects [get_hw_devices xcku060_0] -filter {CELL_NAME=~"u_ila_0"}]]
run_hw_ila [get_hw_ilas -of_objects [get_hw_devices xcku060_0] -filter {CELL_NAME=~"u_ila_0"}]
wait_on_hw_ila [get_hw_ilas -of_objects [get_hw_devices xcku060_0] -filter {CELL_NAME=~"u_ila_0"}]
display_hw_ila_data [upload_hw_ila_data [get_hw_ilas -of_objects [get_hw_devices xcku060_0] -filter {CELL_NAME=~"u_ila_0"}]]
run_hw_ila [get_hw_ilas -of_objects [get_hw_devices xcku060_0] -filter {CELL_NAME=~"u_ila_0"}]
wait_on_hw_ila [get_hw_ilas -of_objects [get_hw_devices xcku060_0] -filter {CELL_NAME=~"u_ila_0"}]
display_hw_ila_data [upload_hw_ila_data [get_hw_ilas -of_objects [get_hw_devices xcku060_0] -filter {CELL_NAME=~"u_ila_0"}]]
run_hw_ila [get_hw_ilas -of_objects [get_hw_devices xcku060_0] -filter {CELL_NAME=~"u_ila_0"}]
wait_on_hw_ila [get_hw_ilas -of_objects [get_hw_devices xcku060_0] -filter {CELL_NAME=~"u_ila_0"}]
display_hw_ila_data [upload_hw_ila_data [get_hw_ilas -of_objects [get_hw_devices xcku060_0] -filter {CELL_NAME=~"u_ila_0"}]]
run_hw_ila [get_hw_ilas -of_objects [get_hw_devices xcku060_0] -filter {CELL_NAME=~"u_ila_0"}]
wait_on_hw_ila [get_hw_ilas -of_objects [get_hw_devices xcku060_0] -filter {CELL_NAME=~"u_ila_0"}]
display_hw_ila_data [upload_hw_ila_data [get_hw_ilas -of_objects [get_hw_devices xcku060_0] -filter {CELL_NAME=~"u_ila_0"}]]
run_hw_ila [get_hw_ilas -of_objects [get_hw_devices xcku060_0] -filter {CELL_NAME=~"u_ila_0"}]
wait_on_hw_ila [get_hw_ilas -of_objects [get_hw_devices xcku060_0] -filter {CELL_NAME=~"u_ila_0"}]
display_hw_ila_data [upload_hw_ila_data [get_hw_ilas -of_objects [get_hw_devices xcku060_0] -filter {CELL_NAME=~"u_ila_0"}]]
run_hw_ila [get_hw_ilas -of_objects [get_hw_devices xcku060_0] -filter {CELL_NAME=~"u_ila_0"}]
wait_on_hw_ila [get_hw_ilas -of_objects [get_hw_devices xcku060_0] -filter {CELL_NAME=~"u_ila_0"}]
display_hw_ila_data [upload_hw_ila_data [get_hw_ilas -of_objects [get_hw_devices xcku060_0] -filter {CELL_NAME=~"u_ila_0"}]]
run_hw_ila [get_hw_ilas -of_objects [get_hw_devices xcku060_0] -filter {CELL_NAME=~"u_ila_0"}]
wait_on_hw_ila [get_hw_ilas -of_objects [get_hw_devices xcku060_0] -filter {CELL_NAME=~"u_ila_0"}]
display_hw_ila_data [upload_hw_ila_data [get_hw_ilas -of_objects [get_hw_devices xcku060_0] -filter {CELL_NAME=~"u_ila_0"}]]
run_hw_ila [get_hw_ilas -of_objects [get_hw_devices xcku060_0] -filter {CELL_NAME=~"u_ila_0"}]
wait_on_hw_ila [get_hw_ilas -of_objects [get_hw_devices xcku060_0] -filter {CELL_NAME=~"u_ila_0"}]
display_hw_ila_data [upload_hw_ila_data [get_hw_ilas -of_objects [get_hw_devices xcku060_0] -filter {CELL_NAME=~"u_ila_0"}]]
run_hw_ila [get_hw_ilas -of_objects [get_hw_devices xcku060_0] -filter {CELL_NAME=~"u_ila_0"}]
wait_on_hw_ila [get_hw_ilas -of_objects [get_hw_devices xcku060_0] -filter {CELL_NAME=~"u_ila_0"}]
display_hw_ila_data [upload_hw_ila_data [get_hw_ilas -of_objects [get_hw_devices xcku060_0] -filter {CELL_NAME=~"u_ila_0"}]]
run_hw_ila [get_hw_ilas -of_objects [get_hw_devices xcku060_0] -filter {CELL_NAME=~"u_ila_0"}]
wait_on_hw_ila [get_hw_ilas -of_objects [get_hw_devices xcku060_0] -filter {CELL_NAME=~"u_ila_0"}]
display_hw_ila_data [upload_hw_ila_data [get_hw_ilas -of_objects [get_hw_devices xcku060_0] -filter {CELL_NAME=~"u_ila_0"}]]
run_hw_ila [get_hw_ilas -of_objects [get_hw_devices xcku060_0] -filter {CELL_NAME=~"u_ila_0"}]
wait_on_hw_ila [get_hw_ilas -of_objects [get_hw_devices xcku060_0] -filter {CELL_NAME=~"u_ila_0"}]
display_hw_ila_data [upload_hw_ila_data [get_hw_ilas -of_objects [get_hw_devices xcku060_0] -filter {CELL_NAME=~"u_ila_0"}]]
run_hw_ila [get_hw_ilas -of_objects [get_hw_devices xcku060_0] -filter {CELL_NAME=~"u_ila_0"}]
wait_on_hw_ila [get_hw_ilas -of_objects [get_hw_devices xcku060_0] -filter {CELL_NAME=~"u_ila_0"}]
display_hw_ila_data [upload_hw_ila_data [get_hw_ilas -of_objects [get_hw_devices xcku060_0] -filter {CELL_NAME=~"u_ila_0"}]]
run_hw_ila [get_hw_ilas -of_objects [get_hw_devices xcku060_0] -filter {CELL_NAME=~"u_ila_0"}]
wait_on_hw_ila [get_hw_ilas -of_objects [get_hw_devices xcku060_0] -filter {CELL_NAME=~"u_ila_0"}]
display_hw_ila_data [upload_hw_ila_data [get_hw_ilas -of_objects [get_hw_devices xcku060_0] -filter {CELL_NAME=~"u_ila_0"}]]
run_hw_ila [get_hw_ilas -of_objects [get_hw_devices xcku060_0] -filter {CELL_NAME=~"u_ila_0"}]
wait_on_hw_ila [get_hw_ilas -of_objects [get_hw_devices xcku060_0] -filter {CELL_NAME=~"u_ila_0"}]
display_hw_ila_data [upload_hw_ila_data [get_hw_ilas -of_objects [get_hw_devices xcku060_0] -filter {CELL_NAME=~"u_ila_0"}]]
run_hw_ila [get_hw_ilas -of_objects [get_hw_devices xcku060_0] -filter {CELL_NAME=~"u_ila_0"}]
wait_on_hw_ila [get_hw_ilas -of_objects [get_hw_devices xcku060_0] -filter {CELL_NAME=~"u_ila_0"}]
display_hw_ila_data [upload_hw_ila_data [get_hw_ilas -of_objects [get_hw_devices xcku060_0] -filter {CELL_NAME=~"u_ila_0"}]]
run_hw_ila [get_hw_ilas -of_objects [get_hw_devices xcku060_0] -filter {CELL_NAME=~"u_ila_0"}]
wait_on_hw_ila [get_hw_ilas -of_objects [get_hw_devices xcku060_0] -filter {CELL_NAME=~"u_ila_0"}]
display_hw_ila_data [upload_hw_ila_data [get_hw_ilas -of_objects [get_hw_devices xcku060_0] -filter {CELL_NAME=~"u_ila_0"}]]
run_hw_ila [get_hw_ilas -of_objects [get_hw_devices xcku060_0] -filter {CELL_NAME=~"u_ila_0"}]
wait_on_hw_ila [get_hw_ilas -of_objects [get_hw_devices xcku060_0] -filter {CELL_NAME=~"u_ila_0"}]
display_hw_ila_data [upload_hw_ila_data [get_hw_ilas -of_objects [get_hw_devices xcku060_0] -filter {CELL_NAME=~"u_ila_0"}]]
run_hw_ila [get_hw_ilas -of_objects [get_hw_devices xcku060_0] -filter {CELL_NAME=~"u_ila_0"}]
wait_on_hw_ila [get_hw_ilas -of_objects [get_hw_devices xcku060_0] -filter {CELL_NAME=~"u_ila_0"}]
display_hw_ila_data [upload_hw_ila_data [get_hw_ilas -of_objects [get_hw_devices xcku060_0] -filter {CELL_NAME=~"u_ila_0"}]]
run_hw_ila [get_hw_ilas -of_objects [get_hw_devices xcku060_0] -filter {CELL_NAME=~"u_ila_0"}]
wait_on_hw_ila [get_hw_ilas -of_objects [get_hw_devices xcku060_0] -filter {CELL_NAME=~"u_ila_0"}]
display_hw_ila_data [upload_hw_ila_data [get_hw_ilas -of_objects [get_hw_devices xcku060_0] -filter {CELL_NAME=~"u_ila_0"}]]
run_hw_ila [get_hw_ilas -of_objects [get_hw_devices xcku060_0] -filter {CELL_NAME=~"u_ila_0"}]
wait_on_hw_ila [get_hw_ilas -of_objects [get_hw_devices xcku060_0] -filter {CELL_NAME=~"u_ila_0"}]
display_hw_ila_data [upload_hw_ila_data [get_hw_ilas -of_objects [get_hw_devices xcku060_0] -filter {CELL_NAME=~"u_ila_0"}]]
run_hw_ila [get_hw_ilas -of_objects [get_hw_devices xcku060_0] -filter {CELL_NAME=~"u_ila_0"}]
wait_on_hw_ila [get_hw_ilas -of_objects [get_hw_devices xcku060_0] -filter {CELL_NAME=~"u_ila_0"}]
display_hw_ila_data [upload_hw_ila_data [get_hw_ilas -of_objects [get_hw_devices xcku060_0] -filter {CELL_NAME=~"u_ila_0"}]]
run_hw_ila [get_hw_ilas -of_objects [get_hw_devices xcku060_0] -filter {CELL_NAME=~"u_ila_0"}]
wait_on_hw_ila [get_hw_ilas -of_objects [get_hw_devices xcku060_0] -filter {CELL_NAME=~"u_ila_0"}]
display_hw_ila_data [upload_hw_ila_data [get_hw_ilas -of_objects [get_hw_devices xcku060_0] -filter {CELL_NAME=~"u_ila_0"}]]
run_hw_ila [get_hw_ilas -of_objects [get_hw_devices xcku060_0] -filter {CELL_NAME=~"u_ila_0"}]
wait_on_hw_ila [get_hw_ilas -of_objects [get_hw_devices xcku060_0] -filter {CELL_NAME=~"u_ila_0"}]
display_hw_ila_data [upload_hw_ila_data [get_hw_ilas -of_objects [get_hw_devices xcku060_0] -filter {CELL_NAME=~"u_ila_0"}]]
run_hw_ila [get_hw_ilas -of_objects [get_hw_devices xcku060_0] -filter {CELL_NAME=~"u_ila_0"}]
wait_on_hw_ila [get_hw_ilas -of_objects [get_hw_devices xcku060_0] -filter {CELL_NAME=~"u_ila_0"}]
display_hw_ila_data [upload_hw_ila_data [get_hw_ilas -of_objects [get_hw_devices xcku060_0] -filter {CELL_NAME=~"u_ila_0"}]]
run_hw_ila [get_hw_ilas -of_objects [get_hw_devices xcku060_0] -filter {CELL_NAME=~"u_ila_0"}]
wait_on_hw_ila [get_hw_ilas -of_objects [get_hw_devices xcku060_0] -filter {CELL_NAME=~"u_ila_0"}]
display_hw_ila_data [upload_hw_ila_data [get_hw_ilas -of_objects [get_hw_devices xcku060_0] -filter {CELL_NAME=~"u_ila_0"}]]
run_hw_ila [get_hw_ilas -of_objects [get_hw_devices xcku060_0] -filter {CELL_NAME=~"u_ila_0"}]
wait_on_hw_ila [get_hw_ilas -of_objects [get_hw_devices xcku060_0] -filter {CELL_NAME=~"u_ila_0"}]
display_hw_ila_data [upload_hw_ila_data [get_hw_ilas -of_objects [get_hw_devices xcku060_0] -filter {CELL_NAME=~"u_ila_0"}]]
run_hw_ila [get_hw_ilas -of_objects [get_hw_devices xcku060_0] -filter {CELL_NAME=~"u_ila_0"}]
wait_on_hw_ila [get_hw_ilas -of_objects [get_hw_devices xcku060_0] -filter {CELL_NAME=~"u_ila_0"}]
display_hw_ila_data [upload_hw_ila_data [get_hw_ilas -of_objects [get_hw_devices xcku060_0] -filter {CELL_NAME=~"u_ila_0"}]]
run_hw_ila [get_hw_ilas -of_objects [get_hw_devices xcku060_0] -filter {CELL_NAME=~"u_ila_0"}]
wait_on_hw_ila [get_hw_ilas -of_objects [get_hw_devices xcku060_0] -filter {CELL_NAME=~"u_ila_0"}]
display_hw_ila_data [upload_hw_ila_data [get_hw_ilas -of_objects [get_hw_devices xcku060_0] -filter {CELL_NAME=~"u_ila_0"}]]
run_hw_ila [get_hw_ilas -of_objects [get_hw_devices xcku060_0] -filter {CELL_NAME=~"u_ila_0"}]
wait_on_hw_ila [get_hw_ilas -of_objects [get_hw_devices xcku060_0] -filter {CELL_NAME=~"u_ila_0"}]
display_hw_ila_data [upload_hw_ila_data [get_hw_ilas -of_objects [get_hw_devices xcku060_0] -filter {CELL_NAME=~"u_ila_0"}]]
run_hw_ila [get_hw_ilas -of_objects [get_hw_devices xcku060_0] -filter {CELL_NAME=~"u_ila_0"}]
wait_on_hw_ila [get_hw_ilas -of_objects [get_hw_devices xcku060_0] -filter {CELL_NAME=~"u_ila_0"}]
display_hw_ila_data [upload_hw_ila_data [get_hw_ilas -of_objects [get_hw_devices xcku060_0] -filter {CELL_NAME=~"u_ila_0"}]]
run_hw_ila [get_hw_ilas -of_objects [get_hw_devices xcku060_0] -filter {CELL_NAME=~"u_ila_0"}]
wait_on_hw_ila [get_hw_ilas -of_objects [get_hw_devices xcku060_0] -filter {CELL_NAME=~"u_ila_0"}]
display_hw_ila_data [upload_hw_ila_data [get_hw_ilas -of_objects [get_hw_devices xcku060_0] -filter {CELL_NAME=~"u_ila_0"}]]
run_hw_ila [get_hw_ilas -of_objects [get_hw_devices xcku060_0] -filter {CELL_NAME=~"u_ila_0"}]
wait_on_hw_ila [get_hw_ilas -of_objects [get_hw_devices xcku060_0] -filter {CELL_NAME=~"u_ila_0"}]
display_hw_ila_data [upload_hw_ila_data [get_hw_ilas -of_objects [get_hw_devices xcku060_0] -filter {CELL_NAME=~"u_ila_0"}]]
ERROR: [Labtoolstcl 44-513] HW Target shutdown. Closing target: localhost:3121/xilinx_tcf/Digilent/210512180081
launch_simulation -mode post-synthesis -type timing
Command: launch_simulation  -mode post-synthesis -type timing
INFO: [Vivado 12-12493] Simulation top is 'top'
WARNING: [Vivado 12-13277] Compiled library path does not exist: ''
INFO: [Vivado 12-5698] Checking validity of IPs in the design for the 'XSim' simulator...
INFO: [Vivado 12-5682] Launching post-synthesis timing simulation in '/home/williams/MYFPGA/FPGA Final/rs_codec_clean/rs_codec_clean/rs_codec_clean.sim/sim_1/synth/timing/xsim'
INFO: [Vivado 12-4795] Using compiled simulation libraries for IPs
INFO: [SIM-utils-51] Simulation object is 'sim_1'
INFO: [SIM-utils-72] Using boost library from '/tools/Xilinx/Vivado/2022.2/tps/boost_1_72_0'
Design is defaulting to impl run constrset: constrs_1
Design is defaulting to synth run part: xcku060-ffva1156-2-i
INFO: [Device 21-403] Loading part xcku060-ffva1156-2-i
INFO: [Project 1-454] Reading design checkpoint '/home/williams/MYFPGA/FPGA Final/rs_codec_clean/rs_codec_clean/rs_codec_clean.gen/sources_1/ip/clk_wiz_0/clk_wiz_0.dcp' for cell 'clk_wiz_inst'
INFO: [Project 1-454] Reading design checkpoint '/home/williams/MYFPGA/FPGA Final/rs_codec_clean/rs_codec_clean/rs_codec_clean.gen/sources_1/ip/bram_rs/bram_rs.dcp' for cell 'rs_decoder_inst/bram_rs_inst'
Netlist sorting complete. Time (s): cpu = 00:00:00 ; elapsed = 00:00:00.01 . Memory (MB): peak = 9952.684 ; gain = 0.000 ; free physical = 19703 ; free virtual = 103435
INFO: [Netlist 29-17] Analyzing 51 Unisim elements for replacement
INFO: [Netlist 29-28] Unisim Transformation completed in 0 CPU seconds
INFO: [Project 1-479] Netlist was created with Vivado 2022.2
INFO: [Project 1-570] Preparing netlist for logic optimization
WARNING: [Opt 31-32] Removing redundant IBUF since it is not being driven by a top-level port. clk_wiz_inst/inst/clkin1_ibuf 
Resolution: The tool has removed redundant IBUF. To resolve this warning, check for redundant IBUF in the input design.
WARNING: [Constraints 18-550] Could not create 'IBUF_LOW_PWR' constraint because net 'clk_wiz_inst/clk_in1' is not directly connected to top level port. Synthesis is ignored for IBUF_LOW_PWR but preserved for implementation.
Parsing XDC File [/home/williams/MYFPGA/FPGA Final/rs_codec_clean/rs_codec_clean/rs_codec_clean.gen/sources_1/ip/clk_wiz_0/clk_wiz_0_board.xdc] for cell 'clk_wiz_inst/inst'
Finished Parsing XDC File [/home/williams/MYFPGA/FPGA Final/rs_codec_clean/rs_codec_clean/rs_codec_clean.gen/sources_1/ip/clk_wiz_0/clk_wiz_0_board.xdc] for cell 'clk_wiz_inst/inst'
Parsing XDC File [/home/williams/MYFPGA/FPGA Final/rs_codec_clean/rs_codec_clean/rs_codec_clean.gen/sources_1/ip/clk_wiz_0/clk_wiz_0.xdc] for cell 'clk_wiz_inst/inst'
INFO: [Timing 38-35] Done setting XDC timing constraints. [/home/williams/MYFPGA/FPGA Final/rs_codec_clean/rs_codec_clean/rs_codec_clean.gen/sources_1/ip/clk_wiz_0/clk_wiz_0.xdc:57]
INFO: [Timing 38-2] Deriving generated clocks [/home/williams/MYFPGA/FPGA Final/rs_codec_clean/rs_codec_clean/rs_codec_clean.gen/sources_1/ip/clk_wiz_0/clk_wiz_0.xdc:57]
Finished Parsing XDC File [/home/williams/MYFPGA/FPGA Final/rs_codec_clean/rs_codec_clean/rs_codec_clean.gen/sources_1/ip/clk_wiz_0/clk_wiz_0.xdc] for cell 'clk_wiz_inst/inst'
Parsing XDC File [/home/williams/MYFPGA/FPGA Final/rs_codec_clean/rs_codec_clean/rs_codec_clean.srcs/constrs_1/new/top.xdc]
Finished Parsing XDC File [/home/williams/MYFPGA/FPGA Final/rs_codec_clean/rs_codec_clean/rs_codec_clean.srcs/constrs_1/new/top.xdc]
INFO: [Opt 31-138] Pushed 0 inverter(s) to 0 load pin(s).
INFO: [Opt 31-422] The CLOCK_DOMAINS attribute on the BRAM cell rs_decoder_inst/bram_rs_inst/U0/inst_blk_mem_gen/gnbram.gnativebmg.native_blk_mem_gen/valid.cstr/ramloop[0].ram.r/prim_noinit.ram/DEVICE_8SERIES.NO_BMM_INFO.SDP.WIDE_PRIM18.ram has been changed from INDEPENDENT to COMMON to match the clocking topology used for the BRAM.
Netlist sorting complete. Time (s): cpu = 00:00:00 ; elapsed = 00:00:00 . Memory (MB): peak = 10316.176 ; gain = 0.000 ; free physical = 19607 ; free virtual = 103339
INFO: [Project 1-111] Unisim Transformation Summary:
  A total of 1 instances were transformed.
  IBUFGDS => IBUFDS (DIFFINBUF, IBUFCTRL): 1 instance 

INFO: [SIM-utils-24] Writing simulation netlist file for design 'synth_1'...
INFO: [SIM-utils-25] write_verilog -mode timesim -nolib -sdf_anno true -force -file "/home/williams/MYFPGA/FPGA Final/rs_codec_clean/rs_codec_clean/rs_codec_clean.sim/sim_1/synth/timing/xsim/top_time_synth.v"
INFO: [SIM-utils-27] Writing SDF file...
INFO: [SIM-utils-28] write_sdf -mode timesim -process_corner slow -force -file "/home/williams/MYFPGA/FPGA Final/rs_codec_clean/rs_codec_clean/rs_codec_clean.sim/sim_1/synth/timing/xsim/top_time_synth.sdf"
write_sdf: Time (s): cpu = 00:00:14 ; elapsed = 00:00:12 . Memory (MB): peak = 11346.496 ; gain = 782.473 ; free physical = 18423 ; free virtual = 102164
INFO: [SIM-utils-36] Netlist generated:/home/williams/MYFPGA/FPGA Final/rs_codec_clean/rs_codec_clean/rs_codec_clean.sim/sim_1/synth/timing/xsim/top_time_synth.v
INFO: [SIM-utils-37] SDF generated:/home/williams/MYFPGA/FPGA Final/rs_codec_clean/rs_codec_clean/rs_codec_clean.sim/sim_1/synth/timing/xsim/top_time_synth.sdf
INFO: [USF-XSim-7] Finding pre-compiled libraries...
INFO: [USF-XSim-11] File '/tools/Xilinx/Vivado/2022.2/data/xsim/xsim.ini' copied to run dir:'/home/williams/MYFPGA/FPGA Final/rs_codec_clean/rs_codec_clean/rs_codec_clean.sim/sim_1/synth/timing/xsim'
INFO: [SIM-utils-54] Inspecting design source files for 'top' in fileset 'sim_1'...
INFO: [SIM-utils-43] Exported '/home/williams/MYFPGA/FPGA Final/rs_codec_clean/rs_codec_clean/rs_codec_clean.sim/sim_1/synth/timing/xsim/error.mem'
INFO: [SIM-utils-43] Exported '/home/williams/MYFPGA/FPGA Final/rs_codec_clean/rs_codec_clean/rs_codec_clean.sim/sim_1/synth/timing/xsim/sample.mem'
INFO: [SIM-utils-43] Exported '/home/williams/MYFPGA/FPGA Final/rs_codec_clean/rs_codec_clean/rs_codec_clean.sim/sim_1/synth/timing/xsim/alpha_value.mem'
INFO: [SIM-utils-43] Exported '/home/williams/MYFPGA/FPGA Final/rs_codec_clean/rs_codec_clean/rs_codec_clean.sim/sim_1/synth/timing/xsim/sample_head.mem'
INFO: [SIM-utils-43] Exported '/home/williams/MYFPGA/FPGA Final/rs_codec_clean/rs_codec_clean/rs_codec_clean.sim/sim_1/synth/timing/xsim/decimal_value.mem'
INFO: [USF-XSim-2] XSim::Compile design
INFO: [USF-XSim-61] Executing 'COMPILE and ANALYZE' step in '/home/williams/MYFPGA/FPGA Final/rs_codec_clean/rs_codec_clean/rs_codec_clean.sim/sim_1/synth/timing/xsim'
xvlog --incr --relax -prj top_vlog.prj
INFO: [VRFC 10-2263] Analyzing Verilog file "/home/williams/MYFPGA/FPGA Final/rs_codec_clean/rs_codec_clean/rs_codec_clean.sim/sim_1/synth/timing/xsim/top_time_synth.v" into library xil_defaultlib
INFO: [VRFC 10-311] analyzing module IBUFDS_UNIQ_BASE_
INFO: [VRFC 10-311] analyzing module dbg_hub_CV
INFO: [VRFC 10-311] analyzing module u_ila_0_CV
INFO: [VRFC 10-311] analyzing module autorun
INFO: [VRFC 10-311] analyzing module bram_rs
INFO: [VRFC 10-311] analyzing module chien_search
INFO: [VRFC 10-311] analyzing module clk_wiz_0
INFO: [VRFC 10-311] analyzing module clk_wiz_0_clk_wiz
INFO: [VRFC 10-311] analyzing module error_inject
INFO: [VRFC 10-311] analyzing module euclid_proc
INFO: [VRFC 10-311] analyzing module forney_math
INFO: [VRFC 10-311] analyzing module inverter
INFO: [VRFC 10-311] analyzing module inverter_0
INFO: [VRFC 10-311] analyzing module rs_decoder
INFO: [VRFC 10-311] analyzing module rs_encoder
INFO: [VRFC 10-311] analyzing module stream_input
INFO: [VRFC 10-311] analyzing module syndrome_unit
INFO: [VRFC 10-311] analyzing module top
INFO: [VRFC 10-311] analyzing module bram_rs_blk_mem_gen_generic_cstr
INFO: [VRFC 10-311] analyzing module bram_rs_blk_mem_gen_prim_width
INFO: [VRFC 10-311] analyzing module bram_rs_blk_mem_gen_prim_wrapper
INFO: [VRFC 10-311] analyzing module bram_rs_blk_mem_gen_top
INFO: [VRFC 10-311] analyzing module bram_rs_blk_mem_gen_v8_4_5
INFO: [VRFC 10-311] analyzing module bram_rs_blk_mem_gen_v8_4_5_synth
INFO: [VRFC 10-311] analyzing module glbl
Waiting for jobs to finish...
No pending jobs, compilation finished.
INFO: [USF-XSim-69] 'compile' step finished in '0' seconds
INFO: [USF-XSim-3] XSim::Elaborate design
INFO: [USF-XSim-61] Executing 'ELABORATE' step in '/home/williams/MYFPGA/FPGA Final/rs_codec_clean/rs_codec_clean/rs_codec_clean.sim/sim_1/synth/timing/xsim'
xelab --incr --debug typical --relax --mt 8 --maxdelay -L xil_defaultlib -L simprims_ver -L secureip --snapshot top_time_synth -transport_int_delays -pulse_r 0 -pulse_int_r 0 -pulse_e 0 -pulse_int_e 0 xil_defaultlib.top xil_defaultlib.glbl -log elaborate.log
Vivado Simulator v2022.2
Copyright 1986-1999, 2001-2022 Xilinx, Inc. All Rights Reserved.
Running: /tools/Xilinx/Vivado/2022.2/bin/unwrapped/lnx64.o/xelab --incr --debug typical --relax --mt 8 --maxdelay -L xil_defaultlib -L simprims_ver -L secureip --snapshot top_time_synth -transport_int_delays -pulse_r 0 -pulse_int_r 0 -pulse_e 0 -pulse_int_e 0 xil_defaultlib.top xil_defaultlib.glbl -log elaborate.log 
Using 8 slave threads.
Starting static elaboration
Pass Through NonSizing Optimizer
Completed static elaboration
Starting simulation data flow analysis
Completed simulation data flow analysis
INFO: [XSIM 43-3451] SDF backannotation process started with SDF file "top_time_synth.sdf", for root module "top".
INFO: [XSIM 43-3452] SDF backannotation was successful for SDF file "top_time_synth.sdf", for root module "top".
Time Resolution for simulation is 1ps
Compiling module simprims_ver.x_lut1_mux2
Compiling module simprims_ver.LUT1
Compiling module simprims_ver.x_lut2_mux4
Compiling module simprims_ver.LUT2
Compiling module simprims_ver.x_lut3_mux8
Compiling module simprims_ver.LUT3
Compiling module simprims_ver.LUT4
Compiling module simprims_ver.LUT5
Compiling module simprims_ver.LUT6
Compiling module simprims_ver.FDRE_default
Compiling module xil_defaultlib.autorun
Compiling module simprims_ver.BUFGCE(CE_TYPE="ASYNC")
Compiling module simprims_ver.MMCME3_ADV(CLKIN1_PERIOD=5.0,CLK...
Compiling module xil_defaultlib.clk_wiz_0_clk_wiz
Compiling module xil_defaultlib.clk_wiz_0
Compiling module xil_defaultlib.dbg_hub_CV
Compiling module simprims_ver.CARRY8
Compiling module simprims_ver.FDSE_default
Compiling module xil_defaultlib.error_inject
Compiling module simprims_ver.OBUF
Compiling module simprims_ver.GND
Compiling module simprims_ver.RAMB18E2(CLOCK_DOMAINS="COMMON",...
Compiling module xil_defaultlib.bram_rs
Compiling module xil_defaultlib.chien_search
Compiling module simprims_ver.MUXF8
Compiling module simprims_ver.MUXF7
Compiling module xil_defaultlib.inverter_0
Compiling module xil_defaultlib.euclid_proc
Compiling module xil_defaultlib.inverter
Compiling module xil_defaultlib.forney_math
Compiling module xil_defaultlib.syndrome_unit
Compiling module xil_defaultlib.rs_decoder
Compiling module xil_defaultlib.rs_encoder
Compiling module xil_defaultlib.stream_input
Compiling module simprims_ver.DIFFINBUF(ISTANDARD="DEFAULT")
Compiling module simprims_ver.IBUFCTRL_default
Compiling module xil_defaultlib.IBUFDS_UNIQ_BASE_
Compiling module xil_defaultlib.u_ila_0_CV
Compiling module xil_defaultlib.top
Compiling module xil_defaultlib.glbl
INFO: [Common 17-41] Interrupt caught. Command should exit soon.
Built simulation snapshot top_time_synth
execute_script: Time (s): cpu = 00:01:20 ; elapsed = 00:00:24 . Memory (MB): peak = 11346.496 ; gain = 0.000 ; free physical = 18559 ; free virtual = 102369
INFO: [Common 17-344] 'execute_script' was cancelled
INFO: [Vivado 12-5357] 'elaborate' step aborted
launch_simulation: Time (s): cpu = 00:01:46 ; elapsed = 00:00:42 . Memory (MB): peak = 11346.496 ; gain = 1767.242 ; free physical = 18559 ; free virtual = 102369
INFO: [Common 17-344] 'launch_simulation' was cancelled
launch_simulation -mode post-implementation -type functional
Command: launch_simulation  -mode post-implementation -type functional
INFO: [Vivado 12-12493] Simulation top is 'top'
WARNING: [Vivado 12-13277] Compiled library path does not exist: ''
INFO: [Vivado 12-5698] Checking validity of IPs in the design for the 'XSim' simulator...
INFO: [Vivado 12-5682] Launching post-implementation functional simulation in '/home/williams/MYFPGA/FPGA Final/rs_codec_clean/rs_codec_clean/rs_codec_clean.sim/sim_1/impl/func/xsim'
INFO: [Vivado 12-4795] Using compiled simulation libraries for IPs
INFO: [SIM-utils-51] Simulation object is 'sim_1'
INFO: [SIM-utils-72] Using boost library from '/tools/Xilinx/Vivado/2022.2/tps/boost_1_72_0'
Netlist sorting complete. Time (s): cpu = 00:00:00.02 ; elapsed = 00:00:00.02 . Memory (MB): peak = 11346.496 ; gain = 0.000 ; free physical = 18647 ; free virtual = 102458
INFO: [Netlist 29-17] Analyzing 152 Unisim elements for replacement
INFO: [Netlist 29-28] Unisim Transformation completed in 0 CPU seconds
INFO: [Project 1-479] Netlist was created with Vivado 2022.2
INFO: [Project 1-570] Preparing netlist for logic optimization
WARNING: [Constraints 18-550] Could not create 'IBUF_LOW_PWR' constraint because net 'clk_wiz_inst/clk_in1' is not directly connected to top level port. Synthesis is ignored for IBUF_LOW_PWR but preserved for implementation.
INFO: [Timing 38-478] Restoring timing data from binary archive.
INFO: [Timing 38-479] Binary timing data restore complete.
INFO: [Project 1-856] Restoring constraints from binary archive.
INFO: [Constraints 18-5170] The checkpoint was created with non-default parameter values which do not match the current Vivado settings.  Mismatching parameters are:
  tcl.statsThreshold
INFO: [Project 1-853] Binary constraint restore complete.
Reading XDEF placement.
Reading placer database...
Reading XDEF routing.
Read XDEF Files: Time (s): cpu = 00:00:00.26 ; elapsed = 00:00:00.27 . Memory (MB): peak = 11386.516 ; gain = 0.000 ; free physical = 18534 ; free virtual = 102347
Restored from archive | CPU: 0.270000 secs | Memory: 10.604912 MB |
Finished XDEF File Restore: Time (s): cpu = 00:00:00.27 ; elapsed = 00:00:00.28 . Memory (MB): peak = 11386.516 ; gain = 0.000 ; free physical = 18534 ; free virtual = 102347
Netlist sorting complete. Time (s): cpu = 00:00:00 ; elapsed = 00:00:00 . Memory (MB): peak = 11386.516 ; gain = 0.000 ; free physical = 18534 ; free virtual = 102347
INFO: [Project 1-111] Unisim Transformation Summary:
  A total of 75 instances were transformed.
  CFGLUT5 => CFGLUT5 (SRL16E, SRLC32E): 68 instances
  IBUFGDS => IBUFDS (DIFFINBUF, IBUFCTRL): 1 instance 
  RAM32M16 => RAM32M16 (RAMD32(x14), RAMS32(x2)): 2 instances
  RAM32X1D => RAM32X1D (RAMD32(x2)): 4 instances

INFO: [SIM-utils-31] Writing simulation netlist file for design 'impl_1'...
INFO: [SIM-utils-32] write_verilog -mode funcsim -nolib -force -file "/home/williams/MYFPGA/FPGA Final/rs_codec_clean/rs_codec_clean/rs_codec_clean.sim/sim_1/impl/func/xsim/top_func_impl.v"
INFO: [SIM-utils-36] Netlist generated:/home/williams/MYFPGA/FPGA Final/rs_codec_clean/rs_codec_clean/rs_codec_clean.sim/sim_1/impl/func/xsim/top_func_impl.v
INFO: [USF-XSim-7] Finding pre-compiled libraries...
INFO: [USF-XSim-11] File '/tools/Xilinx/Vivado/2022.2/data/xsim/xsim.ini' copied to run dir:'/home/williams/MYFPGA/FPGA Final/rs_codec_clean/rs_codec_clean/rs_codec_clean.sim/sim_1/impl/func/xsim'
INFO: [SIM-utils-54] Inspecting design source files for 'top' in fileset 'sim_1'...
INFO: [SIM-utils-43] Exported '/home/williams/MYFPGA/FPGA Final/rs_codec_clean/rs_codec_clean/rs_codec_clean.sim/sim_1/impl/func/xsim/error.mem'
INFO: [SIM-utils-43] Exported '/home/williams/MYFPGA/FPGA Final/rs_codec_clean/rs_codec_clean/rs_codec_clean.sim/sim_1/impl/func/xsim/sample.mem'
INFO: [SIM-utils-43] Exported '/home/williams/MYFPGA/FPGA Final/rs_codec_clean/rs_codec_clean/rs_codec_clean.sim/sim_1/impl/func/xsim/alpha_value.mem'
INFO: [SIM-utils-43] Exported '/home/williams/MYFPGA/FPGA Final/rs_codec_clean/rs_codec_clean/rs_codec_clean.sim/sim_1/impl/func/xsim/sample_head.mem'
INFO: [SIM-utils-43] Exported '/home/williams/MYFPGA/FPGA Final/rs_codec_clean/rs_codec_clean/rs_codec_clean.sim/sim_1/impl/func/xsim/decimal_value.mem'
INFO: [USF-XSim-2] XSim::Compile design
INFO: [USF-XSim-61] Executing 'COMPILE and ANALYZE' step in '/home/williams/MYFPGA/FPGA Final/rs_codec_clean/rs_codec_clean/rs_codec_clean.sim/sim_1/impl/func/xsim'
xvlog --incr --relax -prj top_vlog.prj
INFO: [VRFC 10-2263] Analyzing Verilog file "/home/williams/MYFPGA/FPGA Final/rs_codec_clean/rs_codec_clean/rs_codec_clean.sim/sim_1/impl/func/xsim/top_func_impl.v" into library xil_defaultlib
INFO: [VRFC 10-311] analyzing module dbg_hub
INFO: [VRFC 10-311] analyzing module dbg_hub_clk_x_pntrs
INFO: [VRFC 10-311] analyzing module dbg_hub_clk_x_pntrs_7
INFO: [VRFC 10-311] analyzing module dbg_hub_dmem
INFO: [VRFC 10-311] analyzing module dbg_hub_dmem_13
INFO: [VRFC 10-311] analyzing module dbg_hub_fifo_generator_ramfifo
INFO: [VRFC 10-311] analyzing module dbg_hub_fifo_generator_ramfifo__parameterized0
INFO: [VRFC 10-311] analyzing module dbg_hub_fifo_generator_top
INFO: [VRFC 10-311] analyzing module dbg_hub_fifo_generator_top__parameterized0
INFO: [VRFC 10-311] analyzing module dbg_hub_fifo_generator_v13_1_4
INFO: [VRFC 10-311] analyzing module dbg_hub_fifo_generator_v13_1_4__parameterized0
INFO: [VRFC 10-311] analyzing module dbg_hub_fifo_generator_v13_1_4_synth
INFO: [VRFC 10-311] analyzing module dbg_hub_fifo_generator_v13_1_4_synth__parameterized0
INFO: [VRFC 10-311] analyzing module dbg_hub_ltlib_v1_0_0_bscan
INFO: [VRFC 10-311] analyzing module dbg_hub_ltlib_v1_0_0_generic_mux
INFO: [VRFC 10-311] analyzing module dbg_hub_memory
INFO: [VRFC 10-311] analyzing module dbg_hub_memory__parameterized0
INFO: [VRFC 10-311] analyzing module dbg_hub_rd_bin_cntr
INFO: [VRFC 10-311] analyzing module dbg_hub_rd_bin_cntr_18
INFO: [VRFC 10-311] analyzing module dbg_hub_rd_fwft
INFO: [VRFC 10-311] analyzing module dbg_hub_rd_handshaking_flags
INFO: [VRFC 10-311] analyzing module dbg_hub_rd_handshaking_flags__parameterized0
INFO: [VRFC 10-311] analyzing module dbg_hub_rd_logic
INFO: [VRFC 10-311] analyzing module dbg_hub_rd_logic__parameterized0
INFO: [VRFC 10-311] analyzing module dbg_hub_rd_status_flags_as
INFO: [VRFC 10-311] analyzing module dbg_hub_rd_status_flags_as_17
INFO: [VRFC 10-311] analyzing module dbg_hub_reset_blk_ramfifo
INFO: [VRFC 10-311] analyzing module dbg_hub_reset_blk_ramfifo_8
INFO: [VRFC 10-311] analyzing module dbg_hub_synchronizer_ff
INFO: [VRFC 10-311] analyzing module dbg_hub_synchronizer_ff_1
INFO: [VRFC 10-311] analyzing module dbg_hub_synchronizer_ff_10
INFO: [VRFC 10-311] analyzing module dbg_hub_synchronizer_ff_11
INFO: [VRFC 10-311] analyzing module dbg_hub_synchronizer_ff_12
INFO: [VRFC 10-311] analyzing module dbg_hub_synchronizer_ff_2
INFO: [VRFC 10-311] analyzing module dbg_hub_synchronizer_ff_3
INFO: [VRFC 10-311] analyzing module dbg_hub_synchronizer_ff_9
INFO: [VRFC 10-311] analyzing module dbg_hub_synchronizer_ff__parameterized0
INFO: [VRFC 10-311] analyzing module dbg_hub_synchronizer_ff__parameterized0_19
INFO: [VRFC 10-311] analyzing module dbg_hub_synchronizer_ff__parameterized0_20
INFO: [VRFC 10-311] analyzing module dbg_hub_synchronizer_ff__parameterized0_21
INFO: [VRFC 10-311] analyzing module dbg_hub_synchronizer_ff__parameterized0_22
INFO: [VRFC 10-311] analyzing module dbg_hub_synchronizer_ff__parameterized0_4
INFO: [VRFC 10-311] analyzing module dbg_hub_synchronizer_ff__parameterized0_5
INFO: [VRFC 10-311] analyzing module dbg_hub_synchronizer_ff__parameterized0_6
INFO: [VRFC 10-311] analyzing module dbg_hub_wr_bin_cntr
INFO: [VRFC 10-311] analyzing module dbg_hub_wr_bin_cntr_16
INFO: [VRFC 10-311] analyzing module dbg_hub_wr_handshaking_flags
INFO: [VRFC 10-311] analyzing module dbg_hub_wr_handshaking_flags_15
INFO: [VRFC 10-311] analyzing module dbg_hub_wr_logic
INFO: [VRFC 10-311] analyzing module dbg_hub_wr_logic__parameterized0
INFO: [VRFC 10-311] analyzing module dbg_hub_wr_status_flags_as
INFO: [VRFC 10-311] analyzing module dbg_hub_wr_status_flags_as_14
INFO: [VRFC 10-311] analyzing module dbg_hub_xsdbm_v3_0_0_addr_ctl
INFO: [VRFC 10-311] analyzing module dbg_hub_xsdbm_v3_0_0_bscan_switch
INFO: [VRFC 10-311] analyzing module dbg_hub_xsdbm_v3_0_0_burst_wdlen_ctl
INFO: [VRFC 10-311] analyzing module dbg_hub_xsdbm_v3_0_0_bus_ctl
INFO: [VRFC 10-311] analyzing module dbg_hub_xsdbm_v3_0_0_bus_ctl_cnt
INFO: [VRFC 10-311] analyzing module dbg_hub_xsdbm_v3_0_0_bus_ctl_flg
INFO: [VRFC 10-311] analyzing module dbg_hub_xsdbm_v3_0_0_bus_ctl_flg__parameterized0
INFO: [VRFC 10-311] analyzing module dbg_hub_xsdbm_v3_0_0_bus_mstr2sl_if
INFO: [VRFC 10-311] analyzing module dbg_hub_xsdbm_v3_0_0_cmd_decode
INFO: [VRFC 10-311] analyzing module dbg_hub_xsdbm_v3_0_0_ctl_reg
INFO: [VRFC 10-311] analyzing module dbg_hub_xsdbm_v3_0_0_ctl_reg__parameterized0
INFO: [VRFC 10-311] analyzing module dbg_hub_xsdbm_v3_0_0_ctl_reg__parameterized1
INFO: [VRFC 10-311] analyzing module dbg_hub_xsdbm_v3_0_0_ctl_reg__parameterized2
INFO: [VRFC 10-311] analyzing module dbg_hub_xsdbm_v3_0_0_icon
INFO: [VRFC 10-311] analyzing module dbg_hub_xsdbm_v3_0_0_icon2xsdb
INFO: [VRFC 10-311] analyzing module dbg_hub_xsdbm_v3_0_0_if
INFO: [VRFC 10-311] analyzing module dbg_hub_xsdbm_v3_0_0_if_static_status
INFO: [VRFC 10-311] analyzing module dbg_hub_xsdbm_v3_0_0_rdfifo
INFO: [VRFC 10-311] analyzing module dbg_hub_xsdbm_v3_0_0_rdreg
INFO: [VRFC 10-311] analyzing module dbg_hub_xsdbm_v3_0_0_stat
INFO: [VRFC 10-311] analyzing module dbg_hub_xsdbm_v3_0_0_stat_reg
INFO: [VRFC 10-311] analyzing module dbg_hub_xsdbm_v3_0_0_stat_reg__parameterized0
INFO: [VRFC 10-311] analyzing module dbg_hub_xsdbm_v3_0_0_stat_reg__parameterized0_0
INFO: [VRFC 10-311] analyzing module dbg_hub_xsdbm_v3_0_0_sync
INFO: [VRFC 10-311] analyzing module dbg_hub_xsdbm_v3_0_0_wrfifo
INFO: [VRFC 10-311] analyzing module dbg_hub_xsdbm_v3_0_0_wrreg
INFO: [VRFC 10-311] analyzing module dbg_hub_xsdbm_v3_0_0_xsdbm
INFO: [VRFC 10-311] analyzing module dbg_hub_xsdbm_v3_0_0_xsdbm_id
INFO: [VRFC 10-311] analyzing module u_ila_0
INFO: [VRFC 10-311] analyzing module u_ila_0_ila_v6_2_12_ila
INFO: [VRFC 10-311] analyzing module autorun
INFO: [VRFC 10-311] analyzing module bram_rs
INFO: [VRFC 10-311] analyzing module chien_search
INFO: [VRFC 10-311] analyzing module clk_wiz_0
INFO: [VRFC 10-311] analyzing module clk_wiz_0_clk_wiz
INFO: [VRFC 10-311] analyzing module error_inject
INFO: [VRFC 10-311] analyzing module euclid_proc
INFO: [VRFC 10-311] analyzing module forney_math
INFO: [VRFC 10-311] analyzing module inverter
INFO: [VRFC 10-311] analyzing module inverter_0
INFO: [VRFC 10-311] analyzing module rs_decoder
INFO: [VRFC 10-311] analyzing module rs_encoder
INFO: [VRFC 10-311] analyzing module stream_input
INFO: [VRFC 10-311] analyzing module syndrome_unit
INFO: [VRFC 10-311] analyzing module top
INFO: [VRFC 10-311] analyzing module u_ila_0_blk_mem_gen_v8_4_5
INFO: [VRFC 10-311] analyzing module u_ila_0_blk_mem_gen_v8_4_5_blk_mem_gen_generic_cstr
INFO: [VRFC 10-311] analyzing module u_ila_0_blk_mem_gen_v8_4_5_blk_mem_gen_prim_width
INFO: [VRFC 10-311] analyzing module u_ila_0_blk_mem_gen_v8_4_5_blk_mem_gen_prim_width__parameterized0
INFO: [VRFC 10-311] analyzing module u_ila_0_blk_mem_gen_v8_4_5_blk_mem_gen_prim_wrapper
INFO: [VRFC 10-311] analyzing module u_ila_0_blk_mem_gen_v8_4_5_blk_mem_gen_prim_wrapper__parameterized0
INFO: [VRFC 10-311] analyzing module u_ila_0_blk_mem_gen_v8_4_5_blk_mem_gen_top
INFO: [VRFC 10-311] analyzing module u_ila_0_blk_mem_gen_v8_4_5_synth
INFO: [VRFC 10-311] analyzing module u_ila_0_ila_v6_2_12_ila_cap_addrgen
INFO: [VRFC 10-311] analyzing module u_ila_0_ila_v6_2_12_ila_cap_ctrl_legacy
INFO: [VRFC 10-311] analyzing module u_ila_0_ila_v6_2_12_ila_cap_sample_counter
INFO: [VRFC 10-311] analyzing module u_ila_0_ila_v6_2_12_ila_cap_window_counter
INFO: [VRFC 10-311] analyzing module u_ila_0_ila_v6_2_12_ila_core
INFO: [VRFC 10-311] analyzing module u_ila_0_ila_v6_2_12_ila_register
INFO: [VRFC 10-311] analyzing module u_ila_0_ila_v6_2_12_ila_reset_ctrl
INFO: [VRFC 10-311] analyzing module u_ila_0_ila_v6_2_12_ila_trace_memory
INFO: [VRFC 10-311] analyzing module u_ila_0_ila_v6_2_12_ila_trig_match
INFO: [VRFC 10-311] analyzing module u_ila_0_ila_v6_2_12_ila_trigger
INFO: [VRFC 10-311] analyzing module u_ila_0_ltlib_v1_0_0_all_typeA
INFO: [VRFC 10-311] analyzing module u_ila_0_ltlib_v1_0_0_all_typeA__parameterized0
INFO: [VRFC 10-311] analyzing module u_ila_0_ltlib_v1_0_0_all_typeA__parameterized0_1
INFO: [VRFC 10-311] analyzing module u_ila_0_ltlib_v1_0_0_all_typeA__parameterized0_10
INFO: [VRFC 10-311] analyzing module u_ila_0_ltlib_v1_0_0_all_typeA__parameterized0_12
INFO: [VRFC 10-311] analyzing module u_ila_0_ltlib_v1_0_0_all_typeA__parameterized0_15
INFO: [VRFC 10-311] analyzing module u_ila_0_ltlib_v1_0_0_all_typeA__parameterized0_18
INFO: [VRFC 10-311] analyzing module u_ila_0_ltlib_v1_0_0_all_typeA__parameterized0_21
INFO: [VRFC 10-311] analyzing module u_ila_0_ltlib_v1_0_0_all_typeA__parameterized0_4
INFO: [VRFC 10-311] analyzing module u_ila_0_ltlib_v1_0_0_all_typeA__parameterized0_7
INFO: [VRFC 10-311] analyzing module u_ila_0_ltlib_v1_0_0_all_typeA__parameterized1
INFO: [VRFC 10-311] analyzing module u_ila_0_ltlib_v1_0_0_all_typeA__parameterized1_42
INFO: [VRFC 10-311] analyzing module u_ila_0_ltlib_v1_0_0_all_typeA__parameterized1_46
INFO: [VRFC 10-311] analyzing module u_ila_0_ltlib_v1_0_0_all_typeA_slice
INFO: [VRFC 10-311] analyzing module u_ila_0_ltlib_v1_0_0_all_typeA_slice__parameterized0
INFO: [VRFC 10-311] analyzing module u_ila_0_ltlib_v1_0_0_all_typeA_slice__parameterized0_11
INFO: [VRFC 10-311] analyzing module u_ila_0_ltlib_v1_0_0_all_typeA_slice__parameterized0_13
INFO: [VRFC 10-311] analyzing module u_ila_0_ltlib_v1_0_0_all_typeA_slice__parameterized0_16
INFO: [VRFC 10-311] analyzing module u_ila_0_ltlib_v1_0_0_all_typeA_slice__parameterized0_19
INFO: [VRFC 10-311] analyzing module u_ila_0_ltlib_v1_0_0_all_typeA_slice__parameterized0_2
INFO: [VRFC 10-311] analyzing module u_ila_0_ltlib_v1_0_0_all_typeA_slice__parameterized0_22
INFO: [VRFC 10-311] analyzing module u_ila_0_ltlib_v1_0_0_all_typeA_slice__parameterized0_23
INFO: [VRFC 10-311] analyzing module u_ila_0_ltlib_v1_0_0_all_typeA_slice__parameterized0_5
INFO: [VRFC 10-311] analyzing module u_ila_0_ltlib_v1_0_0_all_typeA_slice__parameterized0_8
INFO: [VRFC 10-311] analyzing module u_ila_0_ltlib_v1_0_0_all_typeA_slice__parameterized1
INFO: [VRFC 10-311] analyzing module u_ila_0_ltlib_v1_0_0_all_typeA_slice__parameterized1_43
INFO: [VRFC 10-311] analyzing module u_ila_0_ltlib_v1_0_0_all_typeA_slice__parameterized1_47
INFO: [VRFC 10-311] analyzing module u_ila_0_ltlib_v1_0_0_all_typeA_slice__parameterized2
INFO: [VRFC 10-311] analyzing module u_ila_0_ltlib_v1_0_0_all_typeA_slice__parameterized2_44
INFO: [VRFC 10-311] analyzing module u_ila_0_ltlib_v1_0_0_all_typeA_slice__parameterized2_48
INFO: [VRFC 10-311] analyzing module u_ila_0_ltlib_v1_0_0_allx_typeA
INFO: [VRFC 10-311] analyzing module u_ila_0_ltlib_v1_0_0_allx_typeA__parameterized0
INFO: [VRFC 10-311] analyzing module u_ila_0_ltlib_v1_0_0_allx_typeA__parameterized0_14
INFO: [VRFC 10-311] analyzing module u_ila_0_ltlib_v1_0_0_allx_typeA__parameterized0_17
INFO: [VRFC 10-311] analyzing module u_ila_0_ltlib_v1_0_0_allx_typeA__parameterized0_20
INFO: [VRFC 10-311] analyzing module u_ila_0_ltlib_v1_0_0_allx_typeA__parameterized1
INFO: [VRFC 10-311] analyzing module u_ila_0_ltlib_v1_0_0_allx_typeA__parameterized1_0
INFO: [VRFC 10-311] analyzing module u_ila_0_ltlib_v1_0_0_allx_typeA__parameterized1_3
INFO: [VRFC 10-311] analyzing module u_ila_0_ltlib_v1_0_0_allx_typeA__parameterized1_6
INFO: [VRFC 10-311] analyzing module u_ila_0_ltlib_v1_0_0_allx_typeA__parameterized1_9
INFO: [VRFC 10-311] analyzing module u_ila_0_ltlib_v1_0_0_allx_typeA_nodelay
INFO: [VRFC 10-311] analyzing module u_ila_0_ltlib_v1_0_0_allx_typeA_nodelay_41
INFO: [VRFC 10-311] analyzing module u_ila_0_ltlib_v1_0_0_allx_typeA_nodelay_45
INFO: [VRFC 10-311] analyzing module u_ila_0_ltlib_v1_0_0_async_edge_xfer
INFO: [VRFC 10-311] analyzing module u_ila_0_ltlib_v1_0_0_async_edge_xfer__1
INFO: [VRFC 10-311] analyzing module u_ila_0_ltlib_v1_0_0_async_edge_xfer__2
INFO: [VRFC 10-311] analyzing module u_ila_0_ltlib_v1_0_0_async_edge_xfer__3
INFO: [VRFC 10-311] analyzing module u_ila_0_ltlib_v1_0_0_cfglut4
INFO: [VRFC 10-311] analyzing module u_ila_0_ltlib_v1_0_0_cfglut4__1
INFO: [VRFC 10-311] analyzing module u_ila_0_ltlib_v1_0_0_cfglut5
INFO: [VRFC 10-311] analyzing module u_ila_0_ltlib_v1_0_0_cfglut5__1
INFO: [VRFC 10-311] analyzing module u_ila_0_ltlib_v1_0_0_cfglut5__2
INFO: [VRFC 10-311] analyzing module u_ila_0_ltlib_v1_0_0_cfglut6
INFO: [VRFC 10-311] analyzing module u_ila_0_ltlib_v1_0_0_cfglut6__1
INFO: [VRFC 10-311] analyzing module u_ila_0_ltlib_v1_0_0_cfglut6__parameterized0
INFO: [VRFC 10-311] analyzing module u_ila_0_ltlib_v1_0_0_cfglut7
INFO: [VRFC 10-311] analyzing module u_ila_0_ltlib_v1_0_0_cfglut7__1
INFO: [VRFC 10-311] analyzing module u_ila_0_ltlib_v1_0_0_generic_memrd
INFO: [VRFC 10-311] analyzing module u_ila_0_ltlib_v1_0_0_match
INFO: [VRFC 10-311] analyzing module u_ila_0_ltlib_v1_0_0_match__parameterized0
INFO: [VRFC 10-311] analyzing module u_ila_0_ltlib_v1_0_0_match__parameterized0__1
INFO: [VRFC 10-311] analyzing module u_ila_0_ltlib_v1_0_0_match__parameterized0__2
INFO: [VRFC 10-311] analyzing module u_ila_0_ltlib_v1_0_0_match__parameterized0__3
INFO: [VRFC 10-311] analyzing module u_ila_0_ltlib_v1_0_0_match__parameterized1
INFO: [VRFC 10-311] analyzing module u_ila_0_ltlib_v1_0_0_match__parameterized1__1
INFO: [VRFC 10-311] analyzing module u_ila_0_ltlib_v1_0_0_match__parameterized1__2
INFO: [VRFC 10-311] analyzing module u_ila_0_ltlib_v1_0_0_match__parameterized1__3
INFO: [VRFC 10-311] analyzing module u_ila_0_ltlib_v1_0_0_match__parameterized1__4
INFO: [VRFC 10-311] analyzing module u_ila_0_ltlib_v1_0_0_match_nodelay
INFO: [VRFC 10-311] analyzing module u_ila_0_ltlib_v1_0_0_match_nodelay__1
INFO: [VRFC 10-311] analyzing module u_ila_0_ltlib_v1_0_0_match_nodelay__2
INFO: [VRFC 10-311] analyzing module u_ila_0_ltlib_v1_0_0_rising_edge_detection
INFO: [VRFC 10-311] analyzing module u_ila_0_ltlib_v1_0_0_rising_edge_detection__1
INFO: [VRFC 10-311] analyzing module u_ila_0_xsdbs_v1_0_2_reg__parameterized27
INFO: [VRFC 10-311] analyzing module u_ila_0_xsdbs_v1_0_2_reg__parameterized28
INFO: [VRFC 10-311] analyzing module u_ila_0_xsdbs_v1_0_2_reg__parameterized29
INFO: [VRFC 10-311] analyzing module u_ila_0_xsdbs_v1_0_2_reg__parameterized30
INFO: [VRFC 10-311] analyzing module u_ila_0_xsdbs_v1_0_2_reg__parameterized42
INFO: [VRFC 10-311] analyzing module u_ila_0_xsdbs_v1_0_2_reg__parameterized43
INFO: [VRFC 10-311] analyzing module u_ila_0_xsdbs_v1_0_2_reg__parameterized44
INFO: [VRFC 10-311] analyzing module u_ila_0_xsdbs_v1_0_2_reg__parameterized45
INFO: [VRFC 10-311] analyzing module u_ila_0_xsdbs_v1_0_2_reg__parameterized46
INFO: [VRFC 10-311] analyzing module u_ila_0_xsdbs_v1_0_2_reg__parameterized47
INFO: [VRFC 10-311] analyzing module u_ila_0_xsdbs_v1_0_2_reg__parameterized48
INFO: [VRFC 10-311] analyzing module u_ila_0_xsdbs_v1_0_2_reg__parameterized49
INFO: [VRFC 10-311] analyzing module u_ila_0_xsdbs_v1_0_2_reg__parameterized50
INFO: [VRFC 10-311] analyzing module u_ila_0_xsdbs_v1_0_2_reg__parameterized51
INFO: [VRFC 10-311] analyzing module u_ila_0_xsdbs_v1_0_2_reg__parameterized52
INFO: [VRFC 10-311] analyzing module u_ila_0_xsdbs_v1_0_2_reg__parameterized53
INFO: [VRFC 10-311] analyzing module u_ila_0_xsdbs_v1_0_2_reg__parameterized55
INFO: [VRFC 10-311] analyzing module u_ila_0_xsdbs_v1_0_2_reg__parameterized57
INFO: [VRFC 10-311] analyzing module u_ila_0_xsdbs_v1_0_2_reg__parameterized60
INFO: [VRFC 10-311] analyzing module u_ila_0_xsdbs_v1_0_2_reg_ctl
INFO: [VRFC 10-311] analyzing module u_ila_0_xsdbs_v1_0_2_reg_ctl_27
INFO: [VRFC 10-311] analyzing module u_ila_0_xsdbs_v1_0_2_reg_ctl_28
INFO: [VRFC 10-311] analyzing module u_ila_0_xsdbs_v1_0_2_reg_ctl_29
INFO: [VRFC 10-311] analyzing module u_ila_0_xsdbs_v1_0_2_reg_ctl_30
INFO: [VRFC 10-311] analyzing module u_ila_0_xsdbs_v1_0_2_reg_ctl_33
INFO: [VRFC 10-311] analyzing module u_ila_0_xsdbs_v1_0_2_reg_ctl_34
INFO: [VRFC 10-311] analyzing module u_ila_0_xsdbs_v1_0_2_reg_ctl_35
INFO: [VRFC 10-311] analyzing module u_ila_0_xsdbs_v1_0_2_reg_ctl_36
INFO: [VRFC 10-311] analyzing module u_ila_0_xsdbs_v1_0_2_reg_ctl_37
INFO: [VRFC 10-311] analyzing module u_ila_0_xsdbs_v1_0_2_reg_ctl_40
INFO: [VRFC 10-311] analyzing module u_ila_0_xsdbs_v1_0_2_reg_ctl__parameterized0
INFO: [VRFC 10-311] analyzing module u_ila_0_xsdbs_v1_0_2_reg_ctl__parameterized1
INFO: [VRFC 10-311] analyzing module u_ila_0_xsdbs_v1_0_2_reg_ctl__parameterized1_31
INFO: [VRFC 10-311] analyzing module u_ila_0_xsdbs_v1_0_2_reg_ctl__parameterized1_32
INFO: [VRFC 10-311] analyzing module u_ila_0_xsdbs_v1_0_2_reg_p2s
INFO: [VRFC 10-311] analyzing module u_ila_0_xsdbs_v1_0_2_reg_p2s__parameterized0
INFO: [VRFC 10-311] analyzing module u_ila_0_xsdbs_v1_0_2_reg_p2s__parameterized1
INFO: [VRFC 10-311] analyzing module u_ila_0_xsdbs_v1_0_2_reg_p2s__parameterized2
INFO: [VRFC 10-311] analyzing module u_ila_0_xsdbs_v1_0_2_reg_p2s__parameterized3
INFO: [VRFC 10-311] analyzing module u_ila_0_xsdbs_v1_0_2_reg_p2s__parameterized4
INFO: [VRFC 10-311] analyzing module u_ila_0_xsdbs_v1_0_2_reg_p2s__parameterized5
INFO: [VRFC 10-311] analyzing module u_ila_0_xsdbs_v1_0_2_reg_p2s__parameterized6
INFO: [VRFC 10-311] analyzing module u_ila_0_xsdbs_v1_0_2_reg_p2s__parameterized7
INFO: [VRFC 10-311] analyzing module u_ila_0_xsdbs_v1_0_2_reg_p2s__parameterized8
INFO: [VRFC 10-311] analyzing module u_ila_0_xsdbs_v1_0_2_reg_p2s__parameterized9
INFO: [VRFC 10-311] analyzing module u_ila_0_xsdbs_v1_0_2_reg_stat
INFO: [VRFC 10-311] analyzing module u_ila_0_xsdbs_v1_0_2_reg_stat_24
INFO: [VRFC 10-311] analyzing module u_ila_0_xsdbs_v1_0_2_reg_stat_25
INFO: [VRFC 10-311] analyzing module u_ila_0_xsdbs_v1_0_2_reg_stat_26
INFO: [VRFC 10-311] analyzing module u_ila_0_xsdbs_v1_0_2_reg_stat_38
INFO: [VRFC 10-311] analyzing module u_ila_0_xsdbs_v1_0_2_reg_stat_39
INFO: [VRFC 10-311] analyzing module u_ila_0_xsdbs_v1_0_2_reg_stream
INFO: [VRFC 10-311] analyzing module u_ila_0_xsdbs_v1_0_2_reg_stream__parameterized0
INFO: [VRFC 10-311] analyzing module u_ila_0_xsdbs_v1_0_2_xsdbs
INFO: [VRFC 10-311] analyzing module bram_rs_blk_mem_gen_generic_cstr
INFO: [VRFC 10-311] analyzing module bram_rs_blk_mem_gen_prim_width
INFO: [VRFC 10-311] analyzing module bram_rs_blk_mem_gen_prim_wrapper
INFO: [VRFC 10-311] analyzing module bram_rs_blk_mem_gen_top
INFO: [VRFC 10-311] analyzing module bram_rs_blk_mem_gen_v8_4_5
INFO: [VRFC 10-311] analyzing module bram_rs_blk_mem_gen_v8_4_5_synth
INFO: [VRFC 10-311] analyzing module glbl
Waiting for jobs to finish...
No pending jobs, compilation finished.
INFO: [USF-XSim-69] 'compile' step finished in '1' seconds
INFO: [USF-XSim-3] XSim::Elaborate design
INFO: [USF-XSim-61] Executing 'ELABORATE' step in '/home/williams/MYFPGA/FPGA Final/rs_codec_clean/rs_codec_clean/rs_codec_clean.sim/sim_1/impl/func/xsim'
xelab --incr --debug typical --relax --mt 8 -L xil_defaultlib -L unisims_ver -L secureip --snapshot top_func_impl xil_defaultlib.top xil_defaultlib.glbl -log elaborate.log
Vivado Simulator v2022.2
Copyright 1986-1999, 2001-2022 Xilinx, Inc. All Rights Reserved.
Running: /tools/Xilinx/Vivado/2022.2/bin/unwrapped/lnx64.o/xelab --incr --debug typical --relax --mt 8 -L xil_defaultlib -L unisims_ver -L secureip --snapshot top_func_impl xil_defaultlib.top xil_defaultlib.glbl -log elaborate.log 
Using 8 slave threads.
Starting static elaboration
Pass Through NonSizing Optimizer
Completed static elaboration
Starting simulation data flow analysis
Completed simulation data flow analysis
Time Resolution for simulation is 1ps
Compiling module unisims_ver.x_lut1_mux2
Compiling module unisims_ver.LUT1
Compiling module unisims_ver.x_lut2_mux4
Compiling module unisims_ver.LUT2
Compiling module unisims_ver.x_lut3_mux8
Compiling module unisims_ver.LUT3
Compiling module unisims_ver.LUT4
Compiling module unisims_ver.LUT5
Compiling module unisims_ver.LUT6
Compiling module unisims_ver.FDRE_default
Compiling module xil_defaultlib.autorun
Compiling module unisims_ver.BUFGCE(CE_TYPE="ASYNC")
Compiling module unisims_ver.MMCME3_ADV(CLKIN1_PERIOD=5.0,CLK...
Compiling module xil_defaultlib.clk_wiz_0_clk_wiz
Compiling module xil_defaultlib.clk_wiz_0
Compiling module xil_defaultlib.dbg_hub_xsdbm_v3_0_0_ctl_reg
Compiling module xil_defaultlib.dbg_hub_xsdbm_v3_0_0_stat_reg
Compiling module xil_defaultlib.dbg_hub_xsdbm_v3_0_0_stat_reg__p...
Compiling module xil_defaultlib.dbg_hub_xsdbm_v3_0_0_ctl_reg__pa...
Compiling module xil_defaultlib.dbg_hub_xsdbm_v3_0_0_ctl_reg__pa...
Compiling module unisims_ver.GND
Compiling module unisims_ver.VCC
Compiling module unisims_ver.FDCE_default
Compiling module xil_defaultlib.dbg_hub_synchronizer_ff__paramet...
Compiling module xil_defaultlib.dbg_hub_synchronizer_ff__paramet...
Compiling module xil_defaultlib.dbg_hub_synchronizer_ff__paramet...
Compiling module xil_defaultlib.dbg_hub_synchronizer_ff__paramet...
Compiling module xil_defaultlib.dbg_hub_clk_x_pntrs_7
Compiling module unisims_ver.FDPE_default
Compiling module xil_defaultlib.dbg_hub_rd_fwft
Compiling module xil_defaultlib.dbg_hub_rd_status_flags_as_17
Compiling module xil_defaultlib.dbg_hub_rd_handshaking_flags__pa...
Compiling module xil_defaultlib.dbg_hub_rd_bin_cntr_18
Compiling module xil_defaultlib.dbg_hub_rd_logic__parameterized0
Compiling module xil_defaultlib.dbg_hub_wr_status_flags_as_14
Compiling module xil_defaultlib.dbg_hub_wr_handshaking_flags_15
Compiling module xil_defaultlib.dbg_hub_wr_bin_cntr_16
Compiling module xil_defaultlib.dbg_hub_wr_logic__parameterized0
Compiling module unisims_ver.RAM32M16
Compiling module unisims_ver.RAM32X1D
Compiling module xil_defaultlib.dbg_hub_dmem_13
Compiling module xil_defaultlib.dbg_hub_memory__parameterized0
Compiling module xil_defaultlib.dbg_hub_synchronizer_ff_9
Compiling module xil_defaultlib.dbg_hub_synchronizer_ff_10
Compiling module xil_defaultlib.dbg_hub_synchronizer_ff_11
Compiling module xil_defaultlib.dbg_hub_synchronizer_ff_12
Compiling module xil_defaultlib.dbg_hub_reset_blk_ramfifo_8
Compiling module xil_defaultlib.dbg_hub_fifo_generator_ramfifo__...
Compiling module xil_defaultlib.dbg_hub_fifo_generator_top__para...
Compiling module xil_defaultlib.dbg_hub_fifo_generator_v13_1_4_s...
Compiling module xil_defaultlib.dbg_hub_fifo_generator_v13_1_4__...
Compiling module xil_defaultlib.dbg_hub_xsdbm_v3_0_0_rdfifo
Compiling module xil_defaultlib.dbg_hub_xsdbm_v3_0_0_rdreg
Compiling module xil_defaultlib.dbg_hub_synchronizer_ff__paramet...
Compiling module xil_defaultlib.dbg_hub_synchronizer_ff__paramet...
Compiling module xil_defaultlib.dbg_hub_synchronizer_ff__paramet...
Compiling module xil_defaultlib.dbg_hub_synchronizer_ff__paramet...
Compiling module xil_defaultlib.dbg_hub_clk_x_pntrs
Compiling module xil_defaultlib.dbg_hub_rd_status_flags_as
Compiling module xil_defaultlib.dbg_hub_rd_handshaking_flags
Compiling module xil_defaultlib.dbg_hub_rd_bin_cntr
Compiling module xil_defaultlib.dbg_hub_rd_logic
Compiling module xil_defaultlib.dbg_hub_wr_status_flags_as
Compiling module xil_defaultlib.dbg_hub_wr_handshaking_flags
Compiling module xil_defaultlib.dbg_hub_wr_bin_cntr
Compiling module xil_defaultlib.dbg_hub_wr_logic
Compiling module xil_defaultlib.dbg_hub_dmem
Compiling module xil_defaultlib.dbg_hub_memory
Compiling module xil_defaultlib.dbg_hub_synchronizer_ff
Compiling module xil_defaultlib.dbg_hub_synchronizer_ff_1
Compiling module xil_defaultlib.dbg_hub_synchronizer_ff_2
Compiling module xil_defaultlib.dbg_hub_synchronizer_ff_3
Compiling module xil_defaultlib.dbg_hub_reset_blk_ramfifo
Compiling module xil_defaultlib.dbg_hub_fifo_generator_ramfifo
Compiling module xil_defaultlib.dbg_hub_fifo_generator_top
Compiling module xil_defaultlib.dbg_hub_fifo_generator_v13_1_4_s...
Compiling module xil_defaultlib.dbg_hub_fifo_generator_v13_1_4
Compiling module xil_defaultlib.dbg_hub_xsdbm_v3_0_0_wrfifo
Compiling module xil_defaultlib.dbg_hub_xsdbm_v3_0_0_wrreg
Compiling module xil_defaultlib.dbg_hub_xsdbm_v3_0_0_ctl_reg__pa...
Compiling module xil_defaultlib.dbg_hub_xsdbm_v3_0_0_stat_reg__p...
Compiling module xil_defaultlib.dbg_hub_xsdbm_v3_0_0_if_static_s...
Compiling module xil_defaultlib.dbg_hub_xsdbm_v3_0_0_if
Compiling module unisims_ver.CARRY8
Compiling module xil_defaultlib.dbg_hub_xsdbm_v3_0_0_addr_ctl
Compiling module xil_defaultlib.dbg_hub_xsdbm_v3_0_0_burst_wdlen...
Compiling module xil_defaultlib.dbg_hub_xsdbm_v3_0_0_bus_ctl_flg...
Compiling module xil_defaultlib.dbg_hub_xsdbm_v3_0_0_bus_ctl_flg
Compiling module xil_defaultlib.dbg_hub_xsdbm_v3_0_0_bus_ctl_cnt
Compiling module xil_defaultlib.dbg_hub_xsdbm_v3_0_0_bus_ctl
Compiling module xil_defaultlib.dbg_hub_ltlib_v1_0_0_generic_mux
Compiling module xil_defaultlib.dbg_hub_xsdbm_v3_0_0_bus_mstr2sl...
Compiling module xil_defaultlib.dbg_hub_xsdbm_v3_0_0_icon2xsdb
Compiling module xil_defaultlib.dbg_hub_xsdbm_v3_0_0_cmd_decode
Compiling module xil_defaultlib.dbg_hub_xsdbm_v3_0_0_stat
Compiling module xil_defaultlib.dbg_hub_xsdbm_v3_0_0_sync
Compiling module xil_defaultlib.dbg_hub_xsdbm_v3_0_0_icon
Compiling module unisims_ver.BSCANE2
Compiling module xil_defaultlib.dbg_hub_ltlib_v1_0_0_bscan
Compiling module unisims_ver.FDSE_default
Compiling module xil_defaultlib.dbg_hub_xsdbm_v3_0_0_bscan_switc...
Compiling module xil_defaultlib.dbg_hub_xsdbm_v3_0_0_xsdbm_id
Compiling module xil_defaultlib.dbg_hub_xsdbm_v3_0_0_xsdbm
Compiling module xil_defaultlib.dbg_hub
Compiling module xil_defaultlib.error_inject
Compiling module unisims_ver.OBUF
Compiling module unisims_ver.RAMB18E2(CLOCK_DOMAINS="COMMON",...
Compiling module xil_defaultlib.bram_rs
Compiling module xil_defaultlib.chien_search
Compiling module unisims_ver.MUXF8
Compiling module unisims_ver.MUXF7
Compiling module xil_defaultlib.inverter_0
Compiling module xil_defaultlib.euclid_proc
Compiling module xil_defaultlib.inverter
Compiling module xil_defaultlib.forney_math
Compiling module xil_defaultlib.syndrome_unit
Compiling module xil_defaultlib.rs_decoder
Compiling module xil_defaultlib.rs_encoder
Compiling module xil_defaultlib.stream_input
Compiling module unisims_ver.IBUFDS
Compiling module unisims_ver.RAMB18E2(CLOCK_DOMAINS="COMMON",...
Compiling module unisims_ver.RAMB36E2(CLOCK_DOMAINS="COMMON",...
Compiling module unisims_ver.SRL16E_default
Compiling module unisims_ver.SRLC32E_default
Compiling module unisims_ver.SRLC16E_default
Compiling module unisims_ver.CFGLUT5_default
Compiling module xil_defaultlib.u_ila_0_ila_v6_2_12_ila
Compiling module xil_defaultlib.u_ila_0
Compiling module xil_defaultlib.top
Compiling module xil_defaultlib.glbl
Built simulation snapshot top_func_impl
execute_script: Time (s): cpu = 00:00:15 ; elapsed = 00:00:06 . Memory (MB): peak = 11468.551 ; gain = 0.000 ; free physical = 18127 ; free virtual = 101974
INFO: [USF-XSim-69] 'elaborate' step finished in '6' seconds
INFO: [USF-XSim-4] XSim::Simulate design
INFO: [USF-XSim-61] Executing 'SIMULATE' step in '/home/williams/MYFPGA/FPGA Final/rs_codec_clean/rs_codec_clean/rs_codec_clean.sim/sim_1/impl/func/xsim'
INFO: [USF-XSim-98] *** Running xsim
   with args "top_func_impl -key {Post-Implementation:sim_1:Functional:top} -tclbatch {top.tcl} -log {simulate.log}"
INFO: [USF-XSim-8] Loading simulator feature
Time resolution is 1 ps
source top.tcl
# set curr_wave [current_wave_config]
# if { [string length $curr_wave] == 0 } {
#   if { [llength [get_objects]] > 0} {
#     add_wave /
#     set_property needs_save false [current_wave_config]
#   } else {
#      send_msg_id Add_Wave-1 WARNING "No top level signals found. Simulator will start without a wave window. If you want to open a wave window go to 'File->New Waveform Configuration' or type 'create_wave_config' in the TCL console."
#   }
# }
# run 1000ns
INFO: [USF-XSim-96] XSim completed. Design snapshot 'top_func_impl' loaded.
INFO: [USF-XSim-97] XSim simulation ran for 1000ns
launch_simulation: Time (s): cpu = 00:00:26 ; elapsed = 00:00:12 . Memory (MB): peak = 11468.551 ; gain = 122.055 ; free physical = 18120 ; free virtual = 101969
launch_simulation -mode post-synthesis -type timing
Command: launch_simulation  -mode post-synthesis -type timing
INFO: [Vivado 12-12493] Simulation top is 'top'
WARNING: [Vivado 12-13277] Compiled library path does not exist: ''
INFO: [Vivado 12-5698] Checking validity of IPs in the design for the 'XSim' simulator...
INFO: [Vivado 12-5682] Launching post-synthesis timing simulation in '/home/williams/MYFPGA/FPGA Final/rs_codec_clean/rs_codec_clean/rs_codec_clean.sim/sim_1/synth/timing/xsim'
INFO: [Vivado 12-4795] Using compiled simulation libraries for IPs
INFO: [SIM-utils-51] Simulation object is 'sim_1'
INFO: [SIM-utils-72] Using boost library from '/tools/Xilinx/Vivado/2022.2/tps/boost_1_72_0'
INFO: [SIM-utils-24] Writing simulation netlist file for design 'synth_1'...
INFO: [SIM-utils-25] write_verilog -mode timesim -nolib -sdf_anno true -force -file "/home/williams/MYFPGA/FPGA Final/rs_codec_clean/rs_codec_clean/rs_codec_clean.sim/sim_1/synth/timing/xsim/top_time_synth.v"
INFO: [SIM-utils-27] Writing SDF file...
INFO: [SIM-utils-28] write_sdf -mode timesim -process_corner slow -force -file "/home/williams/MYFPGA/FPGA Final/rs_codec_clean/rs_codec_clean/rs_codec_clean.sim/sim_1/synth/timing/xsim/top_time_synth.sdf"
INFO: [SIM-utils-36] Netlist generated:/home/williams/MYFPGA/FPGA Final/rs_codec_clean/rs_codec_clean/rs_codec_clean.sim/sim_1/synth/timing/xsim/top_time_synth.v
INFO: [SIM-utils-37] SDF generated:/home/williams/MYFPGA/FPGA Final/rs_codec_clean/rs_codec_clean/rs_codec_clean.sim/sim_1/synth/timing/xsim/top_time_synth.sdf
INFO: [USF-XSim-7] Finding pre-compiled libraries...
INFO: [USF-XSim-11] File '/tools/Xilinx/Vivado/2022.2/data/xsim/xsim.ini' copied to run dir:'/home/williams/MYFPGA/FPGA Final/rs_codec_clean/rs_codec_clean/rs_codec_clean.sim/sim_1/synth/timing/xsim'
INFO: [SIM-utils-54] Inspecting design source files for 'top' in fileset 'sim_1'...
INFO: [SIM-utils-43] Exported '/home/williams/MYFPGA/FPGA Final/rs_codec_clean/rs_codec_clean/rs_codec_clean.sim/sim_1/synth/timing/xsim/error.mem'
INFO: [SIM-utils-43] Exported '/home/williams/MYFPGA/FPGA Final/rs_codec_clean/rs_codec_clean/rs_codec_clean.sim/sim_1/synth/timing/xsim/sample.mem'
INFO: [SIM-utils-43] Exported '/home/williams/MYFPGA/FPGA Final/rs_codec_clean/rs_codec_clean/rs_codec_clean.sim/sim_1/synth/timing/xsim/alpha_value.mem'
INFO: [SIM-utils-43] Exported '/home/williams/MYFPGA/FPGA Final/rs_codec_clean/rs_codec_clean/rs_codec_clean.sim/sim_1/synth/timing/xsim/sample_head.mem'
INFO: [SIM-utils-43] Exported '/home/williams/MYFPGA/FPGA Final/rs_codec_clean/rs_codec_clean/rs_codec_clean.sim/sim_1/synth/timing/xsim/decimal_value.mem'
INFO: [USF-XSim-2] XSim::Compile design
INFO: [USF-XSim-61] Executing 'COMPILE and ANALYZE' step in '/home/williams/MYFPGA/FPGA Final/rs_codec_clean/rs_codec_clean/rs_codec_clean.sim/sim_1/synth/timing/xsim'
xvlog --incr --relax -prj top_vlog.prj
INFO: [VRFC 10-2263] Analyzing Verilog file "/home/williams/MYFPGA/FPGA Final/rs_codec_clean/rs_codec_clean/rs_codec_clean.sim/sim_1/synth/timing/xsim/top_time_synth.v" into library xil_defaultlib
INFO: [VRFC 10-311] analyzing module IBUFDS_UNIQ_BASE_
INFO: [VRFC 10-311] analyzing module dbg_hub_CV
INFO: [VRFC 10-311] analyzing module u_ila_0_CV
INFO: [VRFC 10-311] analyzing module autorun
INFO: [VRFC 10-311] analyzing module bram_rs
INFO: [VRFC 10-311] analyzing module chien_search
INFO: [VRFC 10-311] analyzing module clk_wiz_0
INFO: [VRFC 10-311] analyzing module clk_wiz_0_clk_wiz
INFO: [VRFC 10-311] analyzing module error_inject
INFO: [VRFC 10-311] analyzing module euclid_proc
INFO: [VRFC 10-311] analyzing module forney_math
INFO: [VRFC 10-311] analyzing module inverter
INFO: [VRFC 10-311] analyzing module inverter_0
INFO: [VRFC 10-311] analyzing module rs_decoder
INFO: [VRFC 10-311] analyzing module rs_encoder
INFO: [VRFC 10-311] analyzing module stream_input
INFO: [VRFC 10-311] analyzing module syndrome_unit
INFO: [VRFC 10-311] analyzing module top
INFO: [VRFC 10-311] analyzing module bram_rs_blk_mem_gen_generic_cstr
INFO: [VRFC 10-311] analyzing module bram_rs_blk_mem_gen_prim_width
INFO: [VRFC 10-311] analyzing module bram_rs_blk_mem_gen_prim_wrapper
INFO: [VRFC 10-311] analyzing module bram_rs_blk_mem_gen_top
INFO: [VRFC 10-311] analyzing module bram_rs_blk_mem_gen_v8_4_5
INFO: [VRFC 10-311] analyzing module bram_rs_blk_mem_gen_v8_4_5_synth
INFO: [VRFC 10-311] analyzing module glbl
Waiting for jobs to finish...
No pending jobs, compilation finished.
INFO: [USF-XSim-69] 'compile' step finished in '1' seconds
INFO: [USF-XSim-3] XSim::Elaborate design
INFO: [USF-XSim-61] Executing 'ELABORATE' step in '/home/williams/MYFPGA/FPGA Final/rs_codec_clean/rs_codec_clean/rs_codec_clean.sim/sim_1/synth/timing/xsim'
xelab --incr --debug typical --relax --mt 8 --maxdelay -L xil_defaultlib -L simprims_ver -L secureip --snapshot top_time_synth -transport_int_delays -pulse_r 0 -pulse_int_r 0 -pulse_e 0 -pulse_int_e 0 xil_defaultlib.top xil_defaultlib.glbl -log elaborate.log
Vivado Simulator v2022.2
Copyright 1986-1999, 2001-2022 Xilinx, Inc. All Rights Reserved.
Running: /tools/Xilinx/Vivado/2022.2/bin/unwrapped/lnx64.o/xelab --incr --debug typical --relax --mt 8 --maxdelay -L xil_defaultlib -L simprims_ver -L secureip --snapshot top_time_synth -transport_int_delays -pulse_r 0 -pulse_int_r 0 -pulse_e 0 -pulse_int_e 0 xil_defaultlib.top xil_defaultlib.glbl -log elaborate.log 
Using 8 slave threads.
Starting static elaboration
Pass Through NonSizing Optimizer
Completed static elaboration
Starting simulation data flow analysis
Completed simulation data flow analysis
INFO: [XSIM 43-3451] SDF backannotation process started with SDF file "top_time_synth.sdf", for root module "top".
INFO: [XSIM 43-3452] SDF backannotation was successful for SDF file "top_time_synth.sdf", for root module "top".
Time Resolution for simulation is 1ps
Compiling module simprims_ver.x_lut1_mux2
Compiling module simprims_ver.LUT1
Compiling module simprims_ver.x_lut2_mux4
Compiling module simprims_ver.LUT2
Compiling module simprims_ver.x_lut3_mux8
Compiling module simprims_ver.LUT3
Compiling module simprims_ver.LUT4
Compiling module simprims_ver.LUT5
Compiling module simprims_ver.LUT6
Compiling module simprims_ver.FDRE_default
Compiling module xil_defaultlib.autorun
Compiling module simprims_ver.BUFGCE(CE_TYPE="ASYNC")
Compiling module simprims_ver.MMCME3_ADV(CLKIN1_PERIOD=5.0,CLK...
Compiling module xil_defaultlib.clk_wiz_0_clk_wiz
Compiling module xil_defaultlib.clk_wiz_0
Compiling module xil_defaultlib.dbg_hub_CV
Compiling module simprims_ver.CARRY8
Compiling module simprims_ver.FDSE_default
Compiling module xil_defaultlib.error_inject
Compiling module simprims_ver.OBUF
Compiling module simprims_ver.GND
Compiling module simprims_ver.RAMB18E2(CLOCK_DOMAINS="COMMON",...
Compiling module xil_defaultlib.bram_rs
Compiling module xil_defaultlib.chien_search
Compiling module simprims_ver.MUXF8
Compiling module simprims_ver.MUXF7
Compiling module xil_defaultlib.inverter_0
Compiling module xil_defaultlib.euclid_proc
Compiling module xil_defaultlib.inverter
Compiling module xil_defaultlib.forney_math
Compiling module xil_defaultlib.syndrome_unit
Compiling module xil_defaultlib.rs_decoder
Compiling module xil_defaultlib.rs_encoder
Compiling module xil_defaultlib.stream_input
Compiling module simprims_ver.DIFFINBUF(ISTANDARD="DEFAULT")
Compiling module simprims_ver.IBUFCTRL_default
Compiling module xil_defaultlib.IBUFDS_UNIQ_BASE_
Compiling module xil_defaultlib.u_ila_0_CV
Compiling module xil_defaultlib.top
Compiling module xil_defaultlib.glbl
Built simulation snapshot top_time_synth
execute_script: Time (s): cpu = 00:01:22 ; elapsed = 00:00:25 . Memory (MB): peak = 11468.551 ; gain = 0.000 ; free physical = 17582 ; free virtual = 101514
INFO: [USF-XSim-69] 'elaborate' step finished in '25' seconds
INFO: [USF-XSim-4] XSim::Simulate design
INFO: [USF-XSim-61] Executing 'SIMULATE' step in '/home/williams/MYFPGA/FPGA Final/rs_codec_clean/rs_codec_clean/rs_codec_clean.sim/sim_1/synth/timing/xsim'
INFO: [USF-XSim-98] *** Running xsim
   with args "top_time_synth -key {Post-Synthesis:sim_1:Timing:top} -tclbatch {top.tcl} -log {simulate.log}"
INFO: [USF-XSim-8] Loading simulator feature
Time resolution is 1 ps
source top.tcl
# set curr_wave [current_wave_config]
# if { [string length $curr_wave] == 0 } {
#   if { [llength [get_objects]] > 0} {
#     add_wave /
#     set_property needs_save false [current_wave_config]
#   } else {
#      send_msg_id Add_Wave-1 WARNING "No top level signals found. Simulator will start without a wave window. If you want to open a wave window go to 'File->New Waveform Configuration' or type 'create_wave_config' in the TCL console."
#   }
# }
# run 1000ns
INFO: [USF-XSim-96] XSim completed. Design snapshot 'top_time_synth' loaded.
INFO: [USF-XSim-97] XSim simulation ran for 1000ns
launch_simulation: Time (s): cpu = 00:01:27 ; elapsed = 00:00:28 . Memory (MB): peak = 11500.707 ; gain = 32.156 ; free physical = 17537 ; free virtual = 101472
launch_simulation
Command: launch_simulation 
INFO: [Vivado 12-12493] Simulation top is 'top'
WARNING: [Vivado 12-13277] Compiled library path does not exist: ''
INFO: [Vivado 12-5698] Checking validity of IPs in the design for the 'XSim' simulator...
INFO: [Vivado 12-5682] Launching behavioral simulation in '/home/williams/MYFPGA/FPGA Final/rs_codec_clean/rs_codec_clean/rs_codec_clean.sim/sim_1/behav/xsim'
INFO: [Vivado 12-4795] Using compiled simulation libraries for IPs
INFO: [SIM-utils-51] Simulation object is 'sim_1'
INFO: [SIM-utils-72] Using boost library from '/tools/Xilinx/Vivado/2022.2/tps/boost_1_72_0'
INFO: [USF-XSim-7] Finding pre-compiled libraries...
INFO: [USF-XSim-11] File '/tools/Xilinx/Vivado/2022.2/data/xsim/xsim.ini' copied to run dir:'/home/williams/MYFPGA/FPGA Final/rs_codec_clean/rs_codec_clean/rs_codec_clean.sim/sim_1/behav/xsim'
INFO: [SIM-utils-54] Inspecting design source files for 'top' in fileset 'sim_1'...
INFO: [SIM-utils-43] Exported '/home/williams/MYFPGA/FPGA Final/rs_codec_clean/rs_codec_clean/rs_codec_clean.sim/sim_1/behav/xsim/error.mem'
INFO: [SIM-utils-43] Exported '/home/williams/MYFPGA/FPGA Final/rs_codec_clean/rs_codec_clean/rs_codec_clean.sim/sim_1/behav/xsim/sample.mem'
INFO: [SIM-utils-43] Exported '/home/williams/MYFPGA/FPGA Final/rs_codec_clean/rs_codec_clean/rs_codec_clean.sim/sim_1/behav/xsim/alpha_value.mem'
INFO: [SIM-utils-43] Exported '/home/williams/MYFPGA/FPGA Final/rs_codec_clean/rs_codec_clean/rs_codec_clean.sim/sim_1/behav/xsim/sample_head.mem'
INFO: [SIM-utils-43] Exported '/home/williams/MYFPGA/FPGA Final/rs_codec_clean/rs_codec_clean/rs_codec_clean.sim/sim_1/behav/xsim/decimal_value.mem'
INFO: [USF-XSim-97] Finding global include files...
INFO: [USF-XSim-98] Fetching design files from 'sim_1'...
INFO: [USF-XSim-2] XSim::Compile design
INFO: [USF-XSim-61] Executing 'COMPILE and ANALYZE' step in '/home/williams/MYFPGA/FPGA Final/rs_codec_clean/rs_codec_clean/rs_codec_clean.sim/sim_1/behav/xsim'
xvlog --incr --relax -prj top_vlog.prj
INFO: [VRFC 10-2263] Analyzing Verilog file "/home/williams/MYFPGA/FPGA Final/rs_codec_clean/rs_codec_clean/rs_codec_clean.gen/sources_1/ip/bram_rs/sim/bram_rs.v" into library xil_defaultlib
INFO: [VRFC 10-311] analyzing module bram_rs
INFO: [VRFC 10-2263] Analyzing Verilog file "/home/williams/MYFPGA/FPGA Final/rs_codec_clean/rs_codec_clean/rs_codec_clean.gen/sources_1/ip/clk_wiz_0/clk_wiz_0_clk_wiz.v" into library xil_defaultlib
INFO: [VRFC 10-311] analyzing module clk_wiz_0_clk_wiz
INFO: [VRFC 10-2263] Analyzing Verilog file "/home/williams/MYFPGA/FPGA Final/rs_codec_clean/rs_codec_clean/rs_codec_clean.gen/sources_1/ip/clk_wiz_0/clk_wiz_0.v" into library xil_defaultlib
INFO: [VRFC 10-311] analyzing module clk_wiz_0
INFO: [VRFC 10-2263] Analyzing Verilog file "/home/williams/MYFPGA/FPGA Final/rs_codec_clean/rs_codec_clean/rs_codec_clean.srcs/sources_1/imports/new/autorun.v" into library xil_defaultlib
INFO: [VRFC 10-311] analyzing module autorun
INFO: [VRFC 10-2263] Analyzing Verilog file "/home/williams/MYFPGA/FPGA Final/rs_codec_clean/rs_codec_clean/rs_codec_clean.srcs/sources_1/imports/new/chien_search.v" into library xil_defaultlib
INFO: [VRFC 10-311] analyzing module chien_search
INFO: [VRFC 10-2263] Analyzing Verilog file "/home/williams/MYFPGA/FPGA Final/rs_codec_clean/rs_codec_clean/rs_codec_clean.srcs/sources_1/imports/new/error_inject.v" into library xil_defaultlib
INFO: [VRFC 10-311] analyzing module error_inject
INFO: [VRFC 10-2263] Analyzing Verilog file "/home/williams/MYFPGA/FPGA Final/rs_codec_clean/rs_codec_clean/rs_codec_clean.srcs/sources_1/imports/new/euclid_proc.v" into library xil_defaultlib
INFO: [VRFC 10-311] analyzing module euclid_proc
INFO: [VRFC 10-2263] Analyzing Verilog file "/home/williams/MYFPGA/FPGA Final/rs_codec_clean/rs_codec_clean/rs_codec_clean.srcs/sources_1/imports/new/forney_math.v" into library xil_defaultlib
INFO: [VRFC 10-311] analyzing module forney_math
INFO: [VRFC 10-2263] Analyzing Verilog file "/home/williams/MYFPGA/FPGA Final/rs_codec_clean/rs_codec_clean/rs_codec_clean.srcs/sources_1/imports/new/inverter.v" into library xil_defaultlib
INFO: [VRFC 10-311] analyzing module inverter
INFO: [VRFC 10-2263] Analyzing Verilog file "/home/williams/MYFPGA/FPGA Final/rs_codec_clean/rs_codec_clean/rs_codec_clean.srcs/sources_1/imports/new/multiplier.v" into library xil_defaultlib
INFO: [VRFC 10-311] analyzing module multiplier
INFO: [VRFC 10-2263] Analyzing Verilog file "/home/williams/MYFPGA/FPGA Final/rs_codec_clean/rs_codec_clean/rs_codec_clean.srcs/sources_1/imports/rs_codec_clean/rs_decoder.v" into library xil_defaultlib
INFO: [VRFC 10-311] analyzing module rs_decoder
INFO: [VRFC 10-2263] Analyzing Verilog file "/home/williams/MYFPGA/FPGA Final/rs_codec_clean/rs_codec_clean/rs_codec_clean.srcs/sources_1/imports/new/rs_encoder.v" into library xil_defaultlib
INFO: [VRFC 10-311] analyzing module rs_encoder
INFO: [VRFC 10-2263] Analyzing Verilog file "/home/williams/MYFPGA/FPGA Final/rs_codec_clean/rs_codec_clean/rs_codec_clean.srcs/sources_1/imports/new/stream_input.v" into library xil_defaultlib
INFO: [VRFC 10-311] analyzing module stream_input
INFO: [VRFC 10-2263] Analyzing Verilog file "/home/williams/MYFPGA/FPGA Final/rs_codec_clean/rs_codec_clean/rs_codec_clean.srcs/sources_1/imports/new/syndrome_unit.v" into library xil_defaultlib
INFO: [VRFC 10-311] analyzing module syndrome_unit
INFO: [VRFC 10-2263] Analyzing Verilog file "/home/williams/MYFPGA/FPGA Final/rs_codec_clean/rs_codec_clean/rs_codec_clean.srcs/sources_1/imports/new/top.v" into library xil_defaultlib
INFO: [VRFC 10-311] analyzing module top
Waiting for jobs to finish...
No pending jobs, compilation finished.
INFO: [USF-XSim-69] 'compile' step finished in '1' seconds
INFO: [USF-XSim-3] XSim::Elaborate design
INFO: [USF-XSim-61] Executing 'ELABORATE' step in '/home/williams/MYFPGA/FPGA Final/rs_codec_clean/rs_codec_clean/rs_codec_clean.sim/sim_1/behav/xsim'
xelab --incr --debug typical --relax --mt 8 -L xil_defaultlib -L blk_mem_gen_v8_4_5 -L unisims_ver -L unimacro_ver -L secureip -L xpm --snapshot top_behav xil_defaultlib.top xil_defaultlib.glbl -log elaborate.log
Vivado Simulator v2022.2
Copyright 1986-1999, 2001-2022 Xilinx, Inc. All Rights Reserved.
Running: /tools/Xilinx/Vivado/2022.2/bin/unwrapped/lnx64.o/xelab --incr --debug typical --relax --mt 8 -L xil_defaultlib -L blk_mem_gen_v8_4_5 -L unisims_ver -L unimacro_ver -L secureip -L xpm --snapshot top_behav xil_defaultlib.top xil_defaultlib.glbl -log elaborate.log 
Using 8 slave threads.
Starting static elaboration
Pass Through NonSizing Optimizer
Completed static elaboration
Starting simulation data flow analysis
Completed simulation data flow analysis
Time Resolution for simulation is 1ps
Compiling module unisims_ver.IBUFDS
Compiling module unisims_ver.IBUFGDS
Compiling module unisims_ver.IBUF
Compiling module unisims_ver.MMCME3_ADV(CLKIN1_PERIOD=5.0,CLK...
Compiling module unisims_ver.BUFG
Compiling module xil_defaultlib.clk_wiz_0_clk_wiz
Compiling module xil_defaultlib.clk_wiz_0
Compiling module xil_defaultlib.autorun
Compiling module xil_defaultlib.stream_input
Compiling module xil_defaultlib.multiplier
Compiling module xil_defaultlib.rs_encoder
Compiling module xil_defaultlib.error_inject_default
Compiling module blk_mem_gen_v8_4_5.blk_mem_gen_v8_4_5_output_stage(...
Compiling module blk_mem_gen_v8_4_5.blk_mem_gen_v8_4_5_output_stage(...
Compiling module blk_mem_gen_v8_4_5.blk_mem_gen_v8_4_5_softecc_outpu...
Compiling module blk_mem_gen_v8_4_5.blk_mem_gen_v8_4_5_mem_module(C_...
Compiling module blk_mem_gen_v8_4_5.blk_mem_axi_regs_fwd_v8_4(C_DATA...
Compiling module blk_mem_gen_v8_4_5.blk_mem_gen_v8_4_5(C_FAMILY="kin...
Compiling module xil_defaultlib.bram_rs
Compiling module xil_defaultlib.syndrome_unit
Compiling module xil_defaultlib.inverter
Compiling module xil_defaultlib.euclid_proc_default
Compiling module xil_defaultlib.chien_search
Compiling module xil_defaultlib.forney_math
Compiling module xil_defaultlib.rs_decoder
Compiling module xil_defaultlib.top
Compiling module xil_defaultlib.glbl
Built simulation snapshot top_behav
INFO: [USF-XSim-69] 'elaborate' step finished in '3' seconds
INFO: [USF-XSim-4] XSim::Simulate design
INFO: [USF-XSim-61] Executing 'SIMULATE' step in '/home/williams/MYFPGA/FPGA Final/rs_codec_clean/rs_codec_clean/rs_codec_clean.sim/sim_1/behav/xsim'
INFO: [USF-XSim-98] *** Running xsim
   with args "top_behav -key {Behavioral:sim_1:Functional:top} -tclbatch {top.tcl} -log {simulate.log}"
INFO: [USF-XSim-8] Loading simulator feature
Time resolution is 1 ps
source top.tcl
# set curr_wave [current_wave_config]
# if { [string length $curr_wave] == 0 } {
#   if { [llength [get_objects]] > 0} {
#     add_wave /
#     set_property needs_save false [current_wave_config]
#   } else {
#      send_msg_id Add_Wave-1 WARNING "No top level signals found. Simulator will start without a wave window. If you want to open a wave window go to 'File->New Waveform Configuration' or type 'create_wave_config' in the TCL console."
#   }
# }
# run 1000ns
Block Memory Generator module top.rs_decoder_inst.bram_rs_inst.inst.\native_mem_module.blk_mem_gen_v8_4_5_inst  is using a behavioral model for simulation which will not precisely model memory collision behavior.
INFO: [USF-XSim-96] XSim completed. Design snapshot 'top_behav' loaded.
INFO: [USF-XSim-97] XSim simulation ran for 1000ns
launch_simulation: Time (s): cpu = 00:00:07 ; elapsed = 00:00:06 . Memory (MB): peak = 11558.543 ; gain = 57.836 ; free physical = 17883 ; free virtual = 101819
close_sim
INFO: [Simtcl 6-16] Simulation closed
launch_sim
Command: launch_simulation 
INFO: [Vivado 12-12493] Simulation top is 'top'
WARNING: [Vivado 12-13277] Compiled library path does not exist: ''
INFO: [Vivado 12-5698] Checking validity of IPs in the design for the 'XSim' simulator...
INFO: [Vivado 12-5682] Launching behavioral simulation in '/home/williams/MYFPGA/FPGA Final/rs_codec_clean/rs_codec_clean/rs_codec_clean.sim/sim_1/behav/xsim'
INFO: [Vivado 12-4795] Using compiled simulation libraries for IPs
INFO: [SIM-utils-51] Simulation object is 'sim_1'
INFO: [SIM-utils-72] Using boost library from '/tools/Xilinx/Vivado/2022.2/tps/boost_1_72_0'
INFO: [USF-XSim-7] Finding pre-compiled libraries...
INFO: [USF-XSim-11] File '/tools/Xilinx/Vivado/2022.2/data/xsim/xsim.ini' copied to run dir:'/home/williams/MYFPGA/FPGA Final/rs_codec_clean/rs_codec_clean/rs_codec_clean.sim/sim_1/behav/xsim'
INFO: [SIM-utils-54] Inspecting design source files for 'top' in fileset 'sim_1'...
INFO: [SIM-utils-43] Exported '/home/williams/MYFPGA/FPGA Final/rs_codec_clean/rs_codec_clean/rs_codec_clean.sim/sim_1/behav/xsim/error.mem'
INFO: [SIM-utils-43] Exported '/home/williams/MYFPGA/FPGA Final/rs_codec_clean/rs_codec_clean/rs_codec_clean.sim/sim_1/behav/xsim/sample.mem'
INFO: [SIM-utils-43] Exported '/home/williams/MYFPGA/FPGA Final/rs_codec_clean/rs_codec_clean/rs_codec_clean.sim/sim_1/behav/xsim/alpha_value.mem'
INFO: [SIM-utils-43] Exported '/home/williams/MYFPGA/FPGA Final/rs_codec_clean/rs_codec_clean/rs_codec_clean.sim/sim_1/behav/xsim/sample_head.mem'
INFO: [SIM-utils-43] Exported '/home/williams/MYFPGA/FPGA Final/rs_codec_clean/rs_codec_clean/rs_codec_clean.sim/sim_1/behav/xsim/decimal_value.mem'
INFO: [USF-XSim-97] Finding global include files...
INFO: [USF-XSim-98] Fetching design files from 'sim_1'...
INFO: [USF-XSim-2] XSim::Compile design
INFO: [USF-XSim-61] Executing 'COMPILE and ANALYZE' step in '/home/williams/MYFPGA/FPGA Final/rs_codec_clean/rs_codec_clean/rs_codec_clean.sim/sim_1/behav/xsim'
xvlog --incr --relax -prj top_vlog.prj
Waiting for jobs to finish...
No pending jobs, compilation finished.
INFO: [USF-XSim-69] 'compile' step finished in '1' seconds
INFO: [USF-XSim-3] XSim::Elaborate design
INFO: [USF-XSim-61] Executing 'ELABORATE' step in '/home/williams/MYFPGA/FPGA Final/rs_codec_clean/rs_codec_clean/rs_codec_clean.sim/sim_1/behav/xsim'
xelab --incr --debug typical --relax --mt 8 -L xil_defaultlib -L blk_mem_gen_v8_4_5 -L unisims_ver -L unimacro_ver -L secureip -L xpm --snapshot top_behav xil_defaultlib.top xil_defaultlib.glbl -log elaborate.log
Vivado Simulator v2022.2
Copyright 1986-1999, 2001-2022 Xilinx, Inc. All Rights Reserved.
Running: /tools/Xilinx/Vivado/2022.2/bin/unwrapped/lnx64.o/xelab --incr --debug typical --relax --mt 8 -L xil_defaultlib -L blk_mem_gen_v8_4_5 -L unisims_ver -L unimacro_ver -L secureip -L xpm --snapshot top_behav xil_defaultlib.top xil_defaultlib.glbl -log elaborate.log 
Using 8 slave threads.
Starting static elaboration
Pass Through NonSizing Optimizer
Completed static elaboration
INFO: [XSIM 43-4323] No Change in HDL. Linking previously generated obj files to create kernel
INFO: [USF-XSim-69] 'elaborate' step finished in '1' seconds
INFO: [USF-XSim-4] XSim::Simulate design
INFO: [USF-XSim-61] Executing 'SIMULATE' step in '/home/williams/MYFPGA/FPGA Final/rs_codec_clean/rs_codec_clean/rs_codec_clean.sim/sim_1/behav/xsim'
INFO: [USF-XSim-98] *** Running xsim
   with args "top_behav -key {Behavioral:sim_1:Functional:top} -tclbatch {top.tcl} -log {simulate.log}"
INFO: [USF-XSim-8] Loading simulator feature
Time resolution is 1 ps
source top.tcl
Block Memory Generator module top.rs_decoder_inst.bram_rs_inst.inst.\native_mem_module.blk_mem_gen_v8_4_5_inst  is using a behavioral model for simulation which will not precisely model memory collision behavior.
INFO: [USF-XSim-96] XSim completed. Design snapshot 'top_behav' loaded.
INFO: [USF-XSim-97] XSim simulation ran for 1000ns
add_force {top/sys_clk_p} -radix hex {0 0ns} {1 2.5ns} -repeat 5ns
force1
add_force {top/sys_clk_n} -radix hex {1 0ns} {0 2.5ns} -repeat 5ns
force2
run 10us
close_sim
INFO: [Simtcl 6-16] Simulation closed
launch_sim
Command: launch_simulation 
INFO: [Vivado 12-12493] Simulation top is 'top'
WARNING: [Vivado 12-13277] Compiled library path does not exist: ''
INFO: [Vivado 12-5698] Checking validity of IPs in the design for the 'XSim' simulator...
INFO: [Vivado 12-5682] Launching behavioral simulation in '/home/williams/MYFPGA/FPGA Final/rs_codec_clean/rs_codec_clean/rs_codec_clean.sim/sim_1/behav/xsim'
INFO: [Vivado 12-4795] Using compiled simulation libraries for IPs
INFO: [SIM-utils-51] Simulation object is 'sim_1'
INFO: [SIM-utils-72] Using boost library from '/tools/Xilinx/Vivado/2022.2/tps/boost_1_72_0'
INFO: [USF-XSim-7] Finding pre-compiled libraries...
INFO: [USF-XSim-11] File '/tools/Xilinx/Vivado/2022.2/data/xsim/xsim.ini' copied to run dir:'/home/williams/MYFPGA/FPGA Final/rs_codec_clean/rs_codec_clean/rs_codec_clean.sim/sim_1/behav/xsim'
INFO: [SIM-utils-54] Inspecting design source files for 'top' in fileset 'sim_1'...
INFO: [SIM-utils-43] Exported '/home/williams/MYFPGA/FPGA Final/rs_codec_clean/rs_codec_clean/rs_codec_clean.sim/sim_1/behav/xsim/error.mem'
INFO: [SIM-utils-43] Exported '/home/williams/MYFPGA/FPGA Final/rs_codec_clean/rs_codec_clean/rs_codec_clean.sim/sim_1/behav/xsim/sample.mem'
INFO: [SIM-utils-43] Exported '/home/williams/MYFPGA/FPGA Final/rs_codec_clean/rs_codec_clean/rs_codec_clean.sim/sim_1/behav/xsim/alpha_value.mem'
INFO: [SIM-utils-43] Exported '/home/williams/MYFPGA/FPGA Final/rs_codec_clean/rs_codec_clean/rs_codec_clean.sim/sim_1/behav/xsim/sample_head.mem'
INFO: [SIM-utils-43] Exported '/home/williams/MYFPGA/FPGA Final/rs_codec_clean/rs_codec_clean/rs_codec_clean.sim/sim_1/behav/xsim/decimal_value.mem'
INFO: [USF-XSim-97] Finding global include files...
INFO: [USF-XSim-98] Fetching design files from 'sim_1'...
INFO: [USF-XSim-2] XSim::Compile design
INFO: [USF-XSim-61] Executing 'COMPILE and ANALYZE' step in '/home/williams/MYFPGA/FPGA Final/rs_codec_clean/rs_codec_clean/rs_codec_clean.sim/sim_1/behav/xsim'
xvlog --incr --relax -prj top_vlog.prj
Waiting for jobs to finish...
No pending jobs, compilation finished.
INFO: [USF-XSim-69] 'compile' step finished in '1' seconds
INFO: [USF-XSim-3] XSim::Elaborate design
INFO: [USF-XSim-61] Executing 'ELABORATE' step in '/home/williams/MYFPGA/FPGA Final/rs_codec_clean/rs_codec_clean/rs_codec_clean.sim/sim_1/behav/xsim'
xelab --incr --debug typical --relax --mt 8 -L xil_defaultlib -L blk_mem_gen_v8_4_5 -L unisims_ver -L unimacro_ver -L secureip -L xpm --snapshot top_behav xil_defaultlib.top xil_defaultlib.glbl -log elaborate.log
Vivado Simulator v2022.2
Copyright 1986-1999, 2001-2022 Xilinx, Inc. All Rights Reserved.
Running: /tools/Xilinx/Vivado/2022.2/bin/unwrapped/lnx64.o/xelab --incr --debug typical --relax --mt 8 -L xil_defaultlib -L blk_mem_gen_v8_4_5 -L unisims_ver -L unimacro_ver -L secureip -L xpm --snapshot top_behav xil_defaultlib.top xil_defaultlib.glbl -log elaborate.log 
Using 8 slave threads.
Starting static elaboration
Pass Through NonSizing Optimizer
Completed static elaboration
INFO: [XSIM 43-4323] No Change in HDL. Linking previously generated obj files to create kernel
INFO: [USF-XSim-69] 'elaborate' step finished in '1' seconds
INFO: [USF-XSim-4] XSim::Simulate design
INFO: [USF-XSim-61] Executing 'SIMULATE' step in '/home/williams/MYFPGA/FPGA Final/rs_codec_clean/rs_codec_clean/rs_codec_clean.sim/sim_1/behav/xsim'
INFO: [USF-XSim-98] *** Running xsim
   with args "top_behav -key {Behavioral:sim_1:Functional:top} -tclbatch {top.tcl} -log {simulate.log}"
INFO: [USF-XSim-8] Loading simulator feature
Time resolution is 1 ps
source top.tcl
Block Memory Generator module top.rs_decoder_inst.bram_rs_inst.inst.\native_mem_module.blk_mem_gen_v8_4_5_inst  is using a behavioral model for simulation which will not precisely model memory collision behavior.
INFO: [USF-XSim-96] XSim completed. Design snapshot 'top_behav' loaded.
INFO: [USF-XSim-97] XSim simulation ran for 1000ns
add_force {top/sys_clk_p} -radix hex {0 0ns} {1 2.5ns} -repeat 5ns
force3
add_force {top/sys_clk_n} -radix hex {1 0ns} {0 2.5ns} -repeat 5ns
force4
run 10us
current_design impl_1
close_sim
INFO: [Simtcl 6-16] Simulation closed
current_sim simulation_2
close_sim
INFO: [Simtcl 6-16] Simulation closed
close_sim
INFO: [Simtcl 6-16] Simulation closed
exit
INFO: [Common 17-206] Exiting Vivado at Tue Aug 11 17:34:48 2026...
