Copyright 1986-2022 Xilinx, Inc. All Rights Reserved. Copyright 2022-2025 Advanced Micro Devices, Inc. All Rights Reserved.
-----------------------------------------------------------------------------------------------------------------------------------------------
| Tool Version : Vivado v.2025.2 (lin64) Build 6299465 Fri Nov 14 12:34:56 MST 2025
| Date         : Mon Aug 24 16:27:30 2026
| Host         : Williams running 64-bit Ubuntu 22.04.5 LTS
| Command      : report_methodology -file top_methodology_drc_routed.rpt -pb top_methodology_drc_routed.pb -rpx top_methodology_drc_routed.rpx
| Design       : top
| Device       : xcku060-ffva1156-2-i
| Speed File   : -2
| Design State : Fully Routed
-----------------------------------------------------------------------------------------------------------------------------------------------

Report Methodology

Table of Contents
-----------------
1. REPORT SUMMARY
2. REPORT DETAILS

1. REPORT SUMMARY
-----------------
            Netlist: netlist
          Floorplan: design_1
      Design limits: <entire design considered>
             Max checks: <unlimited>
             Checks found: 246
+-----------+------------------+-----------------------------------------------------------+--------+
| Rule      | Severity         | Description                                               | Checks |
+-----------+------------------+-----------------------------------------------------------+--------+
| TIMING-4  | Critical Warning | Invalid primary clock redefinition on a clock tree        | 2      |
| TIMING-6  | Critical Warning | No common primary clock between related clocks            | 2      |
| TIMING-27 | Critical Warning | Invalid primary clock on hierarchical pin                 | 2      |
| TIMING-51 | Critical Warning | No common phase between related clocks from parallel CMBs | 2      |
| LUTAR-1   | Warning          | LUT drives async reset alert                              | 5      |
| TIMING-16 | Warning          | Large setup violation                                     | 228    |
| XDCB-5    | Warning          | Runtime inefficient way to find pin objects               | 2      |
| CLKC-39   | Advisory         | Substitute PLLE3 for MMCME3 check                         | 1      |
| CLKC-55   | Advisory         | MMCME3 with global clock driver has no LOC                | 2      |
+-----------+------------------+-----------------------------------------------------------+--------+

2. REPORT DETAILS
-----------------
TIMING-4#1 Critical Warning
Invalid primary clock redefinition on a clock tree  
Invalid clock redefinition on a clock tree. The primary clock clk_wiz_0_inst/inst/clk_in1 is defined downstream of clock sys_clk and overrides its insertion delay and/or waveform definition
Related violations: <none>

TIMING-4#2 Critical Warning
Invalid primary clock redefinition on a clock tree  
Invalid clock redefinition on a clock tree. The primary clock clk_wiz_1_inst/inst/clk_in1 is defined downstream of clock sys_clk and overrides its insertion delay and/or waveform definition
Related violations: <none>

TIMING-6#1 Critical Warning
No common primary clock between related clocks  
The clocks clk_out1_clk_wiz_0 and clk_out1_clk_wiz_1 are related (timed together) but they have no common primary clock. The design could fail in hardware. To find a timing path between these clocks, run the following command: report_timing -from [get_clocks clk_out1_clk_wiz_0] -to [get_clocks clk_out1_clk_wiz_1]
Related violations: <none>

TIMING-6#2 Critical Warning
No common primary clock between related clocks  
The clocks clk_out1_clk_wiz_1 and clk_out1_clk_wiz_0 are related (timed together) but they have no common primary clock. The design could fail in hardware. To find a timing path between these clocks, run the following command: report_timing -from [get_clocks clk_out1_clk_wiz_1] -to [get_clocks clk_out1_clk_wiz_0]
Related violations: <none>

TIMING-27#1 Critical Warning
Invalid primary clock on hierarchical pin  
A primary clock clk_wiz_0_inst/inst/clk_in1 is created on an inappropriate internal pin clk_wiz_0_inst/inst/clk_in1. It is not recommended to create a primary clock on a hierarchical pin when its driver pin has a fanout connected to multiple clock pins
Related violations: <none>

TIMING-27#2 Critical Warning
Invalid primary clock on hierarchical pin  
A primary clock clk_wiz_1_inst/inst/clk_in1 is created on an inappropriate internal pin clk_wiz_1_inst/inst/clk_in1. It is not recommended to create a primary clock on a hierarchical pin when its driver pin has a fanout connected to multiple clock pins
Related violations: <none>

TIMING-51#1 Critical Warning
No common phase between related clocks from parallel CMBs  
The clocks clk_out1_clk_wiz_0 and clk_out1_clk_wiz_1 are timed together but have no phase relationship. The design could fail in hardware. The clocks originate from two parallel Clock Modifying Blocks and at least one of the MMCM or PLLs clock dividers is not set to 1. To be safely timed, all MMCMs or PLLs involved in parallel clocking must have the clock divider set to 1.
Related violations: <none>

TIMING-51#2 Critical Warning
No common phase between related clocks from parallel CMBs  
The clocks clk_out1_clk_wiz_1 and clk_out1_clk_wiz_0 are timed together but have no phase relationship. The design could fail in hardware. The clocks originate from two parallel Clock Modifying Blocks and at least one of the MMCM or PLLs clock dividers is not set to 1. To be safely timed, all MMCMs or PLLs involved in parallel clocking must have the clock divider set to 1.
Related violations: <none>

LUTAR-1#1 Warning
LUT drives async reset alert  
LUT cell dbg_hub/inst/BSCANID.u_xsdbm_id/CORE_XSDB.UUT_MASTER/U_ICON_INTERFACE/U_CMD6_RD/U_RD_FIFO/SUBCORE_FIFO.xsdbm_v3_0_5_rdfifo_inst/inst_fifo_gen/gconvfifo.rf/grf.rf/rstblk/ngwrdrst.grst.g7serrst.gwrrd_rst_sync_stage[2].rrst_inst/ngwrdrst.grst.g7serrst.rd_rst_reg[2]_i_1, with 2 or more inputs, drives asynchronous preset/clear pin(s) dbg_hub/inst/BSCANID.u_xsdbm_id/CORE_XSDB.UUT_MASTER/U_ICON_INTERFACE/U_CMD6_RD/U_RD_FIFO/SUBCORE_FIFO.xsdbm_v3_0_5_rdfifo_inst/inst_fifo_gen/gconvfifo.rf/grf.rf/rstblk/ngwrdrst.grst.g7serrst.rd_rst_reg_reg[0]/PRE,
dbg_hub/inst/BSCANID.u_xsdbm_id/CORE_XSDB.UUT_MASTER/U_ICON_INTERFACE/U_CMD6_RD/U_RD_FIFO/SUBCORE_FIFO.xsdbm_v3_0_5_rdfifo_inst/inst_fifo_gen/gconvfifo.rf/grf.rf/rstblk/ngwrdrst.grst.g7serrst.rd_rst_reg_reg[1]/PRE
dbg_hub/inst/BSCANID.u_xsdbm_id/CORE_XSDB.UUT_MASTER/U_ICON_INTERFACE/U_CMD6_RD/U_RD_FIFO/SUBCORE_FIFO.xsdbm_v3_0_5_rdfifo_inst/inst_fifo_gen/gconvfifo.rf/grf.rf/rstblk/ngwrdrst.grst.g7serrst.rd_rst_reg_reg[2]/PRE. The LUT may glitch and trigger an unexpected reset, even if it is a properly timed path.
Related violations: <none>

LUTAR-1#2 Warning
LUT drives async reset alert  
LUT cell dbg_hub/inst/BSCANID.u_xsdbm_id/CORE_XSDB.UUT_MASTER/U_ICON_INTERFACE/U_CMD6_RD/U_RD_FIFO/SUBCORE_FIFO.xsdbm_v3_0_5_rdfifo_inst/inst_fifo_gen/gconvfifo.rf/grf.rf/rstblk/ngwrdrst.grst.g7serrst.gwrrd_rst_sync_stage[2].wrst_inst/ngwrdrst.grst.g7serrst.wr_rst_reg[2]_i_1, with 2 or more inputs, drives asynchronous preset/clear pin(s) dbg_hub/inst/BSCANID.u_xsdbm_id/CORE_XSDB.UUT_MASTER/U_ICON_INTERFACE/U_CMD6_RD/U_RD_FIFO/SUBCORE_FIFO.xsdbm_v3_0_5_rdfifo_inst/inst_fifo_gen/gconvfifo.rf/grf.rf/rstblk/ngwrdrst.grst.g7serrst.wr_rst_reg_reg[0]/PRE,
dbg_hub/inst/BSCANID.u_xsdbm_id/CORE_XSDB.UUT_MASTER/U_ICON_INTERFACE/U_CMD6_RD/U_RD_FIFO/SUBCORE_FIFO.xsdbm_v3_0_5_rdfifo_inst/inst_fifo_gen/gconvfifo.rf/grf.rf/rstblk/ngwrdrst.grst.g7serrst.wr_rst_reg_reg[1]/PRE
dbg_hub/inst/BSCANID.u_xsdbm_id/CORE_XSDB.UUT_MASTER/U_ICON_INTERFACE/U_CMD6_RD/U_RD_FIFO/SUBCORE_FIFO.xsdbm_v3_0_5_rdfifo_inst/inst_fifo_gen/gconvfifo.rf/grf.rf/rstblk/ngwrdrst.grst.g7serrst.wr_rst_reg_reg[2]/PRE. The LUT may glitch and trigger an unexpected reset, even if it is a properly timed path.
Related violations: <none>

LUTAR-1#3 Warning
LUT drives async reset alert  
LUT cell dbg_hub/inst/BSCANID.u_xsdbm_id/CORE_XSDB.UUT_MASTER/U_ICON_INTERFACE/U_CMD6_WR/U_WR_FIFO/SUBCORE_FIFO.xsdbm_v3_0_5_wrfifo_inst/inst_fifo_gen/gconvfifo.rf/grf.rf/rstblk/ngwrdrst.grst.g7serrst.gwrrd_rst_sync_stage[2].rrst_inst/ngwrdrst.grst.g7serrst.rd_rst_reg[2]_i_1, with 2 or more inputs, drives asynchronous preset/clear pin(s) dbg_hub/inst/BSCANID.u_xsdbm_id/CORE_XSDB.UUT_MASTER/U_ICON_INTERFACE/U_CMD6_WR/U_WR_FIFO/SUBCORE_FIFO.xsdbm_v3_0_5_wrfifo_inst/inst_fifo_gen/gconvfifo.rf/grf.rf/rstblk/ngwrdrst.grst.g7serrst.rd_rst_reg_reg[0]/PRE,
dbg_hub/inst/BSCANID.u_xsdbm_id/CORE_XSDB.UUT_MASTER/U_ICON_INTERFACE/U_CMD6_WR/U_WR_FIFO/SUBCORE_FIFO.xsdbm_v3_0_5_wrfifo_inst/inst_fifo_gen/gconvfifo.rf/grf.rf/rstblk/ngwrdrst.grst.g7serrst.rd_rst_reg_reg[1]/PRE
dbg_hub/inst/BSCANID.u_xsdbm_id/CORE_XSDB.UUT_MASTER/U_ICON_INTERFACE/U_CMD6_WR/U_WR_FIFO/SUBCORE_FIFO.xsdbm_v3_0_5_wrfifo_inst/inst_fifo_gen/gconvfifo.rf/grf.rf/rstblk/ngwrdrst.grst.g7serrst.rd_rst_reg_reg[2]/PRE. The LUT may glitch and trigger an unexpected reset, even if it is a properly timed path.
Related violations: <none>

LUTAR-1#4 Warning
LUT drives async reset alert  
LUT cell dbg_hub/inst/BSCANID.u_xsdbm_id/CORE_XSDB.UUT_MASTER/U_ICON_INTERFACE/U_CMD6_WR/U_WR_FIFO/SUBCORE_FIFO.xsdbm_v3_0_5_wrfifo_inst/inst_fifo_gen/gconvfifo.rf/grf.rf/rstblk/ngwrdrst.grst.g7serrst.gwrrd_rst_sync_stage[2].wrst_inst/ngwrdrst.grst.g7serrst.wr_rst_reg[2]_i_1, with 2 or more inputs, drives asynchronous preset/clear pin(s) dbg_hub/inst/BSCANID.u_xsdbm_id/CORE_XSDB.UUT_MASTER/U_ICON_INTERFACE/U_CMD6_WR/U_WR_FIFO/SUBCORE_FIFO.xsdbm_v3_0_5_wrfifo_inst/inst_fifo_gen/gconvfifo.rf/grf.rf/rstblk/ngwrdrst.grst.g7serrst.wr_rst_reg_reg[0]/PRE,
dbg_hub/inst/BSCANID.u_xsdbm_id/CORE_XSDB.UUT_MASTER/U_ICON_INTERFACE/U_CMD6_WR/U_WR_FIFO/SUBCORE_FIFO.xsdbm_v3_0_5_wrfifo_inst/inst_fifo_gen/gconvfifo.rf/grf.rf/rstblk/ngwrdrst.grst.g7serrst.wr_rst_reg_reg[1]/PRE
dbg_hub/inst/BSCANID.u_xsdbm_id/CORE_XSDB.UUT_MASTER/U_ICON_INTERFACE/U_CMD6_WR/U_WR_FIFO/SUBCORE_FIFO.xsdbm_v3_0_5_wrfifo_inst/inst_fifo_gen/gconvfifo.rf/grf.rf/rstblk/ngwrdrst.grst.g7serrst.wr_rst_reg_reg[2]/PRE. The LUT may glitch and trigger an unexpected reset, even if it is a properly timed path.
Related violations: <none>

LUTAR-1#5 Warning
LUT drives async reset alert  
LUT cell dbg_hub/inst/BSCANID.u_xsdbm_id/SWITCH_N_EXT_BSCAN.bscan_switch/m_bscan_sel[0]_INST_0, with 2 or more inputs, drives asynchronous preset/clear pin(s) dbg_hub/inst/BSCANID.u_xsdbm_id/CORE_XSDB.U_ICON/U_CMD/iTARGET_reg[10]/CLR,
dbg_hub/inst/BSCANID.u_xsdbm_id/CORE_XSDB.U_ICON/U_CMD/iTARGET_reg[11]/CLR,
dbg_hub/inst/BSCANID.u_xsdbm_id/CORE_XSDB.U_ICON/U_CMD/iTARGET_reg[12]/CLR,
dbg_hub/inst/BSCANID.u_xsdbm_id/CORE_XSDB.U_ICON/U_CMD/iTARGET_reg[13]/CLR,
dbg_hub/inst/BSCANID.u_xsdbm_id/CORE_XSDB.U_ICON/U_CMD/iTARGET_reg[14]/CLR,
dbg_hub/inst/BSCANID.u_xsdbm_id/CORE_XSDB.U_ICON/U_CMD/iTARGET_reg[15]/CLR,
dbg_hub/inst/BSCANID.u_xsdbm_id/CORE_XSDB.U_ICON/U_CMD/iTARGET_reg[6]/CLR,
dbg_hub/inst/BSCANID.u_xsdbm_id/CORE_XSDB.U_ICON/U_CMD/iTARGET_reg[7]/CLR,
dbg_hub/inst/BSCANID.u_xsdbm_id/CORE_XSDB.U_ICON/U_CMD/iTARGET_reg[8]/CLR
dbg_hub/inst/BSCANID.u_xsdbm_id/CORE_XSDB.U_ICON/U_CMD/iTARGET_reg[9]/CLR. The LUT may glitch and trigger an unexpected reset, even if it is a properly timed path.
Related violations: <none>

TIMING-16#1 Warning
Large setup violation  
There is a large setup violation of -1.000 ns between decoder_top_inst/core_rx_inst/rs_decoder_64_inst/rs_decoder_5/euclid_proc_inst/reg_fold_D_reg[3]_rep__0/C (clocked by clk_out1_clk_wiz_1) and decoder_top_inst/core_rx_inst/rs_decoder_64_inst/rs_decoder_5/euclid_proc_inst/reg_S_reg[8][5]/D (clocked by clk_out1_clk_wiz_1). Large setup violations at the end of those stages might be difficult to fix during the post-placement implementation flow and could be the result of non-optimal XDC constraints or non-optimal design architecture
Related violations: <none>

TIMING-16#2 Warning
Large setup violation  
There is a large setup violation of -1.001 ns between decoder_top_inst/core_rx_inst/rs_decoder_64_inst/rs_decoder_6/euclid_proc_inst/reg_fold_B_reg[1]_rep__2/C (clocked by clk_out1_clk_wiz_1) and decoder_top_inst/core_rx_inst/rs_decoder_64_inst/rs_decoder_6/euclid_proc_inst/reg_C_reg[9][7]/D (clocked by clk_out1_clk_wiz_1). Large setup violations at the end of those stages might be difficult to fix during the post-placement implementation flow and could be the result of non-optimal XDC constraints or non-optimal design architecture
Related violations: <none>

TIMING-16#3 Warning
Large setup violation  
There is a large setup violation of -1.001 ns between decoder_top_inst/core_rx_inst/rs_decoder_inst/euclid_proc_inst/reg_fold_D_reg[0]/C (clocked by clk_out1_clk_wiz_1) and decoder_top_inst/core_rx_inst/rs_decoder_inst/euclid_proc_inst/reg_S_reg[3][6]/D (clocked by clk_out1_clk_wiz_1). Large setup violations at the end of those stages might be difficult to fix during the post-placement implementation flow and could be the result of non-optimal XDC constraints or non-optimal design architecture
Related violations: <none>

TIMING-16#4 Warning
Large setup violation  
There is a large setup violation of -1.003 ns between decoder_top_inst/core_rx_inst/rs_decoder_64_inst/rs_decoder_3/euclid_proc_inst/reg_A_reg[16][5]/C (clocked by clk_out1_clk_wiz_1) and decoder_top_inst/core_rx_inst/rs_decoder_64_inst/rs_decoder_3/euclid_proc_inst/reg_fold_B_reg[4]/D (clocked by clk_out1_clk_wiz_1). Large setup violations at the end of those stages might be difficult to fix during the post-placement implementation flow and could be the result of non-optimal XDC constraints or non-optimal design architecture
Related violations: <none>

TIMING-16#5 Warning
Large setup violation  
There is a large setup violation of -1.003 ns between decoder_top_inst/core_rx_inst/rs_decoder_64_inst/rs_decoder_5/euclid_proc_inst/reg_fold_B_reg[0]_rep__2/C (clocked by clk_out1_clk_wiz_1) and decoder_top_inst/core_rx_inst/rs_decoder_64_inst/rs_decoder_5/euclid_proc_inst/reg_C_reg[9][7]/D (clocked by clk_out1_clk_wiz_1). Large setup violations at the end of those stages might be difficult to fix during the post-placement implementation flow and could be the result of non-optimal XDC constraints or non-optimal design architecture
Related violations: <none>

TIMING-16#6 Warning
Large setup violation  
There is a large setup violation of -1.003 ns between decoder_top_inst/core_rx_inst/rs_decoder_inst/euclid_proc_inst/reg_fold_B_reg[0]_rep__1/C (clocked by clk_out1_clk_wiz_1) and decoder_top_inst/core_rx_inst/rs_decoder_inst/euclid_proc_inst/reg_C_reg[13][4]/D (clocked by clk_out1_clk_wiz_1). Large setup violations at the end of those stages might be difficult to fix during the post-placement implementation flow and could be the result of non-optimal XDC constraints or non-optimal design architecture
Related violations: <none>

TIMING-16#7 Warning
Large setup violation  
There is a large setup violation of -1.004 ns between decoder_top_inst/core_rx_inst/rs_decoder_64_inst/rs_decoder_2/euclid_proc_inst/reg_S_reg[13][0]/C (clocked by clk_out1_clk_wiz_1) and decoder_top_inst/core_rx_inst/rs_decoder_64_inst/rs_decoder_2/euclid_proc_inst/reg_S_reg[14][1]/D (clocked by clk_out1_clk_wiz_1). Large setup violations at the end of those stages might be difficult to fix during the post-placement implementation flow and could be the result of non-optimal XDC constraints or non-optimal design architecture
Related violations: <none>

TIMING-16#8 Warning
Large setup violation  
There is a large setup violation of -1.004 ns between decoder_top_inst/core_rx_inst/rs_decoder_64_inst/rs_decoder_2/euclid_proc_inst/reg_fold_D_reg[6]_rep__0/C (clocked by clk_out1_clk_wiz_1) and decoder_top_inst/core_rx_inst/rs_decoder_64_inst/rs_decoder_2/euclid_proc_inst/reg_T_reg[4][7]/D (clocked by clk_out1_clk_wiz_1). Large setup violations at the end of those stages might be difficult to fix during the post-placement implementation flow and could be the result of non-optimal XDC constraints or non-optimal design architecture
Related violations: <none>

TIMING-16#9 Warning
Large setup violation  
There is a large setup violation of -1.004 ns between decoder_top_inst/core_rx_inst/rs_decoder_64_inst/rs_decoder_4/euclid_proc_inst/reg_fold_D_reg[0]_rep__0/C (clocked by clk_out1_clk_wiz_1) and decoder_top_inst/core_rx_inst/rs_decoder_64_inst/rs_decoder_4/euclid_proc_inst/reg_S_reg[10][1]/D (clocked by clk_out1_clk_wiz_1). Large setup violations at the end of those stages might be difficult to fix during the post-placement implementation flow and could be the result of non-optimal XDC constraints or non-optimal design architecture
Related violations: <none>

TIMING-16#10 Warning
Large setup violation  
There is a large setup violation of -1.004 ns between decoder_top_inst/core_rx_inst/rs_decoder_64_inst/rs_decoder_6/euclid_proc_inst/reg_fold_D_reg[4]_rep__1/C (clocked by clk_out1_clk_wiz_1) and decoder_top_inst/core_rx_inst/rs_decoder_64_inst/rs_decoder_6/euclid_proc_inst/reg_S_reg[14][6]/D (clocked by clk_out1_clk_wiz_1). Large setup violations at the end of those stages might be difficult to fix during the post-placement implementation flow and could be the result of non-optimal XDC constraints or non-optimal design architecture
Related violations: <none>

TIMING-16#11 Warning
Large setup violation  
There is a large setup violation of -1.004 ns between encoder_top_inst/core_tx_inst/rs_encoder_64_inst/rs_encoder_1/data_d0_reg[2]/C (clocked by clk_out1_clk_wiz_1) and encoder_top_inst/core_tx_inst/rs_encoder_64_inst/rs_encoder_1/Q_reg[11][6]/D (clocked by clk_out1_clk_wiz_1). Large setup violations at the end of those stages might be difficult to fix during the post-placement implementation flow and could be the result of non-optimal XDC constraints or non-optimal design architecture
Related violations: <none>

TIMING-16#12 Warning
Large setup violation  
There is a large setup violation of -1.007 ns between decoder_top_inst/core_rx_inst/rs_decoder_64_inst/rs_decoder_2/euclid_proc_inst/reg_fold_B_reg[0]_rep/C (clocked by clk_out1_clk_wiz_1) and decoder_top_inst/core_rx_inst/rs_decoder_64_inst/rs_decoder_2/euclid_proc_inst/reg_C_reg[4][7]/D (clocked by clk_out1_clk_wiz_1). Large setup violations at the end of those stages might be difficult to fix during the post-placement implementation flow and could be the result of non-optimal XDC constraints or non-optimal design architecture
Related violations: <none>

TIMING-16#13 Warning
Large setup violation  
There is a large setup violation of -1.008 ns between decoder_top_inst/core_rx_inst/rs_decoder_64_inst/rs_decoder_2/euclid_proc_inst/reg_fold_D_reg[6]_rep__0/C (clocked by clk_out1_clk_wiz_1) and decoder_top_inst/core_rx_inst/rs_decoder_64_inst/rs_decoder_2/euclid_proc_inst/reg_T_reg[4][0]/D (clocked by clk_out1_clk_wiz_1). Large setup violations at the end of those stages might be difficult to fix during the post-placement implementation flow and could be the result of non-optimal XDC constraints or non-optimal design architecture
Related violations: <none>

TIMING-16#14 Warning
Large setup violation  
There is a large setup violation of -1.009 ns between decoder_top_inst/core_rx_inst/rs_decoder_64_inst/rs_decoder_2/euclid_proc_inst/reg_fold_B_reg[1]_rep__0/C (clocked by clk_out1_clk_wiz_1) and decoder_top_inst/core_rx_inst/rs_decoder_64_inst/rs_decoder_2/euclid_proc_inst/reg_C_reg[6][4]/D (clocked by clk_out1_clk_wiz_1). Large setup violations at the end of those stages might be difficult to fix during the post-placement implementation flow and could be the result of non-optimal XDC constraints or non-optimal design architecture
Related violations: <none>

TIMING-16#15 Warning
Large setup violation  
There is a large setup violation of -1.009 ns between decoder_top_inst/core_rx_inst/rs_decoder_64_inst/rs_decoder_7/euclid_proc_inst/reg_fold_B_reg[1]_rep__0/C (clocked by clk_out1_clk_wiz_1) and decoder_top_inst/core_rx_inst/rs_decoder_64_inst/rs_decoder_7/euclid_proc_inst/reg_C_reg[10][1]/D (clocked by clk_out1_clk_wiz_1). Large setup violations at the end of those stages might be difficult to fix during the post-placement implementation flow and could be the result of non-optimal XDC constraints or non-optimal design architecture
Related violations: <none>

TIMING-16#16 Warning
Large setup violation  
There is a large setup violation of -1.009 ns between decoder_top_inst/core_rx_inst/rs_decoder_inst/euclid_proc_inst/reg_fold_D_reg[0]_rep__1/C (clocked by clk_out1_clk_wiz_1) and decoder_top_inst/core_rx_inst/rs_decoder_inst/euclid_proc_inst/reg_S_reg[14][1]/D (clocked by clk_out1_clk_wiz_1). Large setup violations at the end of those stages might be difficult to fix during the post-placement implementation flow and could be the result of non-optimal XDC constraints or non-optimal design architecture
Related violations: <none>

TIMING-16#17 Warning
Large setup violation  
There is a large setup violation of -1.010 ns between decoder_top_inst/core_rx_inst/rs_decoder_64_inst/rs_decoder_0/euclid_proc_inst/reg_fold_D_reg[4]_rep__1/C (clocked by clk_out1_clk_wiz_1) and decoder_top_inst/core_rx_inst/rs_decoder_64_inst/rs_decoder_0/euclid_proc_inst/reg_S_reg[12][4]/D (clocked by clk_out1_clk_wiz_1). Large setup violations at the end of those stages might be difficult to fix during the post-placement implementation flow and could be the result of non-optimal XDC constraints or non-optimal design architecture
Related violations: <none>

TIMING-16#18 Warning
Large setup violation  
There is a large setup violation of -1.011 ns between decoder_top_inst/core_rx_inst/rs_decoder_64_inst/rs_decoder_0/euclid_proc_inst/reg_fold_D_reg[0]_rep/C (clocked by clk_out1_clk_wiz_1) and decoder_top_inst/core_rx_inst/rs_decoder_64_inst/rs_decoder_0/euclid_proc_inst/reg_T_reg[4][5]/D (clocked by clk_out1_clk_wiz_1). Large setup violations at the end of those stages might be difficult to fix during the post-placement implementation flow and could be the result of non-optimal XDC constraints or non-optimal design architecture
Related violations: <none>

TIMING-16#19 Warning
Large setup violation  
There is a large setup violation of -1.011 ns between decoder_top_inst/core_rx_inst/rs_decoder_64_inst/rs_decoder_4/euclid_proc_inst/reg_fold_D_reg[0]_rep__0/C (clocked by clk_out1_clk_wiz_1) and decoder_top_inst/core_rx_inst/rs_decoder_64_inst/rs_decoder_4/euclid_proc_inst/reg_S_reg[10][3]/D (clocked by clk_out1_clk_wiz_1). Large setup violations at the end of those stages might be difficult to fix during the post-placement implementation flow and could be the result of non-optimal XDC constraints or non-optimal design architecture
Related violations: <none>

TIMING-16#20 Warning
Large setup violation  
There is a large setup violation of -1.014 ns between decoder_top_inst/core_rx_inst/rs_decoder_64_inst/rs_decoder_5/euclid_proc_inst/reg_fold_D_reg[0]_rep/C (clocked by clk_out1_clk_wiz_1) and decoder_top_inst/core_rx_inst/rs_decoder_64_inst/rs_decoder_5/euclid_proc_inst/reg_T_reg[4][0]/D (clocked by clk_out1_clk_wiz_1). Large setup violations at the end of those stages might be difficult to fix during the post-placement implementation flow and could be the result of non-optimal XDC constraints or non-optimal design architecture
Related violations: <none>

TIMING-16#21 Warning
Large setup violation  
There is a large setup violation of -1.015 ns between decoder_top_inst/core_rx_inst/rs_decoder_64_inst/rs_decoder_7/euclid_proc_inst/reg_fold_D_reg[0]_rep/C (clocked by clk_out1_clk_wiz_1) and decoder_top_inst/core_rx_inst/rs_decoder_64_inst/rs_decoder_7/euclid_proc_inst/reg_T_reg[2][1]/D (clocked by clk_out1_clk_wiz_1). Large setup violations at the end of those stages might be difficult to fix during the post-placement implementation flow and could be the result of non-optimal XDC constraints or non-optimal design architecture
Related violations: <none>

TIMING-16#22 Warning
Large setup violation  
There is a large setup violation of -1.016 ns between decoder_top_inst/core_rx_inst/rs_decoder_64_inst/rs_decoder_0/euclid_proc_inst/reg_fold_B_reg[3]_rep__2/C (clocked by clk_out1_clk_wiz_1) and decoder_top_inst/core_rx_inst/rs_decoder_64_inst/rs_decoder_0/euclid_proc_inst/reg_C_reg[11][7]/D (clocked by clk_out1_clk_wiz_1). Large setup violations at the end of those stages might be difficult to fix during the post-placement implementation flow and could be the result of non-optimal XDC constraints or non-optimal design architecture
Related violations: <none>

TIMING-16#23 Warning
Large setup violation  
There is a large setup violation of -1.016 ns between decoder_top_inst/core_rx_inst/rs_decoder_64_inst/rs_decoder_4/euclid_proc_inst/reg_fold_B_reg[6]/C (clocked by clk_out1_clk_wiz_1) and decoder_top_inst/core_rx_inst/rs_decoder_64_inst/rs_decoder_4/euclid_proc_inst/reg_C_reg[14][6]/D (clocked by clk_out1_clk_wiz_1). Large setup violations at the end of those stages might be difficult to fix during the post-placement implementation flow and could be the result of non-optimal XDC constraints or non-optimal design architecture
Related violations: <none>

TIMING-16#24 Warning
Large setup violation  
There is a large setup violation of -1.016 ns between decoder_top_inst/core_rx_inst/rs_decoder_inst/euclid_proc_inst/reg_fold_B_reg[0]_rep__0/C (clocked by clk_out1_clk_wiz_1) and decoder_top_inst/core_rx_inst/rs_decoder_inst/euclid_proc_inst/reg_C_reg[8][2]/D (clocked by clk_out1_clk_wiz_1). Large setup violations at the end of those stages might be difficult to fix during the post-placement implementation flow and could be the result of non-optimal XDC constraints or non-optimal design architecture
Related violations: <none>

TIMING-16#25 Warning
Large setup violation  
There is a large setup violation of -1.017 ns between decoder_top_inst/core_rx_inst/rs_decoder_64_inst/rs_decoder_0/euclid_proc_inst/reg_fold_B_reg[3]_rep__2/C (clocked by clk_out1_clk_wiz_1) and decoder_top_inst/core_rx_inst/rs_decoder_64_inst/rs_decoder_0/euclid_proc_inst/reg_C_reg[11][6]/D (clocked by clk_out1_clk_wiz_1). Large setup violations at the end of those stages might be difficult to fix during the post-placement implementation flow and could be the result of non-optimal XDC constraints or non-optimal design architecture
Related violations: <none>

TIMING-16#26 Warning
Large setup violation  
There is a large setup violation of -1.017 ns between decoder_top_inst/core_rx_inst/rs_decoder_64_inst/rs_decoder_2/euclid_proc_inst/reg_S_reg[14][6]/C (clocked by clk_out1_clk_wiz_1) and decoder_top_inst/core_rx_inst/rs_decoder_64_inst/rs_decoder_2/euclid_proc_inst/reg_C_reg[14][7]/D (clocked by clk_out1_clk_wiz_1). Large setup violations at the end of those stages might be difficult to fix during the post-placement implementation flow and could be the result of non-optimal XDC constraints or non-optimal design architecture
Related violations: <none>

TIMING-16#27 Warning
Large setup violation  
There is a large setup violation of -1.018 ns between decoder_top_inst/core_rx_inst/rs_decoder_inst/euclid_proc_inst/reg_fold_B_reg[0]_rep__0/C (clocked by clk_out1_clk_wiz_1) and decoder_top_inst/core_rx_inst/rs_decoder_inst/euclid_proc_inst/reg_C_reg[8][6]/D (clocked by clk_out1_clk_wiz_1). Large setup violations at the end of those stages might be difficult to fix during the post-placement implementation flow and could be the result of non-optimal XDC constraints or non-optimal design architecture
Related violations: <none>

TIMING-16#28 Warning
Large setup violation  
There is a large setup violation of -1.019 ns between decoder_top_inst/core_rx_inst/rs_decoder_64_inst/rs_decoder_2/euclid_proc_inst/reg_fold_B_reg[1]_rep__0/C (clocked by clk_out1_clk_wiz_1) and decoder_top_inst/core_rx_inst/rs_decoder_64_inst/rs_decoder_2/euclid_proc_inst/reg_C_reg[6][5]/D (clocked by clk_out1_clk_wiz_1). Large setup violations at the end of those stages might be difficult to fix during the post-placement implementation flow and could be the result of non-optimal XDC constraints or non-optimal design architecture
Related violations: <none>

TIMING-16#29 Warning
Large setup violation  
There is a large setup violation of -1.019 ns between decoder_top_inst/core_rx_inst/rs_decoder_64_inst/rs_decoder_2/euclid_proc_inst/reg_fold_D_reg[6]/C (clocked by clk_out1_clk_wiz_1) and decoder_top_inst/core_rx_inst/rs_decoder_64_inst/rs_decoder_2/euclid_proc_inst/reg_S_reg[5][1]/D (clocked by clk_out1_clk_wiz_1). Large setup violations at the end of those stages might be difficult to fix during the post-placement implementation flow and could be the result of non-optimal XDC constraints or non-optimal design architecture
Related violations: <none>

TIMING-16#30 Warning
Large setup violation  
There is a large setup violation of -1.021 ns between decoder_top_inst/core_rx_inst/rs_decoder_64_inst/rs_decoder_2/syndrome_unit_inst/Q_reg[13][0]/C (clocked by clk_out1_clk_wiz_1) and decoder_top_inst/core_rx_inst/rs_decoder_64_inst/rs_decoder_2/syndrome_unit_inst/Q_reg[13][6]/D (clocked by clk_out1_clk_wiz_1). Large setup violations at the end of those stages might be difficult to fix during the post-placement implementation flow and could be the result of non-optimal XDC constraints or non-optimal design architecture
Related violations: <none>

TIMING-16#31 Warning
Large setup violation  
There is a large setup violation of -1.021 ns between encoder_top_inst/core_tx_inst/rs_encoder_64_inst/rs_encoder_2/data_d0_reg[3]/C (clocked by clk_out1_clk_wiz_1) and encoder_top_inst/core_tx_inst/rs_encoder_64_inst/rs_encoder_2/Q_reg[3][3]/D (clocked by clk_out1_clk_wiz_1). Large setup violations at the end of those stages might be difficult to fix during the post-placement implementation flow and could be the result of non-optimal XDC constraints or non-optimal design architecture
Related violations: <none>

TIMING-16#32 Warning
Large setup violation  
There is a large setup violation of -1.022 ns between decoder_top_inst/core_rx_inst/rs_decoder_64_inst/rs_decoder_6/euclid_proc_inst/reg_fold_D_reg[2]_rep__1/C (clocked by clk_out1_clk_wiz_1) and decoder_top_inst/core_rx_inst/rs_decoder_64_inst/rs_decoder_6/euclid_proc_inst/reg_S_reg[15][0]/D (clocked by clk_out1_clk_wiz_1). Large setup violations at the end of those stages might be difficult to fix during the post-placement implementation flow and could be the result of non-optimal XDC constraints or non-optimal design architecture
Related violations: <none>

TIMING-16#33 Warning
Large setup violation  
There is a large setup violation of -1.024 ns between decoder_top_inst/core_rx_inst/rs_decoder_inst/euclid_proc_inst/reg_fold_B_reg[0]_rep__1/C (clocked by clk_out1_clk_wiz_1) and decoder_top_inst/core_rx_inst/rs_decoder_inst/euclid_proc_inst/reg_C_reg[13][5]/D (clocked by clk_out1_clk_wiz_1). Large setup violations at the end of those stages might be difficult to fix during the post-placement implementation flow and could be the result of non-optimal XDC constraints or non-optimal design architecture
Related violations: <none>

TIMING-16#34 Warning
Large setup violation  
There is a large setup violation of -1.027 ns between decoder_top_inst/core_rx_inst/rs_decoder_64_inst/rs_decoder_6/con_rd_reg[7]/C (clocked by clk_out1_clk_wiz_1) and decoder_top_inst/rx_logic_gth_inst/cross_payload_inst/U0/inst_fifo_gen/gconvfifo.rf/gbi.bi/v8_fifo.fblk/rst_val_asym.gextw_asym[1].inst_extd/gonep.inst_prim/gf36e2_inst.sngfifo36e2/DIN[20] (clocked by clk_out1_clk_wiz_1). Large setup violations at the end of those stages might be difficult to fix during the post-placement implementation flow and could be the result of non-optimal XDC constraints or non-optimal design architecture
Related violations: <none>

TIMING-16#35 Warning
Large setup violation  
There is a large setup violation of -1.028 ns between decoder_top_inst/core_rx_inst/rs_decoder_64_inst/rs_decoder_7/chien_search_inst/Q_reg[3][3]/C (clocked by clk_out1_clk_wiz_1) and decoder_top_inst/core_rx_inst/rs_decoder_64_inst/rs_decoder_7/chien_search_inst/Q_reg[3][4]/D (clocked by clk_out1_clk_wiz_1). Large setup violations at the end of those stages might be difficult to fix during the post-placement implementation flow and could be the result of non-optimal XDC constraints or non-optimal design architecture
Related violations: <none>

TIMING-16#36 Warning
Large setup violation  
There is a large setup violation of -1.029 ns between decoder_top_inst/core_rx_inst/rs_decoder_64_inst/rs_decoder_3/euclid_proc_inst/reg_A_reg[16][5]/C (clocked by clk_out1_clk_wiz_1) and decoder_top_inst/core_rx_inst/rs_decoder_64_inst/rs_decoder_3/euclid_proc_inst/reg_fold_B_reg[5]/D (clocked by clk_out1_clk_wiz_1). Large setup violations at the end of those stages might be difficult to fix during the post-placement implementation flow and could be the result of non-optimal XDC constraints or non-optimal design architecture
Related violations: <none>

TIMING-16#37 Warning
Large setup violation  
There is a large setup violation of -1.030 ns between decoder_top_inst/core_rx_inst/rs_decoder_64_inst/rs_decoder_3/euclid_proc_inst/reg_fold_D_reg[2]_rep/C (clocked by clk_out1_clk_wiz_1) and decoder_top_inst/core_rx_inst/rs_decoder_64_inst/rs_decoder_3/euclid_proc_inst/reg_S_reg[5][1]/D (clocked by clk_out1_clk_wiz_1). Large setup violations at the end of those stages might be difficult to fix during the post-placement implementation flow and could be the result of non-optimal XDC constraints or non-optimal design architecture
Related violations: <none>

TIMING-16#38 Warning
Large setup violation  
There is a large setup violation of -1.031 ns between decoder_top_inst/core_rx_inst/rs_decoder_64_inst/rs_decoder_4/euclid_proc_inst/reg_fold_B_reg[6]/C (clocked by clk_out1_clk_wiz_1) and decoder_top_inst/core_rx_inst/rs_decoder_64_inst/rs_decoder_4/euclid_proc_inst/reg_C_reg[14][1]/D (clocked by clk_out1_clk_wiz_1). Large setup violations at the end of those stages might be difficult to fix during the post-placement implementation flow and could be the result of non-optimal XDC constraints or non-optimal design architecture
Related violations: <none>

TIMING-16#39 Warning
Large setup violation  
There is a large setup violation of -1.031 ns between decoder_top_inst/core_rx_inst/rs_decoder_64_inst/rs_decoder_6/euclid_proc_inst/reg_fold_D_reg[4]_rep__1/C (clocked by clk_out1_clk_wiz_1) and decoder_top_inst/core_rx_inst/rs_decoder_64_inst/rs_decoder_6/euclid_proc_inst/reg_S_reg[14][5]/D (clocked by clk_out1_clk_wiz_1). Large setup violations at the end of those stages might be difficult to fix during the post-placement implementation flow and could be the result of non-optimal XDC constraints or non-optimal design architecture
Related violations: <none>

TIMING-16#40 Warning
Large setup violation  
There is a large setup violation of -1.032 ns between decoder_top_inst/core_rx_inst/rs_decoder_64_inst/rs_decoder_5/euclid_proc_inst/reg_fold_B_reg[1]_rep__1/C (clocked by clk_out1_clk_wiz_1) and decoder_top_inst/core_rx_inst/rs_decoder_64_inst/rs_decoder_5/euclid_proc_inst/reg_C_reg[13][1]/D (clocked by clk_out1_clk_wiz_1). Large setup violations at the end of those stages might be difficult to fix during the post-placement implementation flow and could be the result of non-optimal XDC constraints or non-optimal design architecture
Related violations: <none>

TIMING-16#41 Warning
Large setup violation  
There is a large setup violation of -1.033 ns between decoder_top_inst/core_rx_inst/rs_decoder_64_inst/rs_decoder_2/euclid_proc_inst/reg_fold_D_reg[0]_rep__1/C (clocked by clk_out1_clk_wiz_1) and decoder_top_inst/core_rx_inst/rs_decoder_64_inst/rs_decoder_2/euclid_proc_inst/reg_S_reg[15][5]/D (clocked by clk_out1_clk_wiz_1). Large setup violations at the end of those stages might be difficult to fix during the post-placement implementation flow and could be the result of non-optimal XDC constraints or non-optimal design architecture
Related violations: <none>

TIMING-16#42 Warning
Large setup violation  
There is a large setup violation of -1.034 ns between decoder_top_inst/core_rx_inst/rs_decoder_64_inst/rs_decoder_5/euclid_proc_inst/reg_fold_B_reg[1]_rep__1/C (clocked by clk_out1_clk_wiz_1) and decoder_top_inst/core_rx_inst/rs_decoder_64_inst/rs_decoder_5/euclid_proc_inst/reg_C_reg[13][7]/D (clocked by clk_out1_clk_wiz_1). Large setup violations at the end of those stages might be difficult to fix during the post-placement implementation flow and could be the result of non-optimal XDC constraints or non-optimal design architecture
Related violations: <none>

TIMING-16#43 Warning
Large setup violation  
There is a large setup violation of -1.037 ns between decoder_top_inst/core_rx_inst/rs_decoder_64_inst/rs_decoder_0/euclid_proc_inst/reg_S_reg[4][1]/C (clocked by clk_out1_clk_wiz_1) and decoder_top_inst/core_rx_inst/rs_decoder_64_inst/rs_decoder_0/euclid_proc_inst/reg_C_reg[4][6]/D (clocked by clk_out1_clk_wiz_1). Large setup violations at the end of those stages might be difficult to fix during the post-placement implementation flow and could be the result of non-optimal XDC constraints or non-optimal design architecture
Related violations: <none>

TIMING-16#44 Warning
Large setup violation  
There is a large setup violation of -1.037 ns between decoder_top_inst/core_rx_inst/rs_decoder_64_inst/rs_decoder_2/euclid_proc_inst/reg_fold_D_reg[0]_rep__1/C (clocked by clk_out1_clk_wiz_1) and decoder_top_inst/core_rx_inst/rs_decoder_64_inst/rs_decoder_2/euclid_proc_inst/reg_S_reg[15][0]/D (clocked by clk_out1_clk_wiz_1). Large setup violations at the end of those stages might be difficult to fix during the post-placement implementation flow and could be the result of non-optimal XDC constraints or non-optimal design architecture
Related violations: <none>

TIMING-16#45 Warning
Large setup violation  
There is a large setup violation of -1.038 ns between decoder_top_inst/core_rx_inst/rs_decoder_64_inst/rs_decoder_3/euclid_proc_inst/reg_S_reg[10][0]/C (clocked by clk_out1_clk_wiz_1) and decoder_top_inst/core_rx_inst/rs_decoder_64_inst/rs_decoder_3/euclid_proc_inst/reg_C_reg[10][6]/D (clocked by clk_out1_clk_wiz_1). Large setup violations at the end of those stages might be difficult to fix during the post-placement implementation flow and could be the result of non-optimal XDC constraints or non-optimal design architecture
Related violations: <none>

TIMING-16#46 Warning
Large setup violation  
There is a large setup violation of -1.041 ns between decoder_top_inst/core_rx_inst/rs_decoder_64_inst/rs_decoder_0/euclid_proc_inst/reg_S_reg[4][1]/C (clocked by clk_out1_clk_wiz_1) and decoder_top_inst/core_rx_inst/rs_decoder_64_inst/rs_decoder_0/euclid_proc_inst/reg_C_reg[4][7]/D (clocked by clk_out1_clk_wiz_1). Large setup violations at the end of those stages might be difficult to fix during the post-placement implementation flow and could be the result of non-optimal XDC constraints or non-optimal design architecture
Related violations: <none>

TIMING-16#47 Warning
Large setup violation  
There is a large setup violation of -1.041 ns between decoder_top_inst/core_rx_inst/rs_decoder_64_inst/rs_decoder_5/euclid_proc_inst/reg_fold_D_reg[1]_rep__2/C (clocked by clk_out1_clk_wiz_1) and decoder_top_inst/core_rx_inst/rs_decoder_64_inst/rs_decoder_5/euclid_proc_inst/reg_S_reg[9][5]/D (clocked by clk_out1_clk_wiz_1). Large setup violations at the end of those stages might be difficult to fix during the post-placement implementation flow and could be the result of non-optimal XDC constraints or non-optimal design architecture
Related violations: <none>

TIMING-16#48 Warning
Large setup violation  
There is a large setup violation of -1.043 ns between decoder_top_inst/core_rx_inst/rs_decoder_64_inst/rs_decoder_6/euclid_proc_inst/reg_fold_D_reg[2]_rep__1/C (clocked by clk_out1_clk_wiz_1) and decoder_top_inst/core_rx_inst/rs_decoder_64_inst/rs_decoder_6/euclid_proc_inst/reg_S_reg[15][4]/D (clocked by clk_out1_clk_wiz_1). Large setup violations at the end of those stages might be difficult to fix during the post-placement implementation flow and could be the result of non-optimal XDC constraints or non-optimal design architecture
Related violations: <none>

TIMING-16#49 Warning
Large setup violation  
There is a large setup violation of -1.044 ns between decoder_top_inst/core_rx_inst/rs_decoder_inst/euclid_proc_inst/reg_fold_B_reg[0]_rep__0/C (clocked by clk_out1_clk_wiz_1) and decoder_top_inst/core_rx_inst/rs_decoder_inst/euclid_proc_inst/reg_C_reg[8][1]/D (clocked by clk_out1_clk_wiz_1). Large setup violations at the end of those stages might be difficult to fix during the post-placement implementation flow and could be the result of non-optimal XDC constraints or non-optimal design architecture
Related violations: <none>

TIMING-16#50 Warning
Large setup violation  
There is a large setup violation of -1.045 ns between decoder_top_inst/core_rx_inst/rs_decoder_64_inst/rs_decoder_4/euclid_proc_inst/reg_fold_B_reg[0]_rep__2/C (clocked by clk_out1_clk_wiz_1) and decoder_top_inst/core_rx_inst/rs_decoder_64_inst/rs_decoder_4/euclid_proc_inst/reg_C_reg[9][1]/D (clocked by clk_out1_clk_wiz_1). Large setup violations at the end of those stages might be difficult to fix during the post-placement implementation flow and could be the result of non-optimal XDC constraints or non-optimal design architecture
Related violations: <none>

TIMING-16#51 Warning
Large setup violation  
There is a large setup violation of -1.045 ns between decoder_top_inst/core_rx_inst/rs_decoder_64_inst/rs_decoder_6/con_rd_reg[7]/C (clocked by clk_out1_clk_wiz_1) and decoder_top_inst/rx_logic_gth_inst/cross_payload_inst/U0/inst_fifo_gen/gconvfifo.rf/gbi.bi/v8_fifo.fblk/rst_val_asym.gextw_asym[1].inst_extd/gonep.inst_prim/gf36e2_inst.sngfifo36e2/DIN[23] (clocked by clk_out1_clk_wiz_1). Large setup violations at the end of those stages might be difficult to fix during the post-placement implementation flow and could be the result of non-optimal XDC constraints or non-optimal design architecture
Related violations: <none>

TIMING-16#52 Warning
Large setup violation  
There is a large setup violation of -1.046 ns between decoder_top_inst/core_rx_inst/rs_decoder_64_inst/rs_decoder_4/euclid_proc_inst/reg_fold_B_reg[0]_rep__2/C (clocked by clk_out1_clk_wiz_1) and decoder_top_inst/core_rx_inst/rs_decoder_64_inst/rs_decoder_4/euclid_proc_inst/reg_C_reg[9][3]/D (clocked by clk_out1_clk_wiz_1). Large setup violations at the end of those stages might be difficult to fix during the post-placement implementation flow and could be the result of non-optimal XDC constraints or non-optimal design architecture
Related violations: <none>

TIMING-16#53 Warning
Large setup violation  
There is a large setup violation of -1.047 ns between decoder_top_inst/core_rx_inst/rs_decoder_64_inst/rs_decoder_4/euclid_proc_inst/reg_fold_D_reg[0]_rep__1/C (clocked by clk_out1_clk_wiz_1) and decoder_top_inst/core_rx_inst/rs_decoder_64_inst/rs_decoder_4/euclid_proc_inst/reg_S_reg[14][4]/D (clocked by clk_out1_clk_wiz_1). Large setup violations at the end of those stages might be difficult to fix during the post-placement implementation flow and could be the result of non-optimal XDC constraints or non-optimal design architecture
Related violations: <none>

TIMING-16#54 Warning
Large setup violation  
There is a large setup violation of -1.048 ns between decoder_top_inst/core_rx_inst/rs_decoder_inst/euclid_proc_inst/reg_fold_B_reg[0]/C (clocked by clk_out1_clk_wiz_1) and decoder_top_inst/core_rx_inst/rs_decoder_inst/euclid_proc_inst/reg_C_reg[1][6]/D (clocked by clk_out1_clk_wiz_1). Large setup violations at the end of those stages might be difficult to fix during the post-placement implementation flow and could be the result of non-optimal XDC constraints or non-optimal design architecture
Related violations: <none>

TIMING-16#55 Warning
Large setup violation  
There is a large setup violation of -1.050 ns between decoder_top_inst/core_rx_inst/rs_decoder_64_inst/rs_decoder_2/euclid_proc_inst/reg_fold_D_reg[6]/C (clocked by clk_out1_clk_wiz_1) and decoder_top_inst/core_rx_inst/rs_decoder_64_inst/rs_decoder_2/euclid_proc_inst/reg_S_reg[5][0]/D (clocked by clk_out1_clk_wiz_1). Large setup violations at the end of those stages might be difficult to fix during the post-placement implementation flow and could be the result of non-optimal XDC constraints or non-optimal design architecture
Related violations: <none>

TIMING-16#56 Warning
Large setup violation  
There is a large setup violation of -1.050 ns between decoder_top_inst/core_rx_inst/rs_decoder_64_inst/rs_decoder_4/euclid_proc_inst/reg_fold_D_reg[0]_rep__1/C (clocked by clk_out1_clk_wiz_1) and decoder_top_inst/core_rx_inst/rs_decoder_64_inst/rs_decoder_4/euclid_proc_inst/reg_S_reg[14][6]/D (clocked by clk_out1_clk_wiz_1). Large setup violations at the end of those stages might be difficult to fix during the post-placement implementation flow and could be the result of non-optimal XDC constraints or non-optimal design architecture
Related violations: <none>

TIMING-16#57 Warning
Large setup violation  
There is a large setup violation of -1.051 ns between decoder_top_inst/core_rx_inst/rs_decoder_64_inst/rs_decoder_3/euclid_proc_inst/reg_S_reg[10][0]/C (clocked by clk_out1_clk_wiz_1) and decoder_top_inst/core_rx_inst/rs_decoder_64_inst/rs_decoder_3/euclid_proc_inst/reg_C_reg[10][4]/D (clocked by clk_out1_clk_wiz_1). Large setup violations at the end of those stages might be difficult to fix during the post-placement implementation flow and could be the result of non-optimal XDC constraints or non-optimal design architecture
Related violations: <none>

TIMING-16#58 Warning
Large setup violation  
There is a large setup violation of -1.054 ns between decoder_top_inst/core_rx_inst/rs_decoder_64_inst/rs_decoder_3/euclid_proc_inst/reg_S_reg[10][0]/C (clocked by clk_out1_clk_wiz_1) and decoder_top_inst/core_rx_inst/rs_decoder_64_inst/rs_decoder_3/euclid_proc_inst/reg_C_reg[10][2]/D (clocked by clk_out1_clk_wiz_1). Large setup violations at the end of those stages might be difficult to fix during the post-placement implementation flow and could be the result of non-optimal XDC constraints or non-optimal design architecture
Related violations: <none>

TIMING-16#59 Warning
Large setup violation  
There is a large setup violation of -1.056 ns between decoder_top_inst/core_rx_inst/rs_decoder_64_inst/rs_decoder_2/euclid_proc_inst/reg_S_reg[13][0]/C (clocked by clk_out1_clk_wiz_1) and decoder_top_inst/core_rx_inst/rs_decoder_64_inst/rs_decoder_2/euclid_proc_inst/reg_S_reg[14][0]/D (clocked by clk_out1_clk_wiz_1). Large setup violations at the end of those stages might be difficult to fix during the post-placement implementation flow and could be the result of non-optimal XDC constraints or non-optimal design architecture
Related violations: <none>

TIMING-16#60 Warning
Large setup violation  
There is a large setup violation of -1.057 ns between decoder_top_inst/core_rx_inst/rs_decoder_64_inst/rs_decoder_2/euclid_proc_inst/reg_fold_D_reg[1]_rep/C (clocked by clk_out1_clk_wiz_1) and decoder_top_inst/core_rx_inst/rs_decoder_64_inst/rs_decoder_2/euclid_proc_inst/reg_T_reg[0][6]/D (clocked by clk_out1_clk_wiz_1). Large setup violations at the end of those stages might be difficult to fix during the post-placement implementation flow and could be the result of non-optimal XDC constraints or non-optimal design architecture
Related violations: <none>

TIMING-16#61 Warning
Large setup violation  
There is a large setup violation of -1.057 ns between decoder_top_inst/core_rx_inst/rs_decoder_64_inst/rs_decoder_4/euclid_proc_inst/reg_fold_B_reg[0]_rep__2/C (clocked by clk_out1_clk_wiz_1) and decoder_top_inst/core_rx_inst/rs_decoder_64_inst/rs_decoder_4/euclid_proc_inst/reg_C_reg[9][6]/D (clocked by clk_out1_clk_wiz_1). Large setup violations at the end of those stages might be difficult to fix during the post-placement implementation flow and could be the result of non-optimal XDC constraints or non-optimal design architecture
Related violations: <none>

TIMING-16#62 Warning
Large setup violation  
There is a large setup violation of -1.058 ns between decoder_top_inst/core_rx_inst/rs_decoder_64_inst/rs_decoder_3/euclid_proc_inst/reg_T_reg[4][0]/C (clocked by clk_out1_clk_wiz_1) and decoder_top_inst/core_rx_inst/rs_decoder_64_inst/rs_decoder_3/euclid_proc_inst/reg_T_reg[4][7]/D (clocked by clk_out1_clk_wiz_1). Large setup violations at the end of those stages might be difficult to fix during the post-placement implementation flow and could be the result of non-optimal XDC constraints or non-optimal design architecture
Related violations: <none>

TIMING-16#63 Warning
Large setup violation  
There is a large setup violation of -1.058 ns between decoder_top_inst/core_rx_inst/rs_decoder_64_inst/rs_decoder_4/euclid_proc_inst/reg_fold_D_reg[0]_rep__1/C (clocked by clk_out1_clk_wiz_1) and decoder_top_inst/core_rx_inst/rs_decoder_64_inst/rs_decoder_4/euclid_proc_inst/reg_S_reg[14][7]/D (clocked by clk_out1_clk_wiz_1). Large setup violations at the end of those stages might be difficult to fix during the post-placement implementation flow and could be the result of non-optimal XDC constraints or non-optimal design architecture
Related violations: <none>

TIMING-16#64 Warning
Large setup violation  
There is a large setup violation of -1.059 ns between decoder_top_inst/core_rx_inst/rs_decoder_64_inst/rs_decoder_7/euclid_proc_inst/reg_fold_D_reg[0]_rep/C (clocked by clk_out1_clk_wiz_1) and decoder_top_inst/core_rx_inst/rs_decoder_64_inst/rs_decoder_7/euclid_proc_inst/reg_T_reg[2][5]/D (clocked by clk_out1_clk_wiz_1). Large setup violations at the end of those stages might be difficult to fix during the post-placement implementation flow and could be the result of non-optimal XDC constraints or non-optimal design architecture
Related violations: <none>

TIMING-16#65 Warning
Large setup violation  
There is a large setup violation of -1.062 ns between decoder_top_inst/core_rx_inst/rs_decoder_inst/euclid_proc_inst/reg_fold_B_reg[0]_rep__0/C (clocked by clk_out1_clk_wiz_1) and decoder_top_inst/core_rx_inst/rs_decoder_inst/euclid_proc_inst/reg_C_reg[8][0]/D (clocked by clk_out1_clk_wiz_1). Large setup violations at the end of those stages might be difficult to fix during the post-placement implementation flow and could be the result of non-optimal XDC constraints or non-optimal design architecture
Related violations: <none>

TIMING-16#66 Warning
Large setup violation  
There is a large setup violation of -1.067 ns between decoder_top_inst/core_rx_inst/rs_decoder_inst/euclid_proc_inst/reg_fold_D_reg[0]_rep__1/C (clocked by clk_out1_clk_wiz_1) and decoder_top_inst/core_rx_inst/rs_decoder_inst/euclid_proc_inst/reg_S_reg[14][5]/D (clocked by clk_out1_clk_wiz_1). Large setup violations at the end of those stages might be difficult to fix during the post-placement implementation flow and could be the result of non-optimal XDC constraints or non-optimal design architecture
Related violations: <none>

TIMING-16#67 Warning
Large setup violation  
There is a large setup violation of -1.069 ns between decoder_top_inst/core_rx_inst/rs_decoder_64_inst/rs_decoder_0/euclid_proc_inst/reg_fold_D_reg[4]_rep__1/C (clocked by clk_out1_clk_wiz_1) and decoder_top_inst/core_rx_inst/rs_decoder_64_inst/rs_decoder_0/euclid_proc_inst/reg_S_reg[12][6]/D (clocked by clk_out1_clk_wiz_1). Large setup violations at the end of those stages might be difficult to fix during the post-placement implementation flow and could be the result of non-optimal XDC constraints or non-optimal design architecture
Related violations: <none>

TIMING-16#68 Warning
Large setup violation  
There is a large setup violation of -1.071 ns between decoder_top_inst/core_rx_inst/rs_decoder_64_inst/rs_decoder_2/euclid_proc_inst/reg_fold_D_reg[6]_rep__0/C (clocked by clk_out1_clk_wiz_1) and decoder_top_inst/core_rx_inst/rs_decoder_64_inst/rs_decoder_2/euclid_proc_inst/reg_T_reg[4][4]/D (clocked by clk_out1_clk_wiz_1). Large setup violations at the end of those stages might be difficult to fix during the post-placement implementation flow and could be the result of non-optimal XDC constraints or non-optimal design architecture
Related violations: <none>

TIMING-16#69 Warning
Large setup violation  
There is a large setup violation of -1.074 ns between decoder_top_inst/core_rx_inst/rs_decoder_64_inst/rs_decoder_4/euclid_proc_inst/reg_fold_D_reg[0]_rep__1/C (clocked by clk_out1_clk_wiz_1) and decoder_top_inst/core_rx_inst/rs_decoder_64_inst/rs_decoder_4/euclid_proc_inst/reg_S_reg[14][5]/D (clocked by clk_out1_clk_wiz_1). Large setup violations at the end of those stages might be difficult to fix during the post-placement implementation flow and could be the result of non-optimal XDC constraints or non-optimal design architecture
Related violations: <none>

TIMING-16#70 Warning
Large setup violation  
There is a large setup violation of -1.076 ns between decoder_top_inst/core_rx_inst/rs_decoder_64_inst/rs_decoder_4/euclid_proc_inst/reg_fold_B_reg[0]_rep__2/C (clocked by clk_out1_clk_wiz_1) and decoder_top_inst/core_rx_inst/rs_decoder_64_inst/rs_decoder_4/euclid_proc_inst/reg_C_reg[9][5]/D (clocked by clk_out1_clk_wiz_1). Large setup violations at the end of those stages might be difficult to fix during the post-placement implementation flow and could be the result of non-optimal XDC constraints or non-optimal design architecture
Related violations: <none>

TIMING-16#71 Warning
Large setup violation  
There is a large setup violation of -1.077 ns between decoder_top_inst/core_rx_inst/rs_decoder_64_inst/rs_decoder_3/euclid_proc_inst/reg_S_reg[10][0]/C (clocked by clk_out1_clk_wiz_1) and decoder_top_inst/core_rx_inst/rs_decoder_64_inst/rs_decoder_3/euclid_proc_inst/reg_C_reg[10][0]/D (clocked by clk_out1_clk_wiz_1). Large setup violations at the end of those stages might be difficult to fix during the post-placement implementation flow and could be the result of non-optimal XDC constraints or non-optimal design architecture
Related violations: <none>

TIMING-16#72 Warning
Large setup violation  
There is a large setup violation of -1.080 ns between decoder_top_inst/core_rx_inst/rs_decoder_64_inst/rs_decoder_3/euclid_proc_inst/reg_S_reg[10][0]/C (clocked by clk_out1_clk_wiz_1) and decoder_top_inst/core_rx_inst/rs_decoder_64_inst/rs_decoder_3/euclid_proc_inst/reg_C_reg[10][3]/D (clocked by clk_out1_clk_wiz_1). Large setup violations at the end of those stages might be difficult to fix during the post-placement implementation flow and could be the result of non-optimal XDC constraints or non-optimal design architecture
Related violations: <none>

TIMING-16#73 Warning
Large setup violation  
There is a large setup violation of -1.081 ns between decoder_top_inst/core_rx_inst/rs_decoder_64_inst/rs_decoder_0/euclid_proc_inst/reg_S_reg[4][1]/C (clocked by clk_out1_clk_wiz_1) and decoder_top_inst/core_rx_inst/rs_decoder_64_inst/rs_decoder_0/euclid_proc_inst/reg_C_reg[4][0]/D (clocked by clk_out1_clk_wiz_1). Large setup violations at the end of those stages might be difficult to fix during the post-placement implementation flow and could be the result of non-optimal XDC constraints or non-optimal design architecture
Related violations: <none>

TIMING-16#74 Warning
Large setup violation  
There is a large setup violation of -1.081 ns between decoder_top_inst/core_rx_inst/rs_decoder_inst/euclid_proc_inst/reg_fold_B_reg[0]_rep__0/C (clocked by clk_out1_clk_wiz_1) and decoder_top_inst/core_rx_inst/rs_decoder_inst/euclid_proc_inst/reg_C_reg[8][5]/D (clocked by clk_out1_clk_wiz_1). Large setup violations at the end of those stages might be difficult to fix during the post-placement implementation flow and could be the result of non-optimal XDC constraints or non-optimal design architecture
Related violations: <none>

TIMING-16#75 Warning
Large setup violation  
There is a large setup violation of -1.083 ns between decoder_top_inst/core_rx_inst/rs_decoder_64_inst/rs_decoder_6/euclid_proc_inst/reg_fold_D_reg[2]_rep__1/C (clocked by clk_out1_clk_wiz_1) and decoder_top_inst/core_rx_inst/rs_decoder_64_inst/rs_decoder_6/euclid_proc_inst/reg_S_reg[15][6]/D (clocked by clk_out1_clk_wiz_1). Large setup violations at the end of those stages might be difficult to fix during the post-placement implementation flow and could be the result of non-optimal XDC constraints or non-optimal design architecture
Related violations: <none>

TIMING-16#76 Warning
Large setup violation  
There is a large setup violation of -1.083 ns between decoder_top_inst/core_rx_inst/rs_decoder_64_inst/rs_decoder_7/euclid_proc_inst/reg_fold_D_reg[0]_rep/C (clocked by clk_out1_clk_wiz_1) and decoder_top_inst/core_rx_inst/rs_decoder_64_inst/rs_decoder_7/euclid_proc_inst/reg_T_reg[2][6]/D (clocked by clk_out1_clk_wiz_1). Large setup violations at the end of those stages might be difficult to fix during the post-placement implementation flow and could be the result of non-optimal XDC constraints or non-optimal design architecture
Related violations: <none>

TIMING-16#77 Warning
Large setup violation  
There is a large setup violation of -1.085 ns between decoder_top_inst/core_rx_inst/rs_decoder_64_inst/rs_decoder_0/euclid_proc_inst/reg_fold_D_reg[4]_rep__1/C (clocked by clk_out1_clk_wiz_1) and decoder_top_inst/core_rx_inst/rs_decoder_64_inst/rs_decoder_0/euclid_proc_inst/reg_S_reg[12][1]/D (clocked by clk_out1_clk_wiz_1). Large setup violations at the end of those stages might be difficult to fix during the post-placement implementation flow and could be the result of non-optimal XDC constraints or non-optimal design architecture
Related violations: <none>

TIMING-16#78 Warning
Large setup violation  
There is a large setup violation of -1.091 ns between decoder_top_inst/core_rx_inst/rs_decoder_64_inst/rs_decoder_3/euclid_proc_inst/reg_A_reg[16][5]/C (clocked by clk_out1_clk_wiz_1) and decoder_top_inst/core_rx_inst/rs_decoder_64_inst/rs_decoder_3/euclid_proc_inst/reg_fold_B_reg[1]/D (clocked by clk_out1_clk_wiz_1). Large setup violations at the end of those stages might be difficult to fix during the post-placement implementation flow and could be the result of non-optimal XDC constraints or non-optimal design architecture
Related violations: <none>

TIMING-16#79 Warning
Large setup violation  
There is a large setup violation of -1.092 ns between decoder_top_inst/core_rx_inst/rs_decoder_64_inst/rs_decoder_4/euclid_proc_inst/reg_fold_B_reg[0]_rep__2/C (clocked by clk_out1_clk_wiz_1) and decoder_top_inst/core_rx_inst/rs_decoder_64_inst/rs_decoder_4/euclid_proc_inst/reg_C_reg[9][0]/D (clocked by clk_out1_clk_wiz_1). Large setup violations at the end of those stages might be difficult to fix during the post-placement implementation flow and could be the result of non-optimal XDC constraints or non-optimal design architecture
Related violations: <none>

TIMING-16#80 Warning
Large setup violation  
There is a large setup violation of -1.096 ns between decoder_top_inst/core_rx_inst/rs_decoder_64_inst/rs_decoder_4/euclid_proc_inst/reg_fold_D_reg[0]_rep__0/C (clocked by clk_out1_clk_wiz_1) and decoder_top_inst/core_rx_inst/rs_decoder_64_inst/rs_decoder_4/euclid_proc_inst/reg_S_reg[10][4]/D (clocked by clk_out1_clk_wiz_1). Large setup violations at the end of those stages might be difficult to fix during the post-placement implementation flow and could be the result of non-optimal XDC constraints or non-optimal design architecture
Related violations: <none>

TIMING-16#81 Warning
Large setup violation  
There is a large setup violation of -1.103 ns between decoder_top_inst/core_rx_inst/rs_decoder_64_inst/rs_decoder_7/euclid_proc_inst/reg_fold_D_reg[0]_rep__3/C (clocked by clk_out1_clk_wiz_1) and decoder_top_inst/core_rx_inst/rs_decoder_64_inst/rs_decoder_7/euclid_proc_inst/reg_T_reg[1][2]/D (clocked by clk_out1_clk_wiz_1). Large setup violations at the end of those stages might be difficult to fix during the post-placement implementation flow and could be the result of non-optimal XDC constraints or non-optimal design architecture
Related violations: <none>

TIMING-16#82 Warning
Large setup violation  
There is a large setup violation of -1.105 ns between decoder_top_inst/core_rx_inst/rs_decoder_64_inst/rs_decoder_7/euclid_proc_inst/reg_fold_D_reg[0]_rep__3/C (clocked by clk_out1_clk_wiz_1) and decoder_top_inst/core_rx_inst/rs_decoder_64_inst/rs_decoder_7/euclid_proc_inst/reg_T_reg[1][6]/D (clocked by clk_out1_clk_wiz_1). Large setup violations at the end of those stages might be difficult to fix during the post-placement implementation flow and could be the result of non-optimal XDC constraints or non-optimal design architecture
Related violations: <none>

TIMING-16#83 Warning
Large setup violation  
There is a large setup violation of -1.107 ns between decoder_top_inst/core_rx_inst/rs_decoder_64_inst/rs_decoder_4/euclid_proc_inst/reg_fold_D_reg[0]_rep__0/C (clocked by clk_out1_clk_wiz_1) and decoder_top_inst/core_rx_inst/rs_decoder_64_inst/rs_decoder_4/euclid_proc_inst/reg_S_reg[10][0]/D (clocked by clk_out1_clk_wiz_1). Large setup violations at the end of those stages might be difficult to fix during the post-placement implementation flow and could be the result of non-optimal XDC constraints or non-optimal design architecture
Related violations: <none>

TIMING-16#84 Warning
Large setup violation  
There is a large setup violation of -1.107 ns between decoder_top_inst/core_rx_inst/rs_decoder_64_inst/rs_decoder_7/euclid_proc_inst/reg_S_reg[9][3]/C (clocked by clk_out1_clk_wiz_1) and decoder_top_inst/core_rx_inst/rs_decoder_64_inst/rs_decoder_7/euclid_proc_inst/reg_C_reg[9][6]/D (clocked by clk_out1_clk_wiz_1). Large setup violations at the end of those stages might be difficult to fix during the post-placement implementation flow and could be the result of non-optimal XDC constraints or non-optimal design architecture
Related violations: <none>

TIMING-16#85 Warning
Large setup violation  
There is a large setup violation of -1.108 ns between decoder_top_inst/core_rx_inst/rs_decoder_64_inst/rs_decoder_3/euclid_proc_inst/reg_T_reg[4][0]/C (clocked by clk_out1_clk_wiz_1) and decoder_top_inst/core_rx_inst/rs_decoder_64_inst/rs_decoder_3/euclid_proc_inst/reg_T_reg[4][6]/D (clocked by clk_out1_clk_wiz_1). Large setup violations at the end of those stages might be difficult to fix during the post-placement implementation flow and could be the result of non-optimal XDC constraints or non-optimal design architecture
Related violations: <none>

TIMING-16#86 Warning
Large setup violation  
There is a large setup violation of -1.108 ns between decoder_top_inst/core_rx_inst/rs_decoder_64_inst/rs_decoder_5/euclid_proc_inst/reg_fold_B_reg[1]_rep__2/C (clocked by clk_out1_clk_wiz_1) and decoder_top_inst/core_rx_inst/rs_decoder_64_inst/rs_decoder_5/euclid_proc_inst/reg_C_reg[7][2]/D (clocked by clk_out1_clk_wiz_1). Large setup violations at the end of those stages might be difficult to fix during the post-placement implementation flow and could be the result of non-optimal XDC constraints or non-optimal design architecture
Related violations: <none>

TIMING-16#87 Warning
Large setup violation  
There is a large setup violation of -1.109 ns between decoder_top_inst/core_rx_inst/rs_decoder_inst/euclid_proc_inst/reg_fold_D_reg[0]_rep__1/C (clocked by clk_out1_clk_wiz_1) and decoder_top_inst/core_rx_inst/rs_decoder_inst/euclid_proc_inst/reg_S_reg[14][6]/D (clocked by clk_out1_clk_wiz_1). Large setup violations at the end of those stages might be difficult to fix during the post-placement implementation flow and could be the result of non-optimal XDC constraints or non-optimal design architecture
Related violations: <none>

TIMING-16#88 Warning
Large setup violation  
There is a large setup violation of -1.113 ns between decoder_top_inst/core_rx_inst/rs_decoder_64_inst/rs_decoder_3/euclid_proc_inst/reg_T_reg[4][0]/C (clocked by clk_out1_clk_wiz_1) and decoder_top_inst/core_rx_inst/rs_decoder_64_inst/rs_decoder_3/euclid_proc_inst/reg_T_reg[4][4]/D (clocked by clk_out1_clk_wiz_1). Large setup violations at the end of those stages might be difficult to fix during the post-placement implementation flow and could be the result of non-optimal XDC constraints or non-optimal design architecture
Related violations: <none>

TIMING-16#89 Warning
Large setup violation  
There is a large setup violation of -1.115 ns between decoder_top_inst/core_rx_inst/rs_decoder_inst/euclid_proc_inst/reg_fold_D_reg[0]_rep__1/C (clocked by clk_out1_clk_wiz_1) and decoder_top_inst/core_rx_inst/rs_decoder_inst/euclid_proc_inst/reg_S_reg[14][2]/D (clocked by clk_out1_clk_wiz_1). Large setup violations at the end of those stages might be difficult to fix during the post-placement implementation flow and could be the result of non-optimal XDC constraints or non-optimal design architecture
Related violations: <none>

TIMING-16#90 Warning
Large setup violation  
There is a large setup violation of -1.121 ns between decoder_top_inst/core_rx_inst/rs_decoder_64_inst/rs_decoder_5/euclid_proc_inst/reg_fold_D_reg[3]_rep__0/C (clocked by clk_out1_clk_wiz_1) and decoder_top_inst/core_rx_inst/rs_decoder_64_inst/rs_decoder_5/euclid_proc_inst/reg_S_reg[8][6]/D (clocked by clk_out1_clk_wiz_1). Large setup violations at the end of those stages might be difficult to fix during the post-placement implementation flow and could be the result of non-optimal XDC constraints or non-optimal design architecture
Related violations: <none>

TIMING-16#91 Warning
Large setup violation  
There is a large setup violation of -1.124 ns between decoder_top_inst/core_rx_inst/rs_decoder_64_inst/rs_decoder_0/forney_math_inst/Q_reg[1][0]/C (clocked by clk_out1_clk_wiz_1) and decoder_top_inst/core_rx_inst/rs_decoder_64_inst/rs_decoder_0/forney_math_inst/Q_reg[1][3]/D (clocked by clk_out1_clk_wiz_1). Large setup violations at the end of those stages might be difficult to fix during the post-placement implementation flow and could be the result of non-optimal XDC constraints or non-optimal design architecture
Related violations: <none>

TIMING-16#92 Warning
Large setup violation  
There is a large setup violation of -1.132 ns between decoder_top_inst/core_rx_inst/rs_decoder_64_inst/rs_decoder_0/forney_math_inst/Q_reg[1][0]/C (clocked by clk_out1_clk_wiz_1) and decoder_top_inst/core_rx_inst/rs_decoder_64_inst/rs_decoder_0/forney_math_inst/Q_reg[1][2]/D (clocked by clk_out1_clk_wiz_1). Large setup violations at the end of those stages might be difficult to fix during the post-placement implementation flow and could be the result of non-optimal XDC constraints or non-optimal design architecture
Related violations: <none>

TIMING-16#93 Warning
Large setup violation  
There is a large setup violation of -1.139 ns between decoder_top_inst/core_rx_inst/rs_decoder_64_inst/rs_decoder_7/euclid_proc_inst/reg_fold_B_reg[1]_rep__0/C (clocked by clk_out1_clk_wiz_1) and decoder_top_inst/core_rx_inst/rs_decoder_64_inst/rs_decoder_7/euclid_proc_inst/reg_C_reg[10][0]/D (clocked by clk_out1_clk_wiz_1). Large setup violations at the end of those stages might be difficult to fix during the post-placement implementation flow and could be the result of non-optimal XDC constraints or non-optimal design architecture
Related violations: <none>

TIMING-16#94 Warning
Large setup violation  
There is a large setup violation of -1.141 ns between decoder_top_inst/core_rx_inst/rs_decoder_64_inst/rs_decoder_2/euclid_proc_inst/reg_fold_D_reg[0]_rep__1/C (clocked by clk_out1_clk_wiz_1) and decoder_top_inst/core_rx_inst/rs_decoder_64_inst/rs_decoder_2/euclid_proc_inst/reg_S_reg[15][4]/D (clocked by clk_out1_clk_wiz_1). Large setup violations at the end of those stages might be difficult to fix during the post-placement implementation flow and could be the result of non-optimal XDC constraints or non-optimal design architecture
Related violations: <none>

TIMING-16#95 Warning
Large setup violation  
There is a large setup violation of -1.147 ns between decoder_top_inst/core_rx_inst/rs_decoder_64_inst/rs_decoder_2/euclid_proc_inst/reg_fold_D_reg[6]/C (clocked by clk_out1_clk_wiz_1) and decoder_top_inst/core_rx_inst/rs_decoder_64_inst/rs_decoder_2/euclid_proc_inst/reg_S_reg[4][6]/D (clocked by clk_out1_clk_wiz_1). Large setup violations at the end of those stages might be difficult to fix during the post-placement implementation flow and could be the result of non-optimal XDC constraints or non-optimal design architecture
Related violations: <none>

TIMING-16#96 Warning
Large setup violation  
There is a large setup violation of -1.150 ns between decoder_top_inst/core_rx_inst/rs_decoder_64_inst/rs_decoder_0/euclid_proc_inst/reg_fold_D_reg[4]_rep__1/C (clocked by clk_out1_clk_wiz_1) and decoder_top_inst/core_rx_inst/rs_decoder_64_inst/rs_decoder_0/euclid_proc_inst/reg_S_reg[12][0]/D (clocked by clk_out1_clk_wiz_1). Large setup violations at the end of those stages might be difficult to fix during the post-placement implementation flow and could be the result of non-optimal XDC constraints or non-optimal design architecture
Related violations: <none>

TIMING-16#97 Warning
Large setup violation  
There is a large setup violation of -1.154 ns between decoder_top_inst/core_rx_inst/rs_decoder_inst/euclid_proc_inst/reg_fold_B_reg[0]_rep__0/C (clocked by clk_out1_clk_wiz_1) and decoder_top_inst/core_rx_inst/rs_decoder_inst/euclid_proc_inst/reg_C_reg[8][7]/D (clocked by clk_out1_clk_wiz_1). Large setup violations at the end of those stages might be difficult to fix during the post-placement implementation flow and could be the result of non-optimal XDC constraints or non-optimal design architecture
Related violations: <none>

TIMING-16#98 Warning
Large setup violation  
There is a large setup violation of -1.156 ns between decoder_top_inst/core_rx_inst/rs_decoder_64_inst/rs_decoder_2/euclid_proc_inst/reg_fold_D_reg[6]_rep__0/C (clocked by clk_out1_clk_wiz_1) and decoder_top_inst/core_rx_inst/rs_decoder_64_inst/rs_decoder_2/euclid_proc_inst/reg_T_reg[4][6]/D (clocked by clk_out1_clk_wiz_1). Large setup violations at the end of those stages might be difficult to fix during the post-placement implementation flow and could be the result of non-optimal XDC constraints or non-optimal design architecture
Related violations: <none>

TIMING-16#99 Warning
Large setup violation  
There is a large setup violation of -1.160 ns between decoder_top_inst/core_rx_inst/rs_decoder_64_inst/rs_decoder_7/euclid_proc_inst/reg_fold_D_reg[0]_rep__3/C (clocked by clk_out1_clk_wiz_1) and decoder_top_inst/core_rx_inst/rs_decoder_64_inst/rs_decoder_7/euclid_proc_inst/reg_T_reg[1][7]/D (clocked by clk_out1_clk_wiz_1). Large setup violations at the end of those stages might be difficult to fix during the post-placement implementation flow and could be the result of non-optimal XDC constraints or non-optimal design architecture
Related violations: <none>

TIMING-16#100 Warning
Large setup violation  
There is a large setup violation of -1.162 ns between decoder_top_inst/core_rx_inst/rs_decoder_64_inst/rs_decoder_4/euclid_proc_inst/reg_fold_B_reg[0]_rep__2/C (clocked by clk_out1_clk_wiz_1) and decoder_top_inst/core_rx_inst/rs_decoder_64_inst/rs_decoder_4/euclid_proc_inst/reg_C_reg[9][7]/D (clocked by clk_out1_clk_wiz_1). Large setup violations at the end of those stages might be difficult to fix during the post-placement implementation flow and could be the result of non-optimal XDC constraints or non-optimal design architecture
Related violations: <none>

TIMING-16#101 Warning
Large setup violation  
There is a large setup violation of -1.168 ns between decoder_top_inst/core_rx_inst/rs_decoder_64_inst/rs_decoder_7/euclid_proc_inst/reg_fold_D_reg[0]_rep/C (clocked by clk_out1_clk_wiz_1) and decoder_top_inst/core_rx_inst/rs_decoder_64_inst/rs_decoder_7/euclid_proc_inst/reg_T_reg[2][7]/D (clocked by clk_out1_clk_wiz_1). Large setup violations at the end of those stages might be difficult to fix during the post-placement implementation flow and could be the result of non-optimal XDC constraints or non-optimal design architecture
Related violations: <none>

TIMING-16#102 Warning
Large setup violation  
There is a large setup violation of -1.171 ns between decoder_top_inst/core_rx_inst/rs_decoder_64_inst/rs_decoder_5/euclid_proc_inst/reg_fold_B_reg[1]_rep__1/C (clocked by clk_out1_clk_wiz_1) and decoder_top_inst/core_rx_inst/rs_decoder_64_inst/rs_decoder_5/euclid_proc_inst/reg_C_reg[13][5]/D (clocked by clk_out1_clk_wiz_1). Large setup violations at the end of those stages might be difficult to fix during the post-placement implementation flow and could be the result of non-optimal XDC constraints or non-optimal design architecture
Related violations: <none>

TIMING-16#103 Warning
Large setup violation  
There is a large setup violation of -1.175 ns between decoder_top_inst/core_rx_inst/rs_decoder_64_inst/rs_decoder_0/euclid_proc_inst/reg_S_reg[4][1]/C (clocked by clk_out1_clk_wiz_1) and decoder_top_inst/core_rx_inst/rs_decoder_64_inst/rs_decoder_0/euclid_proc_inst/reg_C_reg[4][5]/D (clocked by clk_out1_clk_wiz_1). Large setup violations at the end of those stages might be difficult to fix during the post-placement implementation flow and could be the result of non-optimal XDC constraints or non-optimal design architecture
Related violations: <none>

TIMING-16#104 Warning
Large setup violation  
There is a large setup violation of -1.175 ns between decoder_top_inst/core_rx_inst/rs_decoder_64_inst/rs_decoder_5/euclid_proc_inst/reg_fold_B_reg[1]_rep__2/C (clocked by clk_out1_clk_wiz_1) and decoder_top_inst/core_rx_inst/rs_decoder_64_inst/rs_decoder_5/euclid_proc_inst/reg_C_reg[7][3]/D (clocked by clk_out1_clk_wiz_1). Large setup violations at the end of those stages might be difficult to fix during the post-placement implementation flow and could be the result of non-optimal XDC constraints or non-optimal design architecture
Related violations: <none>

TIMING-16#105 Warning
Large setup violation  
There is a large setup violation of -1.177 ns between decoder_top_inst/core_rx_inst/rs_decoder_64_inst/rs_decoder_3/euclid_proc_inst/reg_S_reg[10][0]/C (clocked by clk_out1_clk_wiz_1) and decoder_top_inst/core_rx_inst/rs_decoder_64_inst/rs_decoder_3/euclid_proc_inst/reg_C_reg[10][5]/D (clocked by clk_out1_clk_wiz_1). Large setup violations at the end of those stages might be difficult to fix during the post-placement implementation flow and could be the result of non-optimal XDC constraints or non-optimal design architecture
Related violations: <none>

TIMING-16#106 Warning
Large setup violation  
There is a large setup violation of -1.178 ns between decoder_top_inst/core_rx_inst/rs_decoder_64_inst/rs_decoder_7/euclid_proc_inst/reg_fold_D_reg[0]_rep__3/C (clocked by clk_out1_clk_wiz_1) and decoder_top_inst/core_rx_inst/rs_decoder_64_inst/rs_decoder_7/euclid_proc_inst/reg_T_reg[1][4]/D (clocked by clk_out1_clk_wiz_1). Large setup violations at the end of those stages might be difficult to fix during the post-placement implementation flow and could be the result of non-optimal XDC constraints or non-optimal design architecture
Related violations: <none>

TIMING-16#107 Warning
Large setup violation  
There is a large setup violation of -1.180 ns between decoder_top_inst/core_rx_inst/rs_decoder_inst/euclid_proc_inst/reg_fold_D_reg[0]_rep__1/C (clocked by clk_out1_clk_wiz_1) and decoder_top_inst/core_rx_inst/rs_decoder_inst/euclid_proc_inst/reg_S_reg[14][0]/D (clocked by clk_out1_clk_wiz_1). Large setup violations at the end of those stages might be difficult to fix during the post-placement implementation flow and could be the result of non-optimal XDC constraints or non-optimal design architecture
Related violations: <none>

TIMING-16#108 Warning
Large setup violation  
There is a large setup violation of -1.186 ns between decoder_top_inst/core_rx_inst/rs_decoder_64_inst/rs_decoder_3/euclid_proc_inst/reg_S_reg[10][0]/C (clocked by clk_out1_clk_wiz_1) and decoder_top_inst/core_rx_inst/rs_decoder_64_inst/rs_decoder_3/euclid_proc_inst/reg_C_reg[10][7]/D (clocked by clk_out1_clk_wiz_1). Large setup violations at the end of those stages might be difficult to fix during the post-placement implementation flow and could be the result of non-optimal XDC constraints or non-optimal design architecture
Related violations: <none>

TIMING-16#109 Warning
Large setup violation  
There is a large setup violation of -1.186 ns between decoder_top_inst/core_rx_inst/rs_decoder_64_inst/rs_decoder_4/euclid_proc_inst/reg_fold_B_reg[0]_rep__2/C (clocked by clk_out1_clk_wiz_1) and decoder_top_inst/core_rx_inst/rs_decoder_64_inst/rs_decoder_4/euclid_proc_inst/reg_C_reg[9][4]/D (clocked by clk_out1_clk_wiz_1). Large setup violations at the end of those stages might be difficult to fix during the post-placement implementation flow and could be the result of non-optimal XDC constraints or non-optimal design architecture
Related violations: <none>

TIMING-16#110 Warning
Large setup violation  
There is a large setup violation of -1.188 ns between decoder_top_inst/core_rx_inst/rs_decoder_64_inst/rs_decoder_3/euclid_proc_inst/reg_fold_B_reg[1]_rep__3/C (clocked by clk_out1_clk_wiz_1) and decoder_top_inst/core_rx_inst/rs_decoder_64_inst/rs_decoder_3/euclid_proc_inst/reg_Y_reg[4][2]/D (clocked by clk_out1_clk_wiz_1). Large setup violations at the end of those stages might be difficult to fix during the post-placement implementation flow and could be the result of non-optimal XDC constraints or non-optimal design architecture
Related violations: <none>

TIMING-16#111 Warning
Large setup violation  
There is a large setup violation of -1.190 ns between decoder_top_inst/core_rx_inst/rs_decoder_inst/euclid_proc_inst/reg_fold_D_reg[0]_rep__1/C (clocked by clk_out1_clk_wiz_1) and decoder_top_inst/core_rx_inst/rs_decoder_inst/euclid_proc_inst/reg_S_reg[14][4]/D (clocked by clk_out1_clk_wiz_1). Large setup violations at the end of those stages might be difficult to fix during the post-placement implementation flow and could be the result of non-optimal XDC constraints or non-optimal design architecture
Related violations: <none>

TIMING-16#112 Warning
Large setup violation  
There is a large setup violation of -1.193 ns between decoder_top_inst/core_rx_inst/rs_decoder_64_inst/rs_decoder_7/euclid_proc_inst/reg_fold_D_reg[0]_rep__3/C (clocked by clk_out1_clk_wiz_1) and decoder_top_inst/core_rx_inst/rs_decoder_64_inst/rs_decoder_7/euclid_proc_inst/reg_T_reg[1][0]/D (clocked by clk_out1_clk_wiz_1). Large setup violations at the end of those stages might be difficult to fix during the post-placement implementation flow and could be the result of non-optimal XDC constraints or non-optimal design architecture
Related violations: <none>

TIMING-16#113 Warning
Large setup violation  
There is a large setup violation of -1.193 ns between decoder_top_inst/core_rx_inst/rs_decoder_64_inst/rs_decoder_7/euclid_proc_inst/reg_fold_D_reg[0]_rep__3/C (clocked by clk_out1_clk_wiz_1) and decoder_top_inst/core_rx_inst/rs_decoder_64_inst/rs_decoder_7/euclid_proc_inst/reg_T_reg[1][5]/D (clocked by clk_out1_clk_wiz_1). Large setup violations at the end of those stages might be difficult to fix during the post-placement implementation flow and could be the result of non-optimal XDC constraints or non-optimal design architecture
Related violations: <none>

TIMING-16#114 Warning
Large setup violation  
There is a large setup violation of -1.208 ns between encoder_top_inst/core_tx_inst/rs_encoder_64_inst/rs_encoder_6/FSM_onehot_state_reg[2]/C (clocked by clk_out1_clk_wiz_1) and encoder_top_inst/core_tx_inst/rs_encoder_64_inst/rs_encoder_6/Q_reg[6][0]/D (clocked by clk_out1_clk_wiz_1). Large setup violations at the end of those stages might be difficult to fix during the post-placement implementation flow and could be the result of non-optimal XDC constraints or non-optimal design architecture
Related violations: <none>

TIMING-16#115 Warning
Large setup violation  
There is a large setup violation of -1.209 ns between encoder_top_inst/core_tx_inst/rs_encoder_64_inst/rs_encoder_6/FSM_onehot_state_reg[2]/C (clocked by clk_out1_clk_wiz_1) and encoder_top_inst/core_tx_inst/rs_encoder_64_inst/rs_encoder_6/Q_reg[6][1]/D (clocked by clk_out1_clk_wiz_1). Large setup violations at the end of those stages might be difficult to fix during the post-placement implementation flow and could be the result of non-optimal XDC constraints or non-optimal design architecture
Related violations: <none>

TIMING-16#116 Warning
Large setup violation  
There is a large setup violation of -1.212 ns between decoder_top_inst/core_rx_inst/rs_decoder_64_inst/rs_decoder_0/euclid_proc_inst/reg_fold_D_reg[0]_rep/C (clocked by clk_out1_clk_wiz_1) and decoder_top_inst/core_rx_inst/rs_decoder_64_inst/rs_decoder_0/euclid_proc_inst/reg_T_reg[4][0]/D (clocked by clk_out1_clk_wiz_1). Large setup violations at the end of those stages might be difficult to fix during the post-placement implementation flow and could be the result of non-optimal XDC constraints or non-optimal design architecture
Related violations: <none>

TIMING-16#117 Warning
Large setup violation  
There is a large setup violation of -1.222 ns between decoder_top_inst/core_rx_inst/rs_decoder_64_inst/rs_decoder_5/euclid_proc_inst/reg_fold_B_reg[1]_rep__2/C (clocked by clk_out1_clk_wiz_1) and decoder_top_inst/core_rx_inst/rs_decoder_64_inst/rs_decoder_5/euclid_proc_inst/reg_C_reg[7][5]/D (clocked by clk_out1_clk_wiz_1). Large setup violations at the end of those stages might be difficult to fix during the post-placement implementation flow and could be the result of non-optimal XDC constraints or non-optimal design architecture
Related violations: <none>

TIMING-16#118 Warning
Large setup violation  
There is a large setup violation of -1.226 ns between decoder_top_inst/core_rx_inst/rs_decoder_64_inst/rs_decoder_0/euclid_proc_inst/reg_fold_D_reg[5]_rep__3/C (clocked by clk_out1_clk_wiz_1) and decoder_top_inst/core_rx_inst/rs_decoder_64_inst/rs_decoder_0/euclid_proc_inst/reg_T_reg[1][2]/D (clocked by clk_out1_clk_wiz_1). Large setup violations at the end of those stages might be difficult to fix during the post-placement implementation flow and could be the result of non-optimal XDC constraints or non-optimal design architecture
Related violations: <none>

TIMING-16#119 Warning
Large setup violation  
There is a large setup violation of -1.230 ns between decoder_top_inst/core_rx_inst/rs_decoder_64_inst/rs_decoder_5/euclid_proc_inst/reg_fold_D_reg[2]_rep__0/C (clocked by clk_out1_clk_wiz_1) and decoder_top_inst/core_rx_inst/rs_decoder_64_inst/rs_decoder_5/euclid_proc_inst/reg_S_reg[10][2]/D (clocked by clk_out1_clk_wiz_1). Large setup violations at the end of those stages might be difficult to fix during the post-placement implementation flow and could be the result of non-optimal XDC constraints or non-optimal design architecture
Related violations: <none>

TIMING-16#120 Warning
Large setup violation  
There is a large setup violation of -1.231 ns between decoder_top_inst/core_rx_inst/rs_decoder_inst/euclid_proc_inst/reg_fold_D_reg[0]_rep__1/C (clocked by clk_out1_clk_wiz_1) and decoder_top_inst/core_rx_inst/rs_decoder_inst/euclid_proc_inst/reg_S_reg[14][7]/D (clocked by clk_out1_clk_wiz_1). Large setup violations at the end of those stages might be difficult to fix during the post-placement implementation flow and could be the result of non-optimal XDC constraints or non-optimal design architecture
Related violations: <none>

TIMING-16#121 Warning
Large setup violation  
There is a large setup violation of -1.235 ns between decoder_top_inst/core_rx_inst/rs_decoder_64_inst/rs_decoder_6/euclid_proc_inst/reg_fold_D_reg[4]_rep__1/C (clocked by clk_out1_clk_wiz_1) and decoder_top_inst/core_rx_inst/rs_decoder_64_inst/rs_decoder_6/euclid_proc_inst/reg_S_reg[14][4]/D (clocked by clk_out1_clk_wiz_1). Large setup violations at the end of those stages might be difficult to fix during the post-placement implementation flow and could be the result of non-optimal XDC constraints or non-optimal design architecture
Related violations: <none>

TIMING-16#122 Warning
Large setup violation  
There is a large setup violation of -1.241 ns between decoder_top_inst/core_rx_inst/rs_decoder_64_inst/rs_decoder_0/euclid_proc_inst/reg_S_reg[4][1]/C (clocked by clk_out1_clk_wiz_1) and decoder_top_inst/core_rx_inst/rs_decoder_64_inst/rs_decoder_0/euclid_proc_inst/reg_C_reg[4][4]/D (clocked by clk_out1_clk_wiz_1). Large setup violations at the end of those stages might be difficult to fix during the post-placement implementation flow and could be the result of non-optimal XDC constraints or non-optimal design architecture
Related violations: <none>

TIMING-16#123 Warning
Large setup violation  
There is a large setup violation of -1.242 ns between decoder_top_inst/core_rx_inst/rs_decoder_64_inst/rs_decoder_7/euclid_proc_inst/reg_fold_D_reg[0]_rep__3/C (clocked by clk_out1_clk_wiz_1) and decoder_top_inst/core_rx_inst/rs_decoder_64_inst/rs_decoder_7/euclid_proc_inst/reg_T_reg[1][1]/D (clocked by clk_out1_clk_wiz_1). Large setup violations at the end of those stages might be difficult to fix during the post-placement implementation flow and could be the result of non-optimal XDC constraints or non-optimal design architecture
Related violations: <none>

TIMING-16#124 Warning
Large setup violation  
There is a large setup violation of -1.247 ns between decoder_top_inst/core_rx_inst/rs_decoder_64_inst/rs_decoder_7/euclid_proc_inst/reg_fold_D_reg[0]_rep__3/C (clocked by clk_out1_clk_wiz_1) and decoder_top_inst/core_rx_inst/rs_decoder_64_inst/rs_decoder_7/euclid_proc_inst/reg_T_reg[1][3]/D (clocked by clk_out1_clk_wiz_1). Large setup violations at the end of those stages might be difficult to fix during the post-placement implementation flow and could be the result of non-optimal XDC constraints or non-optimal design architecture
Related violations: <none>

TIMING-16#125 Warning
Large setup violation  
There is a large setup violation of -1.261 ns between decoder_top_inst/core_rx_inst/rs_decoder_64_inst/rs_decoder_3/euclid_proc_inst/reg_S_reg[10][0]/C (clocked by clk_out1_clk_wiz_1) and decoder_top_inst/core_rx_inst/rs_decoder_64_inst/rs_decoder_3/euclid_proc_inst/reg_C_reg[10][1]/D (clocked by clk_out1_clk_wiz_1). Large setup violations at the end of those stages might be difficult to fix during the post-placement implementation flow and could be the result of non-optimal XDC constraints or non-optimal design architecture
Related violations: <none>

TIMING-16#126 Warning
Large setup violation  
There is a large setup violation of -1.290 ns between decoder_top_inst/core_rx_inst/rs_decoder_64_inst/rs_decoder_7/con_rd_reg[9]/C (clocked by clk_out1_clk_wiz_1) and decoder_top_inst/rx_logic_gth_inst/en_d0_reg/D (clocked by clk_out1_clk_wiz_0). Large setup violations at the end of those stages might be difficult to fix during the post-placement implementation flow and could be the result of non-optimal XDC constraints or non-optimal design architecture
Related violations: <none>

TIMING-16#127 Warning
Large setup violation  
There is a large setup violation of -1.293 ns between decoder_top_inst/core_rx_inst/rs_decoder_64_inst/rs_decoder_5/euclid_proc_inst/reg_fold_B_reg[1]_rep__2/C (clocked by clk_out1_clk_wiz_1) and decoder_top_inst/core_rx_inst/rs_decoder_64_inst/rs_decoder_5/euclid_proc_inst/reg_C_reg[7][4]/D (clocked by clk_out1_clk_wiz_1). Large setup violations at the end of those stages might be difficult to fix during the post-placement implementation flow and could be the result of non-optimal XDC constraints or non-optimal design architecture
Related violations: <none>

TIMING-16#128 Warning
Large setup violation  
There is a large setup violation of -1.317 ns between decoder_top_inst/core_rx_inst/rs_decoder_64_inst/rs_decoder_5/euclid_proc_inst/reg_fold_B_reg[1]_rep__2/C (clocked by clk_out1_clk_wiz_1) and decoder_top_inst/core_rx_inst/rs_decoder_64_inst/rs_decoder_5/euclid_proc_inst/reg_C_reg[7][0]/D (clocked by clk_out1_clk_wiz_1). Large setup violations at the end of those stages might be difficult to fix during the post-placement implementation flow and could be the result of non-optimal XDC constraints or non-optimal design architecture
Related violations: <none>

TIMING-16#129 Warning
Large setup violation  
There is a large setup violation of -1.323 ns between decoder_top_inst/core_rx_inst/rs_decoder_64_inst/rs_decoder_7/euclid_proc_inst/reg_fold_D_reg[0]_rep/C (clocked by clk_out1_clk_wiz_1) and decoder_top_inst/core_rx_inst/rs_decoder_64_inst/rs_decoder_7/euclid_proc_inst/reg_T_reg[2][0]/D (clocked by clk_out1_clk_wiz_1). Large setup violations at the end of those stages might be difficult to fix during the post-placement implementation flow and could be the result of non-optimal XDC constraints or non-optimal design architecture
Related violations: <none>

TIMING-16#130 Warning
Large setup violation  
There is a large setup violation of -1.324 ns between decoder_top_inst/core_rx_inst/rs_decoder_64_inst/rs_decoder_5/euclid_proc_inst/reg_fold_B_reg[1]_rep__2/C (clocked by clk_out1_clk_wiz_1) and decoder_top_inst/core_rx_inst/rs_decoder_64_inst/rs_decoder_5/euclid_proc_inst/reg_C_reg[7][7]/D (clocked by clk_out1_clk_wiz_1). Large setup violations at the end of those stages might be difficult to fix during the post-placement implementation flow and could be the result of non-optimal XDC constraints or non-optimal design architecture
Related violations: <none>

TIMING-16#131 Warning
Large setup violation  
There is a large setup violation of -1.339 ns between decoder_top_inst/core_rx_inst/rs_decoder_64_inst/rs_decoder_5/euclid_proc_inst/reg_fold_D_reg[2]_rep__0/C (clocked by clk_out1_clk_wiz_1) and decoder_top_inst/core_rx_inst/rs_decoder_64_inst/rs_decoder_5/euclid_proc_inst/reg_S_reg[10][3]/D (clocked by clk_out1_clk_wiz_1). Large setup violations at the end of those stages might be difficult to fix during the post-placement implementation flow and could be the result of non-optimal XDC constraints or non-optimal design architecture
Related violations: <none>

TIMING-16#132 Warning
Large setup violation  
There is a large setup violation of -1.361 ns between decoder_top_inst/core_rx_inst/rs_decoder_64_inst/rs_decoder_5/euclid_proc_inst/reg_fold_B_reg[1]_rep__2/C (clocked by clk_out1_clk_wiz_1) and decoder_top_inst/core_rx_inst/rs_decoder_64_inst/rs_decoder_5/euclid_proc_inst/reg_C_reg[7][1]/D (clocked by clk_out1_clk_wiz_1). Large setup violations at the end of those stages might be difficult to fix during the post-placement implementation flow and could be the result of non-optimal XDC constraints or non-optimal design architecture
Related violations: <none>

TIMING-16#133 Warning
Large setup violation  
There is a large setup violation of -1.379 ns between decoder_top_inst/core_rx_inst/rs_decoder_64_inst/rs_decoder_3/euclid_proc_inst/reg_fold_B_reg[1]_rep__3/C (clocked by clk_out1_clk_wiz_1) and decoder_top_inst/core_rx_inst/rs_decoder_64_inst/rs_decoder_3/euclid_proc_inst/reg_Y_reg[4][1]/D (clocked by clk_out1_clk_wiz_1). Large setup violations at the end of those stages might be difficult to fix during the post-placement implementation flow and could be the result of non-optimal XDC constraints or non-optimal design architecture
Related violations: <none>

TIMING-16#134 Warning
Large setup violation  
There is a large setup violation of -1.383 ns between decoder_top_inst/core_rx_inst/rs_decoder_64_inst/rs_decoder_5/euclid_proc_inst/reg_fold_D_reg[2]_rep__0/C (clocked by clk_out1_clk_wiz_1) and decoder_top_inst/core_rx_inst/rs_decoder_64_inst/rs_decoder_5/euclid_proc_inst/reg_S_reg[10][7]/D (clocked by clk_out1_clk_wiz_1). Large setup violations at the end of those stages might be difficult to fix during the post-placement implementation flow and could be the result of non-optimal XDC constraints or non-optimal design architecture
Related violations: <none>

TIMING-16#135 Warning
Large setup violation  
There is a large setup violation of -1.384 ns between decoder_top_inst/core_rx_inst/rs_decoder_64_inst/rs_decoder_5/euclid_proc_inst/reg_fold_B_reg[1]_rep__2/C (clocked by clk_out1_clk_wiz_1) and decoder_top_inst/core_rx_inst/rs_decoder_64_inst/rs_decoder_5/euclid_proc_inst/reg_C_reg[7][6]/D (clocked by clk_out1_clk_wiz_1). Large setup violations at the end of those stages might be difficult to fix during the post-placement implementation flow and could be the result of non-optimal XDC constraints or non-optimal design architecture
Related violations: <none>

TIMING-16#136 Warning
Large setup violation  
There is a large setup violation of -1.389 ns between decoder_top_inst/core_rx_inst/rs_decoder_64_inst/rs_decoder_5/euclid_proc_inst/reg_fold_D_reg[2]_rep__0/C (clocked by clk_out1_clk_wiz_1) and decoder_top_inst/core_rx_inst/rs_decoder_64_inst/rs_decoder_5/euclid_proc_inst/reg_S_reg[10][0]/D (clocked by clk_out1_clk_wiz_1). Large setup violations at the end of those stages might be difficult to fix during the post-placement implementation flow and could be the result of non-optimal XDC constraints or non-optimal design architecture
Related violations: <none>

TIMING-16#137 Warning
Large setup violation  
There is a large setup violation of -1.402 ns between decoder_top_inst/core_rx_inst/rs_decoder_64_inst/rs_decoder_5/euclid_proc_inst/reg_fold_D_reg[2]_rep__0/C (clocked by clk_out1_clk_wiz_1) and decoder_top_inst/core_rx_inst/rs_decoder_64_inst/rs_decoder_5/euclid_proc_inst/reg_S_reg[10][1]/D (clocked by clk_out1_clk_wiz_1). Large setup violations at the end of those stages might be difficult to fix during the post-placement implementation flow and could be the result of non-optimal XDC constraints or non-optimal design architecture
Related violations: <none>

TIMING-16#138 Warning
Large setup violation  
There is a large setup violation of -1.413 ns between decoder_top_inst/core_rx_inst/rs_decoder_64_inst/rs_decoder_5/euclid_proc_inst/reg_fold_D_reg[2]_rep__0/C (clocked by clk_out1_clk_wiz_1) and decoder_top_inst/core_rx_inst/rs_decoder_64_inst/rs_decoder_5/euclid_proc_inst/reg_S_reg[10][5]/D (clocked by clk_out1_clk_wiz_1). Large setup violations at the end of those stages might be difficult to fix during the post-placement implementation flow and could be the result of non-optimal XDC constraints or non-optimal design architecture
Related violations: <none>

TIMING-16#139 Warning
Large setup violation  
There is a large setup violation of -1.427 ns between decoder_top_inst/core_rx_inst/rs_decoder_64_inst/rs_decoder_0/euclid_proc_inst/reg_fold_D_reg[5]_rep__3/C (clocked by clk_out1_clk_wiz_1) and decoder_top_inst/core_rx_inst/rs_decoder_64_inst/rs_decoder_0/euclid_proc_inst/reg_T_reg[1][3]/D (clocked by clk_out1_clk_wiz_1). Large setup violations at the end of those stages might be difficult to fix during the post-placement implementation flow and could be the result of non-optimal XDC constraints or non-optimal design architecture
Related violations: <none>

TIMING-16#140 Warning
Large setup violation  
There is a large setup violation of -1.442 ns between decoder_top_inst/core_rx_inst/rs_decoder_64_inst/rs_decoder_5/euclid_proc_inst/reg_fold_D_reg[2]_rep__0/C (clocked by clk_out1_clk_wiz_1) and decoder_top_inst/core_rx_inst/rs_decoder_64_inst/rs_decoder_5/euclid_proc_inst/reg_S_reg[10][4]/D (clocked by clk_out1_clk_wiz_1). Large setup violations at the end of those stages might be difficult to fix during the post-placement implementation flow and could be the result of non-optimal XDC constraints or non-optimal design architecture
Related violations: <none>

TIMING-16#141 Warning
Large setup violation  
There is a large setup violation of -1.530 ns between decoder_top_inst/core_rx_inst/rs_decoder_64_inst/rs_decoder_5/euclid_proc_inst/reg_fold_D_reg[2]_rep__0/C (clocked by clk_out1_clk_wiz_1) and decoder_top_inst/core_rx_inst/rs_decoder_64_inst/rs_decoder_5/euclid_proc_inst/reg_S_reg[10][6]/D (clocked by clk_out1_clk_wiz_1). Large setup violations at the end of those stages might be difficult to fix during the post-placement implementation flow and could be the result of non-optimal XDC constraints or non-optimal design architecture
Related violations: <none>

TIMING-16#142 Warning
Large setup violation  
There is a large setup violation of -1.538 ns between decoder_top_inst/core_rx_inst/rs_decoder_64_inst/rs_decoder_2/euclid_proc_inst/reg_fold_D_reg[0]_rep__1/C (clocked by clk_out1_clk_wiz_1) and decoder_top_inst/core_rx_inst/rs_decoder_64_inst/rs_decoder_2/euclid_proc_inst/reg_S_reg[15][7]/D (clocked by clk_out1_clk_wiz_1). Large setup violations at the end of those stages might be difficult to fix during the post-placement implementation flow and could be the result of non-optimal XDC constraints or non-optimal design architecture
Related violations: <none>

TIMING-16#143 Warning
Large setup violation  
There is a large setup violation of -1.550 ns between decoder_top_inst/core_rx_inst/rs_decoder_64_inst/rs_decoder_2/euclid_proc_inst/reg_S_reg[15][2]/C (clocked by clk_out1_clk_wiz_1) and decoder_top_inst/core_rx_inst/rs_decoder_64_inst/rs_decoder_2/euclid_proc_inst/reg_S_reg[16][0]/D (clocked by clk_out1_clk_wiz_1). Large setup violations at the end of those stages might be difficult to fix during the post-placement implementation flow and could be the result of non-optimal XDC constraints or non-optimal design architecture
Related violations: <none>

TIMING-16#144 Warning
Large setup violation  
There is a large setup violation of -1.561 ns between decoder_top_inst/core_rx_inst/rs_decoder_64_inst/rs_decoder_2/euclid_proc_inst/reg_S_reg[15][2]/C (clocked by clk_out1_clk_wiz_1) and decoder_top_inst/core_rx_inst/rs_decoder_64_inst/rs_decoder_2/euclid_proc_inst/reg_S_reg[16][2]/D (clocked by clk_out1_clk_wiz_1). Large setup violations at the end of those stages might be difficult to fix during the post-placement implementation flow and could be the result of non-optimal XDC constraints or non-optimal design architecture
Related violations: <none>

TIMING-16#145 Warning
Large setup violation  
There is a large setup violation of -1.595 ns between decoder_top_inst/core_rx_inst/rs_decoder_64_inst/rs_decoder_2/euclid_proc_inst/reg_S_reg[15][2]/C (clocked by clk_out1_clk_wiz_1) and decoder_top_inst/core_rx_inst/rs_decoder_64_inst/rs_decoder_2/euclid_proc_inst/reg_S_reg[16][3]/D (clocked by clk_out1_clk_wiz_1). Large setup violations at the end of those stages might be difficult to fix during the post-placement implementation flow and could be the result of non-optimal XDC constraints or non-optimal design architecture
Related violations: <none>

TIMING-16#146 Warning
Large setup violation  
There is a large setup violation of -1.601 ns between decoder_top_inst/core_rx_inst/rs_decoder_64_inst/rs_decoder_2/euclid_proc_inst/reg_S_reg[15][2]/C (clocked by clk_out1_clk_wiz_1) and decoder_top_inst/core_rx_inst/rs_decoder_64_inst/rs_decoder_2/euclid_proc_inst/reg_S_reg[16][5]/D (clocked by clk_out1_clk_wiz_1). Large setup violations at the end of those stages might be difficult to fix during the post-placement implementation flow and could be the result of non-optimal XDC constraints or non-optimal design architecture
Related violations: <none>

TIMING-16#147 Warning
Large setup violation  
There is a large setup violation of -1.626 ns between decoder_top_inst/core_rx_inst/rs_decoder_64_inst/rs_decoder_2/euclid_proc_inst/reg_S_reg[15][2]/C (clocked by clk_out1_clk_wiz_1) and decoder_top_inst/core_rx_inst/rs_decoder_64_inst/rs_decoder_2/euclid_proc_inst/reg_S_reg[16][4]/D (clocked by clk_out1_clk_wiz_1). Large setup violations at the end of those stages might be difficult to fix during the post-placement implementation flow and could be the result of non-optimal XDC constraints or non-optimal design architecture
Related violations: <none>

TIMING-16#148 Warning
Large setup violation  
There is a large setup violation of -1.696 ns between decoder_top_inst/core_rx_inst/rs_decoder_64_inst/rs_decoder_0/euclid_proc_inst/reg_fold_D_reg[5]_rep__3/C (clocked by clk_out1_clk_wiz_1) and decoder_top_inst/core_rx_inst/rs_decoder_64_inst/rs_decoder_0/euclid_proc_inst/reg_T_reg[1][7]/D (clocked by clk_out1_clk_wiz_1). Large setup violations at the end of those stages might be difficult to fix during the post-placement implementation flow and could be the result of non-optimal XDC constraints or non-optimal design architecture
Related violations: <none>

TIMING-16#149 Warning
Large setup violation  
There is a large setup violation of -1.718 ns between decoder_top_inst/core_rx_inst/rs_decoder_64_inst/rs_decoder_2/euclid_proc_inst/reg_S_reg[15][2]/C (clocked by clk_out1_clk_wiz_1) and decoder_top_inst/core_rx_inst/rs_decoder_64_inst/rs_decoder_2/euclid_proc_inst/reg_S_reg[16][7]/D (clocked by clk_out1_clk_wiz_1). Large setup violations at the end of those stages might be difficult to fix during the post-placement implementation flow and could be the result of non-optimal XDC constraints or non-optimal design architecture
Related violations: <none>

TIMING-16#150 Warning
Large setup violation  
There is a large setup violation of -1.722 ns between decoder_top_inst/core_rx_inst/rs_decoder_64_inst/rs_decoder_2/euclid_proc_inst/reg_S_reg[15][2]/C (clocked by clk_out1_clk_wiz_1) and decoder_top_inst/core_rx_inst/rs_decoder_64_inst/rs_decoder_2/euclid_proc_inst/reg_S_reg[16][6]/D (clocked by clk_out1_clk_wiz_1). Large setup violations at the end of those stages might be difficult to fix during the post-placement implementation flow and could be the result of non-optimal XDC constraints or non-optimal design architecture
Related violations: <none>

TIMING-16#151 Warning
Large setup violation  
There is a large setup violation of -1.769 ns between decoder_top_inst/core_rx_inst/rs_decoder_64_inst/rs_decoder_2/euclid_proc_inst/reg_S_reg[15][2]/C (clocked by clk_out1_clk_wiz_1) and decoder_top_inst/core_rx_inst/rs_decoder_64_inst/rs_decoder_2/euclid_proc_inst/reg_S_reg[16][1]/D (clocked by clk_out1_clk_wiz_1). Large setup violations at the end of those stages might be difficult to fix during the post-placement implementation flow and could be the result of non-optimal XDC constraints or non-optimal design architecture
Related violations: <none>

TIMING-16#152 Warning
Large setup violation  
There is a large setup violation of -1.790 ns between decoder_top_inst/core_rx_inst/rs_decoder_64_inst/rs_decoder_0/euclid_proc_inst/reg_fold_D_reg[5]_rep__3/C (clocked by clk_out1_clk_wiz_1) and decoder_top_inst/core_rx_inst/rs_decoder_64_inst/rs_decoder_0/euclid_proc_inst/reg_T_reg[1][5]/D (clocked by clk_out1_clk_wiz_1). Large setup violations at the end of those stages might be difficult to fix during the post-placement implementation flow and could be the result of non-optimal XDC constraints or non-optimal design architecture
Related violations: <none>

TIMING-16#153 Warning
Large setup violation  
There is a large setup violation of -1.827 ns between decoder_top_inst/core_rx_inst/rs_decoder_64_inst/rs_decoder_0/euclid_proc_inst/reg_fold_D_reg[5]_rep__3/C (clocked by clk_out1_clk_wiz_1) and decoder_top_inst/core_rx_inst/rs_decoder_64_inst/rs_decoder_0/euclid_proc_inst/reg_T_reg[1][1]/D (clocked by clk_out1_clk_wiz_1). Large setup violations at the end of those stages might be difficult to fix during the post-placement implementation flow and could be the result of non-optimal XDC constraints or non-optimal design architecture
Related violations: <none>

TIMING-16#154 Warning
Large setup violation  
There is a large setup violation of -1.830 ns between decoder_top_inst/core_rx_inst/rs_decoder_64_inst/rs_decoder_0/euclid_proc_inst/reg_fold_D_reg[5]_rep__3/C (clocked by clk_out1_clk_wiz_1) and decoder_top_inst/core_rx_inst/rs_decoder_64_inst/rs_decoder_0/euclid_proc_inst/reg_T_reg[1][4]/D (clocked by clk_out1_clk_wiz_1). Large setup violations at the end of those stages might be difficult to fix during the post-placement implementation flow and could be the result of non-optimal XDC constraints or non-optimal design architecture
Related violations: <none>

TIMING-16#155 Warning
Large setup violation  
There is a large setup violation of -1.856 ns between decoder_top_inst/core_rx_inst/rs_decoder_64_inst/rs_decoder_0/euclid_proc_inst/reg_fold_D_reg[5]_rep__3/C (clocked by clk_out1_clk_wiz_1) and decoder_top_inst/core_rx_inst/rs_decoder_64_inst/rs_decoder_0/euclid_proc_inst/reg_T_reg[1][6]/D (clocked by clk_out1_clk_wiz_1). Large setup violations at the end of those stages might be difficult to fix during the post-placement implementation flow and could be the result of non-optimal XDC constraints or non-optimal design architecture
Related violations: <none>

TIMING-16#156 Warning
Large setup violation  
There is a large setup violation of -1.868 ns between decoder_top_inst/core_rx_inst/rs_decoder_64_inst/rs_decoder_0/euclid_proc_inst/reg_fold_D_reg[5]_rep__3/C (clocked by clk_out1_clk_wiz_1) and decoder_top_inst/core_rx_inst/rs_decoder_64_inst/rs_decoder_0/euclid_proc_inst/reg_T_reg[1][0]/D (clocked by clk_out1_clk_wiz_1). Large setup violations at the end of those stages might be difficult to fix during the post-placement implementation flow and could be the result of non-optimal XDC constraints or non-optimal design architecture
Related violations: <none>

TIMING-16#157 Warning
Large setup violation  
There is a large setup violation of -2.225 ns between decoder_top_inst/core_rx_inst/rs_decoder_64_inst/rs_decoder_2/chien_search_inst/count_reg[5]/C (clocked by clk_out1_clk_wiz_1) and decoder_top_inst/core_rx_inst/rs_decoder_64_inst/rs_decoder_2/decode_out_reg[1]/D (clocked by clk_out1_clk_wiz_1). Large setup violations at the end of those stages might be difficult to fix during the post-placement implementation flow and could be the result of non-optimal XDC constraints or non-optimal design architecture
Related violations: <none>

TIMING-16#158 Warning
Large setup violation  
There is a large setup violation of -2.234 ns between decoder_top_inst/core_rx_inst/rs_decoder_64_inst/rs_decoder_4/chien_search_inst/count_reg[5]/C (clocked by clk_out1_clk_wiz_1) and decoder_top_inst/core_rx_inst/rs_decoder_64_inst/rs_decoder_4/decode_out_reg[4]/D (clocked by clk_out1_clk_wiz_1). Large setup violations at the end of those stages might be difficult to fix during the post-placement implementation flow and could be the result of non-optimal XDC constraints or non-optimal design architecture
Related violations: <none>

TIMING-16#159 Warning
Large setup violation  
There is a large setup violation of -2.253 ns between decoder_top_inst/core_rx_inst/rs_decoder_64_inst/rs_decoder_1/chien_search_inst/count_reg[5]_replica/C (clocked by clk_out1_clk_wiz_1) and decoder_top_inst/core_rx_inst/rs_decoder_64_inst/rs_decoder_1/decode_out_reg[2]/D (clocked by clk_out1_clk_wiz_1). Large setup violations at the end of those stages might be difficult to fix during the post-placement implementation flow and could be the result of non-optimal XDC constraints or non-optimal design architecture
Related violations: <none>

TIMING-16#160 Warning
Large setup violation  
There is a large setup violation of -2.253 ns between decoder_top_inst/core_rx_inst/rs_decoder_64_inst/rs_decoder_2/chien_search_inst/count_reg[5]/C (clocked by clk_out1_clk_wiz_1) and decoder_top_inst/core_rx_inst/rs_decoder_64_inst/rs_decoder_2/decode_out_reg[0]/D (clocked by clk_out1_clk_wiz_1). Large setup violations at the end of those stages might be difficult to fix during the post-placement implementation flow and could be the result of non-optimal XDC constraints or non-optimal design architecture
Related violations: <none>

TIMING-16#161 Warning
Large setup violation  
There is a large setup violation of -2.285 ns between decoder_top_inst/core_rx_inst/rs_decoder_64_inst/rs_decoder_2/chien_search_inst/count_reg[5]/C (clocked by clk_out1_clk_wiz_1) and decoder_top_inst/core_rx_inst/rs_decoder_64_inst/rs_decoder_2/decode_out_reg[2]/D (clocked by clk_out1_clk_wiz_1). Large setup violations at the end of those stages might be difficult to fix during the post-placement implementation flow and could be the result of non-optimal XDC constraints or non-optimal design architecture
Related violations: <none>

TIMING-16#162 Warning
Large setup violation  
There is a large setup violation of -2.291 ns between decoder_top_inst/core_rx_inst/rs_decoder_64_inst/rs_decoder_0/chien_search_inst/count_reg[4]_replica/C (clocked by clk_out1_clk_wiz_1) and decoder_top_inst/core_rx_inst/rs_decoder_64_inst/rs_decoder_0/decode_out_reg[2]/D (clocked by clk_out1_clk_wiz_1). Large setup violations at the end of those stages might be difficult to fix during the post-placement implementation flow and could be the result of non-optimal XDC constraints or non-optimal design architecture
Related violations: <none>

TIMING-16#163 Warning
Large setup violation  
There is a large setup violation of -2.311 ns between decoder_top_inst/core_rx_inst/rs_decoder_64_inst/rs_decoder_1/chien_search_inst/count_reg[5]_replica/C (clocked by clk_out1_clk_wiz_1) and decoder_top_inst/core_rx_inst/rs_decoder_64_inst/rs_decoder_1/decode_out_reg[0]/D (clocked by clk_out1_clk_wiz_1). Large setup violations at the end of those stages might be difficult to fix during the post-placement implementation flow and could be the result of non-optimal XDC constraints or non-optimal design architecture
Related violations: <none>

TIMING-16#164 Warning
Large setup violation  
There is a large setup violation of -2.311 ns between decoder_top_inst/core_rx_inst/rs_decoder_64_inst/rs_decoder_1/chien_search_inst/count_reg[5]_replica/C (clocked by clk_out1_clk_wiz_1) and decoder_top_inst/core_rx_inst/rs_decoder_64_inst/rs_decoder_1/decode_out_reg[3]/D (clocked by clk_out1_clk_wiz_1). Large setup violations at the end of those stages might be difficult to fix during the post-placement implementation flow and could be the result of non-optimal XDC constraints or non-optimal design architecture
Related violations: <none>

TIMING-16#165 Warning
Large setup violation  
There is a large setup violation of -2.327 ns between decoder_top_inst/core_rx_inst/rs_decoder_64_inst/rs_decoder_4/chien_search_inst/count_reg[5]/C (clocked by clk_out1_clk_wiz_1) and decoder_top_inst/core_rx_inst/rs_decoder_64_inst/rs_decoder_4/decode_out_reg[3]/D (clocked by clk_out1_clk_wiz_1). Large setup violations at the end of those stages might be difficult to fix during the post-placement implementation flow and could be the result of non-optimal XDC constraints or non-optimal design architecture
Related violations: <none>

TIMING-16#166 Warning
Large setup violation  
There is a large setup violation of -2.335 ns between decoder_top_inst/core_rx_inst/rs_decoder_64_inst/rs_decoder_6/chien_search_inst/count_reg[4]_replica/C (clocked by clk_out1_clk_wiz_1) and decoder_top_inst/core_rx_inst/rs_decoder_64_inst/rs_decoder_6/decode_out_reg[3]/D (clocked by clk_out1_clk_wiz_1). Large setup violations at the end of those stages might be difficult to fix during the post-placement implementation flow and could be the result of non-optimal XDC constraints or non-optimal design architecture
Related violations: <none>

TIMING-16#167 Warning
Large setup violation  
There is a large setup violation of -2.342 ns between decoder_top_inst/core_rx_inst/rs_decoder_64_inst/rs_decoder_6/chien_search_inst/count_reg[4]_replica/C (clocked by clk_out1_clk_wiz_1) and decoder_top_inst/core_rx_inst/rs_decoder_64_inst/rs_decoder_6/decode_out_reg[2]/D (clocked by clk_out1_clk_wiz_1). Large setup violations at the end of those stages might be difficult to fix during the post-placement implementation flow and could be the result of non-optimal XDC constraints or non-optimal design architecture
Related violations: <none>

TIMING-16#168 Warning
Large setup violation  
There is a large setup violation of -2.343 ns between decoder_top_inst/core_rx_inst/rs_decoder_64_inst/rs_decoder_4/chien_search_inst/count_reg[5]/C (clocked by clk_out1_clk_wiz_1) and decoder_top_inst/core_rx_inst/rs_decoder_64_inst/rs_decoder_4/decode_out_reg[2]/D (clocked by clk_out1_clk_wiz_1). Large setup violations at the end of those stages might be difficult to fix during the post-placement implementation flow and could be the result of non-optimal XDC constraints or non-optimal design architecture
Related violations: <none>

TIMING-16#169 Warning
Large setup violation  
There is a large setup violation of -2.346 ns between decoder_top_inst/core_rx_inst/rs_decoder_64_inst/rs_decoder_2/chien_search_inst/count_reg[5]/C (clocked by clk_out1_clk_wiz_1) and decoder_top_inst/core_rx_inst/rs_decoder_64_inst/rs_decoder_2/decode_out_reg[3]/D (clocked by clk_out1_clk_wiz_1). Large setup violations at the end of those stages might be difficult to fix during the post-placement implementation flow and could be the result of non-optimal XDC constraints or non-optimal design architecture
Related violations: <none>

TIMING-16#170 Warning
Large setup violation  
There is a large setup violation of -2.355 ns between decoder_top_inst/core_rx_inst/rs_decoder_64_inst/rs_decoder_0/chien_search_inst/count_reg[4]_replica/C (clocked by clk_out1_clk_wiz_1) and decoder_top_inst/core_rx_inst/rs_decoder_64_inst/rs_decoder_0/decode_out_reg[3]/D (clocked by clk_out1_clk_wiz_1). Large setup violations at the end of those stages might be difficult to fix during the post-placement implementation flow and could be the result of non-optimal XDC constraints or non-optimal design architecture
Related violations: <none>

TIMING-16#171 Warning
Large setup violation  
There is a large setup violation of -2.355 ns between decoder_top_inst/core_rx_inst/rs_decoder_64_inst/rs_decoder_4/chien_search_inst/count_reg[5]/C (clocked by clk_out1_clk_wiz_1) and decoder_top_inst/core_rx_inst/rs_decoder_64_inst/rs_decoder_4/decode_out_reg[5]/D (clocked by clk_out1_clk_wiz_1). Large setup violations at the end of those stages might be difficult to fix during the post-placement implementation flow and could be the result of non-optimal XDC constraints or non-optimal design architecture
Related violations: <none>

TIMING-16#172 Warning
Large setup violation  
There is a large setup violation of -2.363 ns between decoder_top_inst/core_rx_inst/rs_decoder_64_inst/rs_decoder_2/chien_search_inst/count_reg[5]/C (clocked by clk_out1_clk_wiz_1) and decoder_top_inst/core_rx_inst/rs_decoder_64_inst/rs_decoder_2/decode_out_reg[6]/D (clocked by clk_out1_clk_wiz_1). Large setup violations at the end of those stages might be difficult to fix during the post-placement implementation flow and could be the result of non-optimal XDC constraints or non-optimal design architecture
Related violations: <none>

TIMING-16#173 Warning
Large setup violation  
There is a large setup violation of -2.364 ns between decoder_top_inst/core_rx_inst/rs_decoder_64_inst/rs_decoder_1/chien_search_inst/count_reg[5]_replica/C (clocked by clk_out1_clk_wiz_1) and decoder_top_inst/core_rx_inst/rs_decoder_64_inst/rs_decoder_1/decode_out_reg[1]/D (clocked by clk_out1_clk_wiz_1). Large setup violations at the end of those stages might be difficult to fix during the post-placement implementation flow and could be the result of non-optimal XDC constraints or non-optimal design architecture
Related violations: <none>

TIMING-16#174 Warning
Large setup violation  
There is a large setup violation of -2.364 ns between decoder_top_inst/core_rx_inst/rs_decoder_64_inst/rs_decoder_1/chien_search_inst/count_reg[5]_replica/C (clocked by clk_out1_clk_wiz_1) and decoder_top_inst/core_rx_inst/rs_decoder_64_inst/rs_decoder_1/decode_out_reg[7]/D (clocked by clk_out1_clk_wiz_1). Large setup violations at the end of those stages might be difficult to fix during the post-placement implementation flow and could be the result of non-optimal XDC constraints or non-optimal design architecture
Related violations: <none>

TIMING-16#175 Warning
Large setup violation  
There is a large setup violation of -2.370 ns between decoder_top_inst/core_rx_inst/rs_decoder_64_inst/rs_decoder_0/chien_search_inst/count_reg[4]_replica/C (clocked by clk_out1_clk_wiz_1) and decoder_top_inst/core_rx_inst/rs_decoder_64_inst/rs_decoder_0/decode_out_reg[4]/D (clocked by clk_out1_clk_wiz_1). Large setup violations at the end of those stages might be difficult to fix during the post-placement implementation flow and could be the result of non-optimal XDC constraints or non-optimal design architecture
Related violations: <none>

TIMING-16#176 Warning
Large setup violation  
There is a large setup violation of -2.380 ns between decoder_top_inst/core_rx_inst/rs_decoder_64_inst/rs_decoder_1/chien_search_inst/count_reg[5]_replica/C (clocked by clk_out1_clk_wiz_1) and decoder_top_inst/core_rx_inst/rs_decoder_64_inst/rs_decoder_1/decode_out_reg[4]/D (clocked by clk_out1_clk_wiz_1). Large setup violations at the end of those stages might be difficult to fix during the post-placement implementation flow and could be the result of non-optimal XDC constraints or non-optimal design architecture
Related violations: <none>

TIMING-16#177 Warning
Large setup violation  
There is a large setup violation of -2.382 ns between decoder_top_inst/core_rx_inst/rs_decoder_64_inst/rs_decoder_5/chien_search_inst/count_reg[4]/C (clocked by clk_out1_clk_wiz_1) and decoder_top_inst/core_rx_inst/rs_decoder_64_inst/rs_decoder_5/decode_out_reg[4]/D (clocked by clk_out1_clk_wiz_1). Large setup violations at the end of those stages might be difficult to fix during the post-placement implementation flow and could be the result of non-optimal XDC constraints or non-optimal design architecture
Related violations: <none>

TIMING-16#178 Warning
Large setup violation  
There is a large setup violation of -2.382 ns between decoder_top_inst/core_rx_inst/rs_decoder_64_inst/rs_decoder_6/chien_search_inst/count_reg[4]_replica/C (clocked by clk_out1_clk_wiz_1) and decoder_top_inst/core_rx_inst/rs_decoder_64_inst/rs_decoder_6/decode_out_reg[6]/D (clocked by clk_out1_clk_wiz_1). Large setup violations at the end of those stages might be difficult to fix during the post-placement implementation flow and could be the result of non-optimal XDC constraints or non-optimal design architecture
Related violations: <none>

TIMING-16#179 Warning
Large setup violation  
There is a large setup violation of -2.397 ns between decoder_top_inst/core_rx_inst/rs_decoder_64_inst/rs_decoder_5/chien_search_inst/count_reg[4]/C (clocked by clk_out1_clk_wiz_1) and decoder_top_inst/core_rx_inst/rs_decoder_64_inst/rs_decoder_5/decode_out_reg[5]/D (clocked by clk_out1_clk_wiz_1). Large setup violations at the end of those stages might be difficult to fix during the post-placement implementation flow and could be the result of non-optimal XDC constraints or non-optimal design architecture
Related violations: <none>

TIMING-16#180 Warning
Large setup violation  
There is a large setup violation of -2.399 ns between decoder_top_inst/core_rx_inst/rs_decoder_64_inst/rs_decoder_4/chien_search_inst/count_reg[5]/C (clocked by clk_out1_clk_wiz_1) and decoder_top_inst/core_rx_inst/rs_decoder_64_inst/rs_decoder_4/decode_out_reg[1]/D (clocked by clk_out1_clk_wiz_1). Large setup violations at the end of those stages might be difficult to fix during the post-placement implementation flow and could be the result of non-optimal XDC constraints or non-optimal design architecture
Related violations: <none>

TIMING-16#181 Warning
Large setup violation  
There is a large setup violation of -2.407 ns between decoder_top_inst/core_rx_inst/rs_decoder_64_inst/rs_decoder_6/chien_search_inst/count_reg[4]_replica/C (clocked by clk_out1_clk_wiz_1) and decoder_top_inst/core_rx_inst/rs_decoder_64_inst/rs_decoder_6/decode_out_reg[7]/D (clocked by clk_out1_clk_wiz_1). Large setup violations at the end of those stages might be difficult to fix during the post-placement implementation flow and could be the result of non-optimal XDC constraints or non-optimal design architecture
Related violations: <none>

TIMING-16#182 Warning
Large setup violation  
There is a large setup violation of -2.416 ns between decoder_top_inst/core_rx_inst/rs_decoder_64_inst/rs_decoder_5/chien_search_inst/count_reg[4]/C (clocked by clk_out1_clk_wiz_1) and decoder_top_inst/core_rx_inst/rs_decoder_64_inst/rs_decoder_5/decode_out_reg[0]/D (clocked by clk_out1_clk_wiz_1). Large setup violations at the end of those stages might be difficult to fix during the post-placement implementation flow and could be the result of non-optimal XDC constraints or non-optimal design architecture
Related violations: <none>

TIMING-16#183 Warning
Large setup violation  
There is a large setup violation of -2.418 ns between decoder_top_inst/core_rx_inst/rs_decoder_64_inst/rs_decoder_0/chien_search_inst/count_reg[4]_replica/C (clocked by clk_out1_clk_wiz_1) and decoder_top_inst/core_rx_inst/rs_decoder_64_inst/rs_decoder_0/decode_out_reg[1]/D (clocked by clk_out1_clk_wiz_1). Large setup violations at the end of those stages might be difficult to fix during the post-placement implementation flow and could be the result of non-optimal XDC constraints or non-optimal design architecture
Related violations: <none>

TIMING-16#184 Warning
Large setup violation  
There is a large setup violation of -2.421 ns between decoder_top_inst/core_rx_inst/rs_decoder_64_inst/rs_decoder_5/chien_search_inst/count_reg[4]/C (clocked by clk_out1_clk_wiz_1) and decoder_top_inst/core_rx_inst/rs_decoder_64_inst/rs_decoder_5/decode_out_reg[3]/D (clocked by clk_out1_clk_wiz_1). Large setup violations at the end of those stages might be difficult to fix during the post-placement implementation flow and could be the result of non-optimal XDC constraints or non-optimal design architecture
Related violations: <none>

TIMING-16#185 Warning
Large setup violation  
There is a large setup violation of -2.433 ns between decoder_top_inst/core_rx_inst/rs_decoder_64_inst/rs_decoder_5/chien_search_inst/count_reg[4]/C (clocked by clk_out1_clk_wiz_1) and decoder_top_inst/core_rx_inst/rs_decoder_64_inst/rs_decoder_5/decode_out_reg[6]/D (clocked by clk_out1_clk_wiz_1). Large setup violations at the end of those stages might be difficult to fix during the post-placement implementation flow and could be the result of non-optimal XDC constraints or non-optimal design architecture
Related violations: <none>

TIMING-16#186 Warning
Large setup violation  
There is a large setup violation of -2.433 ns between decoder_top_inst/core_rx_inst/rs_decoder_64_inst/rs_decoder_5/chien_search_inst/count_reg[4]/C (clocked by clk_out1_clk_wiz_1) and decoder_top_inst/core_rx_inst/rs_decoder_64_inst/rs_decoder_5/decode_out_reg[7]/D (clocked by clk_out1_clk_wiz_1). Large setup violations at the end of those stages might be difficult to fix during the post-placement implementation flow and could be the result of non-optimal XDC constraints or non-optimal design architecture
Related violations: <none>

TIMING-16#187 Warning
Large setup violation  
There is a large setup violation of -2.444 ns between decoder_top_inst/core_rx_inst/rs_decoder_64_inst/rs_decoder_0/chien_search_inst/count_reg[4]_replica/C (clocked by clk_out1_clk_wiz_1) and decoder_top_inst/core_rx_inst/rs_decoder_64_inst/rs_decoder_0/decode_out_reg[5]/D (clocked by clk_out1_clk_wiz_1). Large setup violations at the end of those stages might be difficult to fix during the post-placement implementation flow and could be the result of non-optimal XDC constraints or non-optimal design architecture
Related violations: <none>

TIMING-16#188 Warning
Large setup violation  
There is a large setup violation of -2.449 ns between decoder_top_inst/core_rx_inst/rs_decoder_64_inst/rs_decoder_2/chien_search_inst/count_reg[5]/C (clocked by clk_out1_clk_wiz_1) and decoder_top_inst/core_rx_inst/rs_decoder_64_inst/rs_decoder_2/decode_out_reg[4]/D (clocked by clk_out1_clk_wiz_1). Large setup violations at the end of those stages might be difficult to fix during the post-placement implementation flow and could be the result of non-optimal XDC constraints or non-optimal design architecture
Related violations: <none>

TIMING-16#189 Warning
Large setup violation  
There is a large setup violation of -2.453 ns between decoder_top_inst/core_rx_inst/rs_decoder_64_inst/rs_decoder_1/chien_search_inst/count_reg[5]_replica/C (clocked by clk_out1_clk_wiz_1) and decoder_top_inst/core_rx_inst/rs_decoder_64_inst/rs_decoder_1/decode_out_reg[6]/D (clocked by clk_out1_clk_wiz_1). Large setup violations at the end of those stages might be difficult to fix during the post-placement implementation flow and could be the result of non-optimal XDC constraints or non-optimal design architecture
Related violations: <none>

TIMING-16#190 Warning
Large setup violation  
There is a large setup violation of -2.454 ns between decoder_top_inst/core_rx_inst/rs_decoder_64_inst/rs_decoder_2/chien_search_inst/count_reg[5]/C (clocked by clk_out1_clk_wiz_1) and decoder_top_inst/core_rx_inst/rs_decoder_64_inst/rs_decoder_2/decode_out_reg[7]/D (clocked by clk_out1_clk_wiz_1). Large setup violations at the end of those stages might be difficult to fix during the post-placement implementation flow and could be the result of non-optimal XDC constraints or non-optimal design architecture
Related violations: <none>

TIMING-16#191 Warning
Large setup violation  
There is a large setup violation of -2.456 ns between decoder_top_inst/core_rx_inst/rs_decoder_64_inst/rs_decoder_2/chien_search_inst/count_reg[5]/C (clocked by clk_out1_clk_wiz_1) and decoder_top_inst/core_rx_inst/rs_decoder_64_inst/rs_decoder_2/decode_out_reg[5]/D (clocked by clk_out1_clk_wiz_1). Large setup violations at the end of those stages might be difficult to fix during the post-placement implementation flow and could be the result of non-optimal XDC constraints or non-optimal design architecture
Related violations: <none>

TIMING-16#192 Warning
Large setup violation  
There is a large setup violation of -2.457 ns between decoder_top_inst/core_rx_inst/rs_decoder_64_inst/rs_decoder_1/chien_search_inst/count_reg[5]_replica/C (clocked by clk_out1_clk_wiz_1) and decoder_top_inst/core_rx_inst/rs_decoder_64_inst/rs_decoder_1/decode_out_reg[5]/D (clocked by clk_out1_clk_wiz_1). Large setup violations at the end of those stages might be difficult to fix during the post-placement implementation flow and could be the result of non-optimal XDC constraints or non-optimal design architecture
Related violations: <none>

TIMING-16#193 Warning
Large setup violation  
There is a large setup violation of -2.464 ns between decoder_top_inst/core_rx_inst/rs_decoder_64_inst/rs_decoder_4/chien_search_inst/count_reg[5]/C (clocked by clk_out1_clk_wiz_1) and decoder_top_inst/core_rx_inst/rs_decoder_64_inst/rs_decoder_4/decode_out_reg[0]/D (clocked by clk_out1_clk_wiz_1). Large setup violations at the end of those stages might be difficult to fix during the post-placement implementation flow and could be the result of non-optimal XDC constraints or non-optimal design architecture
Related violations: <none>

TIMING-16#194 Warning
Large setup violation  
There is a large setup violation of -2.478 ns between decoder_top_inst/core_rx_inst/rs_decoder_64_inst/rs_decoder_5/chien_search_inst/count_reg[4]/C (clocked by clk_out1_clk_wiz_1) and decoder_top_inst/core_rx_inst/rs_decoder_64_inst/rs_decoder_5/decode_out_reg[1]/D (clocked by clk_out1_clk_wiz_1). Large setup violations at the end of those stages might be difficult to fix during the post-placement implementation flow and could be the result of non-optimal XDC constraints or non-optimal design architecture
Related violations: <none>

TIMING-16#195 Warning
Large setup violation  
There is a large setup violation of -2.497 ns between decoder_top_inst/core_rx_inst/rs_decoder_64_inst/rs_decoder_0/chien_search_inst/count_reg[4]_replica/C (clocked by clk_out1_clk_wiz_1) and decoder_top_inst/core_rx_inst/rs_decoder_64_inst/rs_decoder_0/decode_out_reg[0]/D (clocked by clk_out1_clk_wiz_1). Large setup violations at the end of those stages might be difficult to fix during the post-placement implementation flow and could be the result of non-optimal XDC constraints or non-optimal design architecture
Related violations: <none>

TIMING-16#196 Warning
Large setup violation  
There is a large setup violation of -2.508 ns between decoder_top_inst/core_rx_inst/rs_decoder_64_inst/rs_decoder_6/chien_search_inst/count_reg[4]_replica/C (clocked by clk_out1_clk_wiz_1) and decoder_top_inst/core_rx_inst/rs_decoder_64_inst/rs_decoder_6/decode_out_reg[4]/D (clocked by clk_out1_clk_wiz_1). Large setup violations at the end of those stages might be difficult to fix during the post-placement implementation flow and could be the result of non-optimal XDC constraints or non-optimal design architecture
Related violations: <none>

TIMING-16#197 Warning
Large setup violation  
There is a large setup violation of -2.509 ns between decoder_top_inst/core_rx_inst/rs_decoder_64_inst/rs_decoder_0/chien_search_inst/count_reg[4]_replica/C (clocked by clk_out1_clk_wiz_1) and decoder_top_inst/core_rx_inst/rs_decoder_64_inst/rs_decoder_0/decode_out_reg[7]/D (clocked by clk_out1_clk_wiz_1). Large setup violations at the end of those stages might be difficult to fix during the post-placement implementation flow and could be the result of non-optimal XDC constraints or non-optimal design architecture
Related violations: <none>

TIMING-16#198 Warning
Large setup violation  
There is a large setup violation of -2.510 ns between decoder_top_inst/core_rx_inst/rs_decoder_64_inst/rs_decoder_6/chien_search_inst/count_reg[4]_replica/C (clocked by clk_out1_clk_wiz_1) and decoder_top_inst/core_rx_inst/rs_decoder_64_inst/rs_decoder_6/decode_out_reg[5]/D (clocked by clk_out1_clk_wiz_1). Large setup violations at the end of those stages might be difficult to fix during the post-placement implementation flow and could be the result of non-optimal XDC constraints or non-optimal design architecture
Related violations: <none>

TIMING-16#199 Warning
Large setup violation  
There is a large setup violation of -2.511 ns between decoder_top_inst/core_rx_inst/rs_decoder_64_inst/rs_decoder_0/chien_search_inst/count_reg[4]_replica/C (clocked by clk_out1_clk_wiz_1) and decoder_top_inst/core_rx_inst/rs_decoder_64_inst/rs_decoder_0/decode_out_reg[6]/D (clocked by clk_out1_clk_wiz_1). Large setup violations at the end of those stages might be difficult to fix during the post-placement implementation flow and could be the result of non-optimal XDC constraints or non-optimal design architecture
Related violations: <none>

TIMING-16#200 Warning
Large setup violation  
There is a large setup violation of -2.520 ns between decoder_top_inst/core_rx_inst/rs_decoder_64_inst/rs_decoder_7/chien_search_inst/count_reg[5]/C (clocked by clk_out1_clk_wiz_1) and decoder_top_inst/core_rx_inst/rs_decoder_64_inst/rs_decoder_7/decode_out_reg[5]/D (clocked by clk_out1_clk_wiz_1). Large setup violations at the end of those stages might be difficult to fix during the post-placement implementation flow and could be the result of non-optimal XDC constraints or non-optimal design architecture
Related violations: <none>

TIMING-16#201 Warning
Large setup violation  
There is a large setup violation of -2.547 ns between decoder_top_inst/core_rx_inst/rs_decoder_64_inst/rs_decoder_4/chien_search_inst/count_reg[5]/C (clocked by clk_out1_clk_wiz_1) and decoder_top_inst/core_rx_inst/rs_decoder_64_inst/rs_decoder_4/decode_out_reg[7]/D (clocked by clk_out1_clk_wiz_1). Large setup violations at the end of those stages might be difficult to fix during the post-placement implementation flow and could be the result of non-optimal XDC constraints or non-optimal design architecture
Related violations: <none>

TIMING-16#202 Warning
Large setup violation  
There is a large setup violation of -2.549 ns between decoder_top_inst/core_rx_inst/rs_decoder_64_inst/rs_decoder_7/chien_search_inst/count_reg[5]/C (clocked by clk_out1_clk_wiz_1) and decoder_top_inst/core_rx_inst/rs_decoder_64_inst/rs_decoder_7/decode_out_reg[1]/D (clocked by clk_out1_clk_wiz_1). Large setup violations at the end of those stages might be difficult to fix during the post-placement implementation flow and could be the result of non-optimal XDC constraints or non-optimal design architecture
Related violations: <none>

TIMING-16#203 Warning
Large setup violation  
There is a large setup violation of -2.555 ns between decoder_top_inst/core_rx_inst/rs_decoder_inst/chien_search_inst/count_reg[5]/C (clocked by clk_out1_clk_wiz_1) and decoder_top_inst/core_rx_inst/rs_decoder_inst/decode_out_reg[2]/D (clocked by clk_out1_clk_wiz_1). Large setup violations at the end of those stages might be difficult to fix during the post-placement implementation flow and could be the result of non-optimal XDC constraints or non-optimal design architecture
Related violations: <none>

TIMING-16#204 Warning
Large setup violation  
There is a large setup violation of -2.561 ns between decoder_top_inst/core_rx_inst/rs_decoder_64_inst/rs_decoder_4/chien_search_inst/count_reg[5]/C (clocked by clk_out1_clk_wiz_1) and decoder_top_inst/core_rx_inst/rs_decoder_64_inst/rs_decoder_4/decode_out_reg[6]/D (clocked by clk_out1_clk_wiz_1). Large setup violations at the end of those stages might be difficult to fix during the post-placement implementation flow and could be the result of non-optimal XDC constraints or non-optimal design architecture
Related violations: <none>

TIMING-16#205 Warning
Large setup violation  
There is a large setup violation of -2.563 ns between decoder_top_inst/core_rx_inst/rs_decoder_64_inst/rs_decoder_7/chien_search_inst/count_reg[5]/C (clocked by clk_out1_clk_wiz_1) and decoder_top_inst/core_rx_inst/rs_decoder_64_inst/rs_decoder_7/decode_out_reg[0]/D (clocked by clk_out1_clk_wiz_1). Large setup violations at the end of those stages might be difficult to fix during the post-placement implementation flow and could be the result of non-optimal XDC constraints or non-optimal design architecture
Related violations: <none>

TIMING-16#206 Warning
Large setup violation  
There is a large setup violation of -2.569 ns between decoder_top_inst/core_rx_inst/rs_decoder_64_inst/rs_decoder_3/chien_search_inst/count_reg[5]_replica/C (clocked by clk_out1_clk_wiz_1) and decoder_top_inst/core_rx_inst/rs_decoder_64_inst/rs_decoder_3/decode_out_reg[3]/D (clocked by clk_out1_clk_wiz_1). Large setup violations at the end of those stages might be difficult to fix during the post-placement implementation flow and could be the result of non-optimal XDC constraints or non-optimal design architecture
Related violations: <none>

TIMING-16#207 Warning
Large setup violation  
There is a large setup violation of -2.576 ns between decoder_top_inst/core_rx_inst/rs_decoder_64_inst/rs_decoder_3/chien_search_inst/count_reg[5]_replica/C (clocked by clk_out1_clk_wiz_1) and decoder_top_inst/core_rx_inst/rs_decoder_64_inst/rs_decoder_3/decode_out_reg[0]/D (clocked by clk_out1_clk_wiz_1). Large setup violations at the end of those stages might be difficult to fix during the post-placement implementation flow and could be the result of non-optimal XDC constraints or non-optimal design architecture
Related violations: <none>

TIMING-16#208 Warning
Large setup violation  
There is a large setup violation of -2.578 ns between decoder_top_inst/core_rx_inst/rs_decoder_64_inst/rs_decoder_7/chien_search_inst/count_reg[5]/C (clocked by clk_out1_clk_wiz_1) and decoder_top_inst/core_rx_inst/rs_decoder_64_inst/rs_decoder_7/decode_out_reg[6]/D (clocked by clk_out1_clk_wiz_1). Large setup violations at the end of those stages might be difficult to fix during the post-placement implementation flow and could be the result of non-optimal XDC constraints or non-optimal design architecture
Related violations: <none>

TIMING-16#209 Warning
Large setup violation  
There is a large setup violation of -2.578 ns between decoder_top_inst/core_rx_inst/rs_decoder_inst/chien_search_inst/count_reg[5]/C (clocked by clk_out1_clk_wiz_1) and decoder_top_inst/core_rx_inst/rs_decoder_inst/decode_out_reg[0]/D (clocked by clk_out1_clk_wiz_1). Large setup violations at the end of those stages might be difficult to fix during the post-placement implementation flow and could be the result of non-optimal XDC constraints or non-optimal design architecture
Related violations: <none>

TIMING-16#210 Warning
Large setup violation  
There is a large setup violation of -2.580 ns between decoder_top_inst/core_rx_inst/rs_decoder_64_inst/rs_decoder_7/chien_search_inst/count_reg[5]/C (clocked by clk_out1_clk_wiz_1) and decoder_top_inst/core_rx_inst/rs_decoder_64_inst/rs_decoder_7/decode_out_reg[3]/D (clocked by clk_out1_clk_wiz_1). Large setup violations at the end of those stages might be difficult to fix during the post-placement implementation flow and could be the result of non-optimal XDC constraints or non-optimal design architecture
Related violations: <none>

TIMING-16#211 Warning
Large setup violation  
There is a large setup violation of -2.580 ns between decoder_top_inst/core_rx_inst/rs_decoder_64_inst/rs_decoder_7/chien_search_inst/count_reg[5]/C (clocked by clk_out1_clk_wiz_1) and decoder_top_inst/core_rx_inst/rs_decoder_64_inst/rs_decoder_7/decode_out_reg[7]/D (clocked by clk_out1_clk_wiz_1). Large setup violations at the end of those stages might be difficult to fix during the post-placement implementation flow and could be the result of non-optimal XDC constraints or non-optimal design architecture
Related violations: <none>

TIMING-16#212 Warning
Large setup violation  
There is a large setup violation of -2.585 ns between decoder_top_inst/core_rx_inst/rs_decoder_inst/chien_search_inst/count_reg[5]/C (clocked by clk_out1_clk_wiz_1) and decoder_top_inst/core_rx_inst/rs_decoder_inst/decode_out_reg[3]/D (clocked by clk_out1_clk_wiz_1). Large setup violations at the end of those stages might be difficult to fix during the post-placement implementation flow and could be the result of non-optimal XDC constraints or non-optimal design architecture
Related violations: <none>

TIMING-16#213 Warning
Large setup violation  
There is a large setup violation of -2.601 ns between decoder_top_inst/core_rx_inst/rs_decoder_64_inst/rs_decoder_3/chien_search_inst/count_reg[5]_replica/C (clocked by clk_out1_clk_wiz_1) and decoder_top_inst/core_rx_inst/rs_decoder_64_inst/rs_decoder_3/decode_out_reg[5]/D (clocked by clk_out1_clk_wiz_1). Large setup violations at the end of those stages might be difficult to fix during the post-placement implementation flow and could be the result of non-optimal XDC constraints or non-optimal design architecture
Related violations: <none>

TIMING-16#214 Warning
Large setup violation  
There is a large setup violation of -2.604 ns between decoder_top_inst/core_rx_inst/rs_decoder_64_inst/rs_decoder_7/chien_search_inst/count_reg[5]/C (clocked by clk_out1_clk_wiz_1) and decoder_top_inst/core_rx_inst/rs_decoder_64_inst/rs_decoder_7/decode_out_reg[4]/D (clocked by clk_out1_clk_wiz_1). Large setup violations at the end of those stages might be difficult to fix during the post-placement implementation flow and could be the result of non-optimal XDC constraints or non-optimal design architecture
Related violations: <none>

TIMING-16#215 Warning
Large setup violation  
There is a large setup violation of -2.605 ns between decoder_top_inst/core_rx_inst/rs_decoder_64_inst/rs_decoder_7/chien_search_inst/count_reg[5]/C (clocked by clk_out1_clk_wiz_1) and decoder_top_inst/core_rx_inst/rs_decoder_64_inst/rs_decoder_7/decode_out_reg[2]/D (clocked by clk_out1_clk_wiz_1). Large setup violations at the end of those stages might be difficult to fix during the post-placement implementation flow and could be the result of non-optimal XDC constraints or non-optimal design architecture
Related violations: <none>

TIMING-16#216 Warning
Large setup violation  
There is a large setup violation of -2.619 ns between decoder_top_inst/core_rx_inst/rs_decoder_64_inst/rs_decoder_5/chien_search_inst/count_reg[4]/C (clocked by clk_out1_clk_wiz_1) and decoder_top_inst/core_rx_inst/rs_decoder_64_inst/rs_decoder_5/decode_out_reg[2]/D (clocked by clk_out1_clk_wiz_1). Large setup violations at the end of those stages might be difficult to fix during the post-placement implementation flow and could be the result of non-optimal XDC constraints or non-optimal design architecture
Related violations: <none>

TIMING-16#217 Warning
Large setup violation  
There is a large setup violation of -2.636 ns between decoder_top_inst/core_rx_inst/rs_decoder_64_inst/rs_decoder_3/chien_search_inst/count_reg[5]_replica/C (clocked by clk_out1_clk_wiz_1) and decoder_top_inst/core_rx_inst/rs_decoder_64_inst/rs_decoder_3/decode_out_reg[1]/D (clocked by clk_out1_clk_wiz_1). Large setup violations at the end of those stages might be difficult to fix during the post-placement implementation flow and could be the result of non-optimal XDC constraints or non-optimal design architecture
Related violations: <none>

TIMING-16#218 Warning
Large setup violation  
There is a large setup violation of -2.653 ns between decoder_top_inst/core_rx_inst/rs_decoder_64_inst/rs_decoder_6/chien_search_inst/count_reg[4]_replica/C (clocked by clk_out1_clk_wiz_1) and decoder_top_inst/core_rx_inst/rs_decoder_64_inst/rs_decoder_6/decode_out_reg[1]/D (clocked by clk_out1_clk_wiz_1). Large setup violations at the end of those stages might be difficult to fix during the post-placement implementation flow and could be the result of non-optimal XDC constraints or non-optimal design architecture
Related violations: <none>

TIMING-16#219 Warning
Large setup violation  
There is a large setup violation of -2.657 ns between decoder_top_inst/core_rx_inst/rs_decoder_inst/chien_search_inst/count_reg[5]/C (clocked by clk_out1_clk_wiz_1) and decoder_top_inst/core_rx_inst/rs_decoder_inst/decode_out_reg[7]/D (clocked by clk_out1_clk_wiz_1). Large setup violations at the end of those stages might be difficult to fix during the post-placement implementation flow and could be the result of non-optimal XDC constraints or non-optimal design architecture
Related violations: <none>

TIMING-16#220 Warning
Large setup violation  
There is a large setup violation of -2.664 ns between decoder_top_inst/core_rx_inst/rs_decoder_inst/chien_search_inst/count_reg[5]/C (clocked by clk_out1_clk_wiz_1) and decoder_top_inst/core_rx_inst/rs_decoder_inst/decode_out_reg[1]/D (clocked by clk_out1_clk_wiz_1). Large setup violations at the end of those stages might be difficult to fix during the post-placement implementation flow and could be the result of non-optimal XDC constraints or non-optimal design architecture
Related violations: <none>

TIMING-16#221 Warning
Large setup violation  
There is a large setup violation of -2.665 ns between decoder_top_inst/core_rx_inst/rs_decoder_64_inst/rs_decoder_6/chien_search_inst/count_reg[4]_replica/C (clocked by clk_out1_clk_wiz_1) and decoder_top_inst/core_rx_inst/rs_decoder_64_inst/rs_decoder_6/decode_out_reg[0]/D (clocked by clk_out1_clk_wiz_1). Large setup violations at the end of those stages might be difficult to fix during the post-placement implementation flow and could be the result of non-optimal XDC constraints or non-optimal design architecture
Related violations: <none>

TIMING-16#222 Warning
Large setup violation  
There is a large setup violation of -2.665 ns between decoder_top_inst/core_rx_inst/rs_decoder_inst/chien_search_inst/count_reg[5]/C (clocked by clk_out1_clk_wiz_1) and decoder_top_inst/core_rx_inst/rs_decoder_inst/decode_out_reg[4]/D (clocked by clk_out1_clk_wiz_1). Large setup violations at the end of those stages might be difficult to fix during the post-placement implementation flow and could be the result of non-optimal XDC constraints or non-optimal design architecture
Related violations: <none>

TIMING-16#223 Warning
Large setup violation  
There is a large setup violation of -2.673 ns between decoder_top_inst/core_rx_inst/rs_decoder_inst/chien_search_inst/count_reg[5]/C (clocked by clk_out1_clk_wiz_1) and decoder_top_inst/core_rx_inst/rs_decoder_inst/decode_out_reg[5]/D (clocked by clk_out1_clk_wiz_1). Large setup violations at the end of those stages might be difficult to fix during the post-placement implementation flow and could be the result of non-optimal XDC constraints or non-optimal design architecture
Related violations: <none>

TIMING-16#224 Warning
Large setup violation  
There is a large setup violation of -2.721 ns between decoder_top_inst/core_rx_inst/rs_decoder_64_inst/rs_decoder_3/chien_search_inst/count_reg[5]_replica/C (clocked by clk_out1_clk_wiz_1) and decoder_top_inst/core_rx_inst/rs_decoder_64_inst/rs_decoder_3/decode_out_reg[4]/D (clocked by clk_out1_clk_wiz_1). Large setup violations at the end of those stages might be difficult to fix during the post-placement implementation flow and could be the result of non-optimal XDC constraints or non-optimal design architecture
Related violations: <none>

TIMING-16#225 Warning
Large setup violation  
There is a large setup violation of -2.736 ns between decoder_top_inst/core_rx_inst/rs_decoder_64_inst/rs_decoder_3/chien_search_inst/count_reg[5]_replica/C (clocked by clk_out1_clk_wiz_1) and decoder_top_inst/core_rx_inst/rs_decoder_64_inst/rs_decoder_3/decode_out_reg[7]/D (clocked by clk_out1_clk_wiz_1). Large setup violations at the end of those stages might be difficult to fix during the post-placement implementation flow and could be the result of non-optimal XDC constraints or non-optimal design architecture
Related violations: <none>

TIMING-16#226 Warning
Large setup violation  
There is a large setup violation of -2.742 ns between decoder_top_inst/core_rx_inst/rs_decoder_64_inst/rs_decoder_3/chien_search_inst/count_reg[5]_replica/C (clocked by clk_out1_clk_wiz_1) and decoder_top_inst/core_rx_inst/rs_decoder_64_inst/rs_decoder_3/decode_out_reg[2]/D (clocked by clk_out1_clk_wiz_1). Large setup violations at the end of those stages might be difficult to fix during the post-placement implementation flow and could be the result of non-optimal XDC constraints or non-optimal design architecture
Related violations: <none>

TIMING-16#227 Warning
Large setup violation  
There is a large setup violation of -2.748 ns between decoder_top_inst/core_rx_inst/rs_decoder_64_inst/rs_decoder_3/chien_search_inst/count_reg[5]_replica/C (clocked by clk_out1_clk_wiz_1) and decoder_top_inst/core_rx_inst/rs_decoder_64_inst/rs_decoder_3/decode_out_reg[6]/D (clocked by clk_out1_clk_wiz_1). Large setup violations at the end of those stages might be difficult to fix during the post-placement implementation flow and could be the result of non-optimal XDC constraints or non-optimal design architecture
Related violations: <none>

TIMING-16#228 Warning
Large setup violation  
There is a large setup violation of -2.765 ns between decoder_top_inst/core_rx_inst/rs_decoder_inst/chien_search_inst/count_reg[5]/C (clocked by clk_out1_clk_wiz_1) and decoder_top_inst/core_rx_inst/rs_decoder_inst/decode_out_reg[6]/D (clocked by clk_out1_clk_wiz_1). Large setup violations at the end of those stages might be difficult to fix during the post-placement implementation flow and could be the result of non-optimal XDC constraints or non-optimal design architecture
Related violations: <none>

XDCB-5#1 Warning
Runtime inefficient way to find pin objects  
The option '-from : [get_pins -hierarchical -filter {NAME =~ *ila_core_inst/u_trig/N_DDR_TC.N_DDR_TC_INST[*].U_TC/allx_typeA_match_detection.ltlib_v1_0_3_allx_typeA_inst/DUT/u_srl_drive/CLK}]' of constraint 'set_false_path' uses inefficient query to find pin objects (see constraint position '44' in the Timing Constraint window in Vivado IDE). To reduce runtime, it is recommended to get the pins through the cell objects. Please refer to Using Constraints Guide (Constraints Efficiency). An example of optimal query is: get_pins -filter {REF_PIN_NAME=~yy*} -of_objects [get_cells -hierarchical xx*].
Current XDC: /home/williams/MYFPGA/FSO FPGA/sda_codec_clean/sda_codec_clean/sda_codec_clean.runs/impl_1/.Xil/Vivado-388250-Williams/u_ila_0_CV.0/out/ila_early.xdc (Line: 72)
Related violations: <none>

XDCB-5#2 Warning
Runtime inefficient way to find pin objects  
The option '-to : [get_pins -hierarchical -filter {NAME =~ *ila_core_inst/u_trig/N_DDR_TC.N_DDR_TC_INST[*].U_TC/yes_output_reg.dout_reg_reg/D}]' of constraint 'set_false_path' uses inefficient query to find pin objects (see constraint position '44' in the Timing Constraint window in Vivado IDE). To reduce runtime, it is recommended to get the pins through the cell objects. Please refer to Using Constraints Guide (Constraints Efficiency). An example of optimal query is: get_pins -filter {REF_PIN_NAME=~yy*} -of_objects [get_cells -hierarchical xx*].
Current XDC: /home/williams/MYFPGA/FSO FPGA/sda_codec_clean/sda_codec_clean/sda_codec_clean.runs/impl_1/.Xil/Vivado-388250-Williams/u_ila_0_CV.0/out/ila_early.xdc (Line: 72)
Related violations: <none>

CLKC-39#1 Advisory
Substitute PLLE3 for MMCME3 check  
The MMCME3 cell clk_wiz_1_inst/inst/mmcme3_adv_inst has a single input clock whose source driver, IBUFCTRL sys_clk_inst/IBUFCTRL_INST (in sys_clk_inst macro), is not optimally located and the MMCM has a configuration which could be accommodated by a PLL.  Consider changing the MMCM to a PLL which could align better with the input clock driver.
Related violations: <none>

CLKC-55#1 Advisory
MMCME3 with global clock driver has no LOC  
The MMCME3_ADV cell clk_wiz_0_inst/inst/mmcme3_adv_inst CLKIN1 or CLKIN2 pin is driven by global Clock buffer(s) sys_clk_BUFGCE_inst and does not have a LOC constraint. It is recommended to LOC the MMCM and use the CLOCK_DEDICATED_ROUTE constraint on the net(s) driven by the global Clock buffer(s).
Related violations: <none>

CLKC-55#2 Advisory
MMCME3 with global clock driver has no LOC  
The MMCME3_ADV cell clk_wiz_1_inst/inst/mmcme3_adv_inst CLKIN1 or CLKIN2 pin is driven by global Clock buffer(s) sys_clk_BUFGCE_inst and does not have a LOC constraint. It is recommended to LOC the MMCM and use the CLOCK_DEDICATED_ROUTE constraint on the net(s) driven by the global Clock buffer(s).
Related violations: <none>


