Copyright 1986-2022 Xilinx, Inc. All Rights Reserved.
-----------------------------------------------------------------------------------------------------------------------------------------------------------------------------------------------------------
| Tool Version      : Vivado v.2022.2 (lin64) Build 3671981 Fri Oct 14 04:59:54 MDT 2022
| Date              : Thu Aug  6 16:43:20 2026
| Host              : Williams running 64-bit Ubuntu 22.04.5 LTS
| Command           : report_timing_summary -max_paths 10 -report_unconstrained -file top_timing_summary_routed.rpt -pb top_timing_summary_routed.pb -rpx top_timing_summary_routed.rpx -warn_on_violation
| Design            : top
| Device            : xcku060-ffva1156
| Speed File        : -2  PRODUCTION 1.25 12-04-2018
| Temperature Grade : I
-----------------------------------------------------------------------------------------------------------------------------------------------------------------------------------------------------------

Timing Summary Report

------------------------------------------------------------------------------------------------
| Timer Settings
| --------------
------------------------------------------------------------------------------------------------

  Enable Multi Corner Analysis               :  Yes
  Enable Pessimism Removal                   :  Yes
  Pessimism Removal Resolution               :  Nearest Common Node
  Enable Input Delay Default Clock           :  No
  Enable Preset / Clear Arcs                 :  No
  Disable Flight Delays                      :  No
  Ignore I/O Paths                           :  No
  Timing Early Launch at Borrowing Latches   :  No
  Borrow Time for Max Delay Exceptions       :  Yes
  Merge Timing Exceptions                    :  Yes

  Corner  Analyze    Analyze    
  Name    Max Paths  Min Paths  
  ------  ---------  ---------  
  Slow    Yes        Yes        
  Fast    Yes        Yes        


------------------------------------------------------------------------------------------------
| Report Methodology
| ------------------
------------------------------------------------------------------------------------------------

Rule      Severity          Description                                         Violations  
--------  ----------------  --------------------------------------------------  ----------  
TIMING-2  Critical Warning  Invalid primary clock source pin                    1           
TIMING-4  Critical Warning  Invalid primary clock redefinition on a clock tree  1           
LUTAR-1   Warning           LUT drives async reset alert                        1           
CLKC-55   Advisory          MMCME3 with global clock driver has no LOC          1           

Note: This report is based on the most recent report_methodology run and may not be up-to-date. Run report_methodology on the current design for the latest report.



check_timing report

Table of Contents
-----------------
1. checking no_clock (0)
2. checking constant_clock (0)
3. checking pulse_width_clock (0)
4. checking unconstrained_internal_endpoints (0)
5. checking no_input_delay (0)
6. checking no_output_delay (0)
7. checking multiple_clock (0)
8. checking generated_clocks (0)
9. checking loops (0)
10. checking partial_input_delay (0)
11. checking partial_output_delay (0)
12. checking latch_loops (0)

1. checking no_clock (0)
------------------------
 There are 0 register/latch pins with no clock.


2. checking constant_clock (0)
------------------------------
 There are 0 register/latch pins with constant_clock.


3. checking pulse_width_clock (0)
---------------------------------
 There are 0 register/latch pins which need pulse_width check


4. checking unconstrained_internal_endpoints (0)
------------------------------------------------
 There are 0 pins that are not constrained for maximum delay.

 There are 0 pins that are not constrained for maximum delay due to constant clock.


5. checking no_input_delay (0)
------------------------------
 There are 0 input ports with no input delay specified.

 There are 0 input ports with no input delay but user has a false path constraint.


6. checking no_output_delay (0)
-------------------------------
 There are 0 ports with no output delay specified.

 There are 0 ports with no output delay but user has a false path constraint

 There are 0 ports with no output delay but with a timing clock defined on it or propagating through it


7. checking multiple_clock (0)
------------------------------
 There are 0 register/latch pins with multiple clocks.


8. checking generated_clocks (0)
--------------------------------
 There are 0 generated clocks that are not connected to a clock source.


9. checking loops (0)
---------------------
 There are 0 combinational loops in the design.


10. checking partial_input_delay (0)
------------------------------------
 There are 0 input ports with partial input delay specified.


11. checking partial_output_delay (0)
-------------------------------------
 There are 0 ports with partial output delay specified.


12. checking latch_loops (0)
----------------------------
 There are 0 combinational latch loops in the design through latch input



------------------------------------------------------------------------------------------------
| Design Timing Summary
| ---------------------
------------------------------------------------------------------------------------------------

    WNS(ns)      TNS(ns)  TNS Failing Endpoints  TNS Total Endpoints      WHS(ns)      THS(ns)  THS Failing Endpoints  THS Total Endpoints     WPWS(ns)     TPWS(ns)  TPWS Failing Endpoints  TPWS Total Endpoints  
    -------      -------  ---------------------  -------------------      -------      -------  ---------------------  -------------------     --------     --------  ----------------------  --------------------  
      0.682        0.000                      0                 3512        0.013        0.000                      0                 3496        0.620        0.000                       0                  2011  


All user specified timing constraints are met.


------------------------------------------------------------------------------------------------
| Clock Summary
| -------------
------------------------------------------------------------------------------------------------

Clock                                                                                       Waveform(ns)         Period(ns)      Frequency(MHz)
-----                                                                                       ------------         ----------      --------------
clk_wiz_0_inst/inst/clk_in1                                                                 {0.000 2.500}        5.000           200.000         
  clk_out1_clk_wiz_0                                                                        {0.000 1.600}        3.200           312.500         
dbg_hub/inst/BSCANID.u_xsdbm_id/SWITCH_N_EXT_BSCAN.bscan_inst/SERIES7_BSCAN.bscan_inst/TCK  {0.000 16.500}       33.000          30.303          
sys_clk                                                                                     {0.000 1.666}        3.333           300.030         


------------------------------------------------------------------------------------------------
| Intra Clock Table
| -----------------
------------------------------------------------------------------------------------------------

Clock                                                                                           WNS(ns)      TNS(ns)  TNS Failing Endpoints  TNS Total Endpoints      WHS(ns)      THS(ns)  THS Failing Endpoints  THS Total Endpoints     WPWS(ns)     TPWS(ns)  TPWS Failing Endpoints  TPWS Total Endpoints  
-----                                                                                           -------      -------  ---------------------  -------------------      -------      -------  ---------------------  -------------------     --------     --------  ----------------------  --------------------  
clk_wiz_0_inst/inst/clk_in1                                                                                                                                                                                                                   0.750        0.000                       0                     1  
  clk_out1_clk_wiz_0                                                                              0.682        0.000                      0                 2381        0.013        0.000                      0                 2381        0.620        0.000                       0                  1530  
dbg_hub/inst/BSCANID.u_xsdbm_id/SWITCH_N_EXT_BSCAN.bscan_inst/SERIES7_BSCAN.bscan_inst/TCK       29.711        0.000                      0                  910        0.042        0.000                      0                  910       15.832        0.000                       0                   479  
sys_clk                                                                                                                                                                                                                                       1.954        0.000                       0                     1  


------------------------------------------------------------------------------------------------
| Inter Clock Table
| -----------------
------------------------------------------------------------------------------------------------

From Clock                                                                                  To Clock                                                                                        WNS(ns)      TNS(ns)  TNS Failing Endpoints  TNS Total Endpoints      WHS(ns)      THS(ns)  THS Failing Endpoints  THS Total Endpoints  
----------                                                                                  --------                                                                                        -------      -------  ---------------------  -------------------      -------      -------  ---------------------  -------------------  
dbg_hub/inst/BSCANID.u_xsdbm_id/SWITCH_N_EXT_BSCAN.bscan_inst/SERIES7_BSCAN.bscan_inst/TCK  clk_out1_clk_wiz_0                                                                               32.167        0.000                      0                    8                                                                        
clk_out1_clk_wiz_0                                                                          dbg_hub/inst/BSCANID.u_xsdbm_id/SWITCH_N_EXT_BSCAN.bscan_inst/SERIES7_BSCAN.bscan_inst/TCK        2.484        0.000                      0                    8                                                                        


------------------------------------------------------------------------------------------------
| Other Path Groups Table
| -----------------------
------------------------------------------------------------------------------------------------

Path Group                                                                                  From Clock                                                                                  To Clock                                                                                        WNS(ns)      TNS(ns)  TNS Failing Endpoints  TNS Total Endpoints      WHS(ns)      THS(ns)  THS Failing Endpoints  THS Total Endpoints  
----------                                                                                  ----------                                                                                  --------                                                                                        -------      -------  ---------------------  -------------------      -------      -------  ---------------------  -------------------  
**async_default**                                                                           clk_out1_clk_wiz_0                                                                          clk_out1_clk_wiz_0                                                                                1.608        0.000                      0                  105        0.136        0.000                      0                  105  
**async_default**                                                                           dbg_hub/inst/BSCANID.u_xsdbm_id/SWITCH_N_EXT_BSCAN.bscan_inst/SERIES7_BSCAN.bscan_inst/TCK  dbg_hub/inst/BSCANID.u_xsdbm_id/SWITCH_N_EXT_BSCAN.bscan_inst/SERIES7_BSCAN.bscan_inst/TCK       31.251        0.000                      0                  100        0.141        0.000                      0                  100  


------------------------------------------------------------------------------------------------
| User Ignored Path Table
| -----------------------
------------------------------------------------------------------------------------------------

Path Group                                                                                  From Clock                                                                                  To Clock                                                                                  
----------                                                                                  ----------                                                                                  --------                                                                                  
(none)                                                                                      clk_out1_clk_wiz_0                                                                          clk_out1_clk_wiz_0                                                                          
(none)                                                                                      dbg_hub/inst/BSCANID.u_xsdbm_id/SWITCH_N_EXT_BSCAN.bscan_inst/SERIES7_BSCAN.bscan_inst/TCK  clk_out1_clk_wiz_0                                                                          
(none)                                                                                      clk_out1_clk_wiz_0                                                                          dbg_hub/inst/BSCANID.u_xsdbm_id/SWITCH_N_EXT_BSCAN.bscan_inst/SERIES7_BSCAN.bscan_inst/TCK  


------------------------------------------------------------------------------------------------
| Unconstrained Path Table
| ------------------------
------------------------------------------------------------------------------------------------

Path Group                                                                                  From Clock                                                                                  To Clock                                                                                  
----------                                                                                  ----------                                                                                  --------                                                                                  
(none)                                                                                                                                                                                  dbg_hub/inst/BSCANID.u_xsdbm_id/SWITCH_N_EXT_BSCAN.bscan_inst/SERIES7_BSCAN.bscan_inst/TCK  


------------------------------------------------------------------------------------------------
| Timing Details
| --------------
------------------------------------------------------------------------------------------------


---------------------------------------------------------------------------------------------------
From Clock:  clk_wiz_0_inst/inst/clk_in1
  To Clock:  clk_wiz_0_inst/inst/clk_in1

Setup :           NA  Failing Endpoints,  Worst Slack           NA  ,  Total Violation           NA
Hold  :           NA  Failing Endpoints,  Worst Slack           NA  ,  Total Violation           NA
PW    :            0  Failing Endpoints,  Worst Slack        0.750ns,  Total Violation        0.000ns
---------------------------------------------------------------------------------------------------


Pulse Width Checks
--------------------------------------------------------------------------------------
Clock Name:         clk_wiz_0_inst/inst/clk_in1
Waveform(ns):       { 0.000 2.500 }
Period(ns):         5.000
Sources:            { clk_wiz_0_inst/inst/clk_in1 }

Check Type        Corner  Lib Pin            Reference Pin  Required(ns)  Actual(ns)  Slack(ns)  Location         Pin
Min Period        n/a     MMCME3_ADV/CLKIN1  n/a            1.071         5.000       3.929      MMCME3_ADV_X1Y1  clk_wiz_0_inst/inst/mmcme3_adv_inst/CLKIN1
Low Pulse Width   Slow    MMCME3_ADV/CLKIN1  n/a            1.750         2.500       0.750      MMCME3_ADV_X1Y1  clk_wiz_0_inst/inst/mmcme3_adv_inst/CLKIN1
Low Pulse Width   Fast    MMCME3_ADV/CLKIN1  n/a            1.750         2.500       0.750      MMCME3_ADV_X1Y1  clk_wiz_0_inst/inst/mmcme3_adv_inst/CLKIN1
High Pulse Width  Slow    MMCME3_ADV/CLKIN1  n/a            1.750         2.500       0.750      MMCME3_ADV_X1Y1  clk_wiz_0_inst/inst/mmcme3_adv_inst/CLKIN1
High Pulse Width  Fast    MMCME3_ADV/CLKIN1  n/a            1.750         2.500       0.750      MMCME3_ADV_X1Y1  clk_wiz_0_inst/inst/mmcme3_adv_inst/CLKIN1



---------------------------------------------------------------------------------------------------
From Clock:  clk_out1_clk_wiz_0
  To Clock:  clk_out1_clk_wiz_0

Setup :            0  Failing Endpoints,  Worst Slack        0.682ns,  Total Violation        0.000ns
Hold  :            0  Failing Endpoints,  Worst Slack        0.013ns,  Total Violation        0.000ns
PW    :            0  Failing Endpoints,  Worst Slack        0.620ns,  Total Violation        0.000ns
---------------------------------------------------------------------------------------------------


Max Delay Paths
--------------------------------------------------------------------------------------
Slack (MET) :             0.682ns  (required time - arrival time)
  Source:                 u_ila_0/inst/ila_core_inst/u_ila_regs/U_XSDB_SLAVE/G_1PIPE_IFACE.s_daddr_r_reg[3]/C
                            (rising edge-triggered cell FDRE clocked by clk_out1_clk_wiz_0  {rise@0.000ns fall@1.600ns period=3.200ns})
  Destination:            u_ila_0/inst/ila_core_inst/u_ila_regs/slaveRegDo_mux_0_reg[5]/D
                            (rising edge-triggered cell FDRE clocked by clk_out1_clk_wiz_0  {rise@0.000ns fall@1.600ns period=3.200ns})
  Path Group:             clk_out1_clk_wiz_0
  Path Type:              Setup (Max at Slow Process Corner)
  Requirement:            3.200ns  (clk_out1_clk_wiz_0 rise@3.200ns - clk_out1_clk_wiz_0 rise@0.000ns)
  Data Path Delay:        2.121ns  (logic 0.552ns (26.025%)  route 1.569ns (73.975%))
  Logic Levels:           3  (LUT6=3)
  Clock Path Skew:        -0.361ns (DCD - SCD + CPR)
    Destination Clock Delay (DCD):    4.075ns = ( 7.275 - 3.200 ) 
    Source Clock Delay      (SCD):    4.105ns
    Clock Pessimism Removal (CPR):    -0.331ns
  Clock Uncertainty:      0.095ns  ((TSJ^2 + DJ^2)^1/2) / 2 + PE
    Total System Jitter     (TSJ):    0.071ns
    Discrete Jitter          (DJ):    0.176ns
    Phase Error              (PE):    0.000ns
  Clock Net Delay (Source):      2.696ns (routing 0.921ns, distribution 1.775ns)
  Clock Net Delay (Destination): 2.260ns (routing 0.846ns, distribution 1.414ns)

    Location             Delay type                Incr(ns)  Path(ns)    Netlist Resource(s)
  -------------------------------------------------------------------    -------------------
                         (clock clk_out1_clk_wiz_0 rise edge)
                                                      0.000     0.000 r  
    BUFGCE_X1Y24         BUFGCE                       0.000     0.000 r  sys_clk_BUFGCE_inst/O
                         net (fo=1, routed)           1.010     1.010    clk_wiz_0_inst/inst/clk_in1
    MMCME3_ADV_X1Y1      MMCME3_ADV (Prop_MMCME3_ADV_CLKIN1_CLKOUT0)
                                                     -0.121     0.889 r  clk_wiz_0_inst/inst/mmcme3_adv_inst/CLKOUT0
                         net (fo=1, routed)           0.437     1.326    clk_wiz_0_inst/inst/clk_out1_clk_wiz_0
    BUFGCE_X1Y25         BUFGCE (Prop_BUFCE_BUFGCE_I_O)
                                                      0.083     1.409 r  clk_wiz_0_inst/inst/clkout1_buf/O
    X1Y2 (CLOCK_ROOT)    net (fo=1528, routed)        2.696     4.105    u_ila_0/inst/ila_core_inst/u_ila_regs/U_XSDB_SLAVE/sl_iport_i[1]
    SLICE_X71Y181        FDRE                                         r  u_ila_0/inst/ila_core_inst/u_ila_regs/U_XSDB_SLAVE/G_1PIPE_IFACE.s_daddr_r_reg[3]/C
  -------------------------------------------------------------------    -------------------
    SLICE_X71Y181        FDRE (Prop_HFF2_SLICEM_C_Q)
                                                      0.117     4.222 r  u_ila_0/inst/ila_core_inst/u_ila_regs/U_XSDB_SLAVE/G_1PIPE_IFACE.s_daddr_r_reg[3]/Q
                         net (fo=75, routed)          0.971     5.193    u_ila_0/inst/ila_core_inst/u_ila_regs/s_daddr[3]
    SLICE_X69Y173        LUT6 (Prop_G6LUT_SLICEL_I2_O)
                                                      0.189     5.382 r  u_ila_0/inst/ila_core_inst/u_ila_regs/slaveRegDo_mux_0[5]_i_7/O
                         net (fo=1, routed)           0.205     5.587    u_ila_0/inst/ila_core_inst/u_ila_regs/slaveRegDo_mux_0[5]_i_7_n_0
    SLICE_X69Y173        LUT6 (Prop_H6LUT_SLICEL_I4_O)
                                                      0.172     5.759 r  u_ila_0/inst/ila_core_inst/u_ila_regs/slaveRegDo_mux_0[5]_i_3/O
                         net (fo=1, routed)           0.366     6.125    u_ila_0/inst/ila_core_inst/u_ila_regs/slaveRegDo_mux_0[5]_i_3_n_0
    SLICE_X70Y173        LUT6 (Prop_D6LUT_SLICEM_I2_O)
                                                      0.074     6.199 r  u_ila_0/inst/ila_core_inst/u_ila_regs/slaveRegDo_mux_0[5]_i_1/O
                         net (fo=1, routed)           0.027     6.226    u_ila_0/inst/ila_core_inst/u_ila_regs/slaveRegDo_mux_0[5]_i_1_n_0
    SLICE_X70Y173        FDRE                                         r  u_ila_0/inst/ila_core_inst/u_ila_regs/slaveRegDo_mux_0_reg[5]/D
  -------------------------------------------------------------------    -------------------

                         (clock clk_out1_clk_wiz_0 rise edge)
                                                      3.200     3.200 r  
    BUFGCE_X1Y24         BUFGCE                       0.000     3.200 r  sys_clk_BUFGCE_inst/O
                         net (fo=1, routed)           0.923     4.123    clk_wiz_0_inst/inst/clk_in1
    MMCME3_ADV_X1Y1      MMCME3_ADV (Prop_MMCME3_ADV_CLKIN1_CLKOUT0)
                                                      0.445     4.568 r  clk_wiz_0_inst/inst/mmcme3_adv_inst/CLKOUT0
                         net (fo=1, routed)           0.372     4.940    clk_wiz_0_inst/inst/clk_out1_clk_wiz_0
    BUFGCE_X1Y25         BUFGCE (Prop_BUFCE_BUFGCE_I_O)
                                                      0.075     5.015 r  clk_wiz_0_inst/inst/clkout1_buf/O
    X1Y2 (CLOCK_ROOT)    net (fo=1528, routed)        2.260     7.275    u_ila_0/inst/ila_core_inst/u_ila_regs/s_dclk_o
    SLICE_X70Y173        FDRE                                         r  u_ila_0/inst/ila_core_inst/u_ila_regs/slaveRegDo_mux_0_reg[5]/C
                         clock pessimism             -0.331     6.944    
                         clock uncertainty           -0.095     6.849    
    SLICE_X70Y173        FDRE (Setup_DFF_SLICEM_C_D)
                                                      0.059     6.908    u_ila_0/inst/ila_core_inst/u_ila_regs/slaveRegDo_mux_0_reg[5]
  -------------------------------------------------------------------
                         required time                          6.908    
                         arrival time                          -6.226    
  -------------------------------------------------------------------
                         slack                                  0.682    

Slack (MET) :             0.771ns  (required time - arrival time)
  Source:                 dbg_hub/inst/BSCANID.u_xsdbm_id/CORE_XSDB.UUT_MASTER/U_XSDB_BUS_CONTROLLER/auto_sl_drdy_reg/C
                            (rising edge-triggered cell FDCE clocked by clk_out1_clk_wiz_0  {rise@0.000ns fall@1.600ns period=3.200ns})
  Destination:            dbg_hub/inst/BSCANID.u_xsdbm_id/CORE_XSDB.UUT_MASTER/U_ICON_INTERFACE/U_CMD6_RD/U_RD_FIFO/SUBCORE_FIFO.xsdbm_v3_0_0_rdfifo_inst/inst_fifo_gen/gconvfifo.rf/grf.rf/gntv_or_sync_fifo.mem/gdm.dm_gen.dm/RAM_reg_0_15_14_15/DP/WE
                            (rising edge-triggered cell RAMD32 clocked by clk_out1_clk_wiz_0  {rise@0.000ns fall@1.600ns period=3.200ns})
  Path Group:             clk_out1_clk_wiz_0
  Path Type:              Setup (Max at Slow Process Corner)
  Requirement:            3.200ns  (clk_out1_clk_wiz_0 rise@3.200ns - clk_out1_clk_wiz_0 rise@0.000ns)
  Data Path Delay:        1.664ns  (logic 0.417ns (25.060%)  route 1.247ns (74.940%))
  Logic Levels:           2  (LUT2=1 LUT3=1)
  Clock Path Skew:        -0.266ns (DCD - SCD + CPR)
    Destination Clock Delay (DCD):    4.103ns = ( 7.303 - 3.200 ) 
    Source Clock Delay      (SCD):    4.107ns
    Clock Pessimism Removal (CPR):    -0.262ns
  Clock Uncertainty:      0.095ns  ((TSJ^2 + DJ^2)^1/2) / 2 + PE
    Total System Jitter     (TSJ):    0.071ns
    Discrete Jitter          (DJ):    0.176ns
    Phase Error              (PE):    0.000ns
  Clock Net Delay (Source):      2.698ns (routing 0.921ns, distribution 1.777ns)
  Clock Net Delay (Destination): 2.288ns (routing 0.846ns, distribution 1.442ns)

    Location             Delay type                Incr(ns)  Path(ns)    Netlist Resource(s)
  -------------------------------------------------------------------    -------------------
                         (clock clk_out1_clk_wiz_0 rise edge)
                                                      0.000     0.000 r  
    BUFGCE_X1Y24         BUFGCE                       0.000     0.000 r  sys_clk_BUFGCE_inst/O
                         net (fo=1, routed)           1.010     1.010    clk_wiz_0_inst/inst/clk_in1
    MMCME3_ADV_X1Y1      MMCME3_ADV (Prop_MMCME3_ADV_CLKIN1_CLKOUT0)
                                                     -0.121     0.889 r  clk_wiz_0_inst/inst/mmcme3_adv_inst/CLKOUT0
                         net (fo=1, routed)           0.437     1.326    clk_wiz_0_inst/inst/clk_out1_clk_wiz_0
    BUFGCE_X1Y25         BUFGCE (Prop_BUFCE_BUFGCE_I_O)
                                                      0.083     1.409 r  clk_wiz_0_inst/inst/clkout1_buf/O
    X1Y2 (CLOCK_ROOT)    net (fo=1528, routed)        2.698     4.107    dbg_hub/inst/BSCANID.u_xsdbm_id/CORE_XSDB.UUT_MASTER/U_XSDB_BUS_CONTROLLER/clk
    SLICE_X74Y194        FDCE                                         r  dbg_hub/inst/BSCANID.u_xsdbm_id/CORE_XSDB.UUT_MASTER/U_XSDB_BUS_CONTROLLER/auto_sl_drdy_reg/C
  -------------------------------------------------------------------    -------------------
    SLICE_X74Y194        FDCE (Prop_DFF_SLICEL_C_Q)
                                                      0.114     4.221 r  dbg_hub/inst/BSCANID.u_xsdbm_id/CORE_XSDB.UUT_MASTER/U_XSDB_BUS_CONTROLLER/auto_sl_drdy_reg/Q
                         net (fo=13, routed)          0.280     4.501    dbg_hub/inst/BSCANID.u_xsdbm_id/CORE_XSDB.UUT_MASTER/U_XSDB_BUS_CONTROLLER/auto_sl_drdy
    SLICE_X72Y196        LUT3 (Prop_D6LUT_SLICEL_I2_O)
                                                      0.188     4.689 r  dbg_hub/inst/BSCANID.u_xsdbm_id/CORE_XSDB.UUT_MASTER/U_XSDB_BUS_CONTROLLER/SUBCORE_FIFO.xsdbm_v3_0_0_rdfifo_inst_i_1/O
                         net (fo=3, routed)           0.377     5.066    dbg_hub/inst/BSCANID.u_xsdbm_id/CORE_XSDB.UUT_MASTER/U_ICON_INTERFACE/U_CMD6_RD/U_RD_FIFO/SUBCORE_FIFO.xsdbm_v3_0_0_rdfifo_inst/inst_fifo_gen/gconvfifo.rf/grf.rf/gntv_or_sync_fifo.gl0.wr/gwas.wsts/wr_en
    SLICE_X68Y197        LUT2 (Prop_D6LUT_SLICEL_I0_O)
                                                      0.115     5.181 r  dbg_hub/inst/BSCANID.u_xsdbm_id/CORE_XSDB.UUT_MASTER/U_ICON_INTERFACE/U_CMD6_RD/U_RD_FIFO/SUBCORE_FIFO.xsdbm_v3_0_0_rdfifo_inst/inst_fifo_gen/gconvfifo.rf/grf.rf/gntv_or_sync_fifo.gl0.wr/gwas.wsts/gic0.gc0.count_d1[3]_i_1/O
                         net (fo=32, routed)          0.590     5.771    dbg_hub/inst/BSCANID.u_xsdbm_id/CORE_XSDB.UUT_MASTER/U_ICON_INTERFACE/U_CMD6_RD/U_RD_FIFO/SUBCORE_FIFO.xsdbm_v3_0_0_rdfifo_inst/inst_fifo_gen/gconvfifo.rf/grf.rf/gntv_or_sync_fifo.mem/gdm.dm_gen.dm/RAM_reg_0_15_14_15/WE
    SLICE_X70Y194        RAMD32                                       r  dbg_hub/inst/BSCANID.u_xsdbm_id/CORE_XSDB.UUT_MASTER/U_ICON_INTERFACE/U_CMD6_RD/U_RD_FIFO/SUBCORE_FIFO.xsdbm_v3_0_0_rdfifo_inst/inst_fifo_gen/gconvfifo.rf/grf.rf/gntv_or_sync_fifo.mem/gdm.dm_gen.dm/RAM_reg_0_15_14_15/DP/WE
  -------------------------------------------------------------------    -------------------

                         (clock clk_out1_clk_wiz_0 rise edge)
                                                      3.200     3.200 r  
    BUFGCE_X1Y24         BUFGCE                       0.000     3.200 r  sys_clk_BUFGCE_inst/O
                         net (fo=1, routed)           0.923     4.123    clk_wiz_0_inst/inst/clk_in1
    MMCME3_ADV_X1Y1      MMCME3_ADV (Prop_MMCME3_ADV_CLKIN1_CLKOUT0)
                                                      0.445     4.568 r  clk_wiz_0_inst/inst/mmcme3_adv_inst/CLKOUT0
                         net (fo=1, routed)           0.372     4.940    clk_wiz_0_inst/inst/clk_out1_clk_wiz_0
    BUFGCE_X1Y25         BUFGCE (Prop_BUFCE_BUFGCE_I_O)
                                                      0.075     5.015 r  clk_wiz_0_inst/inst/clkout1_buf/O
    X1Y2 (CLOCK_ROOT)    net (fo=1528, routed)        2.288     7.303    dbg_hub/inst/BSCANID.u_xsdbm_id/CORE_XSDB.UUT_MASTER/U_ICON_INTERFACE/U_CMD6_RD/U_RD_FIFO/SUBCORE_FIFO.xsdbm_v3_0_0_rdfifo_inst/inst_fifo_gen/gconvfifo.rf/grf.rf/gntv_or_sync_fifo.mem/gdm.dm_gen.dm/RAM_reg_0_15_14_15/WCLK
    SLICE_X70Y194        RAMD32                                       r  dbg_hub/inst/BSCANID.u_xsdbm_id/CORE_XSDB.UUT_MASTER/U_ICON_INTERFACE/U_CMD6_RD/U_RD_FIFO/SUBCORE_FIFO.xsdbm_v3_0_0_rdfifo_inst/inst_fifo_gen/gconvfifo.rf/grf.rf/gntv_or_sync_fifo.mem/gdm.dm_gen.dm/RAM_reg_0_15_14_15/DP/CLK
                         clock pessimism             -0.262     7.041    
                         clock uncertainty           -0.095     6.946    
    SLICE_X70Y194        RAMD32 (Setup_G6LUT_SLICEM_CLK_WE)
                                                     -0.404     6.542    dbg_hub/inst/BSCANID.u_xsdbm_id/CORE_XSDB.UUT_MASTER/U_ICON_INTERFACE/U_CMD6_RD/U_RD_FIFO/SUBCORE_FIFO.xsdbm_v3_0_0_rdfifo_inst/inst_fifo_gen/gconvfifo.rf/grf.rf/gntv_or_sync_fifo.mem/gdm.dm_gen.dm/RAM_reg_0_15_14_15/DP
  -------------------------------------------------------------------
                         required time                          6.542    
                         arrival time                          -5.771    
  -------------------------------------------------------------------
                         slack                                  0.771    

Slack (MET) :             0.771ns  (required time - arrival time)
  Source:                 dbg_hub/inst/BSCANID.u_xsdbm_id/CORE_XSDB.UUT_MASTER/U_XSDB_BUS_CONTROLLER/auto_sl_drdy_reg/C
                            (rising edge-triggered cell FDCE clocked by clk_out1_clk_wiz_0  {rise@0.000ns fall@1.600ns period=3.200ns})
  Destination:            dbg_hub/inst/BSCANID.u_xsdbm_id/CORE_XSDB.UUT_MASTER/U_ICON_INTERFACE/U_CMD6_RD/U_RD_FIFO/SUBCORE_FIFO.xsdbm_v3_0_0_rdfifo_inst/inst_fifo_gen/gconvfifo.rf/grf.rf/gntv_or_sync_fifo.mem/gdm.dm_gen.dm/RAM_reg_0_15_14_15/SP/WE
                            (rising edge-triggered cell RAMD32 clocked by clk_out1_clk_wiz_0  {rise@0.000ns fall@1.600ns period=3.200ns})
  Path Group:             clk_out1_clk_wiz_0
  Path Type:              Setup (Max at Slow Process Corner)
  Requirement:            3.200ns  (clk_out1_clk_wiz_0 rise@3.200ns - clk_out1_clk_wiz_0 rise@0.000ns)
  Data Path Delay:        1.664ns  (logic 0.417ns (25.060%)  route 1.247ns (74.940%))
  Logic Levels:           2  (LUT2=1 LUT3=1)
  Clock Path Skew:        -0.266ns (DCD - SCD + CPR)
    Destination Clock Delay (DCD):    4.103ns = ( 7.303 - 3.200 ) 
    Source Clock Delay      (SCD):    4.107ns
    Clock Pessimism Removal (CPR):    -0.262ns
  Clock Uncertainty:      0.095ns  ((TSJ^2 + DJ^2)^1/2) / 2 + PE
    Total System Jitter     (TSJ):    0.071ns
    Discrete Jitter          (DJ):    0.176ns
    Phase Error              (PE):    0.000ns
  Clock Net Delay (Source):      2.698ns (routing 0.921ns, distribution 1.777ns)
  Clock Net Delay (Destination): 2.288ns (routing 0.846ns, distribution 1.442ns)

    Location             Delay type                Incr(ns)  Path(ns)    Netlist Resource(s)
  -------------------------------------------------------------------    -------------------
                         (clock clk_out1_clk_wiz_0 rise edge)
                                                      0.000     0.000 r  
    BUFGCE_X1Y24         BUFGCE                       0.000     0.000 r  sys_clk_BUFGCE_inst/O
                         net (fo=1, routed)           1.010     1.010    clk_wiz_0_inst/inst/clk_in1
    MMCME3_ADV_X1Y1      MMCME3_ADV (Prop_MMCME3_ADV_CLKIN1_CLKOUT0)
                                                     -0.121     0.889 r  clk_wiz_0_inst/inst/mmcme3_adv_inst/CLKOUT0
                         net (fo=1, routed)           0.437     1.326    clk_wiz_0_inst/inst/clk_out1_clk_wiz_0
    BUFGCE_X1Y25         BUFGCE (Prop_BUFCE_BUFGCE_I_O)
                                                      0.083     1.409 r  clk_wiz_0_inst/inst/clkout1_buf/O
    X1Y2 (CLOCK_ROOT)    net (fo=1528, routed)        2.698     4.107    dbg_hub/inst/BSCANID.u_xsdbm_id/CORE_XSDB.UUT_MASTER/U_XSDB_BUS_CONTROLLER/clk
    SLICE_X74Y194        FDCE                                         r  dbg_hub/inst/BSCANID.u_xsdbm_id/CORE_XSDB.UUT_MASTER/U_XSDB_BUS_CONTROLLER/auto_sl_drdy_reg/C
  -------------------------------------------------------------------    -------------------
    SLICE_X74Y194        FDCE (Prop_DFF_SLICEL_C_Q)
                                                      0.114     4.221 r  dbg_hub/inst/BSCANID.u_xsdbm_id/CORE_XSDB.UUT_MASTER/U_XSDB_BUS_CONTROLLER/auto_sl_drdy_reg/Q
                         net (fo=13, routed)          0.280     4.501    dbg_hub/inst/BSCANID.u_xsdbm_id/CORE_XSDB.UUT_MASTER/U_XSDB_BUS_CONTROLLER/auto_sl_drdy
    SLICE_X72Y196        LUT3 (Prop_D6LUT_SLICEL_I2_O)
                                                      0.188     4.689 r  dbg_hub/inst/BSCANID.u_xsdbm_id/CORE_XSDB.UUT_MASTER/U_XSDB_BUS_CONTROLLER/SUBCORE_FIFO.xsdbm_v3_0_0_rdfifo_inst_i_1/O
                         net (fo=3, routed)           0.377     5.066    dbg_hub/inst/BSCANID.u_xsdbm_id/CORE_XSDB.UUT_MASTER/U_ICON_INTERFACE/U_CMD6_RD/U_RD_FIFO/SUBCORE_FIFO.xsdbm_v3_0_0_rdfifo_inst/inst_fifo_gen/gconvfifo.rf/grf.rf/gntv_or_sync_fifo.gl0.wr/gwas.wsts/wr_en
    SLICE_X68Y197        LUT2 (Prop_D6LUT_SLICEL_I0_O)
                                                      0.115     5.181 r  dbg_hub/inst/BSCANID.u_xsdbm_id/CORE_XSDB.UUT_MASTER/U_ICON_INTERFACE/U_CMD6_RD/U_RD_FIFO/SUBCORE_FIFO.xsdbm_v3_0_0_rdfifo_inst/inst_fifo_gen/gconvfifo.rf/grf.rf/gntv_or_sync_fifo.gl0.wr/gwas.wsts/gic0.gc0.count_d1[3]_i_1/O
                         net (fo=32, routed)          0.590     5.771    dbg_hub/inst/BSCANID.u_xsdbm_id/CORE_XSDB.UUT_MASTER/U_ICON_INTERFACE/U_CMD6_RD/U_RD_FIFO/SUBCORE_FIFO.xsdbm_v3_0_0_rdfifo_inst/inst_fifo_gen/gconvfifo.rf/grf.rf/gntv_or_sync_fifo.mem/gdm.dm_gen.dm/RAM_reg_0_15_14_15/WE
    SLICE_X70Y194        RAMD32                                       r  dbg_hub/inst/BSCANID.u_xsdbm_id/CORE_XSDB.UUT_MASTER/U_ICON_INTERFACE/U_CMD6_RD/U_RD_FIFO/SUBCORE_FIFO.xsdbm_v3_0_0_rdfifo_inst/inst_fifo_gen/gconvfifo.rf/grf.rf/gntv_or_sync_fifo.mem/gdm.dm_gen.dm/RAM_reg_0_15_14_15/SP/WE
  -------------------------------------------------------------------    -------------------

                         (clock clk_out1_clk_wiz_0 rise edge)
                                                      3.200     3.200 r  
    BUFGCE_X1Y24         BUFGCE                       0.000     3.200 r  sys_clk_BUFGCE_inst/O
                         net (fo=1, routed)           0.923     4.123    clk_wiz_0_inst/inst/clk_in1
    MMCME3_ADV_X1Y1      MMCME3_ADV (Prop_MMCME3_ADV_CLKIN1_CLKOUT0)
                                                      0.445     4.568 r  clk_wiz_0_inst/inst/mmcme3_adv_inst/CLKOUT0
                         net (fo=1, routed)           0.372     4.940    clk_wiz_0_inst/inst/clk_out1_clk_wiz_0
    BUFGCE_X1Y25         BUFGCE (Prop_BUFCE_BUFGCE_I_O)
                                                      0.075     5.015 r  clk_wiz_0_inst/inst/clkout1_buf/O
    X1Y2 (CLOCK_ROOT)    net (fo=1528, routed)        2.288     7.303    dbg_hub/inst/BSCANID.u_xsdbm_id/CORE_XSDB.UUT_MASTER/U_ICON_INTERFACE/U_CMD6_RD/U_RD_FIFO/SUBCORE_FIFO.xsdbm_v3_0_0_rdfifo_inst/inst_fifo_gen/gconvfifo.rf/grf.rf/gntv_or_sync_fifo.mem/gdm.dm_gen.dm/RAM_reg_0_15_14_15/WCLK
    SLICE_X70Y194        RAMD32                                       r  dbg_hub/inst/BSCANID.u_xsdbm_id/CORE_XSDB.UUT_MASTER/U_ICON_INTERFACE/U_CMD6_RD/U_RD_FIFO/SUBCORE_FIFO.xsdbm_v3_0_0_rdfifo_inst/inst_fifo_gen/gconvfifo.rf/grf.rf/gntv_or_sync_fifo.mem/gdm.dm_gen.dm/RAM_reg_0_15_14_15/SP/CLK
                         clock pessimism             -0.262     7.041    
                         clock uncertainty           -0.095     6.946    
    SLICE_X70Y194        RAMD32 (Setup_H6LUT_SLICEM_CLK_WE)
                                                     -0.404     6.542    dbg_hub/inst/BSCANID.u_xsdbm_id/CORE_XSDB.UUT_MASTER/U_ICON_INTERFACE/U_CMD6_RD/U_RD_FIFO/SUBCORE_FIFO.xsdbm_v3_0_0_rdfifo_inst/inst_fifo_gen/gconvfifo.rf/grf.rf/gntv_or_sync_fifo.mem/gdm.dm_gen.dm/RAM_reg_0_15_14_15/SP
  -------------------------------------------------------------------
                         required time                          6.542    
                         arrival time                          -5.771    
  -------------------------------------------------------------------
                         slack                                  0.771    

Slack (MET) :             0.771ns  (required time - arrival time)
  Source:                 dbg_hub/inst/BSCANID.u_xsdbm_id/CORE_XSDB.UUT_MASTER/U_XSDB_BUS_CONTROLLER/auto_sl_drdy_reg/C
                            (rising edge-triggered cell FDCE clocked by clk_out1_clk_wiz_0  {rise@0.000ns fall@1.600ns period=3.200ns})
  Destination:            dbg_hub/inst/BSCANID.u_xsdbm_id/CORE_XSDB.UUT_MASTER/U_ICON_INTERFACE/U_CMD6_RD/U_RD_FIFO/SUBCORE_FIFO.xsdbm_v3_0_0_rdfifo_inst/inst_fifo_gen/gconvfifo.rf/grf.rf/gntv_or_sync_fifo.mem/gdm.dm_gen.dm/RAM_reg_0_15_14_15__0/DP/WE
                            (rising edge-triggered cell RAMD32 clocked by clk_out1_clk_wiz_0  {rise@0.000ns fall@1.600ns period=3.200ns})
  Path Group:             clk_out1_clk_wiz_0
  Path Type:              Setup (Max at Slow Process Corner)
  Requirement:            3.200ns  (clk_out1_clk_wiz_0 rise@3.200ns - clk_out1_clk_wiz_0 rise@0.000ns)
  Data Path Delay:        1.664ns  (logic 0.417ns (25.060%)  route 1.247ns (74.940%))
  Logic Levels:           2  (LUT2=1 LUT3=1)
  Clock Path Skew:        -0.266ns (DCD - SCD + CPR)
    Destination Clock Delay (DCD):    4.103ns = ( 7.303 - 3.200 ) 
    Source Clock Delay      (SCD):    4.107ns
    Clock Pessimism Removal (CPR):    -0.262ns
  Clock Uncertainty:      0.095ns  ((TSJ^2 + DJ^2)^1/2) / 2 + PE
    Total System Jitter     (TSJ):    0.071ns
    Discrete Jitter          (DJ):    0.176ns
    Phase Error              (PE):    0.000ns
  Clock Net Delay (Source):      2.698ns (routing 0.921ns, distribution 1.777ns)
  Clock Net Delay (Destination): 2.288ns (routing 0.846ns, distribution 1.442ns)

    Location             Delay type                Incr(ns)  Path(ns)    Netlist Resource(s)
  -------------------------------------------------------------------    -------------------
                         (clock clk_out1_clk_wiz_0 rise edge)
                                                      0.000     0.000 r  
    BUFGCE_X1Y24         BUFGCE                       0.000     0.000 r  sys_clk_BUFGCE_inst/O
                         net (fo=1, routed)           1.010     1.010    clk_wiz_0_inst/inst/clk_in1
    MMCME3_ADV_X1Y1      MMCME3_ADV (Prop_MMCME3_ADV_CLKIN1_CLKOUT0)
                                                     -0.121     0.889 r  clk_wiz_0_inst/inst/mmcme3_adv_inst/CLKOUT0
                         net (fo=1, routed)           0.437     1.326    clk_wiz_0_inst/inst/clk_out1_clk_wiz_0
    BUFGCE_X1Y25         BUFGCE (Prop_BUFCE_BUFGCE_I_O)
                                                      0.083     1.409 r  clk_wiz_0_inst/inst/clkout1_buf/O
    X1Y2 (CLOCK_ROOT)    net (fo=1528, routed)        2.698     4.107    dbg_hub/inst/BSCANID.u_xsdbm_id/CORE_XSDB.UUT_MASTER/U_XSDB_BUS_CONTROLLER/clk
    SLICE_X74Y194        FDCE                                         r  dbg_hub/inst/BSCANID.u_xsdbm_id/CORE_XSDB.UUT_MASTER/U_XSDB_BUS_CONTROLLER/auto_sl_drdy_reg/C
  -------------------------------------------------------------------    -------------------
    SLICE_X74Y194        FDCE (Prop_DFF_SLICEL_C_Q)
                                                      0.114     4.221 r  dbg_hub/inst/BSCANID.u_xsdbm_id/CORE_XSDB.UUT_MASTER/U_XSDB_BUS_CONTROLLER/auto_sl_drdy_reg/Q
                         net (fo=13, routed)          0.280     4.501    dbg_hub/inst/BSCANID.u_xsdbm_id/CORE_XSDB.UUT_MASTER/U_XSDB_BUS_CONTROLLER/auto_sl_drdy
    SLICE_X72Y196        LUT3 (Prop_D6LUT_SLICEL_I2_O)
                                                      0.188     4.689 r  dbg_hub/inst/BSCANID.u_xsdbm_id/CORE_XSDB.UUT_MASTER/U_XSDB_BUS_CONTROLLER/SUBCORE_FIFO.xsdbm_v3_0_0_rdfifo_inst_i_1/O
                         net (fo=3, routed)           0.377     5.066    dbg_hub/inst/BSCANID.u_xsdbm_id/CORE_XSDB.UUT_MASTER/U_ICON_INTERFACE/U_CMD6_RD/U_RD_FIFO/SUBCORE_FIFO.xsdbm_v3_0_0_rdfifo_inst/inst_fifo_gen/gconvfifo.rf/grf.rf/gntv_or_sync_fifo.gl0.wr/gwas.wsts/wr_en
    SLICE_X68Y197        LUT2 (Prop_D6LUT_SLICEL_I0_O)
                                                      0.115     5.181 r  dbg_hub/inst/BSCANID.u_xsdbm_id/CORE_XSDB.UUT_MASTER/U_ICON_INTERFACE/U_CMD6_RD/U_RD_FIFO/SUBCORE_FIFO.xsdbm_v3_0_0_rdfifo_inst/inst_fifo_gen/gconvfifo.rf/grf.rf/gntv_or_sync_fifo.gl0.wr/gwas.wsts/gic0.gc0.count_d1[3]_i_1/O
                         net (fo=32, routed)          0.590     5.771    dbg_hub/inst/BSCANID.u_xsdbm_id/CORE_XSDB.UUT_MASTER/U_ICON_INTERFACE/U_CMD6_RD/U_RD_FIFO/SUBCORE_FIFO.xsdbm_v3_0_0_rdfifo_inst/inst_fifo_gen/gconvfifo.rf/grf.rf/gntv_or_sync_fifo.mem/gdm.dm_gen.dm/RAM_reg_0_15_14_15__0/WE
    SLICE_X70Y194        RAMD32                                       r  dbg_hub/inst/BSCANID.u_xsdbm_id/CORE_XSDB.UUT_MASTER/U_ICON_INTERFACE/U_CMD6_RD/U_RD_FIFO/SUBCORE_FIFO.xsdbm_v3_0_0_rdfifo_inst/inst_fifo_gen/gconvfifo.rf/grf.rf/gntv_or_sync_fifo.mem/gdm.dm_gen.dm/RAM_reg_0_15_14_15__0/DP/WE
  -------------------------------------------------------------------    -------------------

                         (clock clk_out1_clk_wiz_0 rise edge)
                                                      3.200     3.200 r  
    BUFGCE_X1Y24         BUFGCE                       0.000     3.200 r  sys_clk_BUFGCE_inst/O
                         net (fo=1, routed)           0.923     4.123    clk_wiz_0_inst/inst/clk_in1
    MMCME3_ADV_X1Y1      MMCME3_ADV (Prop_MMCME3_ADV_CLKIN1_CLKOUT0)
                                                      0.445     4.568 r  clk_wiz_0_inst/inst/mmcme3_adv_inst/CLKOUT0
                         net (fo=1, routed)           0.372     4.940    clk_wiz_0_inst/inst/clk_out1_clk_wiz_0
    BUFGCE_X1Y25         BUFGCE (Prop_BUFCE_BUFGCE_I_O)
                                                      0.075     5.015 r  clk_wiz_0_inst/inst/clkout1_buf/O
    X1Y2 (CLOCK_ROOT)    net (fo=1528, routed)        2.288     7.303    dbg_hub/inst/BSCANID.u_xsdbm_id/CORE_XSDB.UUT_MASTER/U_ICON_INTERFACE/U_CMD6_RD/U_RD_FIFO/SUBCORE_FIFO.xsdbm_v3_0_0_rdfifo_inst/inst_fifo_gen/gconvfifo.rf/grf.rf/gntv_or_sync_fifo.mem/gdm.dm_gen.dm/RAM_reg_0_15_14_15__0/WCLK
    SLICE_X70Y194        RAMD32                                       r  dbg_hub/inst/BSCANID.u_xsdbm_id/CORE_XSDB.UUT_MASTER/U_ICON_INTERFACE/U_CMD6_RD/U_RD_FIFO/SUBCORE_FIFO.xsdbm_v3_0_0_rdfifo_inst/inst_fifo_gen/gconvfifo.rf/grf.rf/gntv_or_sync_fifo.mem/gdm.dm_gen.dm/RAM_reg_0_15_14_15__0/DP/CLK
                         clock pessimism             -0.262     7.041    
                         clock uncertainty           -0.095     6.946    
    SLICE_X70Y194        RAMD32 (Setup_G5LUT_SLICEM_CLK_WE)
                                                     -0.404     6.542    dbg_hub/inst/BSCANID.u_xsdbm_id/CORE_XSDB.UUT_MASTER/U_ICON_INTERFACE/U_CMD6_RD/U_RD_FIFO/SUBCORE_FIFO.xsdbm_v3_0_0_rdfifo_inst/inst_fifo_gen/gconvfifo.rf/grf.rf/gntv_or_sync_fifo.mem/gdm.dm_gen.dm/RAM_reg_0_15_14_15__0/DP
  -------------------------------------------------------------------
                         required time                          6.542    
                         arrival time                          -5.771    
  -------------------------------------------------------------------
                         slack                                  0.771    

Slack (MET) :             0.771ns  (required time - arrival time)
  Source:                 dbg_hub/inst/BSCANID.u_xsdbm_id/CORE_XSDB.UUT_MASTER/U_XSDB_BUS_CONTROLLER/auto_sl_drdy_reg/C
                            (rising edge-triggered cell FDCE clocked by clk_out1_clk_wiz_0  {rise@0.000ns fall@1.600ns period=3.200ns})
  Destination:            dbg_hub/inst/BSCANID.u_xsdbm_id/CORE_XSDB.UUT_MASTER/U_ICON_INTERFACE/U_CMD6_RD/U_RD_FIFO/SUBCORE_FIFO.xsdbm_v3_0_0_rdfifo_inst/inst_fifo_gen/gconvfifo.rf/grf.rf/gntv_or_sync_fifo.mem/gdm.dm_gen.dm/RAM_reg_0_15_14_15__0/SP/WE
                            (rising edge-triggered cell RAMD32 clocked by clk_out1_clk_wiz_0  {rise@0.000ns fall@1.600ns period=3.200ns})
  Path Group:             clk_out1_clk_wiz_0
  Path Type:              Setup (Max at Slow Process Corner)
  Requirement:            3.200ns  (clk_out1_clk_wiz_0 rise@3.200ns - clk_out1_clk_wiz_0 rise@0.000ns)
  Data Path Delay:        1.664ns  (logic 0.417ns (25.060%)  route 1.247ns (74.940%))
  Logic Levels:           2  (LUT2=1 LUT3=1)
  Clock Path Skew:        -0.266ns (DCD - SCD + CPR)
    Destination Clock Delay (DCD):    4.103ns = ( 7.303 - 3.200 ) 
    Source Clock Delay      (SCD):    4.107ns
    Clock Pessimism Removal (CPR):    -0.262ns
  Clock Uncertainty:      0.095ns  ((TSJ^2 + DJ^2)^1/2) / 2 + PE
    Total System Jitter     (TSJ):    0.071ns
    Discrete Jitter          (DJ):    0.176ns
    Phase Error              (PE):    0.000ns
  Clock Net Delay (Source):      2.698ns (routing 0.921ns, distribution 1.777ns)
  Clock Net Delay (Destination): 2.288ns (routing 0.846ns, distribution 1.442ns)

    Location             Delay type                Incr(ns)  Path(ns)    Netlist Resource(s)
  -------------------------------------------------------------------    -------------------
                         (clock clk_out1_clk_wiz_0 rise edge)
                                                      0.000     0.000 r  
    BUFGCE_X1Y24         BUFGCE                       0.000     0.000 r  sys_clk_BUFGCE_inst/O
                         net (fo=1, routed)           1.010     1.010    clk_wiz_0_inst/inst/clk_in1
    MMCME3_ADV_X1Y1      MMCME3_ADV (Prop_MMCME3_ADV_CLKIN1_CLKOUT0)
                                                     -0.121     0.889 r  clk_wiz_0_inst/inst/mmcme3_adv_inst/CLKOUT0
                         net (fo=1, routed)           0.437     1.326    clk_wiz_0_inst/inst/clk_out1_clk_wiz_0
    BUFGCE_X1Y25         BUFGCE (Prop_BUFCE_BUFGCE_I_O)
                                                      0.083     1.409 r  clk_wiz_0_inst/inst/clkout1_buf/O
    X1Y2 (CLOCK_ROOT)    net (fo=1528, routed)        2.698     4.107    dbg_hub/inst/BSCANID.u_xsdbm_id/CORE_XSDB.UUT_MASTER/U_XSDB_BUS_CONTROLLER/clk
    SLICE_X74Y194        FDCE                                         r  dbg_hub/inst/BSCANID.u_xsdbm_id/CORE_XSDB.UUT_MASTER/U_XSDB_BUS_CONTROLLER/auto_sl_drdy_reg/C
  -------------------------------------------------------------------    -------------------
    SLICE_X74Y194        FDCE (Prop_DFF_SLICEL_C_Q)
                                                      0.114     4.221 r  dbg_hub/inst/BSCANID.u_xsdbm_id/CORE_XSDB.UUT_MASTER/U_XSDB_BUS_CONTROLLER/auto_sl_drdy_reg/Q
                         net (fo=13, routed)          0.280     4.501    dbg_hub/inst/BSCANID.u_xsdbm_id/CORE_XSDB.UUT_MASTER/U_XSDB_BUS_CONTROLLER/auto_sl_drdy
    SLICE_X72Y196        LUT3 (Prop_D6LUT_SLICEL_I2_O)
                                                      0.188     4.689 r  dbg_hub/inst/BSCANID.u_xsdbm_id/CORE_XSDB.UUT_MASTER/U_XSDB_BUS_CONTROLLER/SUBCORE_FIFO.xsdbm_v3_0_0_rdfifo_inst_i_1/O
                         net (fo=3, routed)           0.377     5.066    dbg_hub/inst/BSCANID.u_xsdbm_id/CORE_XSDB.UUT_MASTER/U_ICON_INTERFACE/U_CMD6_RD/U_RD_FIFO/SUBCORE_FIFO.xsdbm_v3_0_0_rdfifo_inst/inst_fifo_gen/gconvfifo.rf/grf.rf/gntv_or_sync_fifo.gl0.wr/gwas.wsts/wr_en
    SLICE_X68Y197        LUT2 (Prop_D6LUT_SLICEL_I0_O)
                                                      0.115     5.181 r  dbg_hub/inst/BSCANID.u_xsdbm_id/CORE_XSDB.UUT_MASTER/U_ICON_INTERFACE/U_CMD6_RD/U_RD_FIFO/SUBCORE_FIFO.xsdbm_v3_0_0_rdfifo_inst/inst_fifo_gen/gconvfifo.rf/grf.rf/gntv_or_sync_fifo.gl0.wr/gwas.wsts/gic0.gc0.count_d1[3]_i_1/O
                         net (fo=32, routed)          0.590     5.771    dbg_hub/inst/BSCANID.u_xsdbm_id/CORE_XSDB.UUT_MASTER/U_ICON_INTERFACE/U_CMD6_RD/U_RD_FIFO/SUBCORE_FIFO.xsdbm_v3_0_0_rdfifo_inst/inst_fifo_gen/gconvfifo.rf/grf.rf/gntv_or_sync_fifo.mem/gdm.dm_gen.dm/RAM_reg_0_15_14_15__0/WE
    SLICE_X70Y194        RAMD32                                       r  dbg_hub/inst/BSCANID.u_xsdbm_id/CORE_XSDB.UUT_MASTER/U_ICON_INTERFACE/U_CMD6_RD/U_RD_FIFO/SUBCORE_FIFO.xsdbm_v3_0_0_rdfifo_inst/inst_fifo_gen/gconvfifo.rf/grf.rf/gntv_or_sync_fifo.mem/gdm.dm_gen.dm/RAM_reg_0_15_14_15__0/SP/WE
  -------------------------------------------------------------------    -------------------

                         (clock clk_out1_clk_wiz_0 rise edge)
                                                      3.200     3.200 r  
    BUFGCE_X1Y24         BUFGCE                       0.000     3.200 r  sys_clk_BUFGCE_inst/O
                         net (fo=1, routed)           0.923     4.123    clk_wiz_0_inst/inst/clk_in1
    MMCME3_ADV_X1Y1      MMCME3_ADV (Prop_MMCME3_ADV_CLKIN1_CLKOUT0)
                                                      0.445     4.568 r  clk_wiz_0_inst/inst/mmcme3_adv_inst/CLKOUT0
                         net (fo=1, routed)           0.372     4.940    clk_wiz_0_inst/inst/clk_out1_clk_wiz_0
    BUFGCE_X1Y25         BUFGCE (Prop_BUFCE_BUFGCE_I_O)
                                                      0.075     5.015 r  clk_wiz_0_inst/inst/clkout1_buf/O
    X1Y2 (CLOCK_ROOT)    net (fo=1528, routed)        2.288     7.303    dbg_hub/inst/BSCANID.u_xsdbm_id/CORE_XSDB.UUT_MASTER/U_ICON_INTERFACE/U_CMD6_RD/U_RD_FIFO/SUBCORE_FIFO.xsdbm_v3_0_0_rdfifo_inst/inst_fifo_gen/gconvfifo.rf/grf.rf/gntv_or_sync_fifo.mem/gdm.dm_gen.dm/RAM_reg_0_15_14_15__0/WCLK
    SLICE_X70Y194        RAMD32                                       r  dbg_hub/inst/BSCANID.u_xsdbm_id/CORE_XSDB.UUT_MASTER/U_ICON_INTERFACE/U_CMD6_RD/U_RD_FIFO/SUBCORE_FIFO.xsdbm_v3_0_0_rdfifo_inst/inst_fifo_gen/gconvfifo.rf/grf.rf/gntv_or_sync_fifo.mem/gdm.dm_gen.dm/RAM_reg_0_15_14_15__0/SP/CLK
                         clock pessimism             -0.262     7.041    
                         clock uncertainty           -0.095     6.946    
    SLICE_X70Y194        RAMD32 (Setup_H5LUT_SLICEM_CLK_WE)
                                                     -0.404     6.542    dbg_hub/inst/BSCANID.u_xsdbm_id/CORE_XSDB.UUT_MASTER/U_ICON_INTERFACE/U_CMD6_RD/U_RD_FIFO/SUBCORE_FIFO.xsdbm_v3_0_0_rdfifo_inst/inst_fifo_gen/gconvfifo.rf/grf.rf/gntv_or_sync_fifo.mem/gdm.dm_gen.dm/RAM_reg_0_15_14_15__0/SP
  -------------------------------------------------------------------
                         required time                          6.542    
                         arrival time                          -5.771    
  -------------------------------------------------------------------
                         slack                                  0.771    

Slack (MET) :             0.774ns  (required time - arrival time)
  Source:                 u_ila_0/inst/ila_core_inst/u_ila_regs/U_XSDB_SLAVE/G_1PIPE_IFACE.s_daddr_r_reg[9]/C
                            (rising edge-triggered cell FDRE clocked by clk_out1_clk_wiz_0  {rise@0.000ns fall@1.600ns period=3.200ns})
  Destination:            u_ila_0/inst/ila_core_inst/xsdb_memory_read_inst/read_addr_reg[2]/CE
                            (rising edge-triggered cell FDRE clocked by clk_out1_clk_wiz_0  {rise@0.000ns fall@1.600ns period=3.200ns})
  Path Group:             clk_out1_clk_wiz_0
  Path Type:              Setup (Max at Slow Process Corner)
  Requirement:            3.200ns  (clk_out1_clk_wiz_0 rise@3.200ns - clk_out1_clk_wiz_0 rise@0.000ns)
  Data Path Delay:        1.917ns  (logic 0.488ns (25.456%)  route 1.429ns (74.544%))
  Logic Levels:           4  (LUT2=1 LUT4=1 LUT6=2)
  Clock Path Skew:        -0.367ns (DCD - SCD + CPR)
    Destination Clock Delay (DCD):    4.075ns = ( 7.275 - 3.200 ) 
    Source Clock Delay      (SCD):    4.111ns
    Clock Pessimism Removal (CPR):    -0.331ns
  Clock Uncertainty:      0.095ns  ((TSJ^2 + DJ^2)^1/2) / 2 + PE
    Total System Jitter     (TSJ):    0.071ns
    Discrete Jitter          (DJ):    0.176ns
    Phase Error              (PE):    0.000ns
  Clock Net Delay (Source):      2.702ns (routing 0.921ns, distribution 1.781ns)
  Clock Net Delay (Destination): 2.260ns (routing 0.846ns, distribution 1.414ns)

    Location             Delay type                Incr(ns)  Path(ns)    Netlist Resource(s)
  -------------------------------------------------------------------    -------------------
                         (clock clk_out1_clk_wiz_0 rise edge)
                                                      0.000     0.000 r  
    BUFGCE_X1Y24         BUFGCE                       0.000     0.000 r  sys_clk_BUFGCE_inst/O
                         net (fo=1, routed)           1.010     1.010    clk_wiz_0_inst/inst/clk_in1
    MMCME3_ADV_X1Y1      MMCME3_ADV (Prop_MMCME3_ADV_CLKIN1_CLKOUT0)
                                                     -0.121     0.889 r  clk_wiz_0_inst/inst/mmcme3_adv_inst/CLKOUT0
                         net (fo=1, routed)           0.437     1.326    clk_wiz_0_inst/inst/clk_out1_clk_wiz_0
    BUFGCE_X1Y25         BUFGCE (Prop_BUFCE_BUFGCE_I_O)
                                                      0.083     1.409 r  clk_wiz_0_inst/inst/clkout1_buf/O
    X1Y2 (CLOCK_ROOT)    net (fo=1528, routed)        2.702     4.111    u_ila_0/inst/ila_core_inst/u_ila_regs/U_XSDB_SLAVE/sl_iport_i[1]
    SLICE_X73Y181        FDRE                                         r  u_ila_0/inst/ila_core_inst/u_ila_regs/U_XSDB_SLAVE/G_1PIPE_IFACE.s_daddr_r_reg[9]/C
  -------------------------------------------------------------------    -------------------
    SLICE_X73Y181        FDRE (Prop_HFF2_SLICEM_C_Q)
                                                      0.117     4.228 f  u_ila_0/inst/ila_core_inst/u_ila_regs/U_XSDB_SLAVE/G_1PIPE_IFACE.s_daddr_r_reg[9]/Q
                         net (fo=27, routed)          0.389     4.617    u_ila_0/inst/ila_core_inst/u_ila_regs/reg_stream_ffe/s_daddr_i[9]
    SLICE_X73Y181        LUT6 (Prop_H6LUT_SLICEM_I0_O)
                                                      0.120     4.737 f  u_ila_0/inst/ila_core_inst/u_ila_regs/reg_stream_ffe/en_o_INST_0_i_1/O
                         net (fo=1, routed)           0.126     4.863    u_ila_0/inst/ila_core_inst/u_ila_regs/reg_stream_ffe/en_o_INST_0_i_1_n_0
    SLICE_X73Y181        LUT4 (Prop_D5LUT_SLICEM_I0_O)
                                                      0.136     4.999 f  u_ila_0/inst/ila_core_inst/u_ila_regs/reg_stream_ffe/en_o_INST_0/O
                         net (fo=5, routed)           0.289     5.288    u_ila_0/inst/ila_core_inst/xsdb_memory_read_inst/EN_I
    SLICE_X71Y180        LUT6 (Prop_F6LUT_SLICEM_I2_O)
                                                      0.075     5.363 r  u_ila_0/inst/ila_core_inst/xsdb_memory_read_inst/read_addr[9]_i_3/O
                         net (fo=12, routed)          0.315     5.678    u_ila_0/inst/ila_core_inst/xsdb_memory_read_inst/next_state__0[0]
    SLICE_X70Y178        LUT2 (Prop_E6LUT_SLICEM_I1_O)
                                                      0.040     5.718 r  u_ila_0/inst/ila_core_inst/xsdb_memory_read_inst/read_addr[9]_i_1/O
                         net (fo=10, routed)          0.310     6.028    u_ila_0/inst/ila_core_inst/xsdb_memory_read_inst/read_addr0
    SLICE_X70Y176        FDRE                                         r  u_ila_0/inst/ila_core_inst/xsdb_memory_read_inst/read_addr_reg[2]/CE
  -------------------------------------------------------------------    -------------------

                         (clock clk_out1_clk_wiz_0 rise edge)
                                                      3.200     3.200 r  
    BUFGCE_X1Y24         BUFGCE                       0.000     3.200 r  sys_clk_BUFGCE_inst/O
                         net (fo=1, routed)           0.923     4.123    clk_wiz_0_inst/inst/clk_in1
    MMCME3_ADV_X1Y1      MMCME3_ADV (Prop_MMCME3_ADV_CLKIN1_CLKOUT0)
                                                      0.445     4.568 r  clk_wiz_0_inst/inst/mmcme3_adv_inst/CLKOUT0
                         net (fo=1, routed)           0.372     4.940    clk_wiz_0_inst/inst/clk_out1_clk_wiz_0
    BUFGCE_X1Y25         BUFGCE (Prop_BUFCE_BUFGCE_I_O)
                                                      0.075     5.015 r  clk_wiz_0_inst/inst/clkout1_buf/O
    X1Y2 (CLOCK_ROOT)    net (fo=1528, routed)        2.260     7.275    u_ila_0/inst/ila_core_inst/xsdb_memory_read_inst/CLK_I
    SLICE_X70Y176        FDRE                                         r  u_ila_0/inst/ila_core_inst/xsdb_memory_read_inst/read_addr_reg[2]/C
                         clock pessimism             -0.331     6.944    
                         clock uncertainty           -0.095     6.849    
    SLICE_X70Y176        FDRE (Setup_GFF_SLICEM_C_CE)
                                                     -0.047     6.802    u_ila_0/inst/ila_core_inst/xsdb_memory_read_inst/read_addr_reg[2]
  -------------------------------------------------------------------
                         required time                          6.802    
                         arrival time                          -6.028    
  -------------------------------------------------------------------
                         slack                                  0.774    

Slack (MET) :             0.774ns  (required time - arrival time)
  Source:                 u_ila_0/inst/ila_core_inst/u_ila_regs/U_XSDB_SLAVE/G_1PIPE_IFACE.s_daddr_r_reg[9]/C
                            (rising edge-triggered cell FDRE clocked by clk_out1_clk_wiz_0  {rise@0.000ns fall@1.600ns period=3.200ns})
  Destination:            u_ila_0/inst/ila_core_inst/xsdb_memory_read_inst/read_addr_reg[4]/CE
                            (rising edge-triggered cell FDRE clocked by clk_out1_clk_wiz_0  {rise@0.000ns fall@1.600ns period=3.200ns})
  Path Group:             clk_out1_clk_wiz_0
  Path Type:              Setup (Max at Slow Process Corner)
  Requirement:            3.200ns  (clk_out1_clk_wiz_0 rise@3.200ns - clk_out1_clk_wiz_0 rise@0.000ns)
  Data Path Delay:        1.917ns  (logic 0.488ns (25.456%)  route 1.429ns (74.544%))
  Logic Levels:           4  (LUT2=1 LUT4=1 LUT6=2)
  Clock Path Skew:        -0.367ns (DCD - SCD + CPR)
    Destination Clock Delay (DCD):    4.075ns = ( 7.275 - 3.200 ) 
    Source Clock Delay      (SCD):    4.111ns
    Clock Pessimism Removal (CPR):    -0.331ns
  Clock Uncertainty:      0.095ns  ((TSJ^2 + DJ^2)^1/2) / 2 + PE
    Total System Jitter     (TSJ):    0.071ns
    Discrete Jitter          (DJ):    0.176ns
    Phase Error              (PE):    0.000ns
  Clock Net Delay (Source):      2.702ns (routing 0.921ns, distribution 1.781ns)
  Clock Net Delay (Destination): 2.260ns (routing 0.846ns, distribution 1.414ns)

    Location             Delay type                Incr(ns)  Path(ns)    Netlist Resource(s)
  -------------------------------------------------------------------    -------------------
                         (clock clk_out1_clk_wiz_0 rise edge)
                                                      0.000     0.000 r  
    BUFGCE_X1Y24         BUFGCE                       0.000     0.000 r  sys_clk_BUFGCE_inst/O
                         net (fo=1, routed)           1.010     1.010    clk_wiz_0_inst/inst/clk_in1
    MMCME3_ADV_X1Y1      MMCME3_ADV (Prop_MMCME3_ADV_CLKIN1_CLKOUT0)
                                                     -0.121     0.889 r  clk_wiz_0_inst/inst/mmcme3_adv_inst/CLKOUT0
                         net (fo=1, routed)           0.437     1.326    clk_wiz_0_inst/inst/clk_out1_clk_wiz_0
    BUFGCE_X1Y25         BUFGCE (Prop_BUFCE_BUFGCE_I_O)
                                                      0.083     1.409 r  clk_wiz_0_inst/inst/clkout1_buf/O
    X1Y2 (CLOCK_ROOT)    net (fo=1528, routed)        2.702     4.111    u_ila_0/inst/ila_core_inst/u_ila_regs/U_XSDB_SLAVE/sl_iport_i[1]
    SLICE_X73Y181        FDRE                                         r  u_ila_0/inst/ila_core_inst/u_ila_regs/U_XSDB_SLAVE/G_1PIPE_IFACE.s_daddr_r_reg[9]/C
  -------------------------------------------------------------------    -------------------
    SLICE_X73Y181        FDRE (Prop_HFF2_SLICEM_C_Q)
                                                      0.117     4.228 f  u_ila_0/inst/ila_core_inst/u_ila_regs/U_XSDB_SLAVE/G_1PIPE_IFACE.s_daddr_r_reg[9]/Q
                         net (fo=27, routed)          0.389     4.617    u_ila_0/inst/ila_core_inst/u_ila_regs/reg_stream_ffe/s_daddr_i[9]
    SLICE_X73Y181        LUT6 (Prop_H6LUT_SLICEM_I0_O)
                                                      0.120     4.737 f  u_ila_0/inst/ila_core_inst/u_ila_regs/reg_stream_ffe/en_o_INST_0_i_1/O
                         net (fo=1, routed)           0.126     4.863    u_ila_0/inst/ila_core_inst/u_ila_regs/reg_stream_ffe/en_o_INST_0_i_1_n_0
    SLICE_X73Y181        LUT4 (Prop_D5LUT_SLICEM_I0_O)
                                                      0.136     4.999 f  u_ila_0/inst/ila_core_inst/u_ila_regs/reg_stream_ffe/en_o_INST_0/O
                         net (fo=5, routed)           0.289     5.288    u_ila_0/inst/ila_core_inst/xsdb_memory_read_inst/EN_I
    SLICE_X71Y180        LUT6 (Prop_F6LUT_SLICEM_I2_O)
                                                      0.075     5.363 r  u_ila_0/inst/ila_core_inst/xsdb_memory_read_inst/read_addr[9]_i_3/O
                         net (fo=12, routed)          0.315     5.678    u_ila_0/inst/ila_core_inst/xsdb_memory_read_inst/next_state__0[0]
    SLICE_X70Y178        LUT2 (Prop_E6LUT_SLICEM_I1_O)
                                                      0.040     5.718 r  u_ila_0/inst/ila_core_inst/xsdb_memory_read_inst/read_addr[9]_i_1/O
                         net (fo=10, routed)          0.310     6.028    u_ila_0/inst/ila_core_inst/xsdb_memory_read_inst/read_addr0
    SLICE_X70Y176        FDRE                                         r  u_ila_0/inst/ila_core_inst/xsdb_memory_read_inst/read_addr_reg[4]/CE
  -------------------------------------------------------------------    -------------------

                         (clock clk_out1_clk_wiz_0 rise edge)
                                                      3.200     3.200 r  
    BUFGCE_X1Y24         BUFGCE                       0.000     3.200 r  sys_clk_BUFGCE_inst/O
                         net (fo=1, routed)           0.923     4.123    clk_wiz_0_inst/inst/clk_in1
    MMCME3_ADV_X1Y1      MMCME3_ADV (Prop_MMCME3_ADV_CLKIN1_CLKOUT0)
                                                      0.445     4.568 r  clk_wiz_0_inst/inst/mmcme3_adv_inst/CLKOUT0
                         net (fo=1, routed)           0.372     4.940    clk_wiz_0_inst/inst/clk_out1_clk_wiz_0
    BUFGCE_X1Y25         BUFGCE (Prop_BUFCE_BUFGCE_I_O)
                                                      0.075     5.015 r  clk_wiz_0_inst/inst/clkout1_buf/O
    X1Y2 (CLOCK_ROOT)    net (fo=1528, routed)        2.260     7.275    u_ila_0/inst/ila_core_inst/xsdb_memory_read_inst/CLK_I
    SLICE_X70Y176        FDRE                                         r  u_ila_0/inst/ila_core_inst/xsdb_memory_read_inst/read_addr_reg[4]/C
                         clock pessimism             -0.331     6.944    
                         clock uncertainty           -0.095     6.849    
    SLICE_X70Y176        FDRE (Setup_HFF_SLICEM_C_CE)
                                                     -0.047     6.802    u_ila_0/inst/ila_core_inst/xsdb_memory_read_inst/read_addr_reg[4]
  -------------------------------------------------------------------
                         required time                          6.802    
                         arrival time                          -6.028    
  -------------------------------------------------------------------
                         slack                                  0.774    

Slack (MET) :             0.775ns  (required time - arrival time)
  Source:                 dbg_hub/inst/BSCANID.u_xsdbm_id/CORE_XSDB.UUT_MASTER/U_XSDB_BUS_CONTROLLER/U_TIMER/timeout_reg/C
                            (rising edge-triggered cell FDRE clocked by clk_out1_clk_wiz_0  {rise@0.000ns fall@1.600ns period=3.200ns})
  Destination:            dbg_hub/inst/BSCANID.u_xsdbm_id/CORE_XSDB.UUT_MASTER/U_XSDB_BUS_CONTROLLER/in_normal_mode_reg/CE
                            (rising edge-triggered cell FDCE clocked by clk_out1_clk_wiz_0  {rise@0.000ns fall@1.600ns period=3.200ns})
  Path Group:             clk_out1_clk_wiz_0
  Path Type:              Setup (Max at Slow Process Corner)
  Requirement:            3.200ns  (clk_out1_clk_wiz_0 rise@3.200ns - clk_out1_clk_wiz_0 rise@0.000ns)
  Data Path Delay:        2.134ns  (logic 0.670ns (31.396%)  route 1.464ns (68.604%))
  Logic Levels:           4  (LUT5=2 LUT6=2)
  Clock Path Skew:        -0.146ns (DCD - SCD + CPR)
    Destination Clock Delay (DCD):    4.208ns = ( 7.408 - 3.200 ) 
    Source Clock Delay      (SCD):    4.107ns
    Clock Pessimism Removal (CPR):    -0.247ns
  Clock Uncertainty:      0.095ns  ((TSJ^2 + DJ^2)^1/2) / 2 + PE
    Total System Jitter     (TSJ):    0.071ns
    Discrete Jitter          (DJ):    0.176ns
    Phase Error              (PE):    0.000ns
  Clock Net Delay (Source):      2.698ns (routing 0.921ns, distribution 1.777ns)
  Clock Net Delay (Destination): 2.393ns (routing 0.846ns, distribution 1.547ns)

    Location             Delay type                Incr(ns)  Path(ns)    Netlist Resource(s)
  -------------------------------------------------------------------    -------------------
                         (clock clk_out1_clk_wiz_0 rise edge)
                                                      0.000     0.000 r  
    BUFGCE_X1Y24         BUFGCE                       0.000     0.000 r  sys_clk_BUFGCE_inst/O
                         net (fo=1, routed)           1.010     1.010    clk_wiz_0_inst/inst/clk_in1
    MMCME3_ADV_X1Y1      MMCME3_ADV (Prop_MMCME3_ADV_CLKIN1_CLKOUT0)
                                                     -0.121     0.889 r  clk_wiz_0_inst/inst/mmcme3_adv_inst/CLKOUT0
                         net (fo=1, routed)           0.437     1.326    clk_wiz_0_inst/inst/clk_out1_clk_wiz_0
    BUFGCE_X1Y25         BUFGCE (Prop_BUFCE_BUFGCE_I_O)
                                                      0.083     1.409 r  clk_wiz_0_inst/inst/clkout1_buf/O
    X1Y2 (CLOCK_ROOT)    net (fo=1528, routed)        2.698     4.107    dbg_hub/inst/BSCANID.u_xsdbm_id/CORE_XSDB.UUT_MASTER/U_XSDB_BUS_CONTROLLER/U_TIMER/clk
    SLICE_X73Y193        FDRE                                         r  dbg_hub/inst/BSCANID.u_xsdbm_id/CORE_XSDB.UUT_MASTER/U_XSDB_BUS_CONTROLLER/U_TIMER/timeout_reg/C
  -------------------------------------------------------------------    -------------------
    SLICE_X73Y193        FDRE (Prop_HFF2_SLICEM_C_Q)
                                                      0.117     4.224 r  dbg_hub/inst/BSCANID.u_xsdbm_id/CORE_XSDB.UUT_MASTER/U_XSDB_BUS_CONTROLLER/U_TIMER/timeout_reg/Q
                         net (fo=19, routed)          0.350     4.574    dbg_hub/inst/BSCANID.u_xsdbm_id/CORE_XSDB.UUT_MASTER/U_XSDB_BUS_CONTROLLER/U_TIMER/ack_timeout
    SLICE_X71Y194        LUT5 (Prop_G6LUT_SLICEM_I1_O)
                                                      0.193     4.767 r  dbg_hub/inst/BSCANID.u_xsdbm_id/CORE_XSDB.UUT_MASTER/U_XSDB_BUS_CONTROLLER/U_TIMER/FSM_onehot_current_state[2]_i_2/O
                         net (fo=2, routed)           0.224     4.991    dbg_hub/inst/BSCANID.u_xsdbm_id/CORE_XSDB.UUT_MASTER/U_XSDB_BUS_CONTROLLER/U_TIMER/FSM_onehot_current_state_reg[1]
    SLICE_X73Y195        LUT6 (Prop_C6LUT_SLICEM_I0_O)
                                                      0.132     5.123 f  dbg_hub/inst/BSCANID.u_xsdbm_id/CORE_XSDB.UUT_MASTER/U_XSDB_BUS_CONTROLLER/U_TIMER/in_normal_mode_i_4/O
                         net (fo=2, routed)           0.249     5.372    dbg_hub/inst/BSCANID.u_xsdbm_id/CORE_XSDB.UUT_MASTER/U_XSDB_BUS_CONTROLLER/U_RD_ABORT_FLAG/in_normal_mode_reg_1
    SLICE_X73Y195        LUT6 (Prop_D6LUT_SLICEM_I5_O)
                                                      0.135     5.507 r  dbg_hub/inst/BSCANID.u_xsdbm_id/CORE_XSDB.UUT_MASTER/U_XSDB_BUS_CONTROLLER/U_RD_ABORT_FLAG/in_normal_mode_i_1/O
                         net (fo=23, routed)          0.308     5.815    dbg_hub/inst/BSCANID.u_xsdbm_id/CORE_XSDB.UUT_MASTER/U_XSDB_BUS_CONTROLLER/U_TIMER/ma_err_r_reg[0]_0
    SLICE_X72Y197        LUT5 (Prop_C5LUT_SLICEL_I3_O)
                                                      0.093     5.908 r  dbg_hub/inst/BSCANID.u_xsdbm_id/CORE_XSDB.UUT_MASTER/U_XSDB_BUS_CONTROLLER/U_TIMER/sl_rst_r[0]_i_1/O
                         net (fo=2, routed)           0.333     6.241    dbg_hub/inst/BSCANID.u_xsdbm_id/CORE_XSDB.UUT_MASTER/U_XSDB_BUS_CONTROLLER/in_normal_mode
    SLICE_X72Y196        FDCE                                         r  dbg_hub/inst/BSCANID.u_xsdbm_id/CORE_XSDB.UUT_MASTER/U_XSDB_BUS_CONTROLLER/in_normal_mode_reg/CE
  -------------------------------------------------------------------    -------------------

                         (clock clk_out1_clk_wiz_0 rise edge)
                                                      3.200     3.200 r  
    BUFGCE_X1Y24         BUFGCE                       0.000     3.200 r  sys_clk_BUFGCE_inst/O
                         net (fo=1, routed)           0.923     4.123    clk_wiz_0_inst/inst/clk_in1
    MMCME3_ADV_X1Y1      MMCME3_ADV (Prop_MMCME3_ADV_CLKIN1_CLKOUT0)
                                                      0.445     4.568 r  clk_wiz_0_inst/inst/mmcme3_adv_inst/CLKOUT0
                         net (fo=1, routed)           0.372     4.940    clk_wiz_0_inst/inst/clk_out1_clk_wiz_0
    BUFGCE_X1Y25         BUFGCE (Prop_BUFCE_BUFGCE_I_O)
                                                      0.075     5.015 r  clk_wiz_0_inst/inst/clkout1_buf/O
    X1Y2 (CLOCK_ROOT)    net (fo=1528, routed)        2.393     7.408    dbg_hub/inst/BSCANID.u_xsdbm_id/CORE_XSDB.UUT_MASTER/U_XSDB_BUS_CONTROLLER/clk
    SLICE_X72Y196        FDCE                                         r  dbg_hub/inst/BSCANID.u_xsdbm_id/CORE_XSDB.UUT_MASTER/U_XSDB_BUS_CONTROLLER/in_normal_mode_reg/C
                         clock pessimism             -0.247     7.161    
                         clock uncertainty           -0.095     7.066    
    SLICE_X72Y196        FDCE (Setup_HFF2_SLICEL_C_CE)
                                                     -0.050     7.016    dbg_hub/inst/BSCANID.u_xsdbm_id/CORE_XSDB.UUT_MASTER/U_XSDB_BUS_CONTROLLER/in_normal_mode_reg
  -------------------------------------------------------------------
                         required time                          7.016    
                         arrival time                          -6.241    
  -------------------------------------------------------------------
                         slack                                  0.775    

Slack (MET) :             0.778ns  (required time - arrival time)
  Source:                 dbg_hub/inst/BSCANID.u_xsdbm_id/CORE_XSDB.UUT_MASTER/U_XSDB_BUS_CONTROLLER/U_TIMER/timeout_reg/C
                            (rising edge-triggered cell FDRE clocked by clk_out1_clk_wiz_0  {rise@0.000ns fall@1.600ns period=3.200ns})
  Destination:            dbg_hub/inst/BSCANID.u_xsdbm_id/CORE_XSDB.UUT_MASTER/U_XSDB_BUS_CONTROLLER/sl_rst_r_reg[0]/CE
                            (rising edge-triggered cell FDCE clocked by clk_out1_clk_wiz_0  {rise@0.000ns fall@1.600ns period=3.200ns})
  Path Group:             clk_out1_clk_wiz_0
  Path Type:              Setup (Max at Slow Process Corner)
  Requirement:            3.200ns  (clk_out1_clk_wiz_0 rise@3.200ns - clk_out1_clk_wiz_0 rise@0.000ns)
  Data Path Delay:        2.134ns  (logic 0.670ns (31.396%)  route 1.464ns (68.604%))
  Logic Levels:           4  (LUT5=2 LUT6=2)
  Clock Path Skew:        -0.145ns (DCD - SCD + CPR)
    Destination Clock Delay (DCD):    4.209ns = ( 7.409 - 3.200 ) 
    Source Clock Delay      (SCD):    4.107ns
    Clock Pessimism Removal (CPR):    -0.247ns
  Clock Uncertainty:      0.095ns  ((TSJ^2 + DJ^2)^1/2) / 2 + PE
    Total System Jitter     (TSJ):    0.071ns
    Discrete Jitter          (DJ):    0.176ns
    Phase Error              (PE):    0.000ns
  Clock Net Delay (Source):      2.698ns (routing 0.921ns, distribution 1.777ns)
  Clock Net Delay (Destination): 2.394ns (routing 0.846ns, distribution 1.548ns)

    Location             Delay type                Incr(ns)  Path(ns)    Netlist Resource(s)
  -------------------------------------------------------------------    -------------------
                         (clock clk_out1_clk_wiz_0 rise edge)
                                                      0.000     0.000 r  
    BUFGCE_X1Y24         BUFGCE                       0.000     0.000 r  sys_clk_BUFGCE_inst/O
                         net (fo=1, routed)           1.010     1.010    clk_wiz_0_inst/inst/clk_in1
    MMCME3_ADV_X1Y1      MMCME3_ADV (Prop_MMCME3_ADV_CLKIN1_CLKOUT0)
                                                     -0.121     0.889 r  clk_wiz_0_inst/inst/mmcme3_adv_inst/CLKOUT0
                         net (fo=1, routed)           0.437     1.326    clk_wiz_0_inst/inst/clk_out1_clk_wiz_0
    BUFGCE_X1Y25         BUFGCE (Prop_BUFCE_BUFGCE_I_O)
                                                      0.083     1.409 r  clk_wiz_0_inst/inst/clkout1_buf/O
    X1Y2 (CLOCK_ROOT)    net (fo=1528, routed)        2.698     4.107    dbg_hub/inst/BSCANID.u_xsdbm_id/CORE_XSDB.UUT_MASTER/U_XSDB_BUS_CONTROLLER/U_TIMER/clk
    SLICE_X73Y193        FDRE                                         r  dbg_hub/inst/BSCANID.u_xsdbm_id/CORE_XSDB.UUT_MASTER/U_XSDB_BUS_CONTROLLER/U_TIMER/timeout_reg/C
  -------------------------------------------------------------------    -------------------
    SLICE_X73Y193        FDRE (Prop_HFF2_SLICEM_C_Q)
                                                      0.117     4.224 r  dbg_hub/inst/BSCANID.u_xsdbm_id/CORE_XSDB.UUT_MASTER/U_XSDB_BUS_CONTROLLER/U_TIMER/timeout_reg/Q
                         net (fo=19, routed)          0.350     4.574    dbg_hub/inst/BSCANID.u_xsdbm_id/CORE_XSDB.UUT_MASTER/U_XSDB_BUS_CONTROLLER/U_TIMER/ack_timeout
    SLICE_X71Y194        LUT5 (Prop_G6LUT_SLICEM_I1_O)
                                                      0.193     4.767 r  dbg_hub/inst/BSCANID.u_xsdbm_id/CORE_XSDB.UUT_MASTER/U_XSDB_BUS_CONTROLLER/U_TIMER/FSM_onehot_current_state[2]_i_2/O
                         net (fo=2, routed)           0.224     4.991    dbg_hub/inst/BSCANID.u_xsdbm_id/CORE_XSDB.UUT_MASTER/U_XSDB_BUS_CONTROLLER/U_TIMER/FSM_onehot_current_state_reg[1]
    SLICE_X73Y195        LUT6 (Prop_C6LUT_SLICEM_I0_O)
                                                      0.132     5.123 f  dbg_hub/inst/BSCANID.u_xsdbm_id/CORE_XSDB.UUT_MASTER/U_XSDB_BUS_CONTROLLER/U_TIMER/in_normal_mode_i_4/O
                         net (fo=2, routed)           0.249     5.372    dbg_hub/inst/BSCANID.u_xsdbm_id/CORE_XSDB.UUT_MASTER/U_XSDB_BUS_CONTROLLER/U_RD_ABORT_FLAG/in_normal_mode_reg_1
    SLICE_X73Y195        LUT6 (Prop_D6LUT_SLICEM_I5_O)
                                                      0.135     5.507 r  dbg_hub/inst/BSCANID.u_xsdbm_id/CORE_XSDB.UUT_MASTER/U_XSDB_BUS_CONTROLLER/U_RD_ABORT_FLAG/in_normal_mode_i_1/O
                         net (fo=23, routed)          0.308     5.815    dbg_hub/inst/BSCANID.u_xsdbm_id/CORE_XSDB.UUT_MASTER/U_XSDB_BUS_CONTROLLER/U_TIMER/ma_err_r_reg[0]_0
    SLICE_X72Y197        LUT5 (Prop_C5LUT_SLICEL_I3_O)
                                                      0.093     5.908 r  dbg_hub/inst/BSCANID.u_xsdbm_id/CORE_XSDB.UUT_MASTER/U_XSDB_BUS_CONTROLLER/U_TIMER/sl_rst_r[0]_i_1/O
                         net (fo=2, routed)           0.333     6.241    dbg_hub/inst/BSCANID.u_xsdbm_id/CORE_XSDB.UUT_MASTER/U_XSDB_BUS_CONTROLLER/in_normal_mode
    SLICE_X71Y196        FDCE                                         r  dbg_hub/inst/BSCANID.u_xsdbm_id/CORE_XSDB.UUT_MASTER/U_XSDB_BUS_CONTROLLER/sl_rst_r_reg[0]/CE
  -------------------------------------------------------------------    -------------------

                         (clock clk_out1_clk_wiz_0 rise edge)
                                                      3.200     3.200 r  
    BUFGCE_X1Y24         BUFGCE                       0.000     3.200 r  sys_clk_BUFGCE_inst/O
                         net (fo=1, routed)           0.923     4.123    clk_wiz_0_inst/inst/clk_in1
    MMCME3_ADV_X1Y1      MMCME3_ADV (Prop_MMCME3_ADV_CLKIN1_CLKOUT0)
                                                      0.445     4.568 r  clk_wiz_0_inst/inst/mmcme3_adv_inst/CLKOUT0
                         net (fo=1, routed)           0.372     4.940    clk_wiz_0_inst/inst/clk_out1_clk_wiz_0
    BUFGCE_X1Y25         BUFGCE (Prop_BUFCE_BUFGCE_I_O)
                                                      0.075     5.015 r  clk_wiz_0_inst/inst/clkout1_buf/O
    X1Y2 (CLOCK_ROOT)    net (fo=1528, routed)        2.394     7.409    dbg_hub/inst/BSCANID.u_xsdbm_id/CORE_XSDB.UUT_MASTER/U_XSDB_BUS_CONTROLLER/clk
    SLICE_X71Y196        FDCE                                         r  dbg_hub/inst/BSCANID.u_xsdbm_id/CORE_XSDB.UUT_MASTER/U_XSDB_BUS_CONTROLLER/sl_rst_r_reg[0]/C
                         clock pessimism             -0.247     7.162    
                         clock uncertainty           -0.095     7.067    
    SLICE_X71Y196        FDCE (Setup_DFF2_SLICEM_C_CE)
                                                     -0.048     7.019    dbg_hub/inst/BSCANID.u_xsdbm_id/CORE_XSDB.UUT_MASTER/U_XSDB_BUS_CONTROLLER/sl_rst_r_reg[0]
  -------------------------------------------------------------------
                         required time                          7.019    
                         arrival time                          -6.241    
  -------------------------------------------------------------------
                         slack                                  0.778    

Slack (MET) :             0.790ns  (required time - arrival time)
  Source:                 u_ila_0/inst/ila_core_inst/u_ila_regs/U_XSDB_SLAVE/G_1PIPE_IFACE.s_daddr_r_reg[4]/C
                            (rising edge-triggered cell FDRE clocked by clk_out1_clk_wiz_0  {rise@0.000ns fall@1.600ns period=3.200ns})
  Destination:            u_ila_0/inst/ila_core_inst/u_ila_regs/slaveRegDo_mux_0_reg[0]/D
                            (rising edge-triggered cell FDRE clocked by clk_out1_clk_wiz_0  {rise@0.000ns fall@1.600ns period=3.200ns})
  Path Group:             clk_out1_clk_wiz_0
  Path Type:              Setup (Max at Slow Process Corner)
  Requirement:            3.200ns  (clk_out1_clk_wiz_0 rise@3.200ns - clk_out1_clk_wiz_0 rise@0.000ns)
  Data Path Delay:        2.008ns  (logic 0.456ns (22.709%)  route 1.552ns (77.291%))
  Logic Levels:           4  (LUT5=2 LUT6=2)
  Clock Path Skew:        -0.367ns (DCD - SCD + CPR)
    Destination Clock Delay (DCD):    4.075ns = ( 7.275 - 3.200 ) 
    Source Clock Delay      (SCD):    4.111ns
    Clock Pessimism Removal (CPR):    -0.331ns
  Clock Uncertainty:      0.095ns  ((TSJ^2 + DJ^2)^1/2) / 2 + PE
    Total System Jitter     (TSJ):    0.071ns
    Discrete Jitter          (DJ):    0.176ns
    Phase Error              (PE):    0.000ns
  Clock Net Delay (Source):      2.702ns (routing 0.921ns, distribution 1.781ns)
  Clock Net Delay (Destination): 2.260ns (routing 0.846ns, distribution 1.414ns)

    Location             Delay type                Incr(ns)  Path(ns)    Netlist Resource(s)
  -------------------------------------------------------------------    -------------------
                         (clock clk_out1_clk_wiz_0 rise edge)
                                                      0.000     0.000 r  
    BUFGCE_X1Y24         BUFGCE                       0.000     0.000 r  sys_clk_BUFGCE_inst/O
                         net (fo=1, routed)           1.010     1.010    clk_wiz_0_inst/inst/clk_in1
    MMCME3_ADV_X1Y1      MMCME3_ADV (Prop_MMCME3_ADV_CLKIN1_CLKOUT0)
                                                     -0.121     0.889 r  clk_wiz_0_inst/inst/mmcme3_adv_inst/CLKOUT0
                         net (fo=1, routed)           0.437     1.326    clk_wiz_0_inst/inst/clk_out1_clk_wiz_0
    BUFGCE_X1Y25         BUFGCE (Prop_BUFCE_BUFGCE_I_O)
                                                      0.083     1.409 r  clk_wiz_0_inst/inst/clkout1_buf/O
    X1Y2 (CLOCK_ROOT)    net (fo=1528, routed)        2.702     4.111    u_ila_0/inst/ila_core_inst/u_ila_regs/U_XSDB_SLAVE/sl_iport_i[1]
    SLICE_X73Y181        FDRE                                         r  u_ila_0/inst/ila_core_inst/u_ila_regs/U_XSDB_SLAVE/G_1PIPE_IFACE.s_daddr_r_reg[4]/C
  -------------------------------------------------------------------    -------------------
    SLICE_X73Y181        FDRE (Prop_FFF_SLICEM_C_Q)
                                                      0.114     4.225 r  u_ila_0/inst/ila_core_inst/u_ila_regs/U_XSDB_SLAVE/G_1PIPE_IFACE.s_daddr_r_reg[4]/Q
                         net (fo=35, routed)          0.673     4.898    u_ila_0/inst/ila_core_inst/u_ila_regs/s_daddr[4]
    SLICE_X72Y172        LUT5 (Prop_D6LUT_SLICEL_I1_O)
                                                      0.188     5.086 r  u_ila_0/inst/ila_core_inst/u_ila_regs/slaveRegDo_mux_0[15]_i_11/O
                         net (fo=16, routed)          0.398     5.484    u_ila_0/inst/ila_core_inst/u_ila_regs/slaveRegDo_mux_0[15]_i_11_n_0
    SLICE_X69Y175        LUT6 (Prop_G6LUT_SLICEL_I0_O)
                                                      0.071     5.555 r  u_ila_0/inst/ila_core_inst/u_ila_regs/slaveRegDo_mux_0[0]_i_6/O
                         net (fo=1, routed)           0.223     5.778    u_ila_0/inst/ila_core_inst/u_ila_regs/slaveRegDo_mux_0[0]_i_6_n_0
    SLICE_X69Y175        LUT6 (Prop_H6LUT_SLICEL_I0_O)
                                                      0.040     5.818 r  u_ila_0/inst/ila_core_inst/u_ila_regs/slaveRegDo_mux_0[0]_i_3/O
                         net (fo=1, routed)           0.231     6.049    u_ila_0/inst/ila_core_inst/u_ila_regs/slaveRegDo_mux_0[0]_i_3_n_0
    SLICE_X70Y177        LUT5 (Prop_H6LUT_SLICEM_I2_O)
                                                      0.043     6.092 r  u_ila_0/inst/ila_core_inst/u_ila_regs/slaveRegDo_mux_0[0]_i_1/O
                         net (fo=1, routed)           0.027     6.119    u_ila_0/inst/ila_core_inst/u_ila_regs/slaveRegDo_mux_0[0]_i_1_n_0
    SLICE_X70Y177        FDRE                                         r  u_ila_0/inst/ila_core_inst/u_ila_regs/slaveRegDo_mux_0_reg[0]/D
  -------------------------------------------------------------------    -------------------

                         (clock clk_out1_clk_wiz_0 rise edge)
                                                      3.200     3.200 r  
    BUFGCE_X1Y24         BUFGCE                       0.000     3.200 r  sys_clk_BUFGCE_inst/O
                         net (fo=1, routed)           0.923     4.123    clk_wiz_0_inst/inst/clk_in1
    MMCME3_ADV_X1Y1      MMCME3_ADV (Prop_MMCME3_ADV_CLKIN1_CLKOUT0)
                                                      0.445     4.568 r  clk_wiz_0_inst/inst/mmcme3_adv_inst/CLKOUT0
                         net (fo=1, routed)           0.372     4.940    clk_wiz_0_inst/inst/clk_out1_clk_wiz_0
    BUFGCE_X1Y25         BUFGCE (Prop_BUFCE_BUFGCE_I_O)
                                                      0.075     5.015 r  clk_wiz_0_inst/inst/clkout1_buf/O
    X1Y2 (CLOCK_ROOT)    net (fo=1528, routed)        2.260     7.275    u_ila_0/inst/ila_core_inst/u_ila_regs/s_dclk_o
    SLICE_X70Y177        FDRE                                         r  u_ila_0/inst/ila_core_inst/u_ila_regs/slaveRegDo_mux_0_reg[0]/C
                         clock pessimism             -0.331     6.944    
                         clock uncertainty           -0.095     6.849    
    SLICE_X70Y177        FDRE (Setup_HFF_SLICEM_C_D)
                                                      0.060     6.909    u_ila_0/inst/ila_core_inst/u_ila_regs/slaveRegDo_mux_0_reg[0]
  -------------------------------------------------------------------
                         required time                          6.909    
                         arrival time                          -6.119    
  -------------------------------------------------------------------
                         slack                                  0.790    





Min Delay Paths
--------------------------------------------------------------------------------------
Slack (MET) :             0.013ns  (arrival time - required time)
  Source:                 u_ila_0/inst/ila_core_inst/u_ila_cap_ctrl/u_cap_addrgen/u_cap_window_counter/u_wcnt_hcmp/allx_typeA_match_detection.ltlib_v1_0_0_allx_typeA_inst/DUT/I_WHOLE_SLICE.G_SLICE_IDX[1].U_ALL_SRL_SLICE/u_srlC/S1/CLK
                            (rising edge-triggered cell SRLC32E clocked by clk_out1_clk_wiz_0  {rise@0.000ns fall@1.600ns period=3.200ns})
  Destination:            u_ila_0/inst/ila_core_inst/u_ila_cap_ctrl/u_cap_addrgen/u_cap_window_counter/u_wcnt_hcmp/allx_typeA_match_detection.ltlib_v1_0_0_allx_typeA_inst/DUT/I_WHOLE_SLICE.G_SLICE_IDX[1].U_ALL_SRL_SLICE/u_srlB/S2/D
                            (rising edge-triggered cell SRL16E clocked by clk_out1_clk_wiz_0  {rise@0.000ns fall@1.600ns period=3.200ns})
  Path Group:             clk_out1_clk_wiz_0
  Path Type:              Hold (Min at Fast Process Corner)
  Requirement:            0.000ns  (clk_out1_clk_wiz_0 rise@0.000ns - clk_out1_clk_wiz_0 rise@0.000ns)
  Data Path Delay:        0.145ns  (logic 0.145ns (100.000%)  route 0.000ns (0.000%))
  Logic Levels:           0  
  Clock Path Skew:        0.009ns (DCD - SCD - CPR)
    Destination Clock Delay (DCD):    1.865ns
    Source Clock Delay      (SCD):    2.037ns
    Clock Pessimism Removal (CPR):    -0.181ns
  Clock Net Delay (Source):      1.169ns (routing 0.449ns, distribution 0.720ns)
  Clock Net Delay (Destination): 1.375ns (routing 0.499ns, distribution 0.876ns)

    Location             Delay type                Incr(ns)  Path(ns)    Netlist Resource(s)
  -------------------------------------------------------------------    -------------------
                         (clock clk_out1_clk_wiz_0 rise edge)
                                                      0.000     0.000 r  
    BUFGCE_X1Y24         BUFGCE                       0.000     0.000 r  sys_clk_BUFGCE_inst/O
                         net (fo=1, routed)           0.404     0.404    clk_wiz_0_inst/inst/clk_in1
    MMCME3_ADV_X1Y1      MMCME3_ADV (Prop_MMCME3_ADV_CLKIN1_CLKOUT0)
                                                      0.270     0.674 r  clk_wiz_0_inst/inst/mmcme3_adv_inst/CLKOUT0
                         net (fo=1, routed)           0.167     0.841    clk_wiz_0_inst/inst/clk_out1_clk_wiz_0
    BUFGCE_X1Y25         BUFGCE (Prop_BUFCE_BUFGCE_I_O)
                                                      0.027     0.868 r  clk_wiz_0_inst/inst/clkout1_buf/O
    X1Y2 (CLOCK_ROOT)    net (fo=1528, routed)        1.169     2.037    u_ila_0/inst/ila_core_inst/u_ila_cap_ctrl/u_cap_addrgen/u_cap_window_counter/u_wcnt_hcmp/allx_typeA_match_detection.ltlib_v1_0_0_allx_typeA_inst/DUT/I_WHOLE_SLICE.G_SLICE_IDX[1].U_ALL_SRL_SLICE/u_srlC/CLK
    SLICE_X65Y172        SRLC32E                                      r  u_ila_0/inst/ila_core_inst/u_ila_cap_ctrl/u_cap_addrgen/u_cap_window_counter/u_wcnt_hcmp/allx_typeA_match_detection.ltlib_v1_0_0_allx_typeA_inst/DUT/I_WHOLE_SLICE.G_SLICE_IDX[1].U_ALL_SRL_SLICE/u_srlC/S1/CLK
  -------------------------------------------------------------------    -------------------
    SLICE_X65Y172        SRLC32E (Prop_C6LUT_SLICEM_CLK_Q31)
                                                      0.145     2.182 r  u_ila_0/inst/ila_core_inst/u_ila_cap_ctrl/u_cap_addrgen/u_cap_window_counter/u_wcnt_hcmp/allx_typeA_match_detection.ltlib_v1_0_0_allx_typeA_inst/DUT/I_WHOLE_SLICE.G_SLICE_IDX[1].U_ALL_SRL_SLICE/u_srlC/S1/Q31
                         net (fo=2, unplaced)         0.000     2.182    u_ila_0/inst/ila_core_inst/u_ila_cap_ctrl/u_cap_addrgen/u_cap_window_counter/u_wcnt_hcmp/allx_typeA_match_detection.ltlib_v1_0_0_allx_typeA_inst/DUT/I_WHOLE_SLICE.G_SLICE_IDX[1].U_ALL_SRL_SLICE/u_srlB/CDI
    SLICE_X65Y172        SRL16E                                       r  u_ila_0/inst/ila_core_inst/u_ila_cap_ctrl/u_cap_addrgen/u_cap_window_counter/u_wcnt_hcmp/allx_typeA_match_detection.ltlib_v1_0_0_allx_typeA_inst/DUT/I_WHOLE_SLICE.G_SLICE_IDX[1].U_ALL_SRL_SLICE/u_srlB/S2/D
  -------------------------------------------------------------------    -------------------

                         (clock clk_out1_clk_wiz_0 rise edge)
                                                      0.000     0.000 r  
    BUFGCE_X1Y24         BUFGCE                       0.000     0.000 r  sys_clk_BUFGCE_inst/O
                         net (fo=1, routed)           0.457     0.457    clk_wiz_0_inst/inst/clk_in1
    MMCME3_ADV_X1Y1      MMCME3_ADV (Prop_MMCME3_ADV_CLKIN1_CLKOUT0)
                                                     -0.207     0.250 r  clk_wiz_0_inst/inst/mmcme3_adv_inst/CLKOUT0
                         net (fo=1, routed)           0.209     0.459    clk_wiz_0_inst/inst/clk_out1_clk_wiz_0
    BUFGCE_X1Y25         BUFGCE (Prop_BUFCE_BUFGCE_I_O)
                                                      0.031     0.490 r  clk_wiz_0_inst/inst/clkout1_buf/O
    X1Y2 (CLOCK_ROOT)    net (fo=1528, routed)        1.375     1.865    u_ila_0/inst/ila_core_inst/u_ila_cap_ctrl/u_cap_addrgen/u_cap_window_counter/u_wcnt_hcmp/allx_typeA_match_detection.ltlib_v1_0_0_allx_typeA_inst/DUT/I_WHOLE_SLICE.G_SLICE_IDX[1].U_ALL_SRL_SLICE/u_srlB/CLK
    SLICE_X65Y172        SRL16E                                       r  u_ila_0/inst/ila_core_inst/u_ila_cap_ctrl/u_cap_addrgen/u_cap_window_counter/u_wcnt_hcmp/allx_typeA_match_detection.ltlib_v1_0_0_allx_typeA_inst/DUT/I_WHOLE_SLICE.G_SLICE_IDX[1].U_ALL_SRL_SLICE/u_srlB/S2/CLK
                         clock pessimism              0.181     2.046    
    SLICE_X65Y172        SRL16E (Hold_B5LUT_SLICEM_CLK_D)
                                                      0.123     2.169    u_ila_0/inst/ila_core_inst/u_ila_cap_ctrl/u_cap_addrgen/u_cap_window_counter/u_wcnt_hcmp/allx_typeA_match_detection.ltlib_v1_0_0_allx_typeA_inst/DUT/I_WHOLE_SLICE.G_SLICE_IDX[1].U_ALL_SRL_SLICE/u_srlB/S2
  -------------------------------------------------------------------
                         required time                         -2.169    
                         arrival time                           2.182    
  -------------------------------------------------------------------
                         slack                                  0.013    

Slack (MET) :             0.013ns  (arrival time - required time)
  Source:                 u_ila_0/inst/ila_core_inst/u_ila_cap_ctrl/u_cap_addrgen/u_cap_window_counter/u_wcnt_hcmp/allx_typeA_match_detection.ltlib_v1_0_0_allx_typeA_inst/DUT/I_WHOLE_SLICE.G_SLICE_IDX[1].U_ALL_SRL_SLICE/u_srlD/S1/CLK
                            (rising edge-triggered cell SRLC32E clocked by clk_out1_clk_wiz_0  {rise@0.000ns fall@1.600ns period=3.200ns})
  Destination:            u_ila_0/inst/ila_core_inst/u_ila_cap_ctrl/u_cap_addrgen/u_cap_window_counter/u_wcnt_hcmp/allx_typeA_match_detection.ltlib_v1_0_0_allx_typeA_inst/DUT/I_WHOLE_SLICE.G_SLICE_IDX[1].U_ALL_SRL_SLICE/u_srlC/S2/D
                            (rising edge-triggered cell SRL16E clocked by clk_out1_clk_wiz_0  {rise@0.000ns fall@1.600ns period=3.200ns})
  Path Group:             clk_out1_clk_wiz_0
  Path Type:              Hold (Min at Fast Process Corner)
  Requirement:            0.000ns  (clk_out1_clk_wiz_0 rise@0.000ns - clk_out1_clk_wiz_0 rise@0.000ns)
  Data Path Delay:        0.145ns  (logic 0.145ns (100.000%)  route 0.000ns (0.000%))
  Logic Levels:           0  
  Clock Path Skew:        0.009ns (DCD - SCD - CPR)
    Destination Clock Delay (DCD):    1.865ns
    Source Clock Delay      (SCD):    2.037ns
    Clock Pessimism Removal (CPR):    -0.181ns
  Clock Net Delay (Source):      1.169ns (routing 0.449ns, distribution 0.720ns)
  Clock Net Delay (Destination): 1.375ns (routing 0.499ns, distribution 0.876ns)

    Location             Delay type                Incr(ns)  Path(ns)    Netlist Resource(s)
  -------------------------------------------------------------------    -------------------
                         (clock clk_out1_clk_wiz_0 rise edge)
                                                      0.000     0.000 r  
    BUFGCE_X1Y24         BUFGCE                       0.000     0.000 r  sys_clk_BUFGCE_inst/O
                         net (fo=1, routed)           0.404     0.404    clk_wiz_0_inst/inst/clk_in1
    MMCME3_ADV_X1Y1      MMCME3_ADV (Prop_MMCME3_ADV_CLKIN1_CLKOUT0)
                                                      0.270     0.674 r  clk_wiz_0_inst/inst/mmcme3_adv_inst/CLKOUT0
                         net (fo=1, routed)           0.167     0.841    clk_wiz_0_inst/inst/clk_out1_clk_wiz_0
    BUFGCE_X1Y25         BUFGCE (Prop_BUFCE_BUFGCE_I_O)
                                                      0.027     0.868 r  clk_wiz_0_inst/inst/clkout1_buf/O
    X1Y2 (CLOCK_ROOT)    net (fo=1528, routed)        1.169     2.037    u_ila_0/inst/ila_core_inst/u_ila_cap_ctrl/u_cap_addrgen/u_cap_window_counter/u_wcnt_hcmp/allx_typeA_match_detection.ltlib_v1_0_0_allx_typeA_inst/DUT/I_WHOLE_SLICE.G_SLICE_IDX[1].U_ALL_SRL_SLICE/u_srlD/CLK
    SLICE_X65Y172        SRLC32E                                      r  u_ila_0/inst/ila_core_inst/u_ila_cap_ctrl/u_cap_addrgen/u_cap_window_counter/u_wcnt_hcmp/allx_typeA_match_detection.ltlib_v1_0_0_allx_typeA_inst/DUT/I_WHOLE_SLICE.G_SLICE_IDX[1].U_ALL_SRL_SLICE/u_srlD/S1/CLK
  -------------------------------------------------------------------    -------------------
    SLICE_X65Y172        SRLC32E (Prop_D6LUT_SLICEM_CLK_Q31)
                                                      0.145     2.182 r  u_ila_0/inst/ila_core_inst/u_ila_cap_ctrl/u_cap_addrgen/u_cap_window_counter/u_wcnt_hcmp/allx_typeA_match_detection.ltlib_v1_0_0_allx_typeA_inst/DUT/I_WHOLE_SLICE.G_SLICE_IDX[1].U_ALL_SRL_SLICE/u_srlD/S1/Q31
                         net (fo=2, unplaced)         0.000     2.182    u_ila_0/inst/ila_core_inst/u_ila_cap_ctrl/u_cap_addrgen/u_cap_window_counter/u_wcnt_hcmp/allx_typeA_match_detection.ltlib_v1_0_0_allx_typeA_inst/DUT/I_WHOLE_SLICE.G_SLICE_IDX[1].U_ALL_SRL_SLICE/u_srlC/CDI
    SLICE_X65Y172        SRL16E                                       r  u_ila_0/inst/ila_core_inst/u_ila_cap_ctrl/u_cap_addrgen/u_cap_window_counter/u_wcnt_hcmp/allx_typeA_match_detection.ltlib_v1_0_0_allx_typeA_inst/DUT/I_WHOLE_SLICE.G_SLICE_IDX[1].U_ALL_SRL_SLICE/u_srlC/S2/D
  -------------------------------------------------------------------    -------------------

                         (clock clk_out1_clk_wiz_0 rise edge)
                                                      0.000     0.000 r  
    BUFGCE_X1Y24         BUFGCE                       0.000     0.000 r  sys_clk_BUFGCE_inst/O
                         net (fo=1, routed)           0.457     0.457    clk_wiz_0_inst/inst/clk_in1
    MMCME3_ADV_X1Y1      MMCME3_ADV (Prop_MMCME3_ADV_CLKIN1_CLKOUT0)
                                                     -0.207     0.250 r  clk_wiz_0_inst/inst/mmcme3_adv_inst/CLKOUT0
                         net (fo=1, routed)           0.209     0.459    clk_wiz_0_inst/inst/clk_out1_clk_wiz_0
    BUFGCE_X1Y25         BUFGCE (Prop_BUFCE_BUFGCE_I_O)
                                                      0.031     0.490 r  clk_wiz_0_inst/inst/clkout1_buf/O
    X1Y2 (CLOCK_ROOT)    net (fo=1528, routed)        1.375     1.865    u_ila_0/inst/ila_core_inst/u_ila_cap_ctrl/u_cap_addrgen/u_cap_window_counter/u_wcnt_hcmp/allx_typeA_match_detection.ltlib_v1_0_0_allx_typeA_inst/DUT/I_WHOLE_SLICE.G_SLICE_IDX[1].U_ALL_SRL_SLICE/u_srlC/CLK
    SLICE_X65Y172        SRL16E                                       r  u_ila_0/inst/ila_core_inst/u_ila_cap_ctrl/u_cap_addrgen/u_cap_window_counter/u_wcnt_hcmp/allx_typeA_match_detection.ltlib_v1_0_0_allx_typeA_inst/DUT/I_WHOLE_SLICE.G_SLICE_IDX[1].U_ALL_SRL_SLICE/u_srlC/S2/CLK
                         clock pessimism              0.181     2.046    
    SLICE_X65Y172        SRL16E (Hold_C5LUT_SLICEM_CLK_D)
                                                      0.123     2.169    u_ila_0/inst/ila_core_inst/u_ila_cap_ctrl/u_cap_addrgen/u_cap_window_counter/u_wcnt_hcmp/allx_typeA_match_detection.ltlib_v1_0_0_allx_typeA_inst/DUT/I_WHOLE_SLICE.G_SLICE_IDX[1].U_ALL_SRL_SLICE/u_srlC/S2
  -------------------------------------------------------------------
                         required time                         -2.169    
                         arrival time                           2.182    
  -------------------------------------------------------------------
                         slack                                  0.013    

Slack (MET) :             0.013ns  (arrival time - required time)
  Source:                 u_ila_0/inst/ila_core_inst/u_ila_cap_ctrl/u_cap_addrgen/u_cap_window_counter/u_wcnt_lcmp/allx_typeA_match_detection.ltlib_v1_0_0_allx_typeA_inst/DUT/I_WHOLE_SLICE.G_SLICE_IDX[1].U_ALL_SRL_SLICE/u_srlC/S1/CLK
                            (rising edge-triggered cell SRLC32E clocked by clk_out1_clk_wiz_0  {rise@0.000ns fall@1.600ns period=3.200ns})
  Destination:            u_ila_0/inst/ila_core_inst/u_ila_cap_ctrl/u_cap_addrgen/u_cap_window_counter/u_wcnt_lcmp/allx_typeA_match_detection.ltlib_v1_0_0_allx_typeA_inst/DUT/I_WHOLE_SLICE.G_SLICE_IDX[1].U_ALL_SRL_SLICE/u_srlB/S2/D
                            (rising edge-triggered cell SRL16E clocked by clk_out1_clk_wiz_0  {rise@0.000ns fall@1.600ns period=3.200ns})
  Path Group:             clk_out1_clk_wiz_0
  Path Type:              Hold (Min at Fast Process Corner)
  Requirement:            0.000ns  (clk_out1_clk_wiz_0 rise@0.000ns - clk_out1_clk_wiz_0 rise@0.000ns)
  Data Path Delay:        0.145ns  (logic 0.145ns (100.000%)  route 0.000ns (0.000%))
  Logic Levels:           0  
  Clock Path Skew:        0.009ns (DCD - SCD - CPR)
    Destination Clock Delay (DCD):    1.845ns
    Source Clock Delay      (SCD):    2.027ns
    Clock Pessimism Removal (CPR):    -0.191ns
  Clock Net Delay (Source):      1.159ns (routing 0.449ns, distribution 0.710ns)
  Clock Net Delay (Destination): 1.355ns (routing 0.499ns, distribution 0.856ns)

    Location             Delay type                Incr(ns)  Path(ns)    Netlist Resource(s)
  -------------------------------------------------------------------    -------------------
                         (clock clk_out1_clk_wiz_0 rise edge)
                                                      0.000     0.000 r  
    BUFGCE_X1Y24         BUFGCE                       0.000     0.000 r  sys_clk_BUFGCE_inst/O
                         net (fo=1, routed)           0.404     0.404    clk_wiz_0_inst/inst/clk_in1
    MMCME3_ADV_X1Y1      MMCME3_ADV (Prop_MMCME3_ADV_CLKIN1_CLKOUT0)
                                                      0.270     0.674 r  clk_wiz_0_inst/inst/mmcme3_adv_inst/CLKOUT0
                         net (fo=1, routed)           0.167     0.841    clk_wiz_0_inst/inst/clk_out1_clk_wiz_0
    BUFGCE_X1Y25         BUFGCE (Prop_BUFCE_BUFGCE_I_O)
                                                      0.027     0.868 r  clk_wiz_0_inst/inst/clkout1_buf/O
    X1Y2 (CLOCK_ROOT)    net (fo=1528, routed)        1.159     2.027    u_ila_0/inst/ila_core_inst/u_ila_cap_ctrl/u_cap_addrgen/u_cap_window_counter/u_wcnt_lcmp/allx_typeA_match_detection.ltlib_v1_0_0_allx_typeA_inst/DUT/I_WHOLE_SLICE.G_SLICE_IDX[1].U_ALL_SRL_SLICE/u_srlC/CLK
    SLICE_X64Y174        SRLC32E                                      r  u_ila_0/inst/ila_core_inst/u_ila_cap_ctrl/u_cap_addrgen/u_cap_window_counter/u_wcnt_lcmp/allx_typeA_match_detection.ltlib_v1_0_0_allx_typeA_inst/DUT/I_WHOLE_SLICE.G_SLICE_IDX[1].U_ALL_SRL_SLICE/u_srlC/S1/CLK
  -------------------------------------------------------------------    -------------------
    SLICE_X64Y174        SRLC32E (Prop_C6LUT_SLICEM_CLK_Q31)
                                                      0.145     2.172 r  u_ila_0/inst/ila_core_inst/u_ila_cap_ctrl/u_cap_addrgen/u_cap_window_counter/u_wcnt_lcmp/allx_typeA_match_detection.ltlib_v1_0_0_allx_typeA_inst/DUT/I_WHOLE_SLICE.G_SLICE_IDX[1].U_ALL_SRL_SLICE/u_srlC/S1/Q31
                         net (fo=2, unplaced)         0.000     2.172    u_ila_0/inst/ila_core_inst/u_ila_cap_ctrl/u_cap_addrgen/u_cap_window_counter/u_wcnt_lcmp/allx_typeA_match_detection.ltlib_v1_0_0_allx_typeA_inst/DUT/I_WHOLE_SLICE.G_SLICE_IDX[1].U_ALL_SRL_SLICE/u_srlB/CDI
    SLICE_X64Y174        SRL16E                                       r  u_ila_0/inst/ila_core_inst/u_ila_cap_ctrl/u_cap_addrgen/u_cap_window_counter/u_wcnt_lcmp/allx_typeA_match_detection.ltlib_v1_0_0_allx_typeA_inst/DUT/I_WHOLE_SLICE.G_SLICE_IDX[1].U_ALL_SRL_SLICE/u_srlB/S2/D
  -------------------------------------------------------------------    -------------------

                         (clock clk_out1_clk_wiz_0 rise edge)
                                                      0.000     0.000 r  
    BUFGCE_X1Y24         BUFGCE                       0.000     0.000 r  sys_clk_BUFGCE_inst/O
                         net (fo=1, routed)           0.457     0.457    clk_wiz_0_inst/inst/clk_in1
    MMCME3_ADV_X1Y1      MMCME3_ADV (Prop_MMCME3_ADV_CLKIN1_CLKOUT0)
                                                     -0.207     0.250 r  clk_wiz_0_inst/inst/mmcme3_adv_inst/CLKOUT0
                         net (fo=1, routed)           0.209     0.459    clk_wiz_0_inst/inst/clk_out1_clk_wiz_0
    BUFGCE_X1Y25         BUFGCE (Prop_BUFCE_BUFGCE_I_O)
                                                      0.031     0.490 r  clk_wiz_0_inst/inst/clkout1_buf/O
    X1Y2 (CLOCK_ROOT)    net (fo=1528, routed)        1.355     1.845    u_ila_0/inst/ila_core_inst/u_ila_cap_ctrl/u_cap_addrgen/u_cap_window_counter/u_wcnt_lcmp/allx_typeA_match_detection.ltlib_v1_0_0_allx_typeA_inst/DUT/I_WHOLE_SLICE.G_SLICE_IDX[1].U_ALL_SRL_SLICE/u_srlB/CLK
    SLICE_X64Y174        SRL16E                                       r  u_ila_0/inst/ila_core_inst/u_ila_cap_ctrl/u_cap_addrgen/u_cap_window_counter/u_wcnt_lcmp/allx_typeA_match_detection.ltlib_v1_0_0_allx_typeA_inst/DUT/I_WHOLE_SLICE.G_SLICE_IDX[1].U_ALL_SRL_SLICE/u_srlB/S2/CLK
                         clock pessimism              0.191     2.036    
    SLICE_X64Y174        SRL16E (Hold_B5LUT_SLICEM_CLK_D)
                                                      0.123     2.159    u_ila_0/inst/ila_core_inst/u_ila_cap_ctrl/u_cap_addrgen/u_cap_window_counter/u_wcnt_lcmp/allx_typeA_match_detection.ltlib_v1_0_0_allx_typeA_inst/DUT/I_WHOLE_SLICE.G_SLICE_IDX[1].U_ALL_SRL_SLICE/u_srlB/S2
  -------------------------------------------------------------------
                         required time                         -2.159    
                         arrival time                           2.172    
  -------------------------------------------------------------------
                         slack                                  0.013    

Slack (MET) :             0.013ns  (arrival time - required time)
  Source:                 u_ila_0/inst/ila_core_inst/u_ila_cap_ctrl/u_cap_addrgen/u_cap_window_counter/u_wcnt_lcmp/allx_typeA_match_detection.ltlib_v1_0_0_allx_typeA_inst/DUT/I_WHOLE_SLICE.G_SLICE_IDX[1].U_ALL_SRL_SLICE/u_srlD/S1/CLK
                            (rising edge-triggered cell SRLC32E clocked by clk_out1_clk_wiz_0  {rise@0.000ns fall@1.600ns period=3.200ns})
  Destination:            u_ila_0/inst/ila_core_inst/u_ila_cap_ctrl/u_cap_addrgen/u_cap_window_counter/u_wcnt_lcmp/allx_typeA_match_detection.ltlib_v1_0_0_allx_typeA_inst/DUT/I_WHOLE_SLICE.G_SLICE_IDX[1].U_ALL_SRL_SLICE/u_srlC/S2/D
                            (rising edge-triggered cell SRL16E clocked by clk_out1_clk_wiz_0  {rise@0.000ns fall@1.600ns period=3.200ns})
  Path Group:             clk_out1_clk_wiz_0
  Path Type:              Hold (Min at Fast Process Corner)
  Requirement:            0.000ns  (clk_out1_clk_wiz_0 rise@0.000ns - clk_out1_clk_wiz_0 rise@0.000ns)
  Data Path Delay:        0.145ns  (logic 0.145ns (100.000%)  route 0.000ns (0.000%))
  Logic Levels:           0  
  Clock Path Skew:        0.009ns (DCD - SCD - CPR)
    Destination Clock Delay (DCD):    1.845ns
    Source Clock Delay      (SCD):    2.027ns
    Clock Pessimism Removal (CPR):    -0.191ns
  Clock Net Delay (Source):      1.159ns (routing 0.449ns, distribution 0.710ns)
  Clock Net Delay (Destination): 1.355ns (routing 0.499ns, distribution 0.856ns)

    Location             Delay type                Incr(ns)  Path(ns)    Netlist Resource(s)
  -------------------------------------------------------------------    -------------------
                         (clock clk_out1_clk_wiz_0 rise edge)
                                                      0.000     0.000 r  
    BUFGCE_X1Y24         BUFGCE                       0.000     0.000 r  sys_clk_BUFGCE_inst/O
                         net (fo=1, routed)           0.404     0.404    clk_wiz_0_inst/inst/clk_in1
    MMCME3_ADV_X1Y1      MMCME3_ADV (Prop_MMCME3_ADV_CLKIN1_CLKOUT0)
                                                      0.270     0.674 r  clk_wiz_0_inst/inst/mmcme3_adv_inst/CLKOUT0
                         net (fo=1, routed)           0.167     0.841    clk_wiz_0_inst/inst/clk_out1_clk_wiz_0
    BUFGCE_X1Y25         BUFGCE (Prop_BUFCE_BUFGCE_I_O)
                                                      0.027     0.868 r  clk_wiz_0_inst/inst/clkout1_buf/O
    X1Y2 (CLOCK_ROOT)    net (fo=1528, routed)        1.159     2.027    u_ila_0/inst/ila_core_inst/u_ila_cap_ctrl/u_cap_addrgen/u_cap_window_counter/u_wcnt_lcmp/allx_typeA_match_detection.ltlib_v1_0_0_allx_typeA_inst/DUT/I_WHOLE_SLICE.G_SLICE_IDX[1].U_ALL_SRL_SLICE/u_srlD/CLK
    SLICE_X64Y174        SRLC32E                                      r  u_ila_0/inst/ila_core_inst/u_ila_cap_ctrl/u_cap_addrgen/u_cap_window_counter/u_wcnt_lcmp/allx_typeA_match_detection.ltlib_v1_0_0_allx_typeA_inst/DUT/I_WHOLE_SLICE.G_SLICE_IDX[1].U_ALL_SRL_SLICE/u_srlD/S1/CLK
  -------------------------------------------------------------------    -------------------
    SLICE_X64Y174        SRLC32E (Prop_D6LUT_SLICEM_CLK_Q31)
                                                      0.145     2.172 r  u_ila_0/inst/ila_core_inst/u_ila_cap_ctrl/u_cap_addrgen/u_cap_window_counter/u_wcnt_lcmp/allx_typeA_match_detection.ltlib_v1_0_0_allx_typeA_inst/DUT/I_WHOLE_SLICE.G_SLICE_IDX[1].U_ALL_SRL_SLICE/u_srlD/S1/Q31
                         net (fo=2, unplaced)         0.000     2.172    u_ila_0/inst/ila_core_inst/u_ila_cap_ctrl/u_cap_addrgen/u_cap_window_counter/u_wcnt_lcmp/allx_typeA_match_detection.ltlib_v1_0_0_allx_typeA_inst/DUT/I_WHOLE_SLICE.G_SLICE_IDX[1].U_ALL_SRL_SLICE/u_srlC/CDI
    SLICE_X64Y174        SRL16E                                       r  u_ila_0/inst/ila_core_inst/u_ila_cap_ctrl/u_cap_addrgen/u_cap_window_counter/u_wcnt_lcmp/allx_typeA_match_detection.ltlib_v1_0_0_allx_typeA_inst/DUT/I_WHOLE_SLICE.G_SLICE_IDX[1].U_ALL_SRL_SLICE/u_srlC/S2/D
  -------------------------------------------------------------------    -------------------

                         (clock clk_out1_clk_wiz_0 rise edge)
                                                      0.000     0.000 r  
    BUFGCE_X1Y24         BUFGCE                       0.000     0.000 r  sys_clk_BUFGCE_inst/O
                         net (fo=1, routed)           0.457     0.457    clk_wiz_0_inst/inst/clk_in1
    MMCME3_ADV_X1Y1      MMCME3_ADV (Prop_MMCME3_ADV_CLKIN1_CLKOUT0)
                                                     -0.207     0.250 r  clk_wiz_0_inst/inst/mmcme3_adv_inst/CLKOUT0
                         net (fo=1, routed)           0.209     0.459    clk_wiz_0_inst/inst/clk_out1_clk_wiz_0
    BUFGCE_X1Y25         BUFGCE (Prop_BUFCE_BUFGCE_I_O)
                                                      0.031     0.490 r  clk_wiz_0_inst/inst/clkout1_buf/O
    X1Y2 (CLOCK_ROOT)    net (fo=1528, routed)        1.355     1.845    u_ila_0/inst/ila_core_inst/u_ila_cap_ctrl/u_cap_addrgen/u_cap_window_counter/u_wcnt_lcmp/allx_typeA_match_detection.ltlib_v1_0_0_allx_typeA_inst/DUT/I_WHOLE_SLICE.G_SLICE_IDX[1].U_ALL_SRL_SLICE/u_srlC/CLK
    SLICE_X64Y174        SRL16E                                       r  u_ila_0/inst/ila_core_inst/u_ila_cap_ctrl/u_cap_addrgen/u_cap_window_counter/u_wcnt_lcmp/allx_typeA_match_detection.ltlib_v1_0_0_allx_typeA_inst/DUT/I_WHOLE_SLICE.G_SLICE_IDX[1].U_ALL_SRL_SLICE/u_srlC/S2/CLK
                         clock pessimism              0.191     2.036    
    SLICE_X64Y174        SRL16E (Hold_C5LUT_SLICEM_CLK_D)
                                                      0.123     2.159    u_ila_0/inst/ila_core_inst/u_ila_cap_ctrl/u_cap_addrgen/u_cap_window_counter/u_wcnt_lcmp/allx_typeA_match_detection.ltlib_v1_0_0_allx_typeA_inst/DUT/I_WHOLE_SLICE.G_SLICE_IDX[1].U_ALL_SRL_SLICE/u_srlC/S2
  -------------------------------------------------------------------
                         required time                         -2.159    
                         arrival time                           2.172    
  -------------------------------------------------------------------
                         slack                                  0.013    

Slack (MET) :             0.013ns  (arrival time - required time)
  Source:                 u_ila_0/inst/ila_core_inst/u_trig/N_DDR_TC.N_DDR_TC_INST[0].U_TC/allx_typeA_match_detection.ltlib_v1_0_0_allx_typeA_inst/DUT/I_WHOLE_SLICE.G_SLICE_IDX[0].U_ALL_SRL_SLICE/u_srlC/S1/CLK
                            (rising edge-triggered cell SRLC32E clocked by clk_out1_clk_wiz_0  {rise@0.000ns fall@1.600ns period=3.200ns})
  Destination:            u_ila_0/inst/ila_core_inst/u_trig/N_DDR_TC.N_DDR_TC_INST[0].U_TC/allx_typeA_match_detection.ltlib_v1_0_0_allx_typeA_inst/DUT/I_WHOLE_SLICE.G_SLICE_IDX[0].U_ALL_SRL_SLICE/u_srlB/S2/D
                            (rising edge-triggered cell SRL16E clocked by clk_out1_clk_wiz_0  {rise@0.000ns fall@1.600ns period=3.200ns})
  Path Group:             clk_out1_clk_wiz_0
  Path Type:              Hold (Min at Fast Process Corner)
  Requirement:            0.000ns  (clk_out1_clk_wiz_0 rise@0.000ns - clk_out1_clk_wiz_0 rise@0.000ns)
  Data Path Delay:        0.145ns  (logic 0.145ns (100.000%)  route 0.000ns (0.000%))
  Logic Levels:           0  
  Clock Path Skew:        0.009ns (DCD - SCD - CPR)
    Destination Clock Delay (DCD):    1.897ns
    Source Clock Delay      (SCD):    2.072ns
    Clock Pessimism Removal (CPR):    -0.184ns
  Clock Net Delay (Source):      1.204ns (routing 0.449ns, distribution 0.755ns)
  Clock Net Delay (Destination): 1.407ns (routing 0.499ns, distribution 0.908ns)

    Location             Delay type                Incr(ns)  Path(ns)    Netlist Resource(s)
  -------------------------------------------------------------------    -------------------
                         (clock clk_out1_clk_wiz_0 rise edge)
                                                      0.000     0.000 r  
    BUFGCE_X1Y24         BUFGCE                       0.000     0.000 r  sys_clk_BUFGCE_inst/O
                         net (fo=1, routed)           0.404     0.404    clk_wiz_0_inst/inst/clk_in1
    MMCME3_ADV_X1Y1      MMCME3_ADV (Prop_MMCME3_ADV_CLKIN1_CLKOUT0)
                                                      0.270     0.674 r  clk_wiz_0_inst/inst/mmcme3_adv_inst/CLKOUT0
                         net (fo=1, routed)           0.167     0.841    clk_wiz_0_inst/inst/clk_out1_clk_wiz_0
    BUFGCE_X1Y25         BUFGCE (Prop_BUFCE_BUFGCE_I_O)
                                                      0.027     0.868 r  clk_wiz_0_inst/inst/clkout1_buf/O
    X1Y2 (CLOCK_ROOT)    net (fo=1528, routed)        1.204     2.072    u_ila_0/inst/ila_core_inst/u_trig/N_DDR_TC.N_DDR_TC_INST[0].U_TC/allx_typeA_match_detection.ltlib_v1_0_0_allx_typeA_inst/DUT/I_WHOLE_SLICE.G_SLICE_IDX[0].U_ALL_SRL_SLICE/u_srlC/CLK
    SLICE_X71Y179        SRLC32E                                      r  u_ila_0/inst/ila_core_inst/u_trig/N_DDR_TC.N_DDR_TC_INST[0].U_TC/allx_typeA_match_detection.ltlib_v1_0_0_allx_typeA_inst/DUT/I_WHOLE_SLICE.G_SLICE_IDX[0].U_ALL_SRL_SLICE/u_srlC/S1/CLK
  -------------------------------------------------------------------    -------------------
    SLICE_X71Y179        SRLC32E (Prop_C6LUT_SLICEM_CLK_Q31)
                                                      0.145     2.217 r  u_ila_0/inst/ila_core_inst/u_trig/N_DDR_TC.N_DDR_TC_INST[0].U_TC/allx_typeA_match_detection.ltlib_v1_0_0_allx_typeA_inst/DUT/I_WHOLE_SLICE.G_SLICE_IDX[0].U_ALL_SRL_SLICE/u_srlC/S1/Q31
                         net (fo=2, unplaced)         0.000     2.217    u_ila_0/inst/ila_core_inst/u_trig/N_DDR_TC.N_DDR_TC_INST[0].U_TC/allx_typeA_match_detection.ltlib_v1_0_0_allx_typeA_inst/DUT/I_WHOLE_SLICE.G_SLICE_IDX[0].U_ALL_SRL_SLICE/u_srlB/CDI
    SLICE_X71Y179        SRL16E                                       r  u_ila_0/inst/ila_core_inst/u_trig/N_DDR_TC.N_DDR_TC_INST[0].U_TC/allx_typeA_match_detection.ltlib_v1_0_0_allx_typeA_inst/DUT/I_WHOLE_SLICE.G_SLICE_IDX[0].U_ALL_SRL_SLICE/u_srlB/S2/D
  -------------------------------------------------------------------    -------------------

                         (clock clk_out1_clk_wiz_0 rise edge)
                                                      0.000     0.000 r  
    BUFGCE_X1Y24         BUFGCE                       0.000     0.000 r  sys_clk_BUFGCE_inst/O
                         net (fo=1, routed)           0.457     0.457    clk_wiz_0_inst/inst/clk_in1
    MMCME3_ADV_X1Y1      MMCME3_ADV (Prop_MMCME3_ADV_CLKIN1_CLKOUT0)
                                                     -0.207     0.250 r  clk_wiz_0_inst/inst/mmcme3_adv_inst/CLKOUT0
                         net (fo=1, routed)           0.209     0.459    clk_wiz_0_inst/inst/clk_out1_clk_wiz_0
    BUFGCE_X1Y25         BUFGCE (Prop_BUFCE_BUFGCE_I_O)
                                                      0.031     0.490 r  clk_wiz_0_inst/inst/clkout1_buf/O
    X1Y2 (CLOCK_ROOT)    net (fo=1528, routed)        1.407     1.897    u_ila_0/inst/ila_core_inst/u_trig/N_DDR_TC.N_DDR_TC_INST[0].U_TC/allx_typeA_match_detection.ltlib_v1_0_0_allx_typeA_inst/DUT/I_WHOLE_SLICE.G_SLICE_IDX[0].U_ALL_SRL_SLICE/u_srlB/CLK
    SLICE_X71Y179        SRL16E                                       r  u_ila_0/inst/ila_core_inst/u_trig/N_DDR_TC.N_DDR_TC_INST[0].U_TC/allx_typeA_match_detection.ltlib_v1_0_0_allx_typeA_inst/DUT/I_WHOLE_SLICE.G_SLICE_IDX[0].U_ALL_SRL_SLICE/u_srlB/S2/CLK
                         clock pessimism              0.184     2.081    
    SLICE_X71Y179        SRL16E (Hold_B5LUT_SLICEM_CLK_D)
                                                      0.123     2.204    u_ila_0/inst/ila_core_inst/u_trig/N_DDR_TC.N_DDR_TC_INST[0].U_TC/allx_typeA_match_detection.ltlib_v1_0_0_allx_typeA_inst/DUT/I_WHOLE_SLICE.G_SLICE_IDX[0].U_ALL_SRL_SLICE/u_srlB/S2
  -------------------------------------------------------------------
                         required time                         -2.204    
                         arrival time                           2.217    
  -------------------------------------------------------------------
                         slack                                  0.013    

Slack (MET) :             0.013ns  (arrival time - required time)
  Source:                 u_ila_0/inst/ila_core_inst/u_trig/N_DDR_TC.N_DDR_TC_INST[0].U_TC/allx_typeA_match_detection.ltlib_v1_0_0_allx_typeA_inst/DUT/I_WHOLE_SLICE.G_SLICE_IDX[0].U_ALL_SRL_SLICE/u_srlD/S1/CLK
                            (rising edge-triggered cell SRLC32E clocked by clk_out1_clk_wiz_0  {rise@0.000ns fall@1.600ns period=3.200ns})
  Destination:            u_ila_0/inst/ila_core_inst/u_trig/N_DDR_TC.N_DDR_TC_INST[0].U_TC/allx_typeA_match_detection.ltlib_v1_0_0_allx_typeA_inst/DUT/I_WHOLE_SLICE.G_SLICE_IDX[0].U_ALL_SRL_SLICE/u_srlC/S2/D
                            (rising edge-triggered cell SRL16E clocked by clk_out1_clk_wiz_0  {rise@0.000ns fall@1.600ns period=3.200ns})
  Path Group:             clk_out1_clk_wiz_0
  Path Type:              Hold (Min at Fast Process Corner)
  Requirement:            0.000ns  (clk_out1_clk_wiz_0 rise@0.000ns - clk_out1_clk_wiz_0 rise@0.000ns)
  Data Path Delay:        0.145ns  (logic 0.145ns (100.000%)  route 0.000ns (0.000%))
  Logic Levels:           0  
  Clock Path Skew:        0.009ns (DCD - SCD - CPR)
    Destination Clock Delay (DCD):    1.897ns
    Source Clock Delay      (SCD):    2.072ns
    Clock Pessimism Removal (CPR):    -0.184ns
  Clock Net Delay (Source):      1.204ns (routing 0.449ns, distribution 0.755ns)
  Clock Net Delay (Destination): 1.407ns (routing 0.499ns, distribution 0.908ns)

    Location             Delay type                Incr(ns)  Path(ns)    Netlist Resource(s)
  -------------------------------------------------------------------    -------------------
                         (clock clk_out1_clk_wiz_0 rise edge)
                                                      0.000     0.000 r  
    BUFGCE_X1Y24         BUFGCE                       0.000     0.000 r  sys_clk_BUFGCE_inst/O
                         net (fo=1, routed)           0.404     0.404    clk_wiz_0_inst/inst/clk_in1
    MMCME3_ADV_X1Y1      MMCME3_ADV (Prop_MMCME3_ADV_CLKIN1_CLKOUT0)
                                                      0.270     0.674 r  clk_wiz_0_inst/inst/mmcme3_adv_inst/CLKOUT0
                         net (fo=1, routed)           0.167     0.841    clk_wiz_0_inst/inst/clk_out1_clk_wiz_0
    BUFGCE_X1Y25         BUFGCE (Prop_BUFCE_BUFGCE_I_O)
                                                      0.027     0.868 r  clk_wiz_0_inst/inst/clkout1_buf/O
    X1Y2 (CLOCK_ROOT)    net (fo=1528, routed)        1.204     2.072    u_ila_0/inst/ila_core_inst/u_trig/N_DDR_TC.N_DDR_TC_INST[0].U_TC/allx_typeA_match_detection.ltlib_v1_0_0_allx_typeA_inst/DUT/I_WHOLE_SLICE.G_SLICE_IDX[0].U_ALL_SRL_SLICE/u_srlD/CLK
    SLICE_X71Y179        SRLC32E                                      r  u_ila_0/inst/ila_core_inst/u_trig/N_DDR_TC.N_DDR_TC_INST[0].U_TC/allx_typeA_match_detection.ltlib_v1_0_0_allx_typeA_inst/DUT/I_WHOLE_SLICE.G_SLICE_IDX[0].U_ALL_SRL_SLICE/u_srlD/S1/CLK
  -------------------------------------------------------------------    -------------------
    SLICE_X71Y179        SRLC32E (Prop_D6LUT_SLICEM_CLK_Q31)
                                                      0.145     2.217 r  u_ila_0/inst/ila_core_inst/u_trig/N_DDR_TC.N_DDR_TC_INST[0].U_TC/allx_typeA_match_detection.ltlib_v1_0_0_allx_typeA_inst/DUT/I_WHOLE_SLICE.G_SLICE_IDX[0].U_ALL_SRL_SLICE/u_srlD/S1/Q31
                         net (fo=2, unplaced)         0.000     2.217    u_ila_0/inst/ila_core_inst/u_trig/N_DDR_TC.N_DDR_TC_INST[0].U_TC/allx_typeA_match_detection.ltlib_v1_0_0_allx_typeA_inst/DUT/I_WHOLE_SLICE.G_SLICE_IDX[0].U_ALL_SRL_SLICE/u_srlC/CDI
    SLICE_X71Y179        SRL16E                                       r  u_ila_0/inst/ila_core_inst/u_trig/N_DDR_TC.N_DDR_TC_INST[0].U_TC/allx_typeA_match_detection.ltlib_v1_0_0_allx_typeA_inst/DUT/I_WHOLE_SLICE.G_SLICE_IDX[0].U_ALL_SRL_SLICE/u_srlC/S2/D
  -------------------------------------------------------------------    -------------------

                         (clock clk_out1_clk_wiz_0 rise edge)
                                                      0.000     0.000 r  
    BUFGCE_X1Y24         BUFGCE                       0.000     0.000 r  sys_clk_BUFGCE_inst/O
                         net (fo=1, routed)           0.457     0.457    clk_wiz_0_inst/inst/clk_in1
    MMCME3_ADV_X1Y1      MMCME3_ADV (Prop_MMCME3_ADV_CLKIN1_CLKOUT0)
                                                     -0.207     0.250 r  clk_wiz_0_inst/inst/mmcme3_adv_inst/CLKOUT0
                         net (fo=1, routed)           0.209     0.459    clk_wiz_0_inst/inst/clk_out1_clk_wiz_0
    BUFGCE_X1Y25         BUFGCE (Prop_BUFCE_BUFGCE_I_O)
                                                      0.031     0.490 r  clk_wiz_0_inst/inst/clkout1_buf/O
    X1Y2 (CLOCK_ROOT)    net (fo=1528, routed)        1.407     1.897    u_ila_0/inst/ila_core_inst/u_trig/N_DDR_TC.N_DDR_TC_INST[0].U_TC/allx_typeA_match_detection.ltlib_v1_0_0_allx_typeA_inst/DUT/I_WHOLE_SLICE.G_SLICE_IDX[0].U_ALL_SRL_SLICE/u_srlC/CLK
    SLICE_X71Y179        SRL16E                                       r  u_ila_0/inst/ila_core_inst/u_trig/N_DDR_TC.N_DDR_TC_INST[0].U_TC/allx_typeA_match_detection.ltlib_v1_0_0_allx_typeA_inst/DUT/I_WHOLE_SLICE.G_SLICE_IDX[0].U_ALL_SRL_SLICE/u_srlC/S2/CLK
                         clock pessimism              0.184     2.081    
    SLICE_X71Y179        SRL16E (Hold_C5LUT_SLICEM_CLK_D)
                                                      0.123     2.204    u_ila_0/inst/ila_core_inst/u_trig/N_DDR_TC.N_DDR_TC_INST[0].U_TC/allx_typeA_match_detection.ltlib_v1_0_0_allx_typeA_inst/DUT/I_WHOLE_SLICE.G_SLICE_IDX[0].U_ALL_SRL_SLICE/u_srlC/S2
  -------------------------------------------------------------------
                         required time                         -2.204    
                         arrival time                           2.217    
  -------------------------------------------------------------------
                         slack                                  0.013    

Slack (MET) :             0.013ns  (arrival time - required time)
  Source:                 u_ila_0/inst/ila_core_inst/u_trig/U_TM/N_DDR_MODE.G_NMU[0].U_M/allx_typeA_match_detection.ltlib_v1_0_0_allx_typeA_inst/DUT/I_WHOLE_SLICE.G_SLICE_IDX[0].U_ALL_SRL_SLICE/u_srlC/S1/CLK
                            (rising edge-triggered cell SRLC32E clocked by clk_out1_clk_wiz_0  {rise@0.000ns fall@1.600ns period=3.200ns})
  Destination:            u_ila_0/inst/ila_core_inst/u_trig/U_TM/N_DDR_MODE.G_NMU[0].U_M/allx_typeA_match_detection.ltlib_v1_0_0_allx_typeA_inst/DUT/I_WHOLE_SLICE.G_SLICE_IDX[0].U_ALL_SRL_SLICE/u_srlB/S2/D
                            (rising edge-triggered cell SRL16E clocked by clk_out1_clk_wiz_0  {rise@0.000ns fall@1.600ns period=3.200ns})
  Path Group:             clk_out1_clk_wiz_0
  Path Type:              Hold (Min at Fast Process Corner)
  Requirement:            0.000ns  (clk_out1_clk_wiz_0 rise@0.000ns - clk_out1_clk_wiz_0 rise@0.000ns)
  Data Path Delay:        0.145ns  (logic 0.145ns (100.000%)  route 0.000ns (0.000%))
  Logic Levels:           0  
  Clock Path Skew:        0.009ns (DCD - SCD - CPR)
    Destination Clock Delay (DCD):    1.861ns
    Source Clock Delay      (SCD):    2.038ns
    Clock Pessimism Removal (CPR):    -0.186ns
  Clock Net Delay (Source):      1.170ns (routing 0.449ns, distribution 0.721ns)
  Clock Net Delay (Destination): 1.371ns (routing 0.499ns, distribution 0.872ns)

    Location             Delay type                Incr(ns)  Path(ns)    Netlist Resource(s)
  -------------------------------------------------------------------    -------------------
                         (clock clk_out1_clk_wiz_0 rise edge)
                                                      0.000     0.000 r  
    BUFGCE_X1Y24         BUFGCE                       0.000     0.000 r  sys_clk_BUFGCE_inst/O
                         net (fo=1, routed)           0.404     0.404    clk_wiz_0_inst/inst/clk_in1
    MMCME3_ADV_X1Y1      MMCME3_ADV (Prop_MMCME3_ADV_CLKIN1_CLKOUT0)
                                                      0.270     0.674 r  clk_wiz_0_inst/inst/mmcme3_adv_inst/CLKOUT0
                         net (fo=1, routed)           0.167     0.841    clk_wiz_0_inst/inst/clk_out1_clk_wiz_0
    BUFGCE_X1Y25         BUFGCE (Prop_BUFCE_BUFGCE_I_O)
                                                      0.027     0.868 r  clk_wiz_0_inst/inst/clkout1_buf/O
    X1Y2 (CLOCK_ROOT)    net (fo=1528, routed)        1.170     2.038    u_ila_0/inst/ila_core_inst/u_trig/U_TM/N_DDR_MODE.G_NMU[0].U_M/allx_typeA_match_detection.ltlib_v1_0_0_allx_typeA_inst/DUT/I_WHOLE_SLICE.G_SLICE_IDX[0].U_ALL_SRL_SLICE/u_srlC/CLK
    SLICE_X67Y179        SRLC32E                                      r  u_ila_0/inst/ila_core_inst/u_trig/U_TM/N_DDR_MODE.G_NMU[0].U_M/allx_typeA_match_detection.ltlib_v1_0_0_allx_typeA_inst/DUT/I_WHOLE_SLICE.G_SLICE_IDX[0].U_ALL_SRL_SLICE/u_srlC/S1/CLK
  -------------------------------------------------------------------    -------------------
    SLICE_X67Y179        SRLC32E (Prop_C6LUT_SLICEM_CLK_Q31)
                                                      0.145     2.183 r  u_ila_0/inst/ila_core_inst/u_trig/U_TM/N_DDR_MODE.G_NMU[0].U_M/allx_typeA_match_detection.ltlib_v1_0_0_allx_typeA_inst/DUT/I_WHOLE_SLICE.G_SLICE_IDX[0].U_ALL_SRL_SLICE/u_srlC/S1/Q31
                         net (fo=2, unplaced)         0.000     2.183    u_ila_0/inst/ila_core_inst/u_trig/U_TM/N_DDR_MODE.G_NMU[0].U_M/allx_typeA_match_detection.ltlib_v1_0_0_allx_typeA_inst/DUT/I_WHOLE_SLICE.G_SLICE_IDX[0].U_ALL_SRL_SLICE/u_srlB/CDI
    SLICE_X67Y179        SRL16E                                       r  u_ila_0/inst/ila_core_inst/u_trig/U_TM/N_DDR_MODE.G_NMU[0].U_M/allx_typeA_match_detection.ltlib_v1_0_0_allx_typeA_inst/DUT/I_WHOLE_SLICE.G_SLICE_IDX[0].U_ALL_SRL_SLICE/u_srlB/S2/D
  -------------------------------------------------------------------    -------------------

                         (clock clk_out1_clk_wiz_0 rise edge)
                                                      0.000     0.000 r  
    BUFGCE_X1Y24         BUFGCE                       0.000     0.000 r  sys_clk_BUFGCE_inst/O
                         net (fo=1, routed)           0.457     0.457    clk_wiz_0_inst/inst/clk_in1
    MMCME3_ADV_X1Y1      MMCME3_ADV (Prop_MMCME3_ADV_CLKIN1_CLKOUT0)
                                                     -0.207     0.250 r  clk_wiz_0_inst/inst/mmcme3_adv_inst/CLKOUT0
                         net (fo=1, routed)           0.209     0.459    clk_wiz_0_inst/inst/clk_out1_clk_wiz_0
    BUFGCE_X1Y25         BUFGCE (Prop_BUFCE_BUFGCE_I_O)
                                                      0.031     0.490 r  clk_wiz_0_inst/inst/clkout1_buf/O
    X1Y2 (CLOCK_ROOT)    net (fo=1528, routed)        1.371     1.861    u_ila_0/inst/ila_core_inst/u_trig/U_TM/N_DDR_MODE.G_NMU[0].U_M/allx_typeA_match_detection.ltlib_v1_0_0_allx_typeA_inst/DUT/I_WHOLE_SLICE.G_SLICE_IDX[0].U_ALL_SRL_SLICE/u_srlB/CLK
    SLICE_X67Y179        SRL16E                                       r  u_ila_0/inst/ila_core_inst/u_trig/U_TM/N_DDR_MODE.G_NMU[0].U_M/allx_typeA_match_detection.ltlib_v1_0_0_allx_typeA_inst/DUT/I_WHOLE_SLICE.G_SLICE_IDX[0].U_ALL_SRL_SLICE/u_srlB/S2/CLK
                         clock pessimism              0.186     2.047    
    SLICE_X67Y179        SRL16E (Hold_B5LUT_SLICEM_CLK_D)
                                                      0.123     2.170    u_ila_0/inst/ila_core_inst/u_trig/U_TM/N_DDR_MODE.G_NMU[0].U_M/allx_typeA_match_detection.ltlib_v1_0_0_allx_typeA_inst/DUT/I_WHOLE_SLICE.G_SLICE_IDX[0].U_ALL_SRL_SLICE/u_srlB/S2
  -------------------------------------------------------------------
                         required time                         -2.170    
                         arrival time                           2.183    
  -------------------------------------------------------------------
                         slack                                  0.013    

Slack (MET) :             0.013ns  (arrival time - required time)
  Source:                 u_ila_0/inst/ila_core_inst/u_trig/U_TM/N_DDR_MODE.G_NMU[0].U_M/allx_typeA_match_detection.ltlib_v1_0_0_allx_typeA_inst/DUT/I_WHOLE_SLICE.G_SLICE_IDX[0].U_ALL_SRL_SLICE/u_srlD/S1/CLK
                            (rising edge-triggered cell SRLC32E clocked by clk_out1_clk_wiz_0  {rise@0.000ns fall@1.600ns period=3.200ns})
  Destination:            u_ila_0/inst/ila_core_inst/u_trig/U_TM/N_DDR_MODE.G_NMU[0].U_M/allx_typeA_match_detection.ltlib_v1_0_0_allx_typeA_inst/DUT/I_WHOLE_SLICE.G_SLICE_IDX[0].U_ALL_SRL_SLICE/u_srlC/S2/D
                            (rising edge-triggered cell SRL16E clocked by clk_out1_clk_wiz_0  {rise@0.000ns fall@1.600ns period=3.200ns})
  Path Group:             clk_out1_clk_wiz_0
  Path Type:              Hold (Min at Fast Process Corner)
  Requirement:            0.000ns  (clk_out1_clk_wiz_0 rise@0.000ns - clk_out1_clk_wiz_0 rise@0.000ns)
  Data Path Delay:        0.145ns  (logic 0.145ns (100.000%)  route 0.000ns (0.000%))
  Logic Levels:           0  
  Clock Path Skew:        0.009ns (DCD - SCD - CPR)
    Destination Clock Delay (DCD):    1.861ns
    Source Clock Delay      (SCD):    2.038ns
    Clock Pessimism Removal (CPR):    -0.186ns
  Clock Net Delay (Source):      1.170ns (routing 0.449ns, distribution 0.721ns)
  Clock Net Delay (Destination): 1.371ns (routing 0.499ns, distribution 0.872ns)

    Location             Delay type                Incr(ns)  Path(ns)    Netlist Resource(s)
  -------------------------------------------------------------------    -------------------
                         (clock clk_out1_clk_wiz_0 rise edge)
                                                      0.000     0.000 r  
    BUFGCE_X1Y24         BUFGCE                       0.000     0.000 r  sys_clk_BUFGCE_inst/O
                         net (fo=1, routed)           0.404     0.404    clk_wiz_0_inst/inst/clk_in1
    MMCME3_ADV_X1Y1      MMCME3_ADV (Prop_MMCME3_ADV_CLKIN1_CLKOUT0)
                                                      0.270     0.674 r  clk_wiz_0_inst/inst/mmcme3_adv_inst/CLKOUT0
                         net (fo=1, routed)           0.167     0.841    clk_wiz_0_inst/inst/clk_out1_clk_wiz_0
    BUFGCE_X1Y25         BUFGCE (Prop_BUFCE_BUFGCE_I_O)
                                                      0.027     0.868 r  clk_wiz_0_inst/inst/clkout1_buf/O
    X1Y2 (CLOCK_ROOT)    net (fo=1528, routed)        1.170     2.038    u_ila_0/inst/ila_core_inst/u_trig/U_TM/N_DDR_MODE.G_NMU[0].U_M/allx_typeA_match_detection.ltlib_v1_0_0_allx_typeA_inst/DUT/I_WHOLE_SLICE.G_SLICE_IDX[0].U_ALL_SRL_SLICE/u_srlD/CLK
    SLICE_X67Y179        SRLC32E                                      r  u_ila_0/inst/ila_core_inst/u_trig/U_TM/N_DDR_MODE.G_NMU[0].U_M/allx_typeA_match_detection.ltlib_v1_0_0_allx_typeA_inst/DUT/I_WHOLE_SLICE.G_SLICE_IDX[0].U_ALL_SRL_SLICE/u_srlD/S1/CLK
  -------------------------------------------------------------------    -------------------
    SLICE_X67Y179        SRLC32E (Prop_D6LUT_SLICEM_CLK_Q31)
                                                      0.145     2.183 r  u_ila_0/inst/ila_core_inst/u_trig/U_TM/N_DDR_MODE.G_NMU[0].U_M/allx_typeA_match_detection.ltlib_v1_0_0_allx_typeA_inst/DUT/I_WHOLE_SLICE.G_SLICE_IDX[0].U_ALL_SRL_SLICE/u_srlD/S1/Q31
                         net (fo=2, unplaced)         0.000     2.183    u_ila_0/inst/ila_core_inst/u_trig/U_TM/N_DDR_MODE.G_NMU[0].U_M/allx_typeA_match_detection.ltlib_v1_0_0_allx_typeA_inst/DUT/I_WHOLE_SLICE.G_SLICE_IDX[0].U_ALL_SRL_SLICE/u_srlC/CDI
    SLICE_X67Y179        SRL16E                                       r  u_ila_0/inst/ila_core_inst/u_trig/U_TM/N_DDR_MODE.G_NMU[0].U_M/allx_typeA_match_detection.ltlib_v1_0_0_allx_typeA_inst/DUT/I_WHOLE_SLICE.G_SLICE_IDX[0].U_ALL_SRL_SLICE/u_srlC/S2/D
  -------------------------------------------------------------------    -------------------

                         (clock clk_out1_clk_wiz_0 rise edge)
                                                      0.000     0.000 r  
    BUFGCE_X1Y24         BUFGCE                       0.000     0.000 r  sys_clk_BUFGCE_inst/O
                         net (fo=1, routed)           0.457     0.457    clk_wiz_0_inst/inst/clk_in1
    MMCME3_ADV_X1Y1      MMCME3_ADV (Prop_MMCME3_ADV_CLKIN1_CLKOUT0)
                                                     -0.207     0.250 r  clk_wiz_0_inst/inst/mmcme3_adv_inst/CLKOUT0
                         net (fo=1, routed)           0.209     0.459    clk_wiz_0_inst/inst/clk_out1_clk_wiz_0
    BUFGCE_X1Y25         BUFGCE (Prop_BUFCE_BUFGCE_I_O)
                                                      0.031     0.490 r  clk_wiz_0_inst/inst/clkout1_buf/O
    X1Y2 (CLOCK_ROOT)    net (fo=1528, routed)        1.371     1.861    u_ila_0/inst/ila_core_inst/u_trig/U_TM/N_DDR_MODE.G_NMU[0].U_M/allx_typeA_match_detection.ltlib_v1_0_0_allx_typeA_inst/DUT/I_WHOLE_SLICE.G_SLICE_IDX[0].U_ALL_SRL_SLICE/u_srlC/CLK
    SLICE_X67Y179        SRL16E                                       r  u_ila_0/inst/ila_core_inst/u_trig/U_TM/N_DDR_MODE.G_NMU[0].U_M/allx_typeA_match_detection.ltlib_v1_0_0_allx_typeA_inst/DUT/I_WHOLE_SLICE.G_SLICE_IDX[0].U_ALL_SRL_SLICE/u_srlC/S2/CLK
                         clock pessimism              0.186     2.047    
    SLICE_X67Y179        SRL16E (Hold_C5LUT_SLICEM_CLK_D)
                                                      0.123     2.170    u_ila_0/inst/ila_core_inst/u_trig/U_TM/N_DDR_MODE.G_NMU[0].U_M/allx_typeA_match_detection.ltlib_v1_0_0_allx_typeA_inst/DUT/I_WHOLE_SLICE.G_SLICE_IDX[0].U_ALL_SRL_SLICE/u_srlC/S2
  -------------------------------------------------------------------
                         required time                         -2.170    
                         arrival time                           2.183    
  -------------------------------------------------------------------
                         slack                                  0.013    

Slack (MET) :             0.013ns  (arrival time - required time)
  Source:                 u_ila_0/inst/ila_core_inst/u_ila_cap_ctrl/u_cap_addrgen/u_cap_sample_counter/u_scnt_cmp/allx_typeA_match_detection.ltlib_v1_0_0_allx_typeA_inst/DUT/I_WHOLE_SLICE.G_SLICE_IDX[0].U_ALL_SRL_SLICE/u_srlC/S1/CLK
                            (rising edge-triggered cell SRLC32E clocked by clk_out1_clk_wiz_0  {rise@0.000ns fall@1.600ns period=3.200ns})
  Destination:            u_ila_0/inst/ila_core_inst/u_ila_cap_ctrl/u_cap_addrgen/u_cap_sample_counter/u_scnt_cmp/allx_typeA_match_detection.ltlib_v1_0_0_allx_typeA_inst/DUT/I_WHOLE_SLICE.G_SLICE_IDX[0].U_ALL_SRL_SLICE/u_srlB/S2/D
                            (rising edge-triggered cell SRL16E clocked by clk_out1_clk_wiz_0  {rise@0.000ns fall@1.600ns period=3.200ns})
  Path Group:             clk_out1_clk_wiz_0
  Path Type:              Hold (Min at Fast Process Corner)
  Requirement:            0.000ns  (clk_out1_clk_wiz_0 rise@0.000ns - clk_out1_clk_wiz_0 rise@0.000ns)
  Data Path Delay:        0.145ns  (logic 0.145ns (100.000%)  route 0.000ns (0.000%))
  Logic Levels:           0  
  Clock Path Skew:        0.009ns (DCD - SCD - CPR)
    Destination Clock Delay (DCD):    1.837ns
    Source Clock Delay      (SCD):    2.023ns
    Clock Pessimism Removal (CPR):    -0.195ns
  Clock Net Delay (Source):      1.155ns (routing 0.449ns, distribution 0.706ns)
  Clock Net Delay (Destination): 1.347ns (routing 0.499ns, distribution 0.848ns)

    Location             Delay type                Incr(ns)  Path(ns)    Netlist Resource(s)
  -------------------------------------------------------------------    -------------------
                         (clock clk_out1_clk_wiz_0 rise edge)
                                                      0.000     0.000 r  
    BUFGCE_X1Y24         BUFGCE                       0.000     0.000 r  sys_clk_BUFGCE_inst/O
                         net (fo=1, routed)           0.404     0.404    clk_wiz_0_inst/inst/clk_in1
    MMCME3_ADV_X1Y1      MMCME3_ADV (Prop_MMCME3_ADV_CLKIN1_CLKOUT0)
                                                      0.270     0.674 r  clk_wiz_0_inst/inst/mmcme3_adv_inst/CLKOUT0
                         net (fo=1, routed)           0.167     0.841    clk_wiz_0_inst/inst/clk_out1_clk_wiz_0
    BUFGCE_X1Y25         BUFGCE (Prop_BUFCE_BUFGCE_I_O)
                                                      0.027     0.868 r  clk_wiz_0_inst/inst/clkout1_buf/O
    X1Y2 (CLOCK_ROOT)    net (fo=1528, routed)        1.155     2.023    u_ila_0/inst/ila_core_inst/u_ila_cap_ctrl/u_cap_addrgen/u_cap_sample_counter/u_scnt_cmp/allx_typeA_match_detection.ltlib_v1_0_0_allx_typeA_inst/DUT/I_WHOLE_SLICE.G_SLICE_IDX[0].U_ALL_SRL_SLICE/u_srlC/CLK
    SLICE_X64Y175        SRLC32E                                      r  u_ila_0/inst/ila_core_inst/u_ila_cap_ctrl/u_cap_addrgen/u_cap_sample_counter/u_scnt_cmp/allx_typeA_match_detection.ltlib_v1_0_0_allx_typeA_inst/DUT/I_WHOLE_SLICE.G_SLICE_IDX[0].U_ALL_SRL_SLICE/u_srlC/S1/CLK
  -------------------------------------------------------------------    -------------------
    SLICE_X64Y175        SRLC32E (Prop_C6LUT_SLICEM_CLK_Q31)
                                                      0.145     2.168 r  u_ila_0/inst/ila_core_inst/u_ila_cap_ctrl/u_cap_addrgen/u_cap_sample_counter/u_scnt_cmp/allx_typeA_match_detection.ltlib_v1_0_0_allx_typeA_inst/DUT/I_WHOLE_SLICE.G_SLICE_IDX[0].U_ALL_SRL_SLICE/u_srlC/S1/Q31
                         net (fo=2, unplaced)         0.000     2.168    u_ila_0/inst/ila_core_inst/u_ila_cap_ctrl/u_cap_addrgen/u_cap_sample_counter/u_scnt_cmp/allx_typeA_match_detection.ltlib_v1_0_0_allx_typeA_inst/DUT/I_WHOLE_SLICE.G_SLICE_IDX[0].U_ALL_SRL_SLICE/u_srlB/CDI
    SLICE_X64Y175        SRL16E                                       r  u_ila_0/inst/ila_core_inst/u_ila_cap_ctrl/u_cap_addrgen/u_cap_sample_counter/u_scnt_cmp/allx_typeA_match_detection.ltlib_v1_0_0_allx_typeA_inst/DUT/I_WHOLE_SLICE.G_SLICE_IDX[0].U_ALL_SRL_SLICE/u_srlB/S2/D
  -------------------------------------------------------------------    -------------------

                         (clock clk_out1_clk_wiz_0 rise edge)
                                                      0.000     0.000 r  
    BUFGCE_X1Y24         BUFGCE                       0.000     0.000 r  sys_clk_BUFGCE_inst/O
                         net (fo=1, routed)           0.457     0.457    clk_wiz_0_inst/inst/clk_in1
    MMCME3_ADV_X1Y1      MMCME3_ADV (Prop_MMCME3_ADV_CLKIN1_CLKOUT0)
                                                     -0.207     0.250 r  clk_wiz_0_inst/inst/mmcme3_adv_inst/CLKOUT0
                         net (fo=1, routed)           0.209     0.459    clk_wiz_0_inst/inst/clk_out1_clk_wiz_0
    BUFGCE_X1Y25         BUFGCE (Prop_BUFCE_BUFGCE_I_O)
                                                      0.031     0.490 r  clk_wiz_0_inst/inst/clkout1_buf/O
    X1Y2 (CLOCK_ROOT)    net (fo=1528, routed)        1.347     1.837    u_ila_0/inst/ila_core_inst/u_ila_cap_ctrl/u_cap_addrgen/u_cap_sample_counter/u_scnt_cmp/allx_typeA_match_detection.ltlib_v1_0_0_allx_typeA_inst/DUT/I_WHOLE_SLICE.G_SLICE_IDX[0].U_ALL_SRL_SLICE/u_srlB/CLK
    SLICE_X64Y175        SRL16E                                       r  u_ila_0/inst/ila_core_inst/u_ila_cap_ctrl/u_cap_addrgen/u_cap_sample_counter/u_scnt_cmp/allx_typeA_match_detection.ltlib_v1_0_0_allx_typeA_inst/DUT/I_WHOLE_SLICE.G_SLICE_IDX[0].U_ALL_SRL_SLICE/u_srlB/S2/CLK
                         clock pessimism              0.195     2.032    
    SLICE_X64Y175        SRL16E (Hold_B5LUT_SLICEM_CLK_D)
                                                      0.123     2.155    u_ila_0/inst/ila_core_inst/u_ila_cap_ctrl/u_cap_addrgen/u_cap_sample_counter/u_scnt_cmp/allx_typeA_match_detection.ltlib_v1_0_0_allx_typeA_inst/DUT/I_WHOLE_SLICE.G_SLICE_IDX[0].U_ALL_SRL_SLICE/u_srlB/S2
  -------------------------------------------------------------------
                         required time                         -2.155    
                         arrival time                           2.168    
  -------------------------------------------------------------------
                         slack                                  0.013    

Slack (MET) :             0.013ns  (arrival time - required time)
  Source:                 u_ila_0/inst/ila_core_inst/u_ila_cap_ctrl/u_cap_addrgen/u_cap_sample_counter/u_scnt_cmp/allx_typeA_match_detection.ltlib_v1_0_0_allx_typeA_inst/DUT/I_WHOLE_SLICE.G_SLICE_IDX[0].U_ALL_SRL_SLICE/u_srlD/S1/CLK
                            (rising edge-triggered cell SRLC32E clocked by clk_out1_clk_wiz_0  {rise@0.000ns fall@1.600ns period=3.200ns})
  Destination:            u_ila_0/inst/ila_core_inst/u_ila_cap_ctrl/u_cap_addrgen/u_cap_sample_counter/u_scnt_cmp/allx_typeA_match_detection.ltlib_v1_0_0_allx_typeA_inst/DUT/I_WHOLE_SLICE.G_SLICE_IDX[0].U_ALL_SRL_SLICE/u_srlC/S2/D
                            (rising edge-triggered cell SRL16E clocked by clk_out1_clk_wiz_0  {rise@0.000ns fall@1.600ns period=3.200ns})
  Path Group:             clk_out1_clk_wiz_0
  Path Type:              Hold (Min at Fast Process Corner)
  Requirement:            0.000ns  (clk_out1_clk_wiz_0 rise@0.000ns - clk_out1_clk_wiz_0 rise@0.000ns)
  Data Path Delay:        0.145ns  (logic 0.145ns (100.000%)  route 0.000ns (0.000%))
  Logic Levels:           0  
  Clock Path Skew:        0.009ns (DCD - SCD - CPR)
    Destination Clock Delay (DCD):    1.837ns
    Source Clock Delay      (SCD):    2.023ns
    Clock Pessimism Removal (CPR):    -0.195ns
  Clock Net Delay (Source):      1.155ns (routing 0.449ns, distribution 0.706ns)
  Clock Net Delay (Destination): 1.347ns (routing 0.499ns, distribution 0.848ns)

    Location             Delay type                Incr(ns)  Path(ns)    Netlist Resource(s)
  -------------------------------------------------------------------    -------------------
                         (clock clk_out1_clk_wiz_0 rise edge)
                                                      0.000     0.000 r  
    BUFGCE_X1Y24         BUFGCE                       0.000     0.000 r  sys_clk_BUFGCE_inst/O
                         net (fo=1, routed)           0.404     0.404    clk_wiz_0_inst/inst/clk_in1
    MMCME3_ADV_X1Y1      MMCME3_ADV (Prop_MMCME3_ADV_CLKIN1_CLKOUT0)
                                                      0.270     0.674 r  clk_wiz_0_inst/inst/mmcme3_adv_inst/CLKOUT0
                         net (fo=1, routed)           0.167     0.841    clk_wiz_0_inst/inst/clk_out1_clk_wiz_0
    BUFGCE_X1Y25         BUFGCE (Prop_BUFCE_BUFGCE_I_O)
                                                      0.027     0.868 r  clk_wiz_0_inst/inst/clkout1_buf/O
    X1Y2 (CLOCK_ROOT)    net (fo=1528, routed)        1.155     2.023    u_ila_0/inst/ila_core_inst/u_ila_cap_ctrl/u_cap_addrgen/u_cap_sample_counter/u_scnt_cmp/allx_typeA_match_detection.ltlib_v1_0_0_allx_typeA_inst/DUT/I_WHOLE_SLICE.G_SLICE_IDX[0].U_ALL_SRL_SLICE/u_srlD/CLK
    SLICE_X64Y175        SRLC32E                                      r  u_ila_0/inst/ila_core_inst/u_ila_cap_ctrl/u_cap_addrgen/u_cap_sample_counter/u_scnt_cmp/allx_typeA_match_detection.ltlib_v1_0_0_allx_typeA_inst/DUT/I_WHOLE_SLICE.G_SLICE_IDX[0].U_ALL_SRL_SLICE/u_srlD/S1/CLK
  -------------------------------------------------------------------    -------------------
    SLICE_X64Y175        SRLC32E (Prop_D6LUT_SLICEM_CLK_Q31)
                                                      0.145     2.168 r  u_ila_0/inst/ila_core_inst/u_ila_cap_ctrl/u_cap_addrgen/u_cap_sample_counter/u_scnt_cmp/allx_typeA_match_detection.ltlib_v1_0_0_allx_typeA_inst/DUT/I_WHOLE_SLICE.G_SLICE_IDX[0].U_ALL_SRL_SLICE/u_srlD/S1/Q31
                         net (fo=2, unplaced)         0.000     2.168    u_ila_0/inst/ila_core_inst/u_ila_cap_ctrl/u_cap_addrgen/u_cap_sample_counter/u_scnt_cmp/allx_typeA_match_detection.ltlib_v1_0_0_allx_typeA_inst/DUT/I_WHOLE_SLICE.G_SLICE_IDX[0].U_ALL_SRL_SLICE/u_srlC/CDI
    SLICE_X64Y175        SRL16E                                       r  u_ila_0/inst/ila_core_inst/u_ila_cap_ctrl/u_cap_addrgen/u_cap_sample_counter/u_scnt_cmp/allx_typeA_match_detection.ltlib_v1_0_0_allx_typeA_inst/DUT/I_WHOLE_SLICE.G_SLICE_IDX[0].U_ALL_SRL_SLICE/u_srlC/S2/D
  -------------------------------------------------------------------    -------------------

                         (clock clk_out1_clk_wiz_0 rise edge)
                                                      0.000     0.000 r  
    BUFGCE_X1Y24         BUFGCE                       0.000     0.000 r  sys_clk_BUFGCE_inst/O
                         net (fo=1, routed)           0.457     0.457    clk_wiz_0_inst/inst/clk_in1
    MMCME3_ADV_X1Y1      MMCME3_ADV (Prop_MMCME3_ADV_CLKIN1_CLKOUT0)
                                                     -0.207     0.250 r  clk_wiz_0_inst/inst/mmcme3_adv_inst/CLKOUT0
                         net (fo=1, routed)           0.209     0.459    clk_wiz_0_inst/inst/clk_out1_clk_wiz_0
    BUFGCE_X1Y25         BUFGCE (Prop_BUFCE_BUFGCE_I_O)
                                                      0.031     0.490 r  clk_wiz_0_inst/inst/clkout1_buf/O
    X1Y2 (CLOCK_ROOT)    net (fo=1528, routed)        1.347     1.837    u_ila_0/inst/ila_core_inst/u_ila_cap_ctrl/u_cap_addrgen/u_cap_sample_counter/u_scnt_cmp/allx_typeA_match_detection.ltlib_v1_0_0_allx_typeA_inst/DUT/I_WHOLE_SLICE.G_SLICE_IDX[0].U_ALL_SRL_SLICE/u_srlC/CLK
    SLICE_X64Y175        SRL16E                                       r  u_ila_0/inst/ila_core_inst/u_ila_cap_ctrl/u_cap_addrgen/u_cap_sample_counter/u_scnt_cmp/allx_typeA_match_detection.ltlib_v1_0_0_allx_typeA_inst/DUT/I_WHOLE_SLICE.G_SLICE_IDX[0].U_ALL_SRL_SLICE/u_srlC/S2/CLK
                         clock pessimism              0.195     2.032    
    SLICE_X64Y175        SRL16E (Hold_C5LUT_SLICEM_CLK_D)
                                                      0.123     2.155    u_ila_0/inst/ila_core_inst/u_ila_cap_ctrl/u_cap_addrgen/u_cap_sample_counter/u_scnt_cmp/allx_typeA_match_detection.ltlib_v1_0_0_allx_typeA_inst/DUT/I_WHOLE_SLICE.G_SLICE_IDX[0].U_ALL_SRL_SLICE/u_srlC/S2
  -------------------------------------------------------------------
                         required time                         -2.155    
                         arrival time                           2.168    
  -------------------------------------------------------------------
                         slack                                  0.013    





Pulse Width Checks
--------------------------------------------------------------------------------------
Clock Name:         clk_out1_clk_wiz_0
Waveform(ns):       { 0.000 1.600 }
Period(ns):         3.200
Sources:            { clk_wiz_0_inst/inst/mmcme3_adv_inst/CLKOUT0 }

Check Type        Corner  Lib Pin             Reference Pin  Required(ns)  Actual(ns)  Slack(ns)  Location       Pin
Min Period        n/a     RAMB18E2/CLKARDCLK  n/a            1.961         3.200       1.239      RAMB18_X8Y70   u_ila_0/inst/ila_core_inst/ila_trace_memory_inst/SUBCORE_RAM_BLK_MEM_1.trace_block_memory/inst_blk_mem_gen/gnbram.gnativebmg.native_blk_mem_gen/valid.cstr/ramloop[0].ram.r/prim_noinit.ram/DEVICE_8SERIES.NO_BMM_INFO.SDP.SIMPLE_PRIM18.ram/CLKARDCLK
Min Period        n/a     RAMB18E2/CLKBWRCLK  n/a            1.961         3.200       1.239      RAMB18_X8Y70   u_ila_0/inst/ila_core_inst/ila_trace_memory_inst/SUBCORE_RAM_BLK_MEM_1.trace_block_memory/inst_blk_mem_gen/gnbram.gnativebmg.native_blk_mem_gen/valid.cstr/ramloop[0].ram.r/prim_noinit.ram/DEVICE_8SERIES.NO_BMM_INFO.SDP.SIMPLE_PRIM18.ram/CLKBWRCLK
Min Period        n/a     BUFGCE/I            n/a            1.379         3.200       1.821      BUFGCE_X1Y25   clk_wiz_0_inst/inst/clkout1_buf/I
Min Period        n/a     RAMD32/CLK          n/a            1.336         3.200       1.864      SLICE_X70Y193  dbg_hub/inst/BSCANID.u_xsdbm_id/CORE_XSDB.UUT_MASTER/U_ICON_INTERFACE/U_CMD6_RD/U_RD_FIFO/SUBCORE_FIFO.xsdbm_v3_0_0_rdfifo_inst/inst_fifo_gen/gconvfifo.rf/grf.rf/gntv_or_sync_fifo.mem/gdm.dm_gen.dm/RAM_reg_0_15_0_13/RAMA/CLK
Min Period        n/a     RAMD32/CLK          n/a            1.336         3.200       1.864      SLICE_X70Y193  dbg_hub/inst/BSCANID.u_xsdbm_id/CORE_XSDB.UUT_MASTER/U_ICON_INTERFACE/U_CMD6_RD/U_RD_FIFO/SUBCORE_FIFO.xsdbm_v3_0_0_rdfifo_inst/inst_fifo_gen/gconvfifo.rf/grf.rf/gntv_or_sync_fifo.mem/gdm.dm_gen.dm/RAM_reg_0_15_0_13/RAMA_D1/CLK
Min Period        n/a     RAMD32/CLK          n/a            1.336         3.200       1.864      SLICE_X70Y193  dbg_hub/inst/BSCANID.u_xsdbm_id/CORE_XSDB.UUT_MASTER/U_ICON_INTERFACE/U_CMD6_RD/U_RD_FIFO/SUBCORE_FIFO.xsdbm_v3_0_0_rdfifo_inst/inst_fifo_gen/gconvfifo.rf/grf.rf/gntv_or_sync_fifo.mem/gdm.dm_gen.dm/RAM_reg_0_15_0_13/RAMB/CLK
Min Period        n/a     RAMD32/CLK          n/a            1.336         3.200       1.864      SLICE_X70Y193  dbg_hub/inst/BSCANID.u_xsdbm_id/CORE_XSDB.UUT_MASTER/U_ICON_INTERFACE/U_CMD6_RD/U_RD_FIFO/SUBCORE_FIFO.xsdbm_v3_0_0_rdfifo_inst/inst_fifo_gen/gconvfifo.rf/grf.rf/gntv_or_sync_fifo.mem/gdm.dm_gen.dm/RAM_reg_0_15_0_13/RAMB_D1/CLK
Min Period        n/a     RAMD32/CLK          n/a            1.336         3.200       1.864      SLICE_X70Y193  dbg_hub/inst/BSCANID.u_xsdbm_id/CORE_XSDB.UUT_MASTER/U_ICON_INTERFACE/U_CMD6_RD/U_RD_FIFO/SUBCORE_FIFO.xsdbm_v3_0_0_rdfifo_inst/inst_fifo_gen/gconvfifo.rf/grf.rf/gntv_or_sync_fifo.mem/gdm.dm_gen.dm/RAM_reg_0_15_0_13/RAMC/CLK
Min Period        n/a     RAMD32/CLK          n/a            1.336         3.200       1.864      SLICE_X70Y193  dbg_hub/inst/BSCANID.u_xsdbm_id/CORE_XSDB.UUT_MASTER/U_ICON_INTERFACE/U_CMD6_RD/U_RD_FIFO/SUBCORE_FIFO.xsdbm_v3_0_0_rdfifo_inst/inst_fifo_gen/gconvfifo.rf/grf.rf/gntv_or_sync_fifo.mem/gdm.dm_gen.dm/RAM_reg_0_15_0_13/RAMC_D1/CLK
Min Period        n/a     RAMD32/CLK          n/a            1.336         3.200       1.864      SLICE_X70Y193  dbg_hub/inst/BSCANID.u_xsdbm_id/CORE_XSDB.UUT_MASTER/U_ICON_INTERFACE/U_CMD6_RD/U_RD_FIFO/SUBCORE_FIFO.xsdbm_v3_0_0_rdfifo_inst/inst_fifo_gen/gconvfifo.rf/grf.rf/gntv_or_sync_fifo.mem/gdm.dm_gen.dm/RAM_reg_0_15_0_13/RAMD/CLK
Low Pulse Width   Slow    RAMB18E2/CLKARDCLK  n/a            0.980         1.600       0.620      RAMB18_X8Y70   u_ila_0/inst/ila_core_inst/ila_trace_memory_inst/SUBCORE_RAM_BLK_MEM_1.trace_block_memory/inst_blk_mem_gen/gnbram.gnativebmg.native_blk_mem_gen/valid.cstr/ramloop[0].ram.r/prim_noinit.ram/DEVICE_8SERIES.NO_BMM_INFO.SDP.SIMPLE_PRIM18.ram/CLKARDCLK
Low Pulse Width   Fast    RAMB18E2/CLKARDCLK  n/a            0.980         1.600       0.620      RAMB18_X8Y70   u_ila_0/inst/ila_core_inst/ila_trace_memory_inst/SUBCORE_RAM_BLK_MEM_1.trace_block_memory/inst_blk_mem_gen/gnbram.gnativebmg.native_blk_mem_gen/valid.cstr/ramloop[0].ram.r/prim_noinit.ram/DEVICE_8SERIES.NO_BMM_INFO.SDP.SIMPLE_PRIM18.ram/CLKARDCLK
Low Pulse Width   Slow    RAMB18E2/CLKBWRCLK  n/a            0.980         1.600       0.620      RAMB18_X8Y70   u_ila_0/inst/ila_core_inst/ila_trace_memory_inst/SUBCORE_RAM_BLK_MEM_1.trace_block_memory/inst_blk_mem_gen/gnbram.gnativebmg.native_blk_mem_gen/valid.cstr/ramloop[0].ram.r/prim_noinit.ram/DEVICE_8SERIES.NO_BMM_INFO.SDP.SIMPLE_PRIM18.ram/CLKBWRCLK
Low Pulse Width   Fast    RAMB18E2/CLKBWRCLK  n/a            0.980         1.600       0.620      RAMB18_X8Y70   u_ila_0/inst/ila_core_inst/ila_trace_memory_inst/SUBCORE_RAM_BLK_MEM_1.trace_block_memory/inst_blk_mem_gen/gnbram.gnativebmg.native_blk_mem_gen/valid.cstr/ramloop[0].ram.r/prim_noinit.ram/DEVICE_8SERIES.NO_BMM_INFO.SDP.SIMPLE_PRIM18.ram/CLKBWRCLK
Low Pulse Width   Slow    RAMD32/CLK          n/a            0.668         1.600       0.932      SLICE_X70Y193  dbg_hub/inst/BSCANID.u_xsdbm_id/CORE_XSDB.UUT_MASTER/U_ICON_INTERFACE/U_CMD6_RD/U_RD_FIFO/SUBCORE_FIFO.xsdbm_v3_0_0_rdfifo_inst/inst_fifo_gen/gconvfifo.rf/grf.rf/gntv_or_sync_fifo.mem/gdm.dm_gen.dm/RAM_reg_0_15_0_13/RAMA/CLK
Low Pulse Width   Fast    RAMD32/CLK          n/a            0.668         1.600       0.932      SLICE_X70Y193  dbg_hub/inst/BSCANID.u_xsdbm_id/CORE_XSDB.UUT_MASTER/U_ICON_INTERFACE/U_CMD6_RD/U_RD_FIFO/SUBCORE_FIFO.xsdbm_v3_0_0_rdfifo_inst/inst_fifo_gen/gconvfifo.rf/grf.rf/gntv_or_sync_fifo.mem/gdm.dm_gen.dm/RAM_reg_0_15_0_13/RAMA/CLK
Low Pulse Width   Slow    RAMD32/CLK          n/a            0.668         1.600       0.932      SLICE_X70Y193  dbg_hub/inst/BSCANID.u_xsdbm_id/CORE_XSDB.UUT_MASTER/U_ICON_INTERFACE/U_CMD6_RD/U_RD_FIFO/SUBCORE_FIFO.xsdbm_v3_0_0_rdfifo_inst/inst_fifo_gen/gconvfifo.rf/grf.rf/gntv_or_sync_fifo.mem/gdm.dm_gen.dm/RAM_reg_0_15_0_13/RAMA_D1/CLK
Low Pulse Width   Fast    RAMD32/CLK          n/a            0.668         1.600       0.932      SLICE_X70Y193  dbg_hub/inst/BSCANID.u_xsdbm_id/CORE_XSDB.UUT_MASTER/U_ICON_INTERFACE/U_CMD6_RD/U_RD_FIFO/SUBCORE_FIFO.xsdbm_v3_0_0_rdfifo_inst/inst_fifo_gen/gconvfifo.rf/grf.rf/gntv_or_sync_fifo.mem/gdm.dm_gen.dm/RAM_reg_0_15_0_13/RAMA_D1/CLK
Low Pulse Width   Slow    RAMD32/CLK          n/a            0.668         1.600       0.932      SLICE_X70Y193  dbg_hub/inst/BSCANID.u_xsdbm_id/CORE_XSDB.UUT_MASTER/U_ICON_INTERFACE/U_CMD6_RD/U_RD_FIFO/SUBCORE_FIFO.xsdbm_v3_0_0_rdfifo_inst/inst_fifo_gen/gconvfifo.rf/grf.rf/gntv_or_sync_fifo.mem/gdm.dm_gen.dm/RAM_reg_0_15_0_13/RAMB/CLK
Low Pulse Width   Fast    RAMD32/CLK          n/a            0.668         1.600       0.932      SLICE_X70Y193  dbg_hub/inst/BSCANID.u_xsdbm_id/CORE_XSDB.UUT_MASTER/U_ICON_INTERFACE/U_CMD6_RD/U_RD_FIFO/SUBCORE_FIFO.xsdbm_v3_0_0_rdfifo_inst/inst_fifo_gen/gconvfifo.rf/grf.rf/gntv_or_sync_fifo.mem/gdm.dm_gen.dm/RAM_reg_0_15_0_13/RAMB/CLK
High Pulse Width  Slow    RAMB18E2/CLKARDCLK  n/a            0.980         1.600       0.620      RAMB18_X8Y70   u_ila_0/inst/ila_core_inst/ila_trace_memory_inst/SUBCORE_RAM_BLK_MEM_1.trace_block_memory/inst_blk_mem_gen/gnbram.gnativebmg.native_blk_mem_gen/valid.cstr/ramloop[0].ram.r/prim_noinit.ram/DEVICE_8SERIES.NO_BMM_INFO.SDP.SIMPLE_PRIM18.ram/CLKARDCLK
High Pulse Width  Fast    RAMB18E2/CLKARDCLK  n/a            0.980         1.600       0.620      RAMB18_X8Y70   u_ila_0/inst/ila_core_inst/ila_trace_memory_inst/SUBCORE_RAM_BLK_MEM_1.trace_block_memory/inst_blk_mem_gen/gnbram.gnativebmg.native_blk_mem_gen/valid.cstr/ramloop[0].ram.r/prim_noinit.ram/DEVICE_8SERIES.NO_BMM_INFO.SDP.SIMPLE_PRIM18.ram/CLKARDCLK
High Pulse Width  Slow    RAMB18E2/CLKBWRCLK  n/a            0.980         1.600       0.620      RAMB18_X8Y70   u_ila_0/inst/ila_core_inst/ila_trace_memory_inst/SUBCORE_RAM_BLK_MEM_1.trace_block_memory/inst_blk_mem_gen/gnbram.gnativebmg.native_blk_mem_gen/valid.cstr/ramloop[0].ram.r/prim_noinit.ram/DEVICE_8SERIES.NO_BMM_INFO.SDP.SIMPLE_PRIM18.ram/CLKBWRCLK
High Pulse Width  Fast    RAMB18E2/CLKBWRCLK  n/a            0.980         1.600       0.620      RAMB18_X8Y70   u_ila_0/inst/ila_core_inst/ila_trace_memory_inst/SUBCORE_RAM_BLK_MEM_1.trace_block_memory/inst_blk_mem_gen/gnbram.gnativebmg.native_blk_mem_gen/valid.cstr/ramloop[0].ram.r/prim_noinit.ram/DEVICE_8SERIES.NO_BMM_INFO.SDP.SIMPLE_PRIM18.ram/CLKBWRCLK
High Pulse Width  Slow    RAMD32/CLK          n/a            0.668         1.600       0.932      SLICE_X70Y193  dbg_hub/inst/BSCANID.u_xsdbm_id/CORE_XSDB.UUT_MASTER/U_ICON_INTERFACE/U_CMD6_RD/U_RD_FIFO/SUBCORE_FIFO.xsdbm_v3_0_0_rdfifo_inst/inst_fifo_gen/gconvfifo.rf/grf.rf/gntv_or_sync_fifo.mem/gdm.dm_gen.dm/RAM_reg_0_15_0_13/RAMA/CLK
High Pulse Width  Fast    RAMD32/CLK          n/a            0.668         1.600       0.932      SLICE_X70Y193  dbg_hub/inst/BSCANID.u_xsdbm_id/CORE_XSDB.UUT_MASTER/U_ICON_INTERFACE/U_CMD6_RD/U_RD_FIFO/SUBCORE_FIFO.xsdbm_v3_0_0_rdfifo_inst/inst_fifo_gen/gconvfifo.rf/grf.rf/gntv_or_sync_fifo.mem/gdm.dm_gen.dm/RAM_reg_0_15_0_13/RAMA/CLK
High Pulse Width  Slow    RAMD32/CLK          n/a            0.668         1.600       0.932      SLICE_X70Y193  dbg_hub/inst/BSCANID.u_xsdbm_id/CORE_XSDB.UUT_MASTER/U_ICON_INTERFACE/U_CMD6_RD/U_RD_FIFO/SUBCORE_FIFO.xsdbm_v3_0_0_rdfifo_inst/inst_fifo_gen/gconvfifo.rf/grf.rf/gntv_or_sync_fifo.mem/gdm.dm_gen.dm/RAM_reg_0_15_0_13/RAMA_D1/CLK
High Pulse Width  Fast    RAMD32/CLK          n/a            0.668         1.600       0.932      SLICE_X70Y193  dbg_hub/inst/BSCANID.u_xsdbm_id/CORE_XSDB.UUT_MASTER/U_ICON_INTERFACE/U_CMD6_RD/U_RD_FIFO/SUBCORE_FIFO.xsdbm_v3_0_0_rdfifo_inst/inst_fifo_gen/gconvfifo.rf/grf.rf/gntv_or_sync_fifo.mem/gdm.dm_gen.dm/RAM_reg_0_15_0_13/RAMA_D1/CLK
High Pulse Width  Slow    RAMD32/CLK          n/a            0.668         1.600       0.932      SLICE_X70Y193  dbg_hub/inst/BSCANID.u_xsdbm_id/CORE_XSDB.UUT_MASTER/U_ICON_INTERFACE/U_CMD6_RD/U_RD_FIFO/SUBCORE_FIFO.xsdbm_v3_0_0_rdfifo_inst/inst_fifo_gen/gconvfifo.rf/grf.rf/gntv_or_sync_fifo.mem/gdm.dm_gen.dm/RAM_reg_0_15_0_13/RAMB/CLK
High Pulse Width  Fast    RAMD32/CLK          n/a            0.668         1.600       0.932      SLICE_X70Y193  dbg_hub/inst/BSCANID.u_xsdbm_id/CORE_XSDB.UUT_MASTER/U_ICON_INTERFACE/U_CMD6_RD/U_RD_FIFO/SUBCORE_FIFO.xsdbm_v3_0_0_rdfifo_inst/inst_fifo_gen/gconvfifo.rf/grf.rf/gntv_or_sync_fifo.mem/gdm.dm_gen.dm/RAM_reg_0_15_0_13/RAMB/CLK



---------------------------------------------------------------------------------------------------
From Clock:  dbg_hub/inst/BSCANID.u_xsdbm_id/SWITCH_N_EXT_BSCAN.bscan_inst/SERIES7_BSCAN.bscan_inst/TCK
  To Clock:  dbg_hub/inst/BSCANID.u_xsdbm_id/SWITCH_N_EXT_BSCAN.bscan_inst/SERIES7_BSCAN.bscan_inst/TCK

Setup :            0  Failing Endpoints,  Worst Slack       29.711ns,  Total Violation        0.000ns
Hold  :            0  Failing Endpoints,  Worst Slack        0.042ns,  Total Violation        0.000ns
PW    :            0  Failing Endpoints,  Worst Slack       15.832ns,  Total Violation        0.000ns
---------------------------------------------------------------------------------------------------


Max Delay Paths
--------------------------------------------------------------------------------------
Slack (MET) :             29.711ns  (required time - arrival time)
  Source:                 dbg_hub/inst/BSCANID.u_xsdbm_id/SWITCH_N_EXT_BSCAN.bscan_switch/state_reg[1]/C
                            (rising edge-triggered cell FDRE clocked by dbg_hub/inst/BSCANID.u_xsdbm_id/SWITCH_N_EXT_BSCAN.bscan_inst/SERIES7_BSCAN.bscan_inst/TCK  {rise@0.000ns fall@16.500ns period=33.000ns})
  Destination:            dbg_hub/inst/BSCANID.u_xsdbm_id/SWITCH_N_EXT_BSCAN.bscan_switch/portno_temp_reg[5]/D
                            (rising edge-triggered cell FDRE clocked by dbg_hub/inst/BSCANID.u_xsdbm_id/SWITCH_N_EXT_BSCAN.bscan_inst/SERIES7_BSCAN.bscan_inst/TCK  {rise@0.000ns fall@16.500ns period=33.000ns})
  Path Group:             dbg_hub/inst/BSCANID.u_xsdbm_id/SWITCH_N_EXT_BSCAN.bscan_inst/SERIES7_BSCAN.bscan_inst/TCK
  Path Type:              Setup (Max at Slow Process Corner)
  Requirement:            33.000ns  (dbg_hub/inst/BSCANID.u_xsdbm_id/SWITCH_N_EXT_BSCAN.bscan_inst/SERIES7_BSCAN.bscan_inst/TCK rise@33.000ns - dbg_hub/inst/BSCANID.u_xsdbm_id/SWITCH_N_EXT_BSCAN.bscan_inst/SERIES7_BSCAN.bscan_inst/TCK rise@0.000ns)
  Data Path Delay:        3.233ns  (logic 1.124ns (34.766%)  route 2.109ns (65.234%))
  Logic Levels:           5  (CARRY8=1 LUT3=1 LUT4=1 LUT5=1 LUT6=1)
  Clock Path Skew:        -0.079ns (DCD - SCD + CPR)
    Destination Clock Delay (DCD):    5.956ns = ( 38.956 - 33.000 ) 
    Source Clock Delay      (SCD):    7.214ns
    Clock Pessimism Removal (CPR):    1.179ns
  Clock Uncertainty:      0.035ns  ((TSJ^2 + TIJ^2)^1/2 + DJ) / 2 + PE
    Total System Jitter     (TSJ):    0.071ns
    Total Input Jitter      (TIJ):    0.000ns
    Discrete Jitter          (DJ):    0.000ns
    Phase Error              (PE):    0.000ns
  Clock Net Delay (Source):      2.313ns (routing 0.957ns, distribution 1.356ns)
  Clock Net Delay (Destination): 2.044ns (routing 0.878ns, distribution 1.166ns)

    Location             Delay type                Incr(ns)  Path(ns)    Netlist Resource(s)
  -------------------------------------------------------------------    -------------------
                         (clock dbg_hub/inst/BSCANID.u_xsdbm_id/SWITCH_N_EXT_BSCAN.bscan_inst/SERIES7_BSCAN.bscan_inst/TCK rise edge)
                                                      0.000     0.000 r  
    CONFIG_SITE_X0Y0     BSCANE2                      0.000     0.000 r  dbg_hub/inst/BSCANID.u_xsdbm_id/SWITCH_N_EXT_BSCAN.bscan_inst/SERIES7_BSCAN.bscan_inst/TCK
                         net (fo=1, routed)           4.818     4.818    dbg_hub/inst/BSCANID.u_xsdbm_id/tck_bs
    BUFGCE_X1Y119        BUFGCE (Prop_BUFCE_BUFGCE_I_O)
                                                      0.083     4.901 r  dbg_hub/inst/BSCANID.u_xsdbm_id/SWITCH_N_EXT_BSCAN.u_bufg_icon_tck/O
    X2Y3 (CLOCK_ROOT)    net (fo=478, routed)         2.313     7.214    dbg_hub/inst/BSCANID.u_xsdbm_id/SWITCH_N_EXT_BSCAN.bscan_switch/s_bscan_tck
    SLICE_X74Y201        FDRE                                         r  dbg_hub/inst/BSCANID.u_xsdbm_id/SWITCH_N_EXT_BSCAN.bscan_switch/state_reg[1]/C
  -------------------------------------------------------------------    -------------------
    SLICE_X74Y201        FDRE (Prop_EFF2_SLICEL_C_Q)
                                                      0.116     7.330 r  dbg_hub/inst/BSCANID.u_xsdbm_id/SWITCH_N_EXT_BSCAN.bscan_switch/state_reg[1]/Q
                         net (fo=50, routed)          0.689     8.019    dbg_hub/inst/BSCANID.u_xsdbm_id/SWITCH_N_EXT_BSCAN.bscan_switch/state[1]
    SLICE_X76Y201        LUT4 (Prop_C5LUT_SLICEM_I3_O)
                                                      0.212     8.231 r  dbg_hub/inst/BSCANID.u_xsdbm_id/SWITCH_N_EXT_BSCAN.bscan_switch/curid_inferred_i_16/O
                         net (fo=2, routed)           0.726     8.957    dbg_hub/inst/BSCANID.u_xsdbm_id/SWITCH_N_EXT_BSCAN.bscan_switch/curid[16]
    SLICE_X75Y202        LUT6 (Prop_C6LUT_SLICEL_I4_O)
                                                      0.115     9.072 r  dbg_hub/inst/BSCANID.u_xsdbm_id/SWITCH_N_EXT_BSCAN.bscan_switch/state_temp[0]_i_9/O
                         net (fo=1, routed)           0.000     9.072    dbg_hub/inst/BSCANID.u_xsdbm_id/SWITCH_N_EXT_BSCAN.bscan_switch/state_temp[0]_i_9_n_0
    SLICE_X75Y202        CARRY8 (Prop_CARRY8_SLICEL_S[2]_CO[7])
                                                      0.353     9.425 f  dbg_hub/inst/BSCANID.u_xsdbm_id/SWITCH_N_EXT_BSCAN.bscan_switch/state_temp_reg[0]_i_3/CO[7]
                         net (fo=4, routed)           0.374     9.799    dbg_hub/inst/BSCANID.u_xsdbm_id/SWITCH_N_EXT_BSCAN.bscan_switch/state_temp_reg[0]_i_3_n_0
    SLICE_X74Y201        LUT5 (Prop_A5LUT_SLICEL_I1_O)
                                                      0.136     9.935 r  dbg_hub/inst/BSCANID.u_xsdbm_id/SWITCH_N_EXT_BSCAN.bscan_switch/portno_temp[5]_i_2/O
                         net (fo=7, routed)           0.297    10.232    dbg_hub/inst/BSCANID.u_xsdbm_id/SWITCH_N_EXT_BSCAN.bscan_switch/portno_temp[5]_i_2_n_0
    SLICE_X73Y199        LUT3 (Prop_F6LUT_SLICEM_I1_O)
                                                      0.192    10.424 r  dbg_hub/inst/BSCANID.u_xsdbm_id/SWITCH_N_EXT_BSCAN.bscan_switch/portno_temp[5]_i_1/O
                         net (fo=1, routed)           0.023    10.447    dbg_hub/inst/BSCANID.u_xsdbm_id/SWITCH_N_EXT_BSCAN.bscan_switch/portno_temp[5]_i_1_n_0
    SLICE_X73Y199        FDRE                                         r  dbg_hub/inst/BSCANID.u_xsdbm_id/SWITCH_N_EXT_BSCAN.bscan_switch/portno_temp_reg[5]/D
  -------------------------------------------------------------------    -------------------

                         (clock dbg_hub/inst/BSCANID.u_xsdbm_id/SWITCH_N_EXT_BSCAN.bscan_inst/SERIES7_BSCAN.bscan_inst/TCK rise edge)
                                                     33.000    33.000 r  
    CONFIG_SITE_X0Y0     BSCANE2                      0.000    33.000 r  dbg_hub/inst/BSCANID.u_xsdbm_id/SWITCH_N_EXT_BSCAN.bscan_inst/SERIES7_BSCAN.bscan_inst/TCK
                         net (fo=1, routed)           3.837    36.837    dbg_hub/inst/BSCANID.u_xsdbm_id/tck_bs
    BUFGCE_X1Y119        BUFGCE (Prop_BUFCE_BUFGCE_I_O)
                                                      0.075    36.912 r  dbg_hub/inst/BSCANID.u_xsdbm_id/SWITCH_N_EXT_BSCAN.u_bufg_icon_tck/O
    X2Y3 (CLOCK_ROOT)    net (fo=478, routed)         2.044    38.956    dbg_hub/inst/BSCANID.u_xsdbm_id/SWITCH_N_EXT_BSCAN.bscan_switch/s_bscan_tck
    SLICE_X73Y199        FDRE                                         r  dbg_hub/inst/BSCANID.u_xsdbm_id/SWITCH_N_EXT_BSCAN.bscan_switch/portno_temp_reg[5]/C
                         clock pessimism              1.179    40.135    
                         clock uncertainty           -0.035    40.099    
    SLICE_X73Y199        FDRE (Setup_FFF_SLICEM_C_D)
                                                      0.059    40.158    dbg_hub/inst/BSCANID.u_xsdbm_id/SWITCH_N_EXT_BSCAN.bscan_switch/portno_temp_reg[5]
  -------------------------------------------------------------------
                         required time                         40.158    
                         arrival time                         -10.447    
  -------------------------------------------------------------------
                         slack                                 29.711    

Slack (MET) :             29.747ns  (required time - arrival time)
  Source:                 dbg_hub/inst/BSCANID.u_xsdbm_id/SWITCH_N_EXT_BSCAN.bscan_switch/state_reg[1]/C
                            (rising edge-triggered cell FDRE clocked by dbg_hub/inst/BSCANID.u_xsdbm_id/SWITCH_N_EXT_BSCAN.bscan_inst/SERIES7_BSCAN.bscan_inst/TCK  {rise@0.000ns fall@16.500ns period=33.000ns})
  Destination:            dbg_hub/inst/BSCANID.u_xsdbm_id/SWITCH_N_EXT_BSCAN.bscan_switch/portno_temp_reg[1]/D
                            (rising edge-triggered cell FDRE clocked by dbg_hub/inst/BSCANID.u_xsdbm_id/SWITCH_N_EXT_BSCAN.bscan_inst/SERIES7_BSCAN.bscan_inst/TCK  {rise@0.000ns fall@16.500ns period=33.000ns})
  Path Group:             dbg_hub/inst/BSCANID.u_xsdbm_id/SWITCH_N_EXT_BSCAN.bscan_inst/SERIES7_BSCAN.bscan_inst/TCK
  Path Type:              Setup (Max at Slow Process Corner)
  Requirement:            33.000ns  (dbg_hub/inst/BSCANID.u_xsdbm_id/SWITCH_N_EXT_BSCAN.bscan_inst/SERIES7_BSCAN.bscan_inst/TCK rise@33.000ns - dbg_hub/inst/BSCANID.u_xsdbm_id/SWITCH_N_EXT_BSCAN.bscan_inst/SERIES7_BSCAN.bscan_inst/TCK rise@0.000ns)
  Data Path Delay:        3.221ns  (logic 1.123ns (34.865%)  route 2.098ns (65.135%))
  Logic Levels:           5  (CARRY8=1 LUT3=1 LUT4=1 LUT5=1 LUT6=1)
  Clock Path Skew:        -0.057ns (DCD - SCD + CPR)
    Destination Clock Delay (DCD):    5.960ns = ( 38.960 - 33.000 ) 
    Source Clock Delay      (SCD):    7.214ns
    Clock Pessimism Removal (CPR):    1.197ns
  Clock Uncertainty:      0.035ns  ((TSJ^2 + TIJ^2)^1/2 + DJ) / 2 + PE
    Total System Jitter     (TSJ):    0.071ns
    Total Input Jitter      (TIJ):    0.000ns
    Discrete Jitter          (DJ):    0.000ns
    Phase Error              (PE):    0.000ns
  Clock Net Delay (Source):      2.313ns (routing 0.957ns, distribution 1.356ns)
  Clock Net Delay (Destination): 2.048ns (routing 0.878ns, distribution 1.170ns)

    Location             Delay type                Incr(ns)  Path(ns)    Netlist Resource(s)
  -------------------------------------------------------------------    -------------------
                         (clock dbg_hub/inst/BSCANID.u_xsdbm_id/SWITCH_N_EXT_BSCAN.bscan_inst/SERIES7_BSCAN.bscan_inst/TCK rise edge)
                                                      0.000     0.000 r  
    CONFIG_SITE_X0Y0     BSCANE2                      0.000     0.000 r  dbg_hub/inst/BSCANID.u_xsdbm_id/SWITCH_N_EXT_BSCAN.bscan_inst/SERIES7_BSCAN.bscan_inst/TCK
                         net (fo=1, routed)           4.818     4.818    dbg_hub/inst/BSCANID.u_xsdbm_id/tck_bs
    BUFGCE_X1Y119        BUFGCE (Prop_BUFCE_BUFGCE_I_O)
                                                      0.083     4.901 r  dbg_hub/inst/BSCANID.u_xsdbm_id/SWITCH_N_EXT_BSCAN.u_bufg_icon_tck/O
    X2Y3 (CLOCK_ROOT)    net (fo=478, routed)         2.313     7.214    dbg_hub/inst/BSCANID.u_xsdbm_id/SWITCH_N_EXT_BSCAN.bscan_switch/s_bscan_tck
    SLICE_X74Y201        FDRE                                         r  dbg_hub/inst/BSCANID.u_xsdbm_id/SWITCH_N_EXT_BSCAN.bscan_switch/state_reg[1]/C
  -------------------------------------------------------------------    -------------------
    SLICE_X74Y201        FDRE (Prop_EFF2_SLICEL_C_Q)
                                                      0.116     7.330 r  dbg_hub/inst/BSCANID.u_xsdbm_id/SWITCH_N_EXT_BSCAN.bscan_switch/state_reg[1]/Q
                         net (fo=50, routed)          0.689     8.019    dbg_hub/inst/BSCANID.u_xsdbm_id/SWITCH_N_EXT_BSCAN.bscan_switch/state[1]
    SLICE_X76Y201        LUT4 (Prop_C5LUT_SLICEM_I3_O)
                                                      0.212     8.231 r  dbg_hub/inst/BSCANID.u_xsdbm_id/SWITCH_N_EXT_BSCAN.bscan_switch/curid_inferred_i_16/O
                         net (fo=2, routed)           0.726     8.957    dbg_hub/inst/BSCANID.u_xsdbm_id/SWITCH_N_EXT_BSCAN.bscan_switch/curid[16]
    SLICE_X75Y202        LUT6 (Prop_C6LUT_SLICEL_I4_O)
                                                      0.115     9.072 r  dbg_hub/inst/BSCANID.u_xsdbm_id/SWITCH_N_EXT_BSCAN.bscan_switch/state_temp[0]_i_9/O
                         net (fo=1, routed)           0.000     9.072    dbg_hub/inst/BSCANID.u_xsdbm_id/SWITCH_N_EXT_BSCAN.bscan_switch/state_temp[0]_i_9_n_0
    SLICE_X75Y202        CARRY8 (Prop_CARRY8_SLICEL_S[2]_CO[7])
                                                      0.353     9.425 f  dbg_hub/inst/BSCANID.u_xsdbm_id/SWITCH_N_EXT_BSCAN.bscan_switch/state_temp_reg[0]_i_3/CO[7]
                         net (fo=4, routed)           0.374     9.799    dbg_hub/inst/BSCANID.u_xsdbm_id/SWITCH_N_EXT_BSCAN.bscan_switch/state_temp_reg[0]_i_3_n_0
    SLICE_X74Y201        LUT5 (Prop_A5LUT_SLICEL_I1_O)
                                                      0.136     9.935 r  dbg_hub/inst/BSCANID.u_xsdbm_id/SWITCH_N_EXT_BSCAN.bscan_switch/portno_temp[5]_i_2/O
                         net (fo=7, routed)           0.282    10.217    dbg_hub/inst/BSCANID.u_xsdbm_id/SWITCH_N_EXT_BSCAN.bscan_switch/portno_temp[5]_i_2_n_0
    SLICE_X73Y201        LUT3 (Prop_H6LUT_SLICEM_I1_O)
                                                      0.191    10.408 r  dbg_hub/inst/BSCANID.u_xsdbm_id/SWITCH_N_EXT_BSCAN.bscan_switch/portno_temp[1]_i_1/O
                         net (fo=1, routed)           0.027    10.435    dbg_hub/inst/BSCANID.u_xsdbm_id/SWITCH_N_EXT_BSCAN.bscan_switch/portno_temp[1]_i_1_n_0
    SLICE_X73Y201        FDRE                                         r  dbg_hub/inst/BSCANID.u_xsdbm_id/SWITCH_N_EXT_BSCAN.bscan_switch/portno_temp_reg[1]/D
  -------------------------------------------------------------------    -------------------

                         (clock dbg_hub/inst/BSCANID.u_xsdbm_id/SWITCH_N_EXT_BSCAN.bscan_inst/SERIES7_BSCAN.bscan_inst/TCK rise edge)
                                                     33.000    33.000 r  
    CONFIG_SITE_X0Y0     BSCANE2                      0.000    33.000 r  dbg_hub/inst/BSCANID.u_xsdbm_id/SWITCH_N_EXT_BSCAN.bscan_inst/SERIES7_BSCAN.bscan_inst/TCK
                         net (fo=1, routed)           3.837    36.837    dbg_hub/inst/BSCANID.u_xsdbm_id/tck_bs
    BUFGCE_X1Y119        BUFGCE (Prop_BUFCE_BUFGCE_I_O)
                                                      0.075    36.912 r  dbg_hub/inst/BSCANID.u_xsdbm_id/SWITCH_N_EXT_BSCAN.u_bufg_icon_tck/O
    X2Y3 (CLOCK_ROOT)    net (fo=478, routed)         2.048    38.960    dbg_hub/inst/BSCANID.u_xsdbm_id/SWITCH_N_EXT_BSCAN.bscan_switch/s_bscan_tck
    SLICE_X73Y201        FDRE                                         r  dbg_hub/inst/BSCANID.u_xsdbm_id/SWITCH_N_EXT_BSCAN.bscan_switch/portno_temp_reg[1]/C
                         clock pessimism              1.197    40.157    
                         clock uncertainty           -0.035    40.122    
    SLICE_X73Y201        FDRE (Setup_HFF_SLICEM_C_D)
                                                      0.060    40.182    dbg_hub/inst/BSCANID.u_xsdbm_id/SWITCH_N_EXT_BSCAN.bscan_switch/portno_temp_reg[1]
  -------------------------------------------------------------------
                         required time                         40.182    
                         arrival time                         -10.435    
  -------------------------------------------------------------------
                         slack                                 29.747    

Slack (MET) :             29.748ns  (required time - arrival time)
  Source:                 dbg_hub/inst/BSCANID.u_xsdbm_id/SWITCH_N_EXT_BSCAN.bscan_switch/state_reg[1]/C
                            (rising edge-triggered cell FDRE clocked by dbg_hub/inst/BSCANID.u_xsdbm_id/SWITCH_N_EXT_BSCAN.bscan_inst/SERIES7_BSCAN.bscan_inst/TCK  {rise@0.000ns fall@16.500ns period=33.000ns})
  Destination:            dbg_hub/inst/BSCANID.u_xsdbm_id/SWITCH_N_EXT_BSCAN.bscan_switch/portno_temp_reg[3]/D
                            (rising edge-triggered cell FDRE clocked by dbg_hub/inst/BSCANID.u_xsdbm_id/SWITCH_N_EXT_BSCAN.bscan_inst/SERIES7_BSCAN.bscan_inst/TCK  {rise@0.000ns fall@16.500ns period=33.000ns})
  Path Group:             dbg_hub/inst/BSCANID.u_xsdbm_id/SWITCH_N_EXT_BSCAN.bscan_inst/SERIES7_BSCAN.bscan_inst/TCK
  Path Type:              Setup (Max at Slow Process Corner)
  Requirement:            33.000ns  (dbg_hub/inst/BSCANID.u_xsdbm_id/SWITCH_N_EXT_BSCAN.bscan_inst/SERIES7_BSCAN.bscan_inst/TCK rise@33.000ns - dbg_hub/inst/BSCANID.u_xsdbm_id/SWITCH_N_EXT_BSCAN.bscan_inst/SERIES7_BSCAN.bscan_inst/TCK rise@0.000ns)
  Data Path Delay:        3.220ns  (logic 1.125ns (34.938%)  route 2.095ns (65.062%))
  Logic Levels:           5  (CARRY8=1 LUT3=1 LUT4=1 LUT5=1 LUT6=1)
  Clock Path Skew:        -0.057ns (DCD - SCD + CPR)
    Destination Clock Delay (DCD):    5.960ns = ( 38.960 - 33.000 ) 
    Source Clock Delay      (SCD):    7.214ns
    Clock Pessimism Removal (CPR):    1.197ns
  Clock Uncertainty:      0.035ns  ((TSJ^2 + TIJ^2)^1/2 + DJ) / 2 + PE
    Total System Jitter     (TSJ):    0.071ns
    Total Input Jitter      (TIJ):    0.000ns
    Discrete Jitter          (DJ):    0.000ns
    Phase Error              (PE):    0.000ns
  Clock Net Delay (Source):      2.313ns (routing 0.957ns, distribution 1.356ns)
  Clock Net Delay (Destination): 2.048ns (routing 0.878ns, distribution 1.170ns)

    Location             Delay type                Incr(ns)  Path(ns)    Netlist Resource(s)
  -------------------------------------------------------------------    -------------------
                         (clock dbg_hub/inst/BSCANID.u_xsdbm_id/SWITCH_N_EXT_BSCAN.bscan_inst/SERIES7_BSCAN.bscan_inst/TCK rise edge)
                                                      0.000     0.000 r  
    CONFIG_SITE_X0Y0     BSCANE2                      0.000     0.000 r  dbg_hub/inst/BSCANID.u_xsdbm_id/SWITCH_N_EXT_BSCAN.bscan_inst/SERIES7_BSCAN.bscan_inst/TCK
                         net (fo=1, routed)           4.818     4.818    dbg_hub/inst/BSCANID.u_xsdbm_id/tck_bs
    BUFGCE_X1Y119        BUFGCE (Prop_BUFCE_BUFGCE_I_O)
                                                      0.083     4.901 r  dbg_hub/inst/BSCANID.u_xsdbm_id/SWITCH_N_EXT_BSCAN.u_bufg_icon_tck/O
    X2Y3 (CLOCK_ROOT)    net (fo=478, routed)         2.313     7.214    dbg_hub/inst/BSCANID.u_xsdbm_id/SWITCH_N_EXT_BSCAN.bscan_switch/s_bscan_tck
    SLICE_X74Y201        FDRE                                         r  dbg_hub/inst/BSCANID.u_xsdbm_id/SWITCH_N_EXT_BSCAN.bscan_switch/state_reg[1]/C
  -------------------------------------------------------------------    -------------------
    SLICE_X74Y201        FDRE (Prop_EFF2_SLICEL_C_Q)
                                                      0.116     7.330 r  dbg_hub/inst/BSCANID.u_xsdbm_id/SWITCH_N_EXT_BSCAN.bscan_switch/state_reg[1]/Q
                         net (fo=50, routed)          0.689     8.019    dbg_hub/inst/BSCANID.u_xsdbm_id/SWITCH_N_EXT_BSCAN.bscan_switch/state[1]
    SLICE_X76Y201        LUT4 (Prop_C5LUT_SLICEM_I3_O)
                                                      0.212     8.231 r  dbg_hub/inst/BSCANID.u_xsdbm_id/SWITCH_N_EXT_BSCAN.bscan_switch/curid_inferred_i_16/O
                         net (fo=2, routed)           0.726     8.957    dbg_hub/inst/BSCANID.u_xsdbm_id/SWITCH_N_EXT_BSCAN.bscan_switch/curid[16]
    SLICE_X75Y202        LUT6 (Prop_C6LUT_SLICEL_I4_O)
                                                      0.115     9.072 r  dbg_hub/inst/BSCANID.u_xsdbm_id/SWITCH_N_EXT_BSCAN.bscan_switch/state_temp[0]_i_9/O
                         net (fo=1, routed)           0.000     9.072    dbg_hub/inst/BSCANID.u_xsdbm_id/SWITCH_N_EXT_BSCAN.bscan_switch/state_temp[0]_i_9_n_0
    SLICE_X75Y202        CARRY8 (Prop_CARRY8_SLICEL_S[2]_CO[7])
                                                      0.353     9.425 f  dbg_hub/inst/BSCANID.u_xsdbm_id/SWITCH_N_EXT_BSCAN.bscan_switch/state_temp_reg[0]_i_3/CO[7]
                         net (fo=4, routed)           0.374     9.799    dbg_hub/inst/BSCANID.u_xsdbm_id/SWITCH_N_EXT_BSCAN.bscan_switch/state_temp_reg[0]_i_3_n_0
    SLICE_X74Y201        LUT5 (Prop_A5LUT_SLICEL_I1_O)
                                                      0.136     9.935 r  dbg_hub/inst/BSCANID.u_xsdbm_id/SWITCH_N_EXT_BSCAN.bscan_switch/portno_temp[5]_i_2/O
                         net (fo=7, routed)           0.280    10.215    dbg_hub/inst/BSCANID.u_xsdbm_id/SWITCH_N_EXT_BSCAN.bscan_switch/portno_temp[5]_i_2_n_0
    SLICE_X73Y201        LUT3 (Prop_G6LUT_SLICEM_I1_O)
                                                      0.193    10.408 r  dbg_hub/inst/BSCANID.u_xsdbm_id/SWITCH_N_EXT_BSCAN.bscan_switch/portno_temp[3]_i_1/O
                         net (fo=1, routed)           0.026    10.434    dbg_hub/inst/BSCANID.u_xsdbm_id/SWITCH_N_EXT_BSCAN.bscan_switch/portno_temp[3]_i_1_n_0
    SLICE_X73Y201        FDRE                                         r  dbg_hub/inst/BSCANID.u_xsdbm_id/SWITCH_N_EXT_BSCAN.bscan_switch/portno_temp_reg[3]/D
  -------------------------------------------------------------------    -------------------

                         (clock dbg_hub/inst/BSCANID.u_xsdbm_id/SWITCH_N_EXT_BSCAN.bscan_inst/SERIES7_BSCAN.bscan_inst/TCK rise edge)
                                                     33.000    33.000 r  
    CONFIG_SITE_X0Y0     BSCANE2                      0.000    33.000 r  dbg_hub/inst/BSCANID.u_xsdbm_id/SWITCH_N_EXT_BSCAN.bscan_inst/SERIES7_BSCAN.bscan_inst/TCK
                         net (fo=1, routed)           3.837    36.837    dbg_hub/inst/BSCANID.u_xsdbm_id/tck_bs
    BUFGCE_X1Y119        BUFGCE (Prop_BUFCE_BUFGCE_I_O)
                                                      0.075    36.912 r  dbg_hub/inst/BSCANID.u_xsdbm_id/SWITCH_N_EXT_BSCAN.u_bufg_icon_tck/O
    X2Y3 (CLOCK_ROOT)    net (fo=478, routed)         2.048    38.960    dbg_hub/inst/BSCANID.u_xsdbm_id/SWITCH_N_EXT_BSCAN.bscan_switch/s_bscan_tck
    SLICE_X73Y201        FDRE                                         r  dbg_hub/inst/BSCANID.u_xsdbm_id/SWITCH_N_EXT_BSCAN.bscan_switch/portno_temp_reg[3]/C
                         clock pessimism              1.197    40.157    
                         clock uncertainty           -0.035    40.122    
    SLICE_X73Y201        FDRE (Setup_GFF_SLICEM_C_D)
                                                      0.060    40.182    dbg_hub/inst/BSCANID.u_xsdbm_id/SWITCH_N_EXT_BSCAN.bscan_switch/portno_temp_reg[3]
  -------------------------------------------------------------------
                         required time                         40.182    
                         arrival time                         -10.434    
  -------------------------------------------------------------------
                         slack                                 29.748    

Slack (MET) :             29.750ns  (required time - arrival time)
  Source:                 dbg_hub/inst/BSCANID.u_xsdbm_id/SWITCH_N_EXT_BSCAN.bscan_switch/state_reg[1]/C
                            (rising edge-triggered cell FDRE clocked by dbg_hub/inst/BSCANID.u_xsdbm_id/SWITCH_N_EXT_BSCAN.bscan_inst/SERIES7_BSCAN.bscan_inst/TCK  {rise@0.000ns fall@16.500ns period=33.000ns})
  Destination:            dbg_hub/inst/BSCANID.u_xsdbm_id/SWITCH_N_EXT_BSCAN.bscan_switch/state_temp_reg[2]/D
                            (rising edge-triggered cell FDRE clocked by dbg_hub/inst/BSCANID.u_xsdbm_id/SWITCH_N_EXT_BSCAN.bscan_inst/SERIES7_BSCAN.bscan_inst/TCK  {rise@0.000ns fall@16.500ns period=33.000ns})
  Path Group:             dbg_hub/inst/BSCANID.u_xsdbm_id/SWITCH_N_EXT_BSCAN.bscan_inst/SERIES7_BSCAN.bscan_inst/TCK
  Path Type:              Setup (Max at Slow Process Corner)
  Requirement:            33.000ns  (dbg_hub/inst/BSCANID.u_xsdbm_id/SWITCH_N_EXT_BSCAN.bscan_inst/SERIES7_BSCAN.bscan_inst/TCK rise@33.000ns - dbg_hub/inst/BSCANID.u_xsdbm_id/SWITCH_N_EXT_BSCAN.bscan_inst/SERIES7_BSCAN.bscan_inst/TCK rise@0.000ns)
  Data Path Delay:        3.218ns  (logic 1.105ns (34.338%)  route 2.113ns (65.662%))
  Logic Levels:           5  (CARRY8=1 LUT4=1 LUT5=1 LUT6=2)
  Clock Path Skew:        -0.055ns (DCD - SCD + CPR)
    Destination Clock Delay (DCD):    5.962ns = ( 38.962 - 33.000 ) 
    Source Clock Delay      (SCD):    7.214ns
    Clock Pessimism Removal (CPR):    1.197ns
  Clock Uncertainty:      0.035ns  ((TSJ^2 + TIJ^2)^1/2 + DJ) / 2 + PE
    Total System Jitter     (TSJ):    0.071ns
    Total Input Jitter      (TIJ):    0.000ns
    Discrete Jitter          (DJ):    0.000ns
    Phase Error              (PE):    0.000ns
  Clock Net Delay (Source):      2.313ns (routing 0.957ns, distribution 1.356ns)
  Clock Net Delay (Destination): 2.050ns (routing 0.878ns, distribution 1.172ns)

    Location             Delay type                Incr(ns)  Path(ns)    Netlist Resource(s)
  -------------------------------------------------------------------    -------------------
                         (clock dbg_hub/inst/BSCANID.u_xsdbm_id/SWITCH_N_EXT_BSCAN.bscan_inst/SERIES7_BSCAN.bscan_inst/TCK rise edge)
                                                      0.000     0.000 r  
    CONFIG_SITE_X0Y0     BSCANE2                      0.000     0.000 r  dbg_hub/inst/BSCANID.u_xsdbm_id/SWITCH_N_EXT_BSCAN.bscan_inst/SERIES7_BSCAN.bscan_inst/TCK
                         net (fo=1, routed)           4.818     4.818    dbg_hub/inst/BSCANID.u_xsdbm_id/tck_bs
    BUFGCE_X1Y119        BUFGCE (Prop_BUFCE_BUFGCE_I_O)
                                                      0.083     4.901 r  dbg_hub/inst/BSCANID.u_xsdbm_id/SWITCH_N_EXT_BSCAN.u_bufg_icon_tck/O
    X2Y3 (CLOCK_ROOT)    net (fo=478, routed)         2.313     7.214    dbg_hub/inst/BSCANID.u_xsdbm_id/SWITCH_N_EXT_BSCAN.bscan_switch/s_bscan_tck
    SLICE_X74Y201        FDRE                                         r  dbg_hub/inst/BSCANID.u_xsdbm_id/SWITCH_N_EXT_BSCAN.bscan_switch/state_reg[1]/C
  -------------------------------------------------------------------    -------------------
    SLICE_X74Y201        FDRE (Prop_EFF2_SLICEL_C_Q)
                                                      0.116     7.330 r  dbg_hub/inst/BSCANID.u_xsdbm_id/SWITCH_N_EXT_BSCAN.bscan_switch/state_reg[1]/Q
                         net (fo=50, routed)          0.689     8.019    dbg_hub/inst/BSCANID.u_xsdbm_id/SWITCH_N_EXT_BSCAN.bscan_switch/state[1]
    SLICE_X76Y201        LUT4 (Prop_C5LUT_SLICEM_I3_O)
                                                      0.212     8.231 r  dbg_hub/inst/BSCANID.u_xsdbm_id/SWITCH_N_EXT_BSCAN.bscan_switch/curid_inferred_i_16/O
                         net (fo=2, routed)           0.726     8.957    dbg_hub/inst/BSCANID.u_xsdbm_id/SWITCH_N_EXT_BSCAN.bscan_switch/curid[16]
    SLICE_X75Y202        LUT6 (Prop_C6LUT_SLICEL_I4_O)
                                                      0.115     9.072 r  dbg_hub/inst/BSCANID.u_xsdbm_id/SWITCH_N_EXT_BSCAN.bscan_switch/state_temp[0]_i_9/O
                         net (fo=1, routed)           0.000     9.072    dbg_hub/inst/BSCANID.u_xsdbm_id/SWITCH_N_EXT_BSCAN.bscan_switch/state_temp[0]_i_9_n_0
    SLICE_X75Y202        CARRY8 (Prop_CARRY8_SLICEL_S[2]_CO[7])
                                                      0.353     9.425 f  dbg_hub/inst/BSCANID.u_xsdbm_id/SWITCH_N_EXT_BSCAN.bscan_switch/state_temp_reg[0]_i_3/CO[7]
                         net (fo=4, routed)           0.374     9.799    dbg_hub/inst/BSCANID.u_xsdbm_id/SWITCH_N_EXT_BSCAN.bscan_switch/state_temp_reg[0]_i_3_n_0
    SLICE_X74Y201        LUT5 (Prop_A5LUT_SLICEL_I1_O)
                                                      0.136     9.935 r  dbg_hub/inst/BSCANID.u_xsdbm_id/SWITCH_N_EXT_BSCAN.bscan_switch/portno_temp[5]_i_2/O
                         net (fo=7, routed)           0.298    10.233    dbg_hub/inst/BSCANID.u_xsdbm_id/SWITCH_N_EXT_BSCAN.bscan_switch/portno_temp[5]_i_2_n_0
    SLICE_X74Y201        LUT6 (Prop_B6LUT_SLICEL_I2_O)
                                                      0.173    10.406 r  dbg_hub/inst/BSCANID.u_xsdbm_id/SWITCH_N_EXT_BSCAN.bscan_switch/state_temp[2]_i_1/O
                         net (fo=1, routed)           0.026    10.432    dbg_hub/inst/BSCANID.u_xsdbm_id/SWITCH_N_EXT_BSCAN.bscan_switch/state_temp[2]_i_1_n_0
    SLICE_X74Y201        FDRE                                         r  dbg_hub/inst/BSCANID.u_xsdbm_id/SWITCH_N_EXT_BSCAN.bscan_switch/state_temp_reg[2]/D
  -------------------------------------------------------------------    -------------------

                         (clock dbg_hub/inst/BSCANID.u_xsdbm_id/SWITCH_N_EXT_BSCAN.bscan_inst/SERIES7_BSCAN.bscan_inst/TCK rise edge)
                                                     33.000    33.000 r  
    CONFIG_SITE_X0Y0     BSCANE2                      0.000    33.000 r  dbg_hub/inst/BSCANID.u_xsdbm_id/SWITCH_N_EXT_BSCAN.bscan_inst/SERIES7_BSCAN.bscan_inst/TCK
                         net (fo=1, routed)           3.837    36.837    dbg_hub/inst/BSCANID.u_xsdbm_id/tck_bs
    BUFGCE_X1Y119        BUFGCE (Prop_BUFCE_BUFGCE_I_O)
                                                      0.075    36.912 r  dbg_hub/inst/BSCANID.u_xsdbm_id/SWITCH_N_EXT_BSCAN.u_bufg_icon_tck/O
    X2Y3 (CLOCK_ROOT)    net (fo=478, routed)         2.050    38.962    dbg_hub/inst/BSCANID.u_xsdbm_id/SWITCH_N_EXT_BSCAN.bscan_switch/s_bscan_tck
    SLICE_X74Y201        FDRE                                         r  dbg_hub/inst/BSCANID.u_xsdbm_id/SWITCH_N_EXT_BSCAN.bscan_switch/state_temp_reg[2]/C
                         clock pessimism              1.197    40.159    
                         clock uncertainty           -0.035    40.124    
    SLICE_X74Y201        FDRE (Setup_BFF_SLICEL_C_D)
                                                      0.058    40.182    dbg_hub/inst/BSCANID.u_xsdbm_id/SWITCH_N_EXT_BSCAN.bscan_switch/state_temp_reg[2]
  -------------------------------------------------------------------
                         required time                         40.182    
                         arrival time                         -10.432    
  -------------------------------------------------------------------
                         slack                                 29.750    

Slack (MET) :             29.757ns  (required time - arrival time)
  Source:                 dbg_hub/inst/BSCANID.u_xsdbm_id/SWITCH_N_EXT_BSCAN.bscan_switch/state_reg[1]/C
                            (rising edge-triggered cell FDRE clocked by dbg_hub/inst/BSCANID.u_xsdbm_id/SWITCH_N_EXT_BSCAN.bscan_inst/SERIES7_BSCAN.bscan_inst/TCK  {rise@0.000ns fall@16.500ns period=33.000ns})
  Destination:            dbg_hub/inst/BSCANID.u_xsdbm_id/SWITCH_N_EXT_BSCAN.bscan_switch/portno_temp_reg[0]/D
                            (rising edge-triggered cell FDRE clocked by dbg_hub/inst/BSCANID.u_xsdbm_id/SWITCH_N_EXT_BSCAN.bscan_inst/SERIES7_BSCAN.bscan_inst/TCK  {rise@0.000ns fall@16.500ns period=33.000ns})
  Path Group:             dbg_hub/inst/BSCANID.u_xsdbm_id/SWITCH_N_EXT_BSCAN.bscan_inst/SERIES7_BSCAN.bscan_inst/TCK
  Path Type:              Setup (Max at Slow Process Corner)
  Requirement:            33.000ns  (dbg_hub/inst/BSCANID.u_xsdbm_id/SWITCH_N_EXT_BSCAN.bscan_inst/SERIES7_BSCAN.bscan_inst/TCK rise@33.000ns - dbg_hub/inst/BSCANID.u_xsdbm_id/SWITCH_N_EXT_BSCAN.bscan_inst/SERIES7_BSCAN.bscan_inst/TCK rise@0.000ns)
  Data Path Delay:        3.188ns  (logic 1.070ns (33.563%)  route 2.118ns (66.437%))
  Logic Levels:           5  (CARRY8=1 LUT3=1 LUT4=1 LUT5=1 LUT6=1)
  Clock Path Skew:        -0.079ns (DCD - SCD + CPR)
    Destination Clock Delay (DCD):    5.956ns = ( 38.956 - 33.000 ) 
    Source Clock Delay      (SCD):    7.214ns
    Clock Pessimism Removal (CPR):    1.179ns
  Clock Uncertainty:      0.035ns  ((TSJ^2 + TIJ^2)^1/2 + DJ) / 2 + PE
    Total System Jitter     (TSJ):    0.071ns
    Total Input Jitter      (TIJ):    0.000ns
    Discrete Jitter          (DJ):    0.000ns
    Phase Error              (PE):    0.000ns
  Clock Net Delay (Source):      2.313ns (routing 0.957ns, distribution 1.356ns)
  Clock Net Delay (Destination): 2.044ns (routing 0.878ns, distribution 1.166ns)

    Location             Delay type                Incr(ns)  Path(ns)    Netlist Resource(s)
  -------------------------------------------------------------------    -------------------
                         (clock dbg_hub/inst/BSCANID.u_xsdbm_id/SWITCH_N_EXT_BSCAN.bscan_inst/SERIES7_BSCAN.bscan_inst/TCK rise edge)
                                                      0.000     0.000 r  
    CONFIG_SITE_X0Y0     BSCANE2                      0.000     0.000 r  dbg_hub/inst/BSCANID.u_xsdbm_id/SWITCH_N_EXT_BSCAN.bscan_inst/SERIES7_BSCAN.bscan_inst/TCK
                         net (fo=1, routed)           4.818     4.818    dbg_hub/inst/BSCANID.u_xsdbm_id/tck_bs
    BUFGCE_X1Y119        BUFGCE (Prop_BUFCE_BUFGCE_I_O)
                                                      0.083     4.901 r  dbg_hub/inst/BSCANID.u_xsdbm_id/SWITCH_N_EXT_BSCAN.u_bufg_icon_tck/O
    X2Y3 (CLOCK_ROOT)    net (fo=478, routed)         2.313     7.214    dbg_hub/inst/BSCANID.u_xsdbm_id/SWITCH_N_EXT_BSCAN.bscan_switch/s_bscan_tck
    SLICE_X74Y201        FDRE                                         r  dbg_hub/inst/BSCANID.u_xsdbm_id/SWITCH_N_EXT_BSCAN.bscan_switch/state_reg[1]/C
  -------------------------------------------------------------------    -------------------
    SLICE_X74Y201        FDRE (Prop_EFF2_SLICEL_C_Q)
                                                      0.116     7.330 r  dbg_hub/inst/BSCANID.u_xsdbm_id/SWITCH_N_EXT_BSCAN.bscan_switch/state_reg[1]/Q
                         net (fo=50, routed)          0.689     8.019    dbg_hub/inst/BSCANID.u_xsdbm_id/SWITCH_N_EXT_BSCAN.bscan_switch/state[1]
    SLICE_X76Y201        LUT4 (Prop_C5LUT_SLICEM_I3_O)
                                                      0.212     8.231 r  dbg_hub/inst/BSCANID.u_xsdbm_id/SWITCH_N_EXT_BSCAN.bscan_switch/curid_inferred_i_16/O
                         net (fo=2, routed)           0.726     8.957    dbg_hub/inst/BSCANID.u_xsdbm_id/SWITCH_N_EXT_BSCAN.bscan_switch/curid[16]
    SLICE_X75Y202        LUT6 (Prop_C6LUT_SLICEL_I4_O)
                                                      0.115     9.072 r  dbg_hub/inst/BSCANID.u_xsdbm_id/SWITCH_N_EXT_BSCAN.bscan_switch/state_temp[0]_i_9/O
                         net (fo=1, routed)           0.000     9.072    dbg_hub/inst/BSCANID.u_xsdbm_id/SWITCH_N_EXT_BSCAN.bscan_switch/state_temp[0]_i_9_n_0
    SLICE_X75Y202        CARRY8 (Prop_CARRY8_SLICEL_S[2]_CO[7])
                                                      0.353     9.425 f  dbg_hub/inst/BSCANID.u_xsdbm_id/SWITCH_N_EXT_BSCAN.bscan_switch/state_temp_reg[0]_i_3/CO[7]
                         net (fo=4, routed)           0.374     9.799    dbg_hub/inst/BSCANID.u_xsdbm_id/SWITCH_N_EXT_BSCAN.bscan_switch/state_temp_reg[0]_i_3_n_0
    SLICE_X74Y201        LUT5 (Prop_A5LUT_SLICEL_I1_O)
                                                      0.136     9.935 r  dbg_hub/inst/BSCANID.u_xsdbm_id/SWITCH_N_EXT_BSCAN.bscan_switch/portno_temp[5]_i_2/O
                         net (fo=7, routed)           0.294    10.229    dbg_hub/inst/BSCANID.u_xsdbm_id/SWITCH_N_EXT_BSCAN.bscan_switch/portno_temp[5]_i_2_n_0
    SLICE_X73Y199        LUT3 (Prop_H5LUT_SLICEM_I1_O)
                                                      0.138    10.367 r  dbg_hub/inst/BSCANID.u_xsdbm_id/SWITCH_N_EXT_BSCAN.bscan_switch/portno_temp[0]_i_1/O
                         net (fo=1, routed)           0.035    10.402    dbg_hub/inst/BSCANID.u_xsdbm_id/SWITCH_N_EXT_BSCAN.bscan_switch/portno_temp[0]_i_1_n_0
    SLICE_X73Y199        FDRE                                         r  dbg_hub/inst/BSCANID.u_xsdbm_id/SWITCH_N_EXT_BSCAN.bscan_switch/portno_temp_reg[0]/D
  -------------------------------------------------------------------    -------------------

                         (clock dbg_hub/inst/BSCANID.u_xsdbm_id/SWITCH_N_EXT_BSCAN.bscan_inst/SERIES7_BSCAN.bscan_inst/TCK rise edge)
                                                     33.000    33.000 r  
    CONFIG_SITE_X0Y0     BSCANE2                      0.000    33.000 r  dbg_hub/inst/BSCANID.u_xsdbm_id/SWITCH_N_EXT_BSCAN.bscan_inst/SERIES7_BSCAN.bscan_inst/TCK
                         net (fo=1, routed)           3.837    36.837    dbg_hub/inst/BSCANID.u_xsdbm_id/tck_bs
    BUFGCE_X1Y119        BUFGCE (Prop_BUFCE_BUFGCE_I_O)
                                                      0.075    36.912 r  dbg_hub/inst/BSCANID.u_xsdbm_id/SWITCH_N_EXT_BSCAN.u_bufg_icon_tck/O
    X2Y3 (CLOCK_ROOT)    net (fo=478, routed)         2.044    38.956    dbg_hub/inst/BSCANID.u_xsdbm_id/SWITCH_N_EXT_BSCAN.bscan_switch/s_bscan_tck
    SLICE_X73Y199        FDRE                                         r  dbg_hub/inst/BSCANID.u_xsdbm_id/SWITCH_N_EXT_BSCAN.bscan_switch/portno_temp_reg[0]/C
                         clock pessimism              1.179    40.135    
                         clock uncertainty           -0.035    40.099    
    SLICE_X73Y199        FDRE (Setup_HFF2_SLICEM_C_D)
                                                      0.060    40.159    dbg_hub/inst/BSCANID.u_xsdbm_id/SWITCH_N_EXT_BSCAN.bscan_switch/portno_temp_reg[0]
  -------------------------------------------------------------------
                         required time                         40.159    
                         arrival time                         -10.402    
  -------------------------------------------------------------------
                         slack                                 29.757    

Slack (MET) :             29.783ns  (required time - arrival time)
  Source:                 dbg_hub/inst/BSCANID.u_xsdbm_id/SWITCH_N_EXT_BSCAN.bscan_switch/state_reg[1]/C
                            (rising edge-triggered cell FDRE clocked by dbg_hub/inst/BSCANID.u_xsdbm_id/SWITCH_N_EXT_BSCAN.bscan_inst/SERIES7_BSCAN.bscan_inst/TCK  {rise@0.000ns fall@16.500ns period=33.000ns})
  Destination:            dbg_hub/inst/BSCANID.u_xsdbm_id/SWITCH_N_EXT_BSCAN.bscan_switch/portno_temp_reg[2]/D
                            (rising edge-triggered cell FDRE clocked by dbg_hub/inst/BSCANID.u_xsdbm_id/SWITCH_N_EXT_BSCAN.bscan_inst/SERIES7_BSCAN.bscan_inst/TCK  {rise@0.000ns fall@16.500ns period=33.000ns})
  Path Group:             dbg_hub/inst/BSCANID.u_xsdbm_id/SWITCH_N_EXT_BSCAN.bscan_inst/SERIES7_BSCAN.bscan_inst/TCK
  Path Type:              Setup (Max at Slow Process Corner)
  Requirement:            33.000ns  (dbg_hub/inst/BSCANID.u_xsdbm_id/SWITCH_N_EXT_BSCAN.bscan_inst/SERIES7_BSCAN.bscan_inst/TCK rise@33.000ns - dbg_hub/inst/BSCANID.u_xsdbm_id/SWITCH_N_EXT_BSCAN.bscan_inst/SERIES7_BSCAN.bscan_inst/TCK rise@0.000ns)
  Data Path Delay:        3.162ns  (logic 1.052ns (33.270%)  route 2.110ns (66.730%))
  Logic Levels:           5  (CARRY8=1 LUT3=1 LUT4=1 LUT5=1 LUT6=1)
  Clock Path Skew:        -0.079ns (DCD - SCD + CPR)
    Destination Clock Delay (DCD):    5.956ns = ( 38.956 - 33.000 ) 
    Source Clock Delay      (SCD):    7.214ns
    Clock Pessimism Removal (CPR):    1.179ns
  Clock Uncertainty:      0.035ns  ((TSJ^2 + TIJ^2)^1/2 + DJ) / 2 + PE
    Total System Jitter     (TSJ):    0.071ns
    Total Input Jitter      (TIJ):    0.000ns
    Discrete Jitter          (DJ):    0.000ns
    Phase Error              (PE):    0.000ns
  Clock Net Delay (Source):      2.313ns (routing 0.957ns, distribution 1.356ns)
  Clock Net Delay (Destination): 2.044ns (routing 0.878ns, distribution 1.166ns)

    Location             Delay type                Incr(ns)  Path(ns)    Netlist Resource(s)
  -------------------------------------------------------------------    -------------------
                         (clock dbg_hub/inst/BSCANID.u_xsdbm_id/SWITCH_N_EXT_BSCAN.bscan_inst/SERIES7_BSCAN.bscan_inst/TCK rise edge)
                                                      0.000     0.000 r  
    CONFIG_SITE_X0Y0     BSCANE2                      0.000     0.000 r  dbg_hub/inst/BSCANID.u_xsdbm_id/SWITCH_N_EXT_BSCAN.bscan_inst/SERIES7_BSCAN.bscan_inst/TCK
                         net (fo=1, routed)           4.818     4.818    dbg_hub/inst/BSCANID.u_xsdbm_id/tck_bs
    BUFGCE_X1Y119        BUFGCE (Prop_BUFCE_BUFGCE_I_O)
                                                      0.083     4.901 r  dbg_hub/inst/BSCANID.u_xsdbm_id/SWITCH_N_EXT_BSCAN.u_bufg_icon_tck/O
    X2Y3 (CLOCK_ROOT)    net (fo=478, routed)         2.313     7.214    dbg_hub/inst/BSCANID.u_xsdbm_id/SWITCH_N_EXT_BSCAN.bscan_switch/s_bscan_tck
    SLICE_X74Y201        FDRE                                         r  dbg_hub/inst/BSCANID.u_xsdbm_id/SWITCH_N_EXT_BSCAN.bscan_switch/state_reg[1]/C
  -------------------------------------------------------------------    -------------------
    SLICE_X74Y201        FDRE (Prop_EFF2_SLICEL_C_Q)
                                                      0.116     7.330 r  dbg_hub/inst/BSCANID.u_xsdbm_id/SWITCH_N_EXT_BSCAN.bscan_switch/state_reg[1]/Q
                         net (fo=50, routed)          0.689     8.019    dbg_hub/inst/BSCANID.u_xsdbm_id/SWITCH_N_EXT_BSCAN.bscan_switch/state[1]
    SLICE_X76Y201        LUT4 (Prop_C5LUT_SLICEM_I3_O)
                                                      0.212     8.231 r  dbg_hub/inst/BSCANID.u_xsdbm_id/SWITCH_N_EXT_BSCAN.bscan_switch/curid_inferred_i_16/O
                         net (fo=2, routed)           0.726     8.957    dbg_hub/inst/BSCANID.u_xsdbm_id/SWITCH_N_EXT_BSCAN.bscan_switch/curid[16]
    SLICE_X75Y202        LUT6 (Prop_C6LUT_SLICEL_I4_O)
                                                      0.115     9.072 r  dbg_hub/inst/BSCANID.u_xsdbm_id/SWITCH_N_EXT_BSCAN.bscan_switch/state_temp[0]_i_9/O
                         net (fo=1, routed)           0.000     9.072    dbg_hub/inst/BSCANID.u_xsdbm_id/SWITCH_N_EXT_BSCAN.bscan_switch/state_temp[0]_i_9_n_0
    SLICE_X75Y202        CARRY8 (Prop_CARRY8_SLICEL_S[2]_CO[7])
                                                      0.353     9.425 f  dbg_hub/inst/BSCANID.u_xsdbm_id/SWITCH_N_EXT_BSCAN.bscan_switch/state_temp_reg[0]_i_3/CO[7]
                         net (fo=4, routed)           0.374     9.799    dbg_hub/inst/BSCANID.u_xsdbm_id/SWITCH_N_EXT_BSCAN.bscan_switch/state_temp_reg[0]_i_3_n_0
    SLICE_X74Y201        LUT5 (Prop_A5LUT_SLICEL_I1_O)
                                                      0.136     9.935 r  dbg_hub/inst/BSCANID.u_xsdbm_id/SWITCH_N_EXT_BSCAN.bscan_switch/portno_temp[5]_i_2/O
                         net (fo=7, routed)           0.294    10.229    dbg_hub/inst/BSCANID.u_xsdbm_id/SWITCH_N_EXT_BSCAN.bscan_switch/portno_temp[5]_i_2_n_0
    SLICE_X73Y199        LUT3 (Prop_H6LUT_SLICEM_I1_O)
                                                      0.120    10.349 r  dbg_hub/inst/BSCANID.u_xsdbm_id/SWITCH_N_EXT_BSCAN.bscan_switch/portno_temp[2]_i_1/O
                         net (fo=1, routed)           0.027    10.376    dbg_hub/inst/BSCANID.u_xsdbm_id/SWITCH_N_EXT_BSCAN.bscan_switch/portno_temp[2]_i_1_n_0
    SLICE_X73Y199        FDRE                                         r  dbg_hub/inst/BSCANID.u_xsdbm_id/SWITCH_N_EXT_BSCAN.bscan_switch/portno_temp_reg[2]/D
  -------------------------------------------------------------------    -------------------

                         (clock dbg_hub/inst/BSCANID.u_xsdbm_id/SWITCH_N_EXT_BSCAN.bscan_inst/SERIES7_BSCAN.bscan_inst/TCK rise edge)
                                                     33.000    33.000 r  
    CONFIG_SITE_X0Y0     BSCANE2                      0.000    33.000 r  dbg_hub/inst/BSCANID.u_xsdbm_id/SWITCH_N_EXT_BSCAN.bscan_inst/SERIES7_BSCAN.bscan_inst/TCK
                         net (fo=1, routed)           3.837    36.837    dbg_hub/inst/BSCANID.u_xsdbm_id/tck_bs
    BUFGCE_X1Y119        BUFGCE (Prop_BUFCE_BUFGCE_I_O)
                                                      0.075    36.912 r  dbg_hub/inst/BSCANID.u_xsdbm_id/SWITCH_N_EXT_BSCAN.u_bufg_icon_tck/O
    X2Y3 (CLOCK_ROOT)    net (fo=478, routed)         2.044    38.956    dbg_hub/inst/BSCANID.u_xsdbm_id/SWITCH_N_EXT_BSCAN.bscan_switch/s_bscan_tck
    SLICE_X73Y199        FDRE                                         r  dbg_hub/inst/BSCANID.u_xsdbm_id/SWITCH_N_EXT_BSCAN.bscan_switch/portno_temp_reg[2]/C
                         clock pessimism              1.179    40.135    
                         clock uncertainty           -0.035    40.099    
    SLICE_X73Y199        FDRE (Setup_HFF_SLICEM_C_D)
                                                      0.060    40.159    dbg_hub/inst/BSCANID.u_xsdbm_id/SWITCH_N_EXT_BSCAN.bscan_switch/portno_temp_reg[2]
  -------------------------------------------------------------------
                         required time                         40.159    
                         arrival time                         -10.376    
  -------------------------------------------------------------------
                         slack                                 29.783    

Slack (MET) :             29.794ns  (required time - arrival time)
  Source:                 dbg_hub/inst/BSCANID.u_xsdbm_id/SWITCH_N_EXT_BSCAN.bscan_switch/state_reg[1]/C
                            (rising edge-triggered cell FDRE clocked by dbg_hub/inst/BSCANID.u_xsdbm_id/SWITCH_N_EXT_BSCAN.bscan_inst/SERIES7_BSCAN.bscan_inst/TCK  {rise@0.000ns fall@16.500ns period=33.000ns})
  Destination:            dbg_hub/inst/BSCANID.u_xsdbm_id/SWITCH_N_EXT_BSCAN.bscan_switch/portno_temp_reg[4]/D
                            (rising edge-triggered cell FDRE clocked by dbg_hub/inst/BSCANID.u_xsdbm_id/SWITCH_N_EXT_BSCAN.bscan_inst/SERIES7_BSCAN.bscan_inst/TCK  {rise@0.000ns fall@16.500ns period=33.000ns})
  Path Group:             dbg_hub/inst/BSCANID.u_xsdbm_id/SWITCH_N_EXT_BSCAN.bscan_inst/SERIES7_BSCAN.bscan_inst/TCK
  Path Type:              Setup (Max at Slow Process Corner)
  Requirement:            33.000ns  (dbg_hub/inst/BSCANID.u_xsdbm_id/SWITCH_N_EXT_BSCAN.bscan_inst/SERIES7_BSCAN.bscan_inst/TCK rise@33.000ns - dbg_hub/inst/BSCANID.u_xsdbm_id/SWITCH_N_EXT_BSCAN.bscan_inst/SERIES7_BSCAN.bscan_inst/TCK rise@0.000ns)
  Data Path Delay:        3.151ns  (logic 1.048ns (33.259%)  route 2.103ns (66.741%))
  Logic Levels:           5  (CARRY8=1 LUT3=1 LUT4=1 LUT5=1 LUT6=1)
  Clock Path Skew:        -0.079ns (DCD - SCD + CPR)
    Destination Clock Delay (DCD):    5.956ns = ( 38.956 - 33.000 ) 
    Source Clock Delay      (SCD):    7.214ns
    Clock Pessimism Removal (CPR):    1.179ns
  Clock Uncertainty:      0.035ns  ((TSJ^2 + TIJ^2)^1/2 + DJ) / 2 + PE
    Total System Jitter     (TSJ):    0.071ns
    Total Input Jitter      (TIJ):    0.000ns
    Discrete Jitter          (DJ):    0.000ns
    Phase Error              (PE):    0.000ns
  Clock Net Delay (Source):      2.313ns (routing 0.957ns, distribution 1.356ns)
  Clock Net Delay (Destination): 2.044ns (routing 0.878ns, distribution 1.166ns)

    Location             Delay type                Incr(ns)  Path(ns)    Netlist Resource(s)
  -------------------------------------------------------------------    -------------------
                         (clock dbg_hub/inst/BSCANID.u_xsdbm_id/SWITCH_N_EXT_BSCAN.bscan_inst/SERIES7_BSCAN.bscan_inst/TCK rise edge)
                                                      0.000     0.000 r  
    CONFIG_SITE_X0Y0     BSCANE2                      0.000     0.000 r  dbg_hub/inst/BSCANID.u_xsdbm_id/SWITCH_N_EXT_BSCAN.bscan_inst/SERIES7_BSCAN.bscan_inst/TCK
                         net (fo=1, routed)           4.818     4.818    dbg_hub/inst/BSCANID.u_xsdbm_id/tck_bs
    BUFGCE_X1Y119        BUFGCE (Prop_BUFCE_BUFGCE_I_O)
                                                      0.083     4.901 r  dbg_hub/inst/BSCANID.u_xsdbm_id/SWITCH_N_EXT_BSCAN.u_bufg_icon_tck/O
    X2Y3 (CLOCK_ROOT)    net (fo=478, routed)         2.313     7.214    dbg_hub/inst/BSCANID.u_xsdbm_id/SWITCH_N_EXT_BSCAN.bscan_switch/s_bscan_tck
    SLICE_X74Y201        FDRE                                         r  dbg_hub/inst/BSCANID.u_xsdbm_id/SWITCH_N_EXT_BSCAN.bscan_switch/state_reg[1]/C
  -------------------------------------------------------------------    -------------------
    SLICE_X74Y201        FDRE (Prop_EFF2_SLICEL_C_Q)
                                                      0.116     7.330 r  dbg_hub/inst/BSCANID.u_xsdbm_id/SWITCH_N_EXT_BSCAN.bscan_switch/state_reg[1]/Q
                         net (fo=50, routed)          0.689     8.019    dbg_hub/inst/BSCANID.u_xsdbm_id/SWITCH_N_EXT_BSCAN.bscan_switch/state[1]
    SLICE_X76Y201        LUT4 (Prop_C5LUT_SLICEM_I3_O)
                                                      0.212     8.231 r  dbg_hub/inst/BSCANID.u_xsdbm_id/SWITCH_N_EXT_BSCAN.bscan_switch/curid_inferred_i_16/O
                         net (fo=2, routed)           0.726     8.957    dbg_hub/inst/BSCANID.u_xsdbm_id/SWITCH_N_EXT_BSCAN.bscan_switch/curid[16]
    SLICE_X75Y202        LUT6 (Prop_C6LUT_SLICEL_I4_O)
                                                      0.115     9.072 r  dbg_hub/inst/BSCANID.u_xsdbm_id/SWITCH_N_EXT_BSCAN.bscan_switch/state_temp[0]_i_9/O
                         net (fo=1, routed)           0.000     9.072    dbg_hub/inst/BSCANID.u_xsdbm_id/SWITCH_N_EXT_BSCAN.bscan_switch/state_temp[0]_i_9_n_0
    SLICE_X75Y202        CARRY8 (Prop_CARRY8_SLICEL_S[2]_CO[7])
                                                      0.353     9.425 f  dbg_hub/inst/BSCANID.u_xsdbm_id/SWITCH_N_EXT_BSCAN.bscan_switch/state_temp_reg[0]_i_3/CO[7]
                         net (fo=4, routed)           0.374     9.799    dbg_hub/inst/BSCANID.u_xsdbm_id/SWITCH_N_EXT_BSCAN.bscan_switch/state_temp_reg[0]_i_3_n_0
    SLICE_X74Y201        LUT5 (Prop_A5LUT_SLICEL_I1_O)
                                                      0.136     9.935 r  dbg_hub/inst/BSCANID.u_xsdbm_id/SWITCH_N_EXT_BSCAN.bscan_switch/portno_temp[5]_i_2/O
                         net (fo=7, routed)           0.288    10.223    dbg_hub/inst/BSCANID.u_xsdbm_id/SWITCH_N_EXT_BSCAN.bscan_switch/portno_temp[5]_i_2_n_0
    SLICE_X73Y199        LUT3 (Prop_G6LUT_SLICEM_I1_O)
                                                      0.116    10.339 r  dbg_hub/inst/BSCANID.u_xsdbm_id/SWITCH_N_EXT_BSCAN.bscan_switch/portno_temp[4]_i_1/O
                         net (fo=1, routed)           0.026    10.365    dbg_hub/inst/BSCANID.u_xsdbm_id/SWITCH_N_EXT_BSCAN.bscan_switch/portno_temp[4]_i_1_n_0
    SLICE_X73Y199        FDRE                                         r  dbg_hub/inst/BSCANID.u_xsdbm_id/SWITCH_N_EXT_BSCAN.bscan_switch/portno_temp_reg[4]/D
  -------------------------------------------------------------------    -------------------

                         (clock dbg_hub/inst/BSCANID.u_xsdbm_id/SWITCH_N_EXT_BSCAN.bscan_inst/SERIES7_BSCAN.bscan_inst/TCK rise edge)
                                                     33.000    33.000 r  
    CONFIG_SITE_X0Y0     BSCANE2                      0.000    33.000 r  dbg_hub/inst/BSCANID.u_xsdbm_id/SWITCH_N_EXT_BSCAN.bscan_inst/SERIES7_BSCAN.bscan_inst/TCK
                         net (fo=1, routed)           3.837    36.837    dbg_hub/inst/BSCANID.u_xsdbm_id/tck_bs
    BUFGCE_X1Y119        BUFGCE (Prop_BUFCE_BUFGCE_I_O)
                                                      0.075    36.912 r  dbg_hub/inst/BSCANID.u_xsdbm_id/SWITCH_N_EXT_BSCAN.u_bufg_icon_tck/O
    X2Y3 (CLOCK_ROOT)    net (fo=478, routed)         2.044    38.956    dbg_hub/inst/BSCANID.u_xsdbm_id/SWITCH_N_EXT_BSCAN.bscan_switch/s_bscan_tck
    SLICE_X73Y199        FDRE                                         r  dbg_hub/inst/BSCANID.u_xsdbm_id/SWITCH_N_EXT_BSCAN.bscan_switch/portno_temp_reg[4]/C
                         clock pessimism              1.179    40.135    
                         clock uncertainty           -0.035    40.099    
    SLICE_X73Y199        FDRE (Setup_GFF_SLICEM_C_D)
                                                      0.060    40.159    dbg_hub/inst/BSCANID.u_xsdbm_id/SWITCH_N_EXT_BSCAN.bscan_switch/portno_temp_reg[4]
  -------------------------------------------------------------------
                         required time                         40.159    
                         arrival time                         -10.365    
  -------------------------------------------------------------------
                         slack                                 29.794    

Slack (MET) :             30.038ns  (required time - arrival time)
  Source:                 dbg_hub/inst/BSCANID.u_xsdbm_id/SWITCH_N_EXT_BSCAN.bscan_switch/state_reg[1]/C
                            (rising edge-triggered cell FDRE clocked by dbg_hub/inst/BSCANID.u_xsdbm_id/SWITCH_N_EXT_BSCAN.bscan_inst/SERIES7_BSCAN.bscan_inst/TCK  {rise@0.000ns fall@16.500ns period=33.000ns})
  Destination:            dbg_hub/inst/BSCANID.u_xsdbm_id/SWITCH_N_EXT_BSCAN.bscan_switch/state_temp_reg[0]/D
                            (rising edge-triggered cell FDRE clocked by dbg_hub/inst/BSCANID.u_xsdbm_id/SWITCH_N_EXT_BSCAN.bscan_inst/SERIES7_BSCAN.bscan_inst/TCK  {rise@0.000ns fall@16.500ns period=33.000ns})
  Path Group:             dbg_hub/inst/BSCANID.u_xsdbm_id/SWITCH_N_EXT_BSCAN.bscan_inst/SERIES7_BSCAN.bscan_inst/TCK
  Path Type:              Setup (Max at Slow Process Corner)
  Requirement:            33.000ns  (dbg_hub/inst/BSCANID.u_xsdbm_id/SWITCH_N_EXT_BSCAN.bscan_inst/SERIES7_BSCAN.bscan_inst/TCK rise@33.000ns - dbg_hub/inst/BSCANID.u_xsdbm_id/SWITCH_N_EXT_BSCAN.bscan_inst/SERIES7_BSCAN.bscan_inst/TCK rise@0.000ns)
  Data Path Delay:        2.931ns  (logic 1.044ns (35.619%)  route 1.887ns (64.381%))
  Logic Levels:           5  (CARRY8=1 LUT4=1 LUT6=3)
  Clock Path Skew:        -0.055ns (DCD - SCD + CPR)
    Destination Clock Delay (DCD):    5.962ns = ( 38.962 - 33.000 ) 
    Source Clock Delay      (SCD):    7.214ns
    Clock Pessimism Removal (CPR):    1.197ns
  Clock Uncertainty:      0.035ns  ((TSJ^2 + TIJ^2)^1/2 + DJ) / 2 + PE
    Total System Jitter     (TSJ):    0.071ns
    Total Input Jitter      (TIJ):    0.000ns
    Discrete Jitter          (DJ):    0.000ns
    Phase Error              (PE):    0.000ns
  Clock Net Delay (Source):      2.313ns (routing 0.957ns, distribution 1.356ns)
  Clock Net Delay (Destination): 2.050ns (routing 0.878ns, distribution 1.172ns)

    Location             Delay type                Incr(ns)  Path(ns)    Netlist Resource(s)
  -------------------------------------------------------------------    -------------------
                         (clock dbg_hub/inst/BSCANID.u_xsdbm_id/SWITCH_N_EXT_BSCAN.bscan_inst/SERIES7_BSCAN.bscan_inst/TCK rise edge)
                                                      0.000     0.000 r  
    CONFIG_SITE_X0Y0     BSCANE2                      0.000     0.000 r  dbg_hub/inst/BSCANID.u_xsdbm_id/SWITCH_N_EXT_BSCAN.bscan_inst/SERIES7_BSCAN.bscan_inst/TCK
                         net (fo=1, routed)           4.818     4.818    dbg_hub/inst/BSCANID.u_xsdbm_id/tck_bs
    BUFGCE_X1Y119        BUFGCE (Prop_BUFCE_BUFGCE_I_O)
                                                      0.083     4.901 r  dbg_hub/inst/BSCANID.u_xsdbm_id/SWITCH_N_EXT_BSCAN.u_bufg_icon_tck/O
    X2Y3 (CLOCK_ROOT)    net (fo=478, routed)         2.313     7.214    dbg_hub/inst/BSCANID.u_xsdbm_id/SWITCH_N_EXT_BSCAN.bscan_switch/s_bscan_tck
    SLICE_X74Y201        FDRE                                         r  dbg_hub/inst/BSCANID.u_xsdbm_id/SWITCH_N_EXT_BSCAN.bscan_switch/state_reg[1]/C
  -------------------------------------------------------------------    -------------------
    SLICE_X74Y201        FDRE (Prop_EFF2_SLICEL_C_Q)
                                                      0.116     7.330 r  dbg_hub/inst/BSCANID.u_xsdbm_id/SWITCH_N_EXT_BSCAN.bscan_switch/state_reg[1]/Q
                         net (fo=50, routed)          0.689     8.019    dbg_hub/inst/BSCANID.u_xsdbm_id/SWITCH_N_EXT_BSCAN.bscan_switch/state[1]
    SLICE_X76Y201        LUT4 (Prop_C5LUT_SLICEM_I3_O)
                                                      0.212     8.231 r  dbg_hub/inst/BSCANID.u_xsdbm_id/SWITCH_N_EXT_BSCAN.bscan_switch/curid_inferred_i_16/O
                         net (fo=2, routed)           0.726     8.957    dbg_hub/inst/BSCANID.u_xsdbm_id/SWITCH_N_EXT_BSCAN.bscan_switch/curid[16]
    SLICE_X75Y202        LUT6 (Prop_C6LUT_SLICEL_I4_O)
                                                      0.115     9.072 r  dbg_hub/inst/BSCANID.u_xsdbm_id/SWITCH_N_EXT_BSCAN.bscan_switch/state_temp[0]_i_9/O
                         net (fo=1, routed)           0.000     9.072    dbg_hub/inst/BSCANID.u_xsdbm_id/SWITCH_N_EXT_BSCAN.bscan_switch/state_temp[0]_i_9_n_0
    SLICE_X75Y202        CARRY8 (Prop_CARRY8_SLICEL_S[2]_CO[7])
                                                      0.353     9.425 f  dbg_hub/inst/BSCANID.u_xsdbm_id/SWITCH_N_EXT_BSCAN.bscan_switch/state_temp_reg[0]_i_3/CO[7]
                         net (fo=4, routed)           0.375     9.800    dbg_hub/inst/BSCANID.u_xsdbm_id/SWITCH_N_EXT_BSCAN.bscan_switch/state_temp_reg[0]_i_3_n_0
    SLICE_X74Y201        LUT6 (Prop_H6LUT_SLICEL_I0_O)
                                                      0.116     9.916 r  dbg_hub/inst/BSCANID.u_xsdbm_id/SWITCH_N_EXT_BSCAN.bscan_switch/state_temp[0]_i_2/O
                         net (fo=1, routed)           0.070     9.986    dbg_hub/inst/BSCANID.u_xsdbm_id/SWITCH_N_EXT_BSCAN.bscan_switch/state_temp[0]_i_2_n_0
    SLICE_X74Y201        LUT6 (Prop_D6LUT_SLICEL_I0_O)
                                                      0.132    10.118 r  dbg_hub/inst/BSCANID.u_xsdbm_id/SWITCH_N_EXT_BSCAN.bscan_switch/state_temp[0]_i_1/O
                         net (fo=1, routed)           0.027    10.145    dbg_hub/inst/BSCANID.u_xsdbm_id/SWITCH_N_EXT_BSCAN.bscan_switch/state_temp[0]_i_1_n_0
    SLICE_X74Y201        FDRE                                         r  dbg_hub/inst/BSCANID.u_xsdbm_id/SWITCH_N_EXT_BSCAN.bscan_switch/state_temp_reg[0]/D
  -------------------------------------------------------------------    -------------------

                         (clock dbg_hub/inst/BSCANID.u_xsdbm_id/SWITCH_N_EXT_BSCAN.bscan_inst/SERIES7_BSCAN.bscan_inst/TCK rise edge)
                                                     33.000    33.000 r  
    CONFIG_SITE_X0Y0     BSCANE2                      0.000    33.000 r  dbg_hub/inst/BSCANID.u_xsdbm_id/SWITCH_N_EXT_BSCAN.bscan_inst/SERIES7_BSCAN.bscan_inst/TCK
                         net (fo=1, routed)           3.837    36.837    dbg_hub/inst/BSCANID.u_xsdbm_id/tck_bs
    BUFGCE_X1Y119        BUFGCE (Prop_BUFCE_BUFGCE_I_O)
                                                      0.075    36.912 r  dbg_hub/inst/BSCANID.u_xsdbm_id/SWITCH_N_EXT_BSCAN.u_bufg_icon_tck/O
    X2Y3 (CLOCK_ROOT)    net (fo=478, routed)         2.050    38.962    dbg_hub/inst/BSCANID.u_xsdbm_id/SWITCH_N_EXT_BSCAN.bscan_switch/s_bscan_tck
    SLICE_X74Y201        FDRE                                         r  dbg_hub/inst/BSCANID.u_xsdbm_id/SWITCH_N_EXT_BSCAN.bscan_switch/state_temp_reg[0]/C
                         clock pessimism              1.197    40.159    
                         clock uncertainty           -0.035    40.124    
    SLICE_X74Y201        FDRE (Setup_DFF_SLICEL_C_D)
                                                      0.059    40.183    dbg_hub/inst/BSCANID.u_xsdbm_id/SWITCH_N_EXT_BSCAN.bscan_switch/state_temp_reg[0]
  -------------------------------------------------------------------
                         required time                         40.183    
                         arrival time                         -10.145    
  -------------------------------------------------------------------
                         slack                                 30.038    

Slack (MET) :             30.085ns  (required time - arrival time)
  Source:                 dbg_hub/inst/BSCANID.u_xsdbm_id/CORE_XSDB.UUT_MASTER/U_ICON_INTERFACE/U_CMD6_RD/shift_bit_count_reg[3]/C
                            (rising edge-triggered cell FDRE clocked by dbg_hub/inst/BSCANID.u_xsdbm_id/SWITCH_N_EXT_BSCAN.bscan_inst/SERIES7_BSCAN.bscan_inst/TCK  {rise@0.000ns fall@16.500ns period=33.000ns})
  Destination:            dbg_hub/inst/BSCANID.u_xsdbm_id/CORE_XSDB.UUT_MASTER/U_ICON_INTERFACE/U_CMD6_RD/U_RD_FIFO/SUBCORE_FIFO.xsdbm_v3_0_0_rdfifo_inst/inst_fifo_gen/gconvfifo.rf/grf.rf/gntv_or_sync_fifo.mem/goreg_dm.dout_i_reg[10]/CE
                            (rising edge-triggered cell FDRE clocked by dbg_hub/inst/BSCANID.u_xsdbm_id/SWITCH_N_EXT_BSCAN.bscan_inst/SERIES7_BSCAN.bscan_inst/TCK  {rise@0.000ns fall@16.500ns period=33.000ns})
  Path Group:             dbg_hub/inst/BSCANID.u_xsdbm_id/SWITCH_N_EXT_BSCAN.bscan_inst/SERIES7_BSCAN.bscan_inst/TCK
  Path Type:              Setup (Max at Slow Process Corner)
  Requirement:            33.000ns  (dbg_hub/inst/BSCANID.u_xsdbm_id/SWITCH_N_EXT_BSCAN.bscan_inst/SERIES7_BSCAN.bscan_inst/TCK rise@33.000ns - dbg_hub/inst/BSCANID.u_xsdbm_id/SWITCH_N_EXT_BSCAN.bscan_inst/SERIES7_BSCAN.bscan_inst/TCK rise@0.000ns)
  Data Path Delay:        2.697ns  (logic 0.703ns (26.066%)  route 1.994ns (73.934%))
  Logic Levels:           3  (LUT3=1 LUT4=1 LUT6=1)
  Clock Path Skew:        -0.133ns (DCD - SCD + CPR)
    Destination Clock Delay (DCD):    5.881ns = ( 38.881 - 33.000 ) 
    Source Clock Delay      (SCD):    7.125ns
    Clock Pessimism Removal (CPR):    1.111ns
  Clock Uncertainty:      0.035ns  ((TSJ^2 + TIJ^2)^1/2 + DJ) / 2 + PE
    Total System Jitter     (TSJ):    0.071ns
    Total Input Jitter      (TIJ):    0.000ns
    Discrete Jitter          (DJ):    0.000ns
    Phase Error              (PE):    0.000ns
  Clock Net Delay (Source):      2.224ns (routing 0.957ns, distribution 1.267ns)
  Clock Net Delay (Destination): 1.969ns (routing 0.878ns, distribution 1.091ns)

    Location             Delay type                Incr(ns)  Path(ns)    Netlist Resource(s)
  -------------------------------------------------------------------    -------------------
                         (clock dbg_hub/inst/BSCANID.u_xsdbm_id/SWITCH_N_EXT_BSCAN.bscan_inst/SERIES7_BSCAN.bscan_inst/TCK rise edge)
                                                      0.000     0.000 r  
    CONFIG_SITE_X0Y0     BSCANE2                      0.000     0.000 r  dbg_hub/inst/BSCANID.u_xsdbm_id/SWITCH_N_EXT_BSCAN.bscan_inst/SERIES7_BSCAN.bscan_inst/TCK
                         net (fo=1, routed)           4.818     4.818    dbg_hub/inst/BSCANID.u_xsdbm_id/tck_bs
    BUFGCE_X1Y119        BUFGCE (Prop_BUFCE_BUFGCE_I_O)
                                                      0.083     4.901 r  dbg_hub/inst/BSCANID.u_xsdbm_id/SWITCH_N_EXT_BSCAN.u_bufg_icon_tck/O
    X2Y3 (CLOCK_ROOT)    net (fo=478, routed)         2.224     7.125    dbg_hub/inst/BSCANID.u_xsdbm_id/CORE_XSDB.UUT_MASTER/U_ICON_INTERFACE/U_CMD6_RD/m_bscan_tck[0]
    SLICE_X65Y195        FDRE                                         r  dbg_hub/inst/BSCANID.u_xsdbm_id/CORE_XSDB.UUT_MASTER/U_ICON_INTERFACE/U_CMD6_RD/shift_bit_count_reg[3]/C
  -------------------------------------------------------------------    -------------------
    SLICE_X65Y195        FDRE (Prop_CFF2_SLICEM_C_Q)
                                                      0.117     7.242 f  dbg_hub/inst/BSCANID.u_xsdbm_id/CORE_XSDB.UUT_MASTER/U_ICON_INTERFACE/U_CMD6_RD/shift_bit_count_reg[3]/Q
                         net (fo=2, routed)           0.230     7.472    dbg_hub/inst/BSCANID.u_xsdbm_id/CORE_XSDB.UUT_MASTER/U_ICON_INTERFACE/U_CMD6_RD/U_RD_FIFO/shift_reg_in_reg[0][3]
    SLICE_X65Y195        LUT6 (Prop_F6LUT_SLICEM_I3_O)
                                                      0.192     7.664 r  dbg_hub/inst/BSCANID.u_xsdbm_id/CORE_XSDB.UUT_MASTER/U_ICON_INTERFACE/U_CMD6_RD/U_RD_FIFO/SUBCORE_FIFO.xsdbm_v3_0_0_rdfifo_inst_i_3/O
                         net (fo=17, routed)          0.627     8.291    dbg_hub/inst/BSCANID.u_xsdbm_id/CORE_XSDB.UUT_MASTER/U_ICON_INTERFACE/U_CMD6_RD/U_RD_FIFO/SUBCORE_FIFO.xsdbm_v3_0_0_rdfifo_inst_i_3_n_0
    SLICE_X69Y196        LUT3 (Prop_D6LUT_SLICEL_I0_O)
                                                      0.175     8.466 r  dbg_hub/inst/BSCANID.u_xsdbm_id/CORE_XSDB.UUT_MASTER/U_ICON_INTERFACE/U_CMD6_RD/U_RD_FIFO/SUBCORE_FIFO.xsdbm_v3_0_0_rdfifo_inst_i_2/O
                         net (fo=10, routed)          0.439     8.905    dbg_hub/inst/BSCANID.u_xsdbm_id/CORE_XSDB.UUT_MASTER/U_ICON_INTERFACE/U_CMD6_RD/U_RD_FIFO/SUBCORE_FIFO.xsdbm_v3_0_0_rdfifo_inst/inst_fifo_gen/gconvfifo.rf/grf.rf/gntv_or_sync_fifo.gl0.rd/gr1.gr1_int.rfwft/rd_en
    SLICE_X65Y196        LUT4 (Prop_B5LUT_SLICEM_I3_O)
                                                      0.219     9.124 r  dbg_hub/inst/BSCANID.u_xsdbm_id/CORE_XSDB.UUT_MASTER/U_ICON_INTERFACE/U_CMD6_RD/U_RD_FIFO/SUBCORE_FIFO.xsdbm_v3_0_0_rdfifo_inst/inst_fifo_gen/gconvfifo.rf/grf.rf/gntv_or_sync_fifo.gl0.rd/gr1.gr1_int.rfwft/goreg_dm.dout_i[15]_i_1/O
                         net (fo=16, routed)          0.698     9.822    dbg_hub/inst/BSCANID.u_xsdbm_id/CORE_XSDB.UUT_MASTER/U_ICON_INTERFACE/U_CMD6_RD/U_RD_FIFO/SUBCORE_FIFO.xsdbm_v3_0_0_rdfifo_inst/inst_fifo_gen/gconvfifo.rf/grf.rf/gntv_or_sync_fifo.mem/goreg_dm.dout_i_reg[15]_0[0]
    SLICE_X69Y193        FDRE                                         r  dbg_hub/inst/BSCANID.u_xsdbm_id/CORE_XSDB.UUT_MASTER/U_ICON_INTERFACE/U_CMD6_RD/U_RD_FIFO/SUBCORE_FIFO.xsdbm_v3_0_0_rdfifo_inst/inst_fifo_gen/gconvfifo.rf/grf.rf/gntv_or_sync_fifo.mem/goreg_dm.dout_i_reg[10]/CE
  -------------------------------------------------------------------    -------------------

                         (clock dbg_hub/inst/BSCANID.u_xsdbm_id/SWITCH_N_EXT_BSCAN.bscan_inst/SERIES7_BSCAN.bscan_inst/TCK rise edge)
                                                     33.000    33.000 r  
    CONFIG_SITE_X0Y0     BSCANE2                      0.000    33.000 r  dbg_hub/inst/BSCANID.u_xsdbm_id/SWITCH_N_EXT_BSCAN.bscan_inst/SERIES7_BSCAN.bscan_inst/TCK
                         net (fo=1, routed)           3.837    36.837    dbg_hub/inst/BSCANID.u_xsdbm_id/tck_bs
    BUFGCE_X1Y119        BUFGCE (Prop_BUFCE_BUFGCE_I_O)
                                                      0.075    36.912 r  dbg_hub/inst/BSCANID.u_xsdbm_id/SWITCH_N_EXT_BSCAN.u_bufg_icon_tck/O
    X2Y3 (CLOCK_ROOT)    net (fo=478, routed)         1.969    38.881    dbg_hub/inst/BSCANID.u_xsdbm_id/CORE_XSDB.UUT_MASTER/U_ICON_INTERFACE/U_CMD6_RD/U_RD_FIFO/SUBCORE_FIFO.xsdbm_v3_0_0_rdfifo_inst/inst_fifo_gen/gconvfifo.rf/grf.rf/gntv_or_sync_fifo.mem/rd_clk
    SLICE_X69Y193        FDRE                                         r  dbg_hub/inst/BSCANID.u_xsdbm_id/CORE_XSDB.UUT_MASTER/U_ICON_INTERFACE/U_CMD6_RD/U_RD_FIFO/SUBCORE_FIFO.xsdbm_v3_0_0_rdfifo_inst/inst_fifo_gen/gconvfifo.rf/grf.rf/gntv_or_sync_fifo.mem/goreg_dm.dout_i_reg[10]/C
                         clock pessimism              1.111    39.992    
                         clock uncertainty           -0.035    39.957    
    SLICE_X69Y193        FDRE (Setup_HFF2_SLICEL_C_CE)
                                                     -0.050    39.907    dbg_hub/inst/BSCANID.u_xsdbm_id/CORE_XSDB.UUT_MASTER/U_ICON_INTERFACE/U_CMD6_RD/U_RD_FIFO/SUBCORE_FIFO.xsdbm_v3_0_0_rdfifo_inst/inst_fifo_gen/gconvfifo.rf/grf.rf/gntv_or_sync_fifo.mem/goreg_dm.dout_i_reg[10]
  -------------------------------------------------------------------
                         required time                         39.907    
                         arrival time                          -9.822    
  -------------------------------------------------------------------
                         slack                                 30.085    

Slack (MET) :             30.085ns  (required time - arrival time)
  Source:                 dbg_hub/inst/BSCANID.u_xsdbm_id/CORE_XSDB.UUT_MASTER/U_ICON_INTERFACE/U_CMD6_RD/shift_bit_count_reg[3]/C
                            (rising edge-triggered cell FDRE clocked by dbg_hub/inst/BSCANID.u_xsdbm_id/SWITCH_N_EXT_BSCAN.bscan_inst/SERIES7_BSCAN.bscan_inst/TCK  {rise@0.000ns fall@16.500ns period=33.000ns})
  Destination:            dbg_hub/inst/BSCANID.u_xsdbm_id/CORE_XSDB.UUT_MASTER/U_ICON_INTERFACE/U_CMD6_RD/U_RD_FIFO/SUBCORE_FIFO.xsdbm_v3_0_0_rdfifo_inst/inst_fifo_gen/gconvfifo.rf/grf.rf/gntv_or_sync_fifo.mem/goreg_dm.dout_i_reg[7]/CE
                            (rising edge-triggered cell FDRE clocked by dbg_hub/inst/BSCANID.u_xsdbm_id/SWITCH_N_EXT_BSCAN.bscan_inst/SERIES7_BSCAN.bscan_inst/TCK  {rise@0.000ns fall@16.500ns period=33.000ns})
  Path Group:             dbg_hub/inst/BSCANID.u_xsdbm_id/SWITCH_N_EXT_BSCAN.bscan_inst/SERIES7_BSCAN.bscan_inst/TCK
  Path Type:              Setup (Max at Slow Process Corner)
  Requirement:            33.000ns  (dbg_hub/inst/BSCANID.u_xsdbm_id/SWITCH_N_EXT_BSCAN.bscan_inst/SERIES7_BSCAN.bscan_inst/TCK rise@33.000ns - dbg_hub/inst/BSCANID.u_xsdbm_id/SWITCH_N_EXT_BSCAN.bscan_inst/SERIES7_BSCAN.bscan_inst/TCK rise@0.000ns)
  Data Path Delay:        2.697ns  (logic 0.703ns (26.066%)  route 1.994ns (73.934%))
  Logic Levels:           3  (LUT3=1 LUT4=1 LUT6=1)
  Clock Path Skew:        -0.133ns (DCD - SCD + CPR)
    Destination Clock Delay (DCD):    5.881ns = ( 38.881 - 33.000 ) 
    Source Clock Delay      (SCD):    7.125ns
    Clock Pessimism Removal (CPR):    1.111ns
  Clock Uncertainty:      0.035ns  ((TSJ^2 + TIJ^2)^1/2 + DJ) / 2 + PE
    Total System Jitter     (TSJ):    0.071ns
    Total Input Jitter      (TIJ):    0.000ns
    Discrete Jitter          (DJ):    0.000ns
    Phase Error              (PE):    0.000ns
  Clock Net Delay (Source):      2.224ns (routing 0.957ns, distribution 1.267ns)
  Clock Net Delay (Destination): 1.969ns (routing 0.878ns, distribution 1.091ns)

    Location             Delay type                Incr(ns)  Path(ns)    Netlist Resource(s)
  -------------------------------------------------------------------    -------------------
                         (clock dbg_hub/inst/BSCANID.u_xsdbm_id/SWITCH_N_EXT_BSCAN.bscan_inst/SERIES7_BSCAN.bscan_inst/TCK rise edge)
                                                      0.000     0.000 r  
    CONFIG_SITE_X0Y0     BSCANE2                      0.000     0.000 r  dbg_hub/inst/BSCANID.u_xsdbm_id/SWITCH_N_EXT_BSCAN.bscan_inst/SERIES7_BSCAN.bscan_inst/TCK
                         net (fo=1, routed)           4.818     4.818    dbg_hub/inst/BSCANID.u_xsdbm_id/tck_bs
    BUFGCE_X1Y119        BUFGCE (Prop_BUFCE_BUFGCE_I_O)
                                                      0.083     4.901 r  dbg_hub/inst/BSCANID.u_xsdbm_id/SWITCH_N_EXT_BSCAN.u_bufg_icon_tck/O
    X2Y3 (CLOCK_ROOT)    net (fo=478, routed)         2.224     7.125    dbg_hub/inst/BSCANID.u_xsdbm_id/CORE_XSDB.UUT_MASTER/U_ICON_INTERFACE/U_CMD6_RD/m_bscan_tck[0]
    SLICE_X65Y195        FDRE                                         r  dbg_hub/inst/BSCANID.u_xsdbm_id/CORE_XSDB.UUT_MASTER/U_ICON_INTERFACE/U_CMD6_RD/shift_bit_count_reg[3]/C
  -------------------------------------------------------------------    -------------------
    SLICE_X65Y195        FDRE (Prop_CFF2_SLICEM_C_Q)
                                                      0.117     7.242 f  dbg_hub/inst/BSCANID.u_xsdbm_id/CORE_XSDB.UUT_MASTER/U_ICON_INTERFACE/U_CMD6_RD/shift_bit_count_reg[3]/Q
                         net (fo=2, routed)           0.230     7.472    dbg_hub/inst/BSCANID.u_xsdbm_id/CORE_XSDB.UUT_MASTER/U_ICON_INTERFACE/U_CMD6_RD/U_RD_FIFO/shift_reg_in_reg[0][3]
    SLICE_X65Y195        LUT6 (Prop_F6LUT_SLICEM_I3_O)
                                                      0.192     7.664 r  dbg_hub/inst/BSCANID.u_xsdbm_id/CORE_XSDB.UUT_MASTER/U_ICON_INTERFACE/U_CMD6_RD/U_RD_FIFO/SUBCORE_FIFO.xsdbm_v3_0_0_rdfifo_inst_i_3/O
                         net (fo=17, routed)          0.627     8.291    dbg_hub/inst/BSCANID.u_xsdbm_id/CORE_XSDB.UUT_MASTER/U_ICON_INTERFACE/U_CMD6_RD/U_RD_FIFO/SUBCORE_FIFO.xsdbm_v3_0_0_rdfifo_inst_i_3_n_0
    SLICE_X69Y196        LUT3 (Prop_D6LUT_SLICEL_I0_O)
                                                      0.175     8.466 r  dbg_hub/inst/BSCANID.u_xsdbm_id/CORE_XSDB.UUT_MASTER/U_ICON_INTERFACE/U_CMD6_RD/U_RD_FIFO/SUBCORE_FIFO.xsdbm_v3_0_0_rdfifo_inst_i_2/O
                         net (fo=10, routed)          0.439     8.905    dbg_hub/inst/BSCANID.u_xsdbm_id/CORE_XSDB.UUT_MASTER/U_ICON_INTERFACE/U_CMD6_RD/U_RD_FIFO/SUBCORE_FIFO.xsdbm_v3_0_0_rdfifo_inst/inst_fifo_gen/gconvfifo.rf/grf.rf/gntv_or_sync_fifo.gl0.rd/gr1.gr1_int.rfwft/rd_en
    SLICE_X65Y196        LUT4 (Prop_B5LUT_SLICEM_I3_O)
                                                      0.219     9.124 r  dbg_hub/inst/BSCANID.u_xsdbm_id/CORE_XSDB.UUT_MASTER/U_ICON_INTERFACE/U_CMD6_RD/U_RD_FIFO/SUBCORE_FIFO.xsdbm_v3_0_0_rdfifo_inst/inst_fifo_gen/gconvfifo.rf/grf.rf/gntv_or_sync_fifo.gl0.rd/gr1.gr1_int.rfwft/goreg_dm.dout_i[15]_i_1/O
                         net (fo=16, routed)          0.698     9.822    dbg_hub/inst/BSCANID.u_xsdbm_id/CORE_XSDB.UUT_MASTER/U_ICON_INTERFACE/U_CMD6_RD/U_RD_FIFO/SUBCORE_FIFO.xsdbm_v3_0_0_rdfifo_inst/inst_fifo_gen/gconvfifo.rf/grf.rf/gntv_or_sync_fifo.mem/goreg_dm.dout_i_reg[15]_0[0]
    SLICE_X69Y193        FDRE                                         r  dbg_hub/inst/BSCANID.u_xsdbm_id/CORE_XSDB.UUT_MASTER/U_ICON_INTERFACE/U_CMD6_RD/U_RD_FIFO/SUBCORE_FIFO.xsdbm_v3_0_0_rdfifo_inst/inst_fifo_gen/gconvfifo.rf/grf.rf/gntv_or_sync_fifo.mem/goreg_dm.dout_i_reg[7]/CE
  -------------------------------------------------------------------    -------------------

                         (clock dbg_hub/inst/BSCANID.u_xsdbm_id/SWITCH_N_EXT_BSCAN.bscan_inst/SERIES7_BSCAN.bscan_inst/TCK rise edge)
                                                     33.000    33.000 r  
    CONFIG_SITE_X0Y0     BSCANE2                      0.000    33.000 r  dbg_hub/inst/BSCANID.u_xsdbm_id/SWITCH_N_EXT_BSCAN.bscan_inst/SERIES7_BSCAN.bscan_inst/TCK
                         net (fo=1, routed)           3.837    36.837    dbg_hub/inst/BSCANID.u_xsdbm_id/tck_bs
    BUFGCE_X1Y119        BUFGCE (Prop_BUFCE_BUFGCE_I_O)
                                                      0.075    36.912 r  dbg_hub/inst/BSCANID.u_xsdbm_id/SWITCH_N_EXT_BSCAN.u_bufg_icon_tck/O
    X2Y3 (CLOCK_ROOT)    net (fo=478, routed)         1.969    38.881    dbg_hub/inst/BSCANID.u_xsdbm_id/CORE_XSDB.UUT_MASTER/U_ICON_INTERFACE/U_CMD6_RD/U_RD_FIFO/SUBCORE_FIFO.xsdbm_v3_0_0_rdfifo_inst/inst_fifo_gen/gconvfifo.rf/grf.rf/gntv_or_sync_fifo.mem/rd_clk
    SLICE_X69Y193        FDRE                                         r  dbg_hub/inst/BSCANID.u_xsdbm_id/CORE_XSDB.UUT_MASTER/U_ICON_INTERFACE/U_CMD6_RD/U_RD_FIFO/SUBCORE_FIFO.xsdbm_v3_0_0_rdfifo_inst/inst_fifo_gen/gconvfifo.rf/grf.rf/gntv_or_sync_fifo.mem/goreg_dm.dout_i_reg[7]/C
                         clock pessimism              1.111    39.992    
                         clock uncertainty           -0.035    39.957    
    SLICE_X69Y193        FDRE (Setup_GFF2_SLICEL_C_CE)
                                                     -0.050    39.907    dbg_hub/inst/BSCANID.u_xsdbm_id/CORE_XSDB.UUT_MASTER/U_ICON_INTERFACE/U_CMD6_RD/U_RD_FIFO/SUBCORE_FIFO.xsdbm_v3_0_0_rdfifo_inst/inst_fifo_gen/gconvfifo.rf/grf.rf/gntv_or_sync_fifo.mem/goreg_dm.dout_i_reg[7]
  -------------------------------------------------------------------
                         required time                         39.907    
                         arrival time                          -9.822    
  -------------------------------------------------------------------
                         slack                                 30.085    





Min Delay Paths
--------------------------------------------------------------------------------------
Slack (MET) :             0.042ns  (arrival time - required time)
  Source:                 dbg_hub/inst/BSCANID.u_xsdbm_id/SWITCH_N_EXT_BSCAN.bscan_switch/shiftreg_reg[4]/C
                            (rising edge-triggered cell FDRE clocked by dbg_hub/inst/BSCANID.u_xsdbm_id/SWITCH_N_EXT_BSCAN.bscan_inst/SERIES7_BSCAN.bscan_inst/TCK  {rise@0.000ns fall@16.500ns period=33.000ns})
  Destination:            dbg_hub/inst/BSCANID.u_xsdbm_id/SWITCH_N_EXT_BSCAN.bscan_switch/portno_temp_reg[4]/D
                            (rising edge-triggered cell FDRE clocked by dbg_hub/inst/BSCANID.u_xsdbm_id/SWITCH_N_EXT_BSCAN.bscan_inst/SERIES7_BSCAN.bscan_inst/TCK  {rise@0.000ns fall@16.500ns period=33.000ns})
  Path Group:             dbg_hub/inst/BSCANID.u_xsdbm_id/SWITCH_N_EXT_BSCAN.bscan_inst/SERIES7_BSCAN.bscan_inst/TCK
  Path Type:              Hold (Min at Fast Process Corner)
  Requirement:            0.000ns  (dbg_hub/inst/BSCANID.u_xsdbm_id/SWITCH_N_EXT_BSCAN.bscan_inst/SERIES7_BSCAN.bscan_inst/TCK rise@0.000ns - dbg_hub/inst/BSCANID.u_xsdbm_id/SWITCH_N_EXT_BSCAN.bscan_inst/SERIES7_BSCAN.bscan_inst/TCK rise@0.000ns)
  Data Path Delay:        0.149ns  (logic 0.064ns (42.953%)  route 0.085ns (57.047%))
  Logic Levels:           1  (LUT3=1)
  Clock Path Skew:        0.051ns (DCD - SCD - CPR)
    Destination Clock Delay (DCD):    4.522ns
    Source Clock Delay      (SCD):    3.501ns
    Clock Pessimism Removal (CPR):    0.970ns
  Clock Net Delay (Source):      0.991ns (routing 0.447ns, distribution 0.544ns)
  Clock Net Delay (Destination): 1.168ns (routing 0.495ns, distribution 0.673ns)

    Location             Delay type                Incr(ns)  Path(ns)    Netlist Resource(s)
  -------------------------------------------------------------------    -------------------
                         (clock dbg_hub/inst/BSCANID.u_xsdbm_id/SWITCH_N_EXT_BSCAN.bscan_inst/SERIES7_BSCAN.bscan_inst/TCK rise edge)
                                                      0.000     0.000 r  
    CONFIG_SITE_X0Y0     BSCANE2                      0.000     0.000 r  dbg_hub/inst/BSCANID.u_xsdbm_id/SWITCH_N_EXT_BSCAN.bscan_inst/SERIES7_BSCAN.bscan_inst/TCK
                         net (fo=1, routed)           2.483     2.483    dbg_hub/inst/BSCANID.u_xsdbm_id/tck_bs
    BUFGCE_X1Y119        BUFGCE (Prop_BUFCE_BUFGCE_I_O)
                                                      0.027     2.510 r  dbg_hub/inst/BSCANID.u_xsdbm_id/SWITCH_N_EXT_BSCAN.u_bufg_icon_tck/O
    X2Y3 (CLOCK_ROOT)    net (fo=478, routed)         0.991     3.501    dbg_hub/inst/BSCANID.u_xsdbm_id/SWITCH_N_EXT_BSCAN.bscan_switch/s_bscan_tck
    SLICE_X74Y200        FDRE                                         r  dbg_hub/inst/BSCANID.u_xsdbm_id/SWITCH_N_EXT_BSCAN.bscan_switch/shiftreg_reg[4]/C
  -------------------------------------------------------------------    -------------------
    SLICE_X74Y200        FDRE (Prop_BFF_SLICEL_C_Q)
                                                      0.049     3.550 r  dbg_hub/inst/BSCANID.u_xsdbm_id/SWITCH_N_EXT_BSCAN.bscan_switch/shiftreg_reg[4]/Q
                         net (fo=4, routed)           0.071     3.621    dbg_hub/inst/BSCANID.u_xsdbm_id/SWITCH_N_EXT_BSCAN.bscan_switch/shiftreg[4]
    SLICE_X73Y199        LUT3 (Prop_G6LUT_SLICEM_I2_O)
                                                      0.015     3.636 r  dbg_hub/inst/BSCANID.u_xsdbm_id/SWITCH_N_EXT_BSCAN.bscan_switch/portno_temp[4]_i_1/O
                         net (fo=1, routed)           0.014     3.650    dbg_hub/inst/BSCANID.u_xsdbm_id/SWITCH_N_EXT_BSCAN.bscan_switch/portno_temp[4]_i_1_n_0
    SLICE_X73Y199        FDRE                                         r  dbg_hub/inst/BSCANID.u_xsdbm_id/SWITCH_N_EXT_BSCAN.bscan_switch/portno_temp_reg[4]/D
  -------------------------------------------------------------------    -------------------

                         (clock dbg_hub/inst/BSCANID.u_xsdbm_id/SWITCH_N_EXT_BSCAN.bscan_inst/SERIES7_BSCAN.bscan_inst/TCK rise edge)
                                                      0.000     0.000 r  
    CONFIG_SITE_X0Y0     BSCANE2                      0.000     0.000 r  dbg_hub/inst/BSCANID.u_xsdbm_id/SWITCH_N_EXT_BSCAN.bscan_inst/SERIES7_BSCAN.bscan_inst/TCK
                         net (fo=1, routed)           3.323     3.323    dbg_hub/inst/BSCANID.u_xsdbm_id/tck_bs
    BUFGCE_X1Y119        BUFGCE (Prop_BUFCE_BUFGCE_I_O)
                                                      0.031     3.354 r  dbg_hub/inst/BSCANID.u_xsdbm_id/SWITCH_N_EXT_BSCAN.u_bufg_icon_tck/O
    X2Y3 (CLOCK_ROOT)    net (fo=478, routed)         1.168     4.522    dbg_hub/inst/BSCANID.u_xsdbm_id/SWITCH_N_EXT_BSCAN.bscan_switch/s_bscan_tck
    SLICE_X73Y199        FDRE                                         r  dbg_hub/inst/BSCANID.u_xsdbm_id/SWITCH_N_EXT_BSCAN.bscan_switch/portno_temp_reg[4]/C
                         clock pessimism             -0.970     3.552    
    SLICE_X73Y199        FDRE (Hold_GFF_SLICEM_C_D)
                                                      0.056     3.608    dbg_hub/inst/BSCANID.u_xsdbm_id/SWITCH_N_EXT_BSCAN.bscan_switch/portno_temp_reg[4]
  -------------------------------------------------------------------
                         required time                         -3.608    
                         arrival time                           3.650    
  -------------------------------------------------------------------
                         slack                                  0.042    

Slack (MET) :             0.043ns  (arrival time - required time)
  Source:                 dbg_hub/inst/BSCANID.u_xsdbm_id/SWITCH_N_EXT_BSCAN.id_state_reg[0]/C
                            (rising edge-triggered cell FDRE clocked by dbg_hub/inst/BSCANID.u_xsdbm_id/SWITCH_N_EXT_BSCAN.bscan_inst/SERIES7_BSCAN.bscan_inst/TCK  {rise@0.000ns fall@16.500ns period=33.000ns})
  Destination:            dbg_hub/inst/BSCANID.u_xsdbm_id/SWITCH_N_EXT_BSCAN.bscanid_reg[27]/D
                            (rising edge-triggered cell FDRE clocked by dbg_hub/inst/BSCANID.u_xsdbm_id/SWITCH_N_EXT_BSCAN.bscan_inst/SERIES7_BSCAN.bscan_inst/TCK  {rise@0.000ns fall@16.500ns period=33.000ns})
  Path Group:             dbg_hub/inst/BSCANID.u_xsdbm_id/SWITCH_N_EXT_BSCAN.bscan_inst/SERIES7_BSCAN.bscan_inst/TCK
  Path Type:              Hold (Min at Fast Process Corner)
  Requirement:            0.000ns  (dbg_hub/inst/BSCANID.u_xsdbm_id/SWITCH_N_EXT_BSCAN.bscan_inst/SERIES7_BSCAN.bscan_inst/TCK rise@0.000ns - dbg_hub/inst/BSCANID.u_xsdbm_id/SWITCH_N_EXT_BSCAN.bscan_inst/SERIES7_BSCAN.bscan_inst/TCK rise@0.000ns)
  Data Path Delay:        0.155ns  (logic 0.064ns (41.290%)  route 0.091ns (58.710%))
  Logic Levels:           1  (LUT4=1)
  Clock Path Skew:        0.056ns (DCD - SCD - CPR)
    Destination Clock Delay (DCD):    4.523ns
    Source Clock Delay      (SCD):    3.497ns
    Clock Pessimism Removal (CPR):    0.970ns
  Clock Net Delay (Source):      0.987ns (routing 0.447ns, distribution 0.540ns)
  Clock Net Delay (Destination): 1.169ns (routing 0.495ns, distribution 0.674ns)

    Location             Delay type                Incr(ns)  Path(ns)    Netlist Resource(s)
  -------------------------------------------------------------------    -------------------
                         (clock dbg_hub/inst/BSCANID.u_xsdbm_id/SWITCH_N_EXT_BSCAN.bscan_inst/SERIES7_BSCAN.bscan_inst/TCK rise edge)
                                                      0.000     0.000 r  
    CONFIG_SITE_X0Y0     BSCANE2                      0.000     0.000 r  dbg_hub/inst/BSCANID.u_xsdbm_id/SWITCH_N_EXT_BSCAN.bscan_inst/SERIES7_BSCAN.bscan_inst/TCK
                         net (fo=1, routed)           2.483     2.483    dbg_hub/inst/BSCANID.u_xsdbm_id/tck_bs
    BUFGCE_X1Y119        BUFGCE (Prop_BUFCE_BUFGCE_I_O)
                                                      0.027     2.510 r  dbg_hub/inst/BSCANID.u_xsdbm_id/SWITCH_N_EXT_BSCAN.u_bufg_icon_tck/O
    X2Y3 (CLOCK_ROOT)    net (fo=478, routed)         0.987     3.497    dbg_hub/inst/BSCANID.u_xsdbm_id/itck_i
    SLICE_X72Y205        FDRE                                         r  dbg_hub/inst/BSCANID.u_xsdbm_id/SWITCH_N_EXT_BSCAN.id_state_reg[0]/C
  -------------------------------------------------------------------    -------------------
    SLICE_X72Y205        FDRE (Prop_DFF_SLICEL_C_Q)
                                                      0.049     3.546 r  dbg_hub/inst/BSCANID.u_xsdbm_id/SWITCH_N_EXT_BSCAN.id_state_reg[0]/Q
                         net (fo=34, routed)          0.075     3.621    dbg_hub/inst/BSCANID.u_xsdbm_id/id_state[0]
    SLICE_X72Y204        LUT4 (Prop_C6LUT_SLICEL_I0_O)
                                                      0.015     3.636 r  dbg_hub/inst/BSCANID.u_xsdbm_id/SWITCH_N_EXT_BSCAN.bscanid[27]_i_1/O
                         net (fo=1, routed)           0.016     3.652    dbg_hub/inst/BSCANID.u_xsdbm_id/p_2_in[27]
    SLICE_X72Y204        FDRE                                         r  dbg_hub/inst/BSCANID.u_xsdbm_id/SWITCH_N_EXT_BSCAN.bscanid_reg[27]/D
  -------------------------------------------------------------------    -------------------

                         (clock dbg_hub/inst/BSCANID.u_xsdbm_id/SWITCH_N_EXT_BSCAN.bscan_inst/SERIES7_BSCAN.bscan_inst/TCK rise edge)
                                                      0.000     0.000 r  
    CONFIG_SITE_X0Y0     BSCANE2                      0.000     0.000 r  dbg_hub/inst/BSCANID.u_xsdbm_id/SWITCH_N_EXT_BSCAN.bscan_inst/SERIES7_BSCAN.bscan_inst/TCK
                         net (fo=1, routed)           3.323     3.323    dbg_hub/inst/BSCANID.u_xsdbm_id/tck_bs
    BUFGCE_X1Y119        BUFGCE (Prop_BUFCE_BUFGCE_I_O)
                                                      0.031     3.354 r  dbg_hub/inst/BSCANID.u_xsdbm_id/SWITCH_N_EXT_BSCAN.u_bufg_icon_tck/O
    X2Y3 (CLOCK_ROOT)    net (fo=478, routed)         1.169     4.523    dbg_hub/inst/BSCANID.u_xsdbm_id/itck_i
    SLICE_X72Y204        FDRE                                         r  dbg_hub/inst/BSCANID.u_xsdbm_id/SWITCH_N_EXT_BSCAN.bscanid_reg[27]/C
                         clock pessimism             -0.970     3.553    
    SLICE_X72Y204        FDRE (Hold_CFF_SLICEL_C_D)
                                                      0.056     3.609    dbg_hub/inst/BSCANID.u_xsdbm_id/SWITCH_N_EXT_BSCAN.bscanid_reg[27]
  -------------------------------------------------------------------
                         required time                         -3.609    
                         arrival time                           3.652    
  -------------------------------------------------------------------
                         slack                                  0.043    

Slack (MET) :             0.047ns  (arrival time - required time)
  Source:                 dbg_hub/inst/BSCANID.u_xsdbm_id/CORE_XSDB.UUT_MASTER/U_ICON_INTERFACE/U_CMD6_WR/shift_reg_in_reg[2]/C
                            (rising edge-triggered cell FDCE clocked by dbg_hub/inst/BSCANID.u_xsdbm_id/SWITCH_N_EXT_BSCAN.bscan_inst/SERIES7_BSCAN.bscan_inst/TCK  {rise@0.000ns fall@16.500ns period=33.000ns})
  Destination:            dbg_hub/inst/BSCANID.u_xsdbm_id/CORE_XSDB.UUT_MASTER/U_ICON_INTERFACE/U_CMD6_WR/U_WR_FIFO/SUBCORE_FIFO.xsdbm_v3_0_0_wrfifo_inst/inst_fifo_gen/gconvfifo.rf/grf.rf/gntv_or_sync_fifo.mem/gdm.dm_gen.dm/RAM_reg_0_15_0_13/RAMA_D1/I
                            (rising edge-triggered cell RAMD32 clocked by dbg_hub/inst/BSCANID.u_xsdbm_id/SWITCH_N_EXT_BSCAN.bscan_inst/SERIES7_BSCAN.bscan_inst/TCK  {rise@0.000ns fall@16.500ns period=33.000ns})
  Path Group:             dbg_hub/inst/BSCANID.u_xsdbm_id/SWITCH_N_EXT_BSCAN.bscan_inst/SERIES7_BSCAN.bscan_inst/TCK
  Path Type:              Hold (Min at Fast Process Corner)
  Requirement:            0.000ns  (dbg_hub/inst/BSCANID.u_xsdbm_id/SWITCH_N_EXT_BSCAN.bscan_inst/SERIES7_BSCAN.bscan_inst/TCK rise@0.000ns - dbg_hub/inst/BSCANID.u_xsdbm_id/SWITCH_N_EXT_BSCAN.bscan_inst/SERIES7_BSCAN.bscan_inst/TCK rise@0.000ns)
  Data Path Delay:        0.150ns  (logic 0.048ns (32.000%)  route 0.102ns (68.000%))
  Logic Levels:           0  
  Clock Path Skew:        0.041ns (DCD - SCD - CPR)
    Destination Clock Delay (DCD):    4.492ns
    Source Clock Delay      (SCD):    3.472ns
    Clock Pessimism Removal (CPR):    0.979ns
  Clock Net Delay (Source):      0.962ns (routing 0.447ns, distribution 0.515ns)
  Clock Net Delay (Destination): 1.138ns (routing 0.495ns, distribution 0.643ns)

    Location             Delay type                Incr(ns)  Path(ns)    Netlist Resource(s)
  -------------------------------------------------------------------    -------------------
                         (clock dbg_hub/inst/BSCANID.u_xsdbm_id/SWITCH_N_EXT_BSCAN.bscan_inst/SERIES7_BSCAN.bscan_inst/TCK rise edge)
                                                      0.000     0.000 r  
    CONFIG_SITE_X0Y0     BSCANE2                      0.000     0.000 r  dbg_hub/inst/BSCANID.u_xsdbm_id/SWITCH_N_EXT_BSCAN.bscan_inst/SERIES7_BSCAN.bscan_inst/TCK
                         net (fo=1, routed)           2.483     2.483    dbg_hub/inst/BSCANID.u_xsdbm_id/tck_bs
    BUFGCE_X1Y119        BUFGCE (Prop_BUFCE_BUFGCE_I_O)
                                                      0.027     2.510 r  dbg_hub/inst/BSCANID.u_xsdbm_id/SWITCH_N_EXT_BSCAN.u_bufg_icon_tck/O
    X2Y3 (CLOCK_ROOT)    net (fo=478, routed)         0.962     3.472    dbg_hub/inst/BSCANID.u_xsdbm_id/CORE_XSDB.UUT_MASTER/U_ICON_INTERFACE/U_CMD6_WR/m_bscan_tck[0]
    SLICE_X68Y191        FDCE                                         r  dbg_hub/inst/BSCANID.u_xsdbm_id/CORE_XSDB.UUT_MASTER/U_ICON_INTERFACE/U_CMD6_WR/shift_reg_in_reg[2]/C
  -------------------------------------------------------------------    -------------------
    SLICE_X68Y191        FDCE (Prop_CFF_SLICEL_C_Q)
                                                      0.048     3.520 r  dbg_hub/inst/BSCANID.u_xsdbm_id/CORE_XSDB.UUT_MASTER/U_ICON_INTERFACE/U_CMD6_WR/shift_reg_in_reg[2]/Q
                         net (fo=2, routed)           0.102     3.622    dbg_hub/inst/BSCANID.u_xsdbm_id/CORE_XSDB.UUT_MASTER/U_ICON_INTERFACE/U_CMD6_WR/U_WR_FIFO/SUBCORE_FIFO.xsdbm_v3_0_0_wrfifo_inst/inst_fifo_gen/gconvfifo.rf/grf.rf/gntv_or_sync_fifo.mem/gdm.dm_gen.dm/RAM_reg_0_15_0_13/DIA1
    SLICE_X67Y191        RAMD32                                       r  dbg_hub/inst/BSCANID.u_xsdbm_id/CORE_XSDB.UUT_MASTER/U_ICON_INTERFACE/U_CMD6_WR/U_WR_FIFO/SUBCORE_FIFO.xsdbm_v3_0_0_wrfifo_inst/inst_fifo_gen/gconvfifo.rf/grf.rf/gntv_or_sync_fifo.mem/gdm.dm_gen.dm/RAM_reg_0_15_0_13/RAMA_D1/I
  -------------------------------------------------------------------    -------------------

                         (clock dbg_hub/inst/BSCANID.u_xsdbm_id/SWITCH_N_EXT_BSCAN.bscan_inst/SERIES7_BSCAN.bscan_inst/TCK rise edge)
                                                      0.000     0.000 r  
    CONFIG_SITE_X0Y0     BSCANE2                      0.000     0.000 r  dbg_hub/inst/BSCANID.u_xsdbm_id/SWITCH_N_EXT_BSCAN.bscan_inst/SERIES7_BSCAN.bscan_inst/TCK
                         net (fo=1, routed)           3.323     3.323    dbg_hub/inst/BSCANID.u_xsdbm_id/tck_bs
    BUFGCE_X1Y119        BUFGCE (Prop_BUFCE_BUFGCE_I_O)
                                                      0.031     3.354 r  dbg_hub/inst/BSCANID.u_xsdbm_id/SWITCH_N_EXT_BSCAN.u_bufg_icon_tck/O
    X2Y3 (CLOCK_ROOT)    net (fo=478, routed)         1.138     4.492    dbg_hub/inst/BSCANID.u_xsdbm_id/CORE_XSDB.UUT_MASTER/U_ICON_INTERFACE/U_CMD6_WR/U_WR_FIFO/SUBCORE_FIFO.xsdbm_v3_0_0_wrfifo_inst/inst_fifo_gen/gconvfifo.rf/grf.rf/gntv_or_sync_fifo.mem/gdm.dm_gen.dm/RAM_reg_0_15_0_13/WCLK
    SLICE_X67Y191        RAMD32                                       r  dbg_hub/inst/BSCANID.u_xsdbm_id/CORE_XSDB.UUT_MASTER/U_ICON_INTERFACE/U_CMD6_WR/U_WR_FIFO/SUBCORE_FIFO.xsdbm_v3_0_0_wrfifo_inst/inst_fifo_gen/gconvfifo.rf/grf.rf/gntv_or_sync_fifo.mem/gdm.dm_gen.dm/RAM_reg_0_15_0_13/RAMA_D1/CLK
                         clock pessimism             -0.979     3.513    
    SLICE_X67Y191        RAMD32 (Hold_A6LUT_SLICEM_CLK_I)
                                                      0.062     3.575    dbg_hub/inst/BSCANID.u_xsdbm_id/CORE_XSDB.UUT_MASTER/U_ICON_INTERFACE/U_CMD6_WR/U_WR_FIFO/SUBCORE_FIFO.xsdbm_v3_0_0_wrfifo_inst/inst_fifo_gen/gconvfifo.rf/grf.rf/gntv_or_sync_fifo.mem/gdm.dm_gen.dm/RAM_reg_0_15_0_13/RAMA_D1
  -------------------------------------------------------------------
                         required time                         -3.575    
                         arrival time                           3.622    
  -------------------------------------------------------------------
                         slack                                  0.047    

Slack (MET) :             0.048ns  (arrival time - required time)
  Source:                 dbg_hub/inst/BSCANID.u_xsdbm_id/CORE_XSDB.UUT_MASTER/U_ICON_INTERFACE/U_CMD6_RD/shift_reg_in_reg[2]/C
                            (rising edge-triggered cell FDCE clocked by dbg_hub/inst/BSCANID.u_xsdbm_id/SWITCH_N_EXT_BSCAN.bscan_inst/SERIES7_BSCAN.bscan_inst/TCK  {rise@0.000ns fall@16.500ns period=33.000ns})
  Destination:            dbg_hub/inst/BSCANID.u_xsdbm_id/CORE_XSDB.UUT_MASTER/U_ICON_INTERFACE/U_CMD6_RD/shift_reg_in_reg[1]/D
                            (rising edge-triggered cell FDCE clocked by dbg_hub/inst/BSCANID.u_xsdbm_id/SWITCH_N_EXT_BSCAN.bscan_inst/SERIES7_BSCAN.bscan_inst/TCK  {rise@0.000ns fall@16.500ns period=33.000ns})
  Path Group:             dbg_hub/inst/BSCANID.u_xsdbm_id/SWITCH_N_EXT_BSCAN.bscan_inst/SERIES7_BSCAN.bscan_inst/TCK
  Path Type:              Hold (Min at Fast Process Corner)
  Requirement:            0.000ns  (dbg_hub/inst/BSCANID.u_xsdbm_id/SWITCH_N_EXT_BSCAN.bscan_inst/SERIES7_BSCAN.bscan_inst/TCK rise@0.000ns - dbg_hub/inst/BSCANID.u_xsdbm_id/SWITCH_N_EXT_BSCAN.bscan_inst/SERIES7_BSCAN.bscan_inst/TCK rise@0.000ns)
  Data Path Delay:        0.147ns  (logic 0.064ns (43.537%)  route 0.083ns (56.463%))
  Logic Levels:           1  (LUT5=1)
  Clock Path Skew:        0.043ns (DCD - SCD - CPR)
    Destination Clock Delay (DCD):    4.475ns
    Source Clock Delay      (SCD):    3.465ns
    Clock Pessimism Removal (CPR):    0.967ns
  Clock Net Delay (Source):      0.955ns (routing 0.447ns, distribution 0.508ns)
  Clock Net Delay (Destination): 1.121ns (routing 0.495ns, distribution 0.626ns)

    Location             Delay type                Incr(ns)  Path(ns)    Netlist Resource(s)
  -------------------------------------------------------------------    -------------------
                         (clock dbg_hub/inst/BSCANID.u_xsdbm_id/SWITCH_N_EXT_BSCAN.bscan_inst/SERIES7_BSCAN.bscan_inst/TCK rise edge)
                                                      0.000     0.000 r  
    CONFIG_SITE_X0Y0     BSCANE2                      0.000     0.000 r  dbg_hub/inst/BSCANID.u_xsdbm_id/SWITCH_N_EXT_BSCAN.bscan_inst/SERIES7_BSCAN.bscan_inst/TCK
                         net (fo=1, routed)           2.483     2.483    dbg_hub/inst/BSCANID.u_xsdbm_id/tck_bs
    BUFGCE_X1Y119        BUFGCE (Prop_BUFCE_BUFGCE_I_O)
                                                      0.027     2.510 r  dbg_hub/inst/BSCANID.u_xsdbm_id/SWITCH_N_EXT_BSCAN.u_bufg_icon_tck/O
    X2Y3 (CLOCK_ROOT)    net (fo=478, routed)         0.955     3.465    dbg_hub/inst/BSCANID.u_xsdbm_id/CORE_XSDB.UUT_MASTER/U_ICON_INTERFACE/U_CMD6_RD/m_bscan_tck[0]
    SLICE_X69Y195        FDCE                                         r  dbg_hub/inst/BSCANID.u_xsdbm_id/CORE_XSDB.UUT_MASTER/U_ICON_INTERFACE/U_CMD6_RD/shift_reg_in_reg[2]/C
  -------------------------------------------------------------------    -------------------
    SLICE_X69Y195        FDCE (Prop_DFF_SLICEL_C_Q)
                                                      0.049     3.514 r  dbg_hub/inst/BSCANID.u_xsdbm_id/CORE_XSDB.UUT_MASTER/U_ICON_INTERFACE/U_CMD6_RD/shift_reg_in_reg[2]/Q
                         net (fo=1, routed)           0.067     3.581    dbg_hub/inst/BSCANID.u_xsdbm_id/CORE_XSDB.UUT_MASTER/U_ICON_INTERFACE/U_CMD6_RD/U_RD_FIFO/Q[2]
    SLICE_X69Y196        LUT5 (Prop_C6LUT_SLICEL_I4_O)
                                                      0.015     3.596 r  dbg_hub/inst/BSCANID.u_xsdbm_id/CORE_XSDB.UUT_MASTER/U_ICON_INTERFACE/U_CMD6_RD/U_RD_FIFO/shift_reg_in[1]_i_1__2/O
                         net (fo=1, routed)           0.016     3.612    dbg_hub/inst/BSCANID.u_xsdbm_id/CORE_XSDB.UUT_MASTER/U_ICON_INTERFACE/U_CMD6_RD/U_RD_FIFO_n_14
    SLICE_X69Y196        FDCE                                         r  dbg_hub/inst/BSCANID.u_xsdbm_id/CORE_XSDB.UUT_MASTER/U_ICON_INTERFACE/U_CMD6_RD/shift_reg_in_reg[1]/D
  -------------------------------------------------------------------    -------------------

                         (clock dbg_hub/inst/BSCANID.u_xsdbm_id/SWITCH_N_EXT_BSCAN.bscan_inst/SERIES7_BSCAN.bscan_inst/TCK rise edge)
                                                      0.000     0.000 r  
    CONFIG_SITE_X0Y0     BSCANE2                      0.000     0.000 r  dbg_hub/inst/BSCANID.u_xsdbm_id/SWITCH_N_EXT_BSCAN.bscan_inst/SERIES7_BSCAN.bscan_inst/TCK
                         net (fo=1, routed)           3.323     3.323    dbg_hub/inst/BSCANID.u_xsdbm_id/tck_bs
    BUFGCE_X1Y119        BUFGCE (Prop_BUFCE_BUFGCE_I_O)
                                                      0.031     3.354 r  dbg_hub/inst/BSCANID.u_xsdbm_id/SWITCH_N_EXT_BSCAN.u_bufg_icon_tck/O
    X2Y3 (CLOCK_ROOT)    net (fo=478, routed)         1.121     4.475    dbg_hub/inst/BSCANID.u_xsdbm_id/CORE_XSDB.UUT_MASTER/U_ICON_INTERFACE/U_CMD6_RD/m_bscan_tck[0]
    SLICE_X69Y196        FDCE                                         r  dbg_hub/inst/BSCANID.u_xsdbm_id/CORE_XSDB.UUT_MASTER/U_ICON_INTERFACE/U_CMD6_RD/shift_reg_in_reg[1]/C
                         clock pessimism             -0.967     3.508    
    SLICE_X69Y196        FDCE (Hold_CFF_SLICEL_C_D)
                                                      0.056     3.564    dbg_hub/inst/BSCANID.u_xsdbm_id/CORE_XSDB.UUT_MASTER/U_ICON_INTERFACE/U_CMD6_RD/shift_reg_in_reg[1]
  -------------------------------------------------------------------
                         required time                         -3.564    
                         arrival time                           3.612    
  -------------------------------------------------------------------
                         slack                                  0.048    

Slack (MET) :             0.049ns  (arrival time - required time)
  Source:                 dbg_hub/inst/BSCANID.u_xsdbm_id/CORE_XSDB.UUT_MASTER/U_ICON_INTERFACE/U_CMD6_WR/U_WR_FIFO/SUBCORE_FIFO.xsdbm_v3_0_0_wrfifo_inst/inst_fifo_gen/gconvfifo.rf/grf.rf/gntv_or_sync_fifo.gcx.clkx/gnxpm_cdc.gsync_stage[2].wr_stg_inst/Q_reg_reg[3]/C
                            (rising edge-triggered cell FDCE clocked by dbg_hub/inst/BSCANID.u_xsdbm_id/SWITCH_N_EXT_BSCAN.bscan_inst/SERIES7_BSCAN.bscan_inst/TCK  {rise@0.000ns fall@16.500ns period=33.000ns})
  Destination:            dbg_hub/inst/BSCANID.u_xsdbm_id/CORE_XSDB.UUT_MASTER/U_ICON_INTERFACE/U_CMD6_WR/U_WR_FIFO/SUBCORE_FIFO.xsdbm_v3_0_0_wrfifo_inst/inst_fifo_gen/gconvfifo.rf/grf.rf/gntv_or_sync_fifo.gcx.clkx/gnxpm_cdc.rd_pntr_bin_reg[3]/D
                            (rising edge-triggered cell FDCE clocked by dbg_hub/inst/BSCANID.u_xsdbm_id/SWITCH_N_EXT_BSCAN.bscan_inst/SERIES7_BSCAN.bscan_inst/TCK  {rise@0.000ns fall@16.500ns period=33.000ns})
  Path Group:             dbg_hub/inst/BSCANID.u_xsdbm_id/SWITCH_N_EXT_BSCAN.bscan_inst/SERIES7_BSCAN.bscan_inst/TCK
  Path Type:              Hold (Min at Fast Process Corner)
  Requirement:            0.000ns  (dbg_hub/inst/BSCANID.u_xsdbm_id/SWITCH_N_EXT_BSCAN.bscan_inst/SERIES7_BSCAN.bscan_inst/TCK rise@0.000ns - dbg_hub/inst/BSCANID.u_xsdbm_id/SWITCH_N_EXT_BSCAN.bscan_inst/SERIES7_BSCAN.bscan_inst/TCK rise@0.000ns)
  Data Path Delay:        0.157ns  (logic 0.048ns (30.573%)  route 0.109ns (69.427%))
  Logic Levels:           0  
  Clock Path Skew:        0.052ns (DCD - SCD - CPR)
    Destination Clock Delay (DCD):    4.489ns
    Source Clock Delay      (SCD):    3.470ns
    Clock Pessimism Removal (CPR):    0.967ns
  Clock Net Delay (Source):      0.960ns (routing 0.447ns, distribution 0.513ns)
  Clock Net Delay (Destination): 1.135ns (routing 0.495ns, distribution 0.640ns)

    Location             Delay type                Incr(ns)  Path(ns)    Netlist Resource(s)
  -------------------------------------------------------------------    -------------------
                         (clock dbg_hub/inst/BSCANID.u_xsdbm_id/SWITCH_N_EXT_BSCAN.bscan_inst/SERIES7_BSCAN.bscan_inst/TCK rise edge)
                                                      0.000     0.000 r  
    CONFIG_SITE_X0Y0     BSCANE2                      0.000     0.000 r  dbg_hub/inst/BSCANID.u_xsdbm_id/SWITCH_N_EXT_BSCAN.bscan_inst/SERIES7_BSCAN.bscan_inst/TCK
                         net (fo=1, routed)           2.483     2.483    dbg_hub/inst/BSCANID.u_xsdbm_id/tck_bs
    BUFGCE_X1Y119        BUFGCE (Prop_BUFCE_BUFGCE_I_O)
                                                      0.027     2.510 r  dbg_hub/inst/BSCANID.u_xsdbm_id/SWITCH_N_EXT_BSCAN.u_bufg_icon_tck/O
    X2Y3 (CLOCK_ROOT)    net (fo=478, routed)         0.960     3.470    dbg_hub/inst/BSCANID.u_xsdbm_id/CORE_XSDB.UUT_MASTER/U_ICON_INTERFACE/U_CMD6_WR/U_WR_FIFO/SUBCORE_FIFO.xsdbm_v3_0_0_wrfifo_inst/inst_fifo_gen/gconvfifo.rf/grf.rf/gntv_or_sync_fifo.gcx.clkx/gnxpm_cdc.gsync_stage[2].wr_stg_inst/wr_clk
    SLICE_X66Y191        FDCE                                         r  dbg_hub/inst/BSCANID.u_xsdbm_id/CORE_XSDB.UUT_MASTER/U_ICON_INTERFACE/U_CMD6_WR/U_WR_FIFO/SUBCORE_FIFO.xsdbm_v3_0_0_wrfifo_inst/inst_fifo_gen/gconvfifo.rf/grf.rf/gntv_or_sync_fifo.gcx.clkx/gnxpm_cdc.gsync_stage[2].wr_stg_inst/Q_reg_reg[3]/C
  -------------------------------------------------------------------    -------------------
    SLICE_X66Y191        FDCE (Prop_BFF2_SLICEL_C_Q)
                                                      0.048     3.518 r  dbg_hub/inst/BSCANID.u_xsdbm_id/CORE_XSDB.UUT_MASTER/U_ICON_INTERFACE/U_CMD6_WR/U_WR_FIFO/SUBCORE_FIFO.xsdbm_v3_0_0_wrfifo_inst/inst_fifo_gen/gconvfifo.rf/grf.rf/gntv_or_sync_fifo.gcx.clkx/gnxpm_cdc.gsync_stage[2].wr_stg_inst/Q_reg_reg[3]/Q
                         net (fo=4, routed)           0.109     3.627    dbg_hub/inst/BSCANID.u_xsdbm_id/CORE_XSDB.UUT_MASTER/U_ICON_INTERFACE/U_CMD6_WR/U_WR_FIFO/SUBCORE_FIFO.xsdbm_v3_0_0_wrfifo_inst/inst_fifo_gen/gconvfifo.rf/grf.rf/gntv_or_sync_fifo.gcx.clkx/rd_q[2]_7[3]
    SLICE_X66Y192        FDCE                                         r  dbg_hub/inst/BSCANID.u_xsdbm_id/CORE_XSDB.UUT_MASTER/U_ICON_INTERFACE/U_CMD6_WR/U_WR_FIFO/SUBCORE_FIFO.xsdbm_v3_0_0_wrfifo_inst/inst_fifo_gen/gconvfifo.rf/grf.rf/gntv_or_sync_fifo.gcx.clkx/gnxpm_cdc.rd_pntr_bin_reg[3]/D
  -------------------------------------------------------------------    -------------------

                         (clock dbg_hub/inst/BSCANID.u_xsdbm_id/SWITCH_N_EXT_BSCAN.bscan_inst/SERIES7_BSCAN.bscan_inst/TCK rise edge)
                                                      0.000     0.000 r  
    CONFIG_SITE_X0Y0     BSCANE2                      0.000     0.000 r  dbg_hub/inst/BSCANID.u_xsdbm_id/SWITCH_N_EXT_BSCAN.bscan_inst/SERIES7_BSCAN.bscan_inst/TCK
                         net (fo=1, routed)           3.323     3.323    dbg_hub/inst/BSCANID.u_xsdbm_id/tck_bs
    BUFGCE_X1Y119        BUFGCE (Prop_BUFCE_BUFGCE_I_O)
                                                      0.031     3.354 r  dbg_hub/inst/BSCANID.u_xsdbm_id/SWITCH_N_EXT_BSCAN.u_bufg_icon_tck/O
    X2Y3 (CLOCK_ROOT)    net (fo=478, routed)         1.135     4.489    dbg_hub/inst/BSCANID.u_xsdbm_id/CORE_XSDB.UUT_MASTER/U_ICON_INTERFACE/U_CMD6_WR/U_WR_FIFO/SUBCORE_FIFO.xsdbm_v3_0_0_wrfifo_inst/inst_fifo_gen/gconvfifo.rf/grf.rf/gntv_or_sync_fifo.gcx.clkx/wr_clk
    SLICE_X66Y192        FDCE                                         r  dbg_hub/inst/BSCANID.u_xsdbm_id/CORE_XSDB.UUT_MASTER/U_ICON_INTERFACE/U_CMD6_WR/U_WR_FIFO/SUBCORE_FIFO.xsdbm_v3_0_0_wrfifo_inst/inst_fifo_gen/gconvfifo.rf/grf.rf/gntv_or_sync_fifo.gcx.clkx/gnxpm_cdc.rd_pntr_bin_reg[3]/C
                         clock pessimism             -0.967     3.522    
    SLICE_X66Y192        FDCE (Hold_DFF_SLICEL_C_D)
                                                      0.056     3.578    dbg_hub/inst/BSCANID.u_xsdbm_id/CORE_XSDB.UUT_MASTER/U_ICON_INTERFACE/U_CMD6_WR/U_WR_FIFO/SUBCORE_FIFO.xsdbm_v3_0_0_wrfifo_inst/inst_fifo_gen/gconvfifo.rf/grf.rf/gntv_or_sync_fifo.gcx.clkx/gnxpm_cdc.rd_pntr_bin_reg[3]
  -------------------------------------------------------------------
                         required time                         -3.578    
                         arrival time                           3.627    
  -------------------------------------------------------------------
                         slack                                  0.049    

Slack (MET) :             0.049ns  (arrival time - required time)
  Source:                 dbg_hub/inst/BSCANID.u_xsdbm_id/CORE_XSDB.UUT_MASTER/U_ICON_INTERFACE/U_CMD6_WR/shift_reg_in_reg[4]/C
                            (rising edge-triggered cell FDCE clocked by dbg_hub/inst/BSCANID.u_xsdbm_id/SWITCH_N_EXT_BSCAN.bscan_inst/SERIES7_BSCAN.bscan_inst/TCK  {rise@0.000ns fall@16.500ns period=33.000ns})
  Destination:            dbg_hub/inst/BSCANID.u_xsdbm_id/CORE_XSDB.UUT_MASTER/U_ICON_INTERFACE/U_CMD6_WR/U_WR_FIFO/SUBCORE_FIFO.xsdbm_v3_0_0_wrfifo_inst/inst_fifo_gen/gconvfifo.rf/grf.rf/gntv_or_sync_fifo.mem/gdm.dm_gen.dm/RAM_reg_0_15_0_13/RAMB_D1/I
                            (rising edge-triggered cell RAMD32 clocked by dbg_hub/inst/BSCANID.u_xsdbm_id/SWITCH_N_EXT_BSCAN.bscan_inst/SERIES7_BSCAN.bscan_inst/TCK  {rise@0.000ns fall@16.500ns period=33.000ns})
  Path Group:             dbg_hub/inst/BSCANID.u_xsdbm_id/SWITCH_N_EXT_BSCAN.bscan_inst/SERIES7_BSCAN.bscan_inst/TCK
  Path Type:              Hold (Min at Fast Process Corner)
  Requirement:            0.000ns  (dbg_hub/inst/BSCANID.u_xsdbm_id/SWITCH_N_EXT_BSCAN.bscan_inst/SERIES7_BSCAN.bscan_inst/TCK rise@0.000ns - dbg_hub/inst/BSCANID.u_xsdbm_id/SWITCH_N_EXT_BSCAN.bscan_inst/SERIES7_BSCAN.bscan_inst/TCK rise@0.000ns)
  Data Path Delay:        0.152ns  (logic 0.049ns (32.237%)  route 0.103ns (67.763%))
  Logic Levels:           0  
  Clock Path Skew:        0.041ns (DCD - SCD - CPR)
    Destination Clock Delay (DCD):    4.492ns
    Source Clock Delay      (SCD):    3.472ns
    Clock Pessimism Removal (CPR):    0.979ns
  Clock Net Delay (Source):      0.962ns (routing 0.447ns, distribution 0.515ns)
  Clock Net Delay (Destination): 1.138ns (routing 0.495ns, distribution 0.643ns)

    Location             Delay type                Incr(ns)  Path(ns)    Netlist Resource(s)
  -------------------------------------------------------------------    -------------------
                         (clock dbg_hub/inst/BSCANID.u_xsdbm_id/SWITCH_N_EXT_BSCAN.bscan_inst/SERIES7_BSCAN.bscan_inst/TCK rise edge)
                                                      0.000     0.000 r  
    CONFIG_SITE_X0Y0     BSCANE2                      0.000     0.000 r  dbg_hub/inst/BSCANID.u_xsdbm_id/SWITCH_N_EXT_BSCAN.bscan_inst/SERIES7_BSCAN.bscan_inst/TCK
                         net (fo=1, routed)           2.483     2.483    dbg_hub/inst/BSCANID.u_xsdbm_id/tck_bs
    BUFGCE_X1Y119        BUFGCE (Prop_BUFCE_BUFGCE_I_O)
                                                      0.027     2.510 r  dbg_hub/inst/BSCANID.u_xsdbm_id/SWITCH_N_EXT_BSCAN.u_bufg_icon_tck/O
    X2Y3 (CLOCK_ROOT)    net (fo=478, routed)         0.962     3.472    dbg_hub/inst/BSCANID.u_xsdbm_id/CORE_XSDB.UUT_MASTER/U_ICON_INTERFACE/U_CMD6_WR/m_bscan_tck[0]
    SLICE_X68Y191        FDCE                                         r  dbg_hub/inst/BSCANID.u_xsdbm_id/CORE_XSDB.UUT_MASTER/U_ICON_INTERFACE/U_CMD6_WR/shift_reg_in_reg[4]/C
  -------------------------------------------------------------------    -------------------
    SLICE_X68Y191        FDCE (Prop_DFF_SLICEL_C_Q)
                                                      0.049     3.521 r  dbg_hub/inst/BSCANID.u_xsdbm_id/CORE_XSDB.UUT_MASTER/U_ICON_INTERFACE/U_CMD6_WR/shift_reg_in_reg[4]/Q
                         net (fo=2, routed)           0.103     3.624    dbg_hub/inst/BSCANID.u_xsdbm_id/CORE_XSDB.UUT_MASTER/U_ICON_INTERFACE/U_CMD6_WR/U_WR_FIFO/SUBCORE_FIFO.xsdbm_v3_0_0_wrfifo_inst/inst_fifo_gen/gconvfifo.rf/grf.rf/gntv_or_sync_fifo.mem/gdm.dm_gen.dm/RAM_reg_0_15_0_13/DIB1
    SLICE_X67Y191        RAMD32                                       r  dbg_hub/inst/BSCANID.u_xsdbm_id/CORE_XSDB.UUT_MASTER/U_ICON_INTERFACE/U_CMD6_WR/U_WR_FIFO/SUBCORE_FIFO.xsdbm_v3_0_0_wrfifo_inst/inst_fifo_gen/gconvfifo.rf/grf.rf/gntv_or_sync_fifo.mem/gdm.dm_gen.dm/RAM_reg_0_15_0_13/RAMB_D1/I
  -------------------------------------------------------------------    -------------------

                         (clock dbg_hub/inst/BSCANID.u_xsdbm_id/SWITCH_N_EXT_BSCAN.bscan_inst/SERIES7_BSCAN.bscan_inst/TCK rise edge)
                                                      0.000     0.000 r  
    CONFIG_SITE_X0Y0     BSCANE2                      0.000     0.000 r  dbg_hub/inst/BSCANID.u_xsdbm_id/SWITCH_N_EXT_BSCAN.bscan_inst/SERIES7_BSCAN.bscan_inst/TCK
                         net (fo=1, routed)           3.323     3.323    dbg_hub/inst/BSCANID.u_xsdbm_id/tck_bs
    BUFGCE_X1Y119        BUFGCE (Prop_BUFCE_BUFGCE_I_O)
                                                      0.031     3.354 r  dbg_hub/inst/BSCANID.u_xsdbm_id/SWITCH_N_EXT_BSCAN.u_bufg_icon_tck/O
    X2Y3 (CLOCK_ROOT)    net (fo=478, routed)         1.138     4.492    dbg_hub/inst/BSCANID.u_xsdbm_id/CORE_XSDB.UUT_MASTER/U_ICON_INTERFACE/U_CMD6_WR/U_WR_FIFO/SUBCORE_FIFO.xsdbm_v3_0_0_wrfifo_inst/inst_fifo_gen/gconvfifo.rf/grf.rf/gntv_or_sync_fifo.mem/gdm.dm_gen.dm/RAM_reg_0_15_0_13/WCLK
    SLICE_X67Y191        RAMD32                                       r  dbg_hub/inst/BSCANID.u_xsdbm_id/CORE_XSDB.UUT_MASTER/U_ICON_INTERFACE/U_CMD6_WR/U_WR_FIFO/SUBCORE_FIFO.xsdbm_v3_0_0_wrfifo_inst/inst_fifo_gen/gconvfifo.rf/grf.rf/gntv_or_sync_fifo.mem/gdm.dm_gen.dm/RAM_reg_0_15_0_13/RAMB_D1/CLK
                         clock pessimism             -0.979     3.513    
    SLICE_X67Y191        RAMD32 (Hold_B6LUT_SLICEM_CLK_I)
                                                      0.062     3.575    dbg_hub/inst/BSCANID.u_xsdbm_id/CORE_XSDB.UUT_MASTER/U_ICON_INTERFACE/U_CMD6_WR/U_WR_FIFO/SUBCORE_FIFO.xsdbm_v3_0_0_wrfifo_inst/inst_fifo_gen/gconvfifo.rf/grf.rf/gntv_or_sync_fifo.mem/gdm.dm_gen.dm/RAM_reg_0_15_0_13/RAMB_D1
  -------------------------------------------------------------------
                         required time                         -3.575    
                         arrival time                           3.624    
  -------------------------------------------------------------------
                         slack                                  0.049    

Slack (MET) :             0.050ns  (arrival time - required time)
  Source:                 dbg_hub/inst/BSCANID.u_xsdbm_id/SWITCH_N_EXT_BSCAN.bscan_switch/bscanid_reg[30]/C
                            (rising edge-triggered cell FDRE clocked by dbg_hub/inst/BSCANID.u_xsdbm_id/SWITCH_N_EXT_BSCAN.bscan_inst/SERIES7_BSCAN.bscan_inst/TCK  {rise@0.000ns fall@16.500ns period=33.000ns})
  Destination:            dbg_hub/inst/BSCANID.u_xsdbm_id/SWITCH_N_EXT_BSCAN.bscan_switch/bscanid_reg[29]/D
                            (rising edge-triggered cell FDRE clocked by dbg_hub/inst/BSCANID.u_xsdbm_id/SWITCH_N_EXT_BSCAN.bscan_inst/SERIES7_BSCAN.bscan_inst/TCK  {rise@0.000ns fall@16.500ns period=33.000ns})
  Path Group:             dbg_hub/inst/BSCANID.u_xsdbm_id/SWITCH_N_EXT_BSCAN.bscan_inst/SERIES7_BSCAN.bscan_inst/TCK
  Path Type:              Hold (Min at Fast Process Corner)
  Requirement:            0.000ns  (dbg_hub/inst/BSCANID.u_xsdbm_id/SWITCH_N_EXT_BSCAN.bscan_inst/SERIES7_BSCAN.bscan_inst/TCK rise@0.000ns - dbg_hub/inst/BSCANID.u_xsdbm_id/SWITCH_N_EXT_BSCAN.bscan_inst/SERIES7_BSCAN.bscan_inst/TCK rise@0.000ns)
  Data Path Delay:        0.160ns  (logic 0.078ns (48.750%)  route 0.082ns (51.250%))
  Logic Levels:           1  (LUT2=1)
  Clock Path Skew:        0.054ns (DCD - SCD - CPR)
    Destination Clock Delay (DCD):    4.521ns
    Source Clock Delay      (SCD):    3.496ns
    Clock Pessimism Removal (CPR):    0.971ns
  Clock Net Delay (Source):      0.986ns (routing 0.447ns, distribution 0.539ns)
  Clock Net Delay (Destination): 1.167ns (routing 0.495ns, distribution 0.672ns)

    Location             Delay type                Incr(ns)  Path(ns)    Netlist Resource(s)
  -------------------------------------------------------------------    -------------------
                         (clock dbg_hub/inst/BSCANID.u_xsdbm_id/SWITCH_N_EXT_BSCAN.bscan_inst/SERIES7_BSCAN.bscan_inst/TCK rise edge)
                                                      0.000     0.000 r  
    CONFIG_SITE_X0Y0     BSCANE2                      0.000     0.000 r  dbg_hub/inst/BSCANID.u_xsdbm_id/SWITCH_N_EXT_BSCAN.bscan_inst/SERIES7_BSCAN.bscan_inst/TCK
                         net (fo=1, routed)           2.483     2.483    dbg_hub/inst/BSCANID.u_xsdbm_id/tck_bs
    BUFGCE_X1Y119        BUFGCE (Prop_BUFCE_BUFGCE_I_O)
                                                      0.027     2.510 r  dbg_hub/inst/BSCANID.u_xsdbm_id/SWITCH_N_EXT_BSCAN.u_bufg_icon_tck/O
    X2Y3 (CLOCK_ROOT)    net (fo=478, routed)         0.986     3.496    dbg_hub/inst/BSCANID.u_xsdbm_id/SWITCH_N_EXT_BSCAN.bscan_switch/s_bscan_tck
    SLICE_X73Y205        FDRE                                         r  dbg_hub/inst/BSCANID.u_xsdbm_id/SWITCH_N_EXT_BSCAN.bscan_switch/bscanid_reg[30]/C
  -------------------------------------------------------------------    -------------------
    SLICE_X73Y205        FDRE (Prop_HFF_SLICEM_C_Q)
                                                      0.048     3.544 r  dbg_hub/inst/BSCANID.u_xsdbm_id/SWITCH_N_EXT_BSCAN.bscan_switch/bscanid_reg[30]/Q
                         net (fo=1, routed)           0.070     3.614    dbg_hub/inst/BSCANID.u_xsdbm_id/SWITCH_N_EXT_BSCAN.bscan_switch/bscanid__0[30]
    SLICE_X73Y206        LUT2 (Prop_E6LUT_SLICEM_I1_O)
                                                      0.030     3.644 r  dbg_hub/inst/BSCANID.u_xsdbm_id/SWITCH_N_EXT_BSCAN.bscan_switch/bscanid[29]_i_1/O
                         net (fo=1, routed)           0.012     3.656    dbg_hub/inst/BSCANID.u_xsdbm_id/SWITCH_N_EXT_BSCAN.bscan_switch/bscanid[29]_i_1_n_0
    SLICE_X73Y206        FDRE                                         r  dbg_hub/inst/BSCANID.u_xsdbm_id/SWITCH_N_EXT_BSCAN.bscan_switch/bscanid_reg[29]/D
  -------------------------------------------------------------------    -------------------

                         (clock dbg_hub/inst/BSCANID.u_xsdbm_id/SWITCH_N_EXT_BSCAN.bscan_inst/SERIES7_BSCAN.bscan_inst/TCK rise edge)
                                                      0.000     0.000 r  
    CONFIG_SITE_X0Y0     BSCANE2                      0.000     0.000 r  dbg_hub/inst/BSCANID.u_xsdbm_id/SWITCH_N_EXT_BSCAN.bscan_inst/SERIES7_BSCAN.bscan_inst/TCK
                         net (fo=1, routed)           3.323     3.323    dbg_hub/inst/BSCANID.u_xsdbm_id/tck_bs
    BUFGCE_X1Y119        BUFGCE (Prop_BUFCE_BUFGCE_I_O)
                                                      0.031     3.354 r  dbg_hub/inst/BSCANID.u_xsdbm_id/SWITCH_N_EXT_BSCAN.u_bufg_icon_tck/O
    X2Y3 (CLOCK_ROOT)    net (fo=478, routed)         1.167     4.521    dbg_hub/inst/BSCANID.u_xsdbm_id/SWITCH_N_EXT_BSCAN.bscan_switch/s_bscan_tck
    SLICE_X73Y206        FDRE                                         r  dbg_hub/inst/BSCANID.u_xsdbm_id/SWITCH_N_EXT_BSCAN.bscan_switch/bscanid_reg[29]/C
                         clock pessimism             -0.971     3.550    
    SLICE_X73Y206        FDRE (Hold_EFF_SLICEM_C_D)
                                                      0.056     3.606    dbg_hub/inst/BSCANID.u_xsdbm_id/SWITCH_N_EXT_BSCAN.bscan_switch/bscanid_reg[29]
  -------------------------------------------------------------------
                         required time                         -3.606    
                         arrival time                           3.656    
  -------------------------------------------------------------------
                         slack                                  0.050    

Slack (MET) :             0.050ns  (arrival time - required time)
  Source:                 dbg_hub/inst/BSCANID.u_xsdbm_id/CORE_XSDB.UUT_MASTER/U_ICON_INTERFACE/U_CMD6_RD/shift_reg_in_reg[9]/C
                            (rising edge-triggered cell FDCE clocked by dbg_hub/inst/BSCANID.u_xsdbm_id/SWITCH_N_EXT_BSCAN.bscan_inst/SERIES7_BSCAN.bscan_inst/TCK  {rise@0.000ns fall@16.500ns period=33.000ns})
  Destination:            dbg_hub/inst/BSCANID.u_xsdbm_id/CORE_XSDB.UUT_MASTER/U_ICON_INTERFACE/U_CMD6_RD/shift_reg_in_reg[8]/D
                            (rising edge-triggered cell FDCE clocked by dbg_hub/inst/BSCANID.u_xsdbm_id/SWITCH_N_EXT_BSCAN.bscan_inst/SERIES7_BSCAN.bscan_inst/TCK  {rise@0.000ns fall@16.500ns period=33.000ns})
  Path Group:             dbg_hub/inst/BSCANID.u_xsdbm_id/SWITCH_N_EXT_BSCAN.bscan_inst/SERIES7_BSCAN.bscan_inst/TCK
  Path Type:              Hold (Min at Fast Process Corner)
  Requirement:            0.000ns  (dbg_hub/inst/BSCANID.u_xsdbm_id/SWITCH_N_EXT_BSCAN.bscan_inst/SERIES7_BSCAN.bscan_inst/TCK rise@0.000ns - dbg_hub/inst/BSCANID.u_xsdbm_id/SWITCH_N_EXT_BSCAN.bscan_inst/SERIES7_BSCAN.bscan_inst/TCK rise@0.000ns)
  Data Path Delay:        0.111ns  (logic 0.064ns (57.658%)  route 0.047ns (42.342%))
  Logic Levels:           1  (LUT5=1)
  Clock Path Skew:        0.005ns (DCD - SCD - CPR)
    Destination Clock Delay (DCD):    4.477ns
    Source Clock Delay      (SCD):    3.466ns
    Clock Pessimism Removal (CPR):    1.006ns
  Clock Net Delay (Source):      0.956ns (routing 0.447ns, distribution 0.509ns)
  Clock Net Delay (Destination): 1.123ns (routing 0.495ns, distribution 0.628ns)

    Location             Delay type                Incr(ns)  Path(ns)    Netlist Resource(s)
  -------------------------------------------------------------------    -------------------
                         (clock dbg_hub/inst/BSCANID.u_xsdbm_id/SWITCH_N_EXT_BSCAN.bscan_inst/SERIES7_BSCAN.bscan_inst/TCK rise edge)
                                                      0.000     0.000 r  
    CONFIG_SITE_X0Y0     BSCANE2                      0.000     0.000 r  dbg_hub/inst/BSCANID.u_xsdbm_id/SWITCH_N_EXT_BSCAN.bscan_inst/SERIES7_BSCAN.bscan_inst/TCK
                         net (fo=1, routed)           2.483     2.483    dbg_hub/inst/BSCANID.u_xsdbm_id/tck_bs
    BUFGCE_X1Y119        BUFGCE (Prop_BUFCE_BUFGCE_I_O)
                                                      0.027     2.510 r  dbg_hub/inst/BSCANID.u_xsdbm_id/SWITCH_N_EXT_BSCAN.u_bufg_icon_tck/O
    X2Y3 (CLOCK_ROOT)    net (fo=478, routed)         0.956     3.466    dbg_hub/inst/BSCANID.u_xsdbm_id/CORE_XSDB.UUT_MASTER/U_ICON_INTERFACE/U_CMD6_RD/m_bscan_tck[0]
    SLICE_X69Y193        FDCE                                         r  dbg_hub/inst/BSCANID.u_xsdbm_id/CORE_XSDB.UUT_MASTER/U_ICON_INTERFACE/U_CMD6_RD/shift_reg_in_reg[9]/C
  -------------------------------------------------------------------    -------------------
    SLICE_X69Y193        FDCE (Prop_AFF_SLICEL_C_Q)
                                                      0.049     3.515 r  dbg_hub/inst/BSCANID.u_xsdbm_id/CORE_XSDB.UUT_MASTER/U_ICON_INTERFACE/U_CMD6_RD/shift_reg_in_reg[9]/Q
                         net (fo=1, routed)           0.032     3.547    dbg_hub/inst/BSCANID.u_xsdbm_id/CORE_XSDB.UUT_MASTER/U_ICON_INTERFACE/U_CMD6_RD/U_RD_FIFO/Q[9]
    SLICE_X69Y193        LUT5 (Prop_B6LUT_SLICEL_I4_O)
                                                      0.015     3.562 r  dbg_hub/inst/BSCANID.u_xsdbm_id/CORE_XSDB.UUT_MASTER/U_ICON_INTERFACE/U_CMD6_RD/U_RD_FIFO/shift_reg_in[8]_i_1/O
                         net (fo=1, routed)           0.015     3.577    dbg_hub/inst/BSCANID.u_xsdbm_id/CORE_XSDB.UUT_MASTER/U_ICON_INTERFACE/U_CMD6_RD/U_RD_FIFO_n_7
    SLICE_X69Y193        FDCE                                         r  dbg_hub/inst/BSCANID.u_xsdbm_id/CORE_XSDB.UUT_MASTER/U_ICON_INTERFACE/U_CMD6_RD/shift_reg_in_reg[8]/D
  -------------------------------------------------------------------    -------------------

                         (clock dbg_hub/inst/BSCANID.u_xsdbm_id/SWITCH_N_EXT_BSCAN.bscan_inst/SERIES7_BSCAN.bscan_inst/TCK rise edge)
                                                      0.000     0.000 r  
    CONFIG_SITE_X0Y0     BSCANE2                      0.000     0.000 r  dbg_hub/inst/BSCANID.u_xsdbm_id/SWITCH_N_EXT_BSCAN.bscan_inst/SERIES7_BSCAN.bscan_inst/TCK
                         net (fo=1, routed)           3.323     3.323    dbg_hub/inst/BSCANID.u_xsdbm_id/tck_bs
    BUFGCE_X1Y119        BUFGCE (Prop_BUFCE_BUFGCE_I_O)
                                                      0.031     3.354 r  dbg_hub/inst/BSCANID.u_xsdbm_id/SWITCH_N_EXT_BSCAN.u_bufg_icon_tck/O
    X2Y3 (CLOCK_ROOT)    net (fo=478, routed)         1.123     4.477    dbg_hub/inst/BSCANID.u_xsdbm_id/CORE_XSDB.UUT_MASTER/U_ICON_INTERFACE/U_CMD6_RD/m_bscan_tck[0]
    SLICE_X69Y193        FDCE                                         r  dbg_hub/inst/BSCANID.u_xsdbm_id/CORE_XSDB.UUT_MASTER/U_ICON_INTERFACE/U_CMD6_RD/shift_reg_in_reg[8]/C
                         clock pessimism             -1.006     3.471    
    SLICE_X69Y193        FDCE (Hold_BFF_SLICEL_C_D)
                                                      0.056     3.527    dbg_hub/inst/BSCANID.u_xsdbm_id/CORE_XSDB.UUT_MASTER/U_ICON_INTERFACE/U_CMD6_RD/shift_reg_in_reg[8]
  -------------------------------------------------------------------
                         required time                         -3.527    
                         arrival time                           3.577    
  -------------------------------------------------------------------
                         slack                                  0.050    

Slack (MET) :             0.050ns  (arrival time - required time)
  Source:                 dbg_hub/inst/BSCANID.u_xsdbm_id/SWITCH_N_EXT_BSCAN.bscan_switch/bscanid_reg[6]/C
                            (rising edge-triggered cell FDRE clocked by dbg_hub/inst/BSCANID.u_xsdbm_id/SWITCH_N_EXT_BSCAN.bscan_inst/SERIES7_BSCAN.bscan_inst/TCK  {rise@0.000ns fall@16.500ns period=33.000ns})
  Destination:            dbg_hub/inst/BSCANID.u_xsdbm_id/SWITCH_N_EXT_BSCAN.bscan_switch/bscanid_reg[5]/D
                            (rising edge-triggered cell FDRE clocked by dbg_hub/inst/BSCANID.u_xsdbm_id/SWITCH_N_EXT_BSCAN.bscan_inst/SERIES7_BSCAN.bscan_inst/TCK  {rise@0.000ns fall@16.500ns period=33.000ns})
  Path Group:             dbg_hub/inst/BSCANID.u_xsdbm_id/SWITCH_N_EXT_BSCAN.bscan_inst/SERIES7_BSCAN.bscan_inst/TCK
  Path Type:              Hold (Min at Fast Process Corner)
  Requirement:            0.000ns  (dbg_hub/inst/BSCANID.u_xsdbm_id/SWITCH_N_EXT_BSCAN.bscan_inst/SERIES7_BSCAN.bscan_inst/TCK rise@0.000ns - dbg_hub/inst/BSCANID.u_xsdbm_id/SWITCH_N_EXT_BSCAN.bscan_inst/SERIES7_BSCAN.bscan_inst/TCK rise@0.000ns)
  Data Path Delay:        0.110ns  (logic 0.064ns (58.182%)  route 0.046ns (41.818%))
  Logic Levels:           1  (LUT2=1)
  Clock Path Skew:        0.004ns (DCD - SCD - CPR)
    Destination Clock Delay (DCD):    4.519ns
    Source Clock Delay      (SCD):    3.500ns
    Clock Pessimism Removal (CPR):    1.015ns
  Clock Net Delay (Source):      0.990ns (routing 0.447ns, distribution 0.543ns)
  Clock Net Delay (Destination): 1.165ns (routing 0.495ns, distribution 0.670ns)

    Location             Delay type                Incr(ns)  Path(ns)    Netlist Resource(s)
  -------------------------------------------------------------------    -------------------
                         (clock dbg_hub/inst/BSCANID.u_xsdbm_id/SWITCH_N_EXT_BSCAN.bscan_inst/SERIES7_BSCAN.bscan_inst/TCK rise edge)
                                                      0.000     0.000 r  
    CONFIG_SITE_X0Y0     BSCANE2                      0.000     0.000 r  dbg_hub/inst/BSCANID.u_xsdbm_id/SWITCH_N_EXT_BSCAN.bscan_inst/SERIES7_BSCAN.bscan_inst/TCK
                         net (fo=1, routed)           2.483     2.483    dbg_hub/inst/BSCANID.u_xsdbm_id/tck_bs
    BUFGCE_X1Y119        BUFGCE (Prop_BUFCE_BUFGCE_I_O)
                                                      0.027     2.510 r  dbg_hub/inst/BSCANID.u_xsdbm_id/SWITCH_N_EXT_BSCAN.u_bufg_icon_tck/O
    X2Y3 (CLOCK_ROOT)    net (fo=478, routed)         0.990     3.500    dbg_hub/inst/BSCANID.u_xsdbm_id/SWITCH_N_EXT_BSCAN.bscan_switch/s_bscan_tck
    SLICE_X74Y206        FDRE                                         r  dbg_hub/inst/BSCANID.u_xsdbm_id/SWITCH_N_EXT_BSCAN.bscan_switch/bscanid_reg[6]/C
  -------------------------------------------------------------------    -------------------
    SLICE_X74Y206        FDRE (Prop_EFF_SLICEL_C_Q)
                                                      0.049     3.549 r  dbg_hub/inst/BSCANID.u_xsdbm_id/SWITCH_N_EXT_BSCAN.bscan_switch/bscanid_reg[6]/Q
                         net (fo=1, routed)           0.034     3.583    dbg_hub/inst/BSCANID.u_xsdbm_id/SWITCH_N_EXT_BSCAN.bscan_switch/bscanid__0[6]
    SLICE_X74Y206        LUT2 (Prop_F6LUT_SLICEL_I1_O)
                                                      0.015     3.598 r  dbg_hub/inst/BSCANID.u_xsdbm_id/SWITCH_N_EXT_BSCAN.bscan_switch/bscanid[5]_i_1/O
                         net (fo=1, routed)           0.012     3.610    dbg_hub/inst/BSCANID.u_xsdbm_id/SWITCH_N_EXT_BSCAN.bscan_switch/bscanid[5]_i_1_n_0
    SLICE_X74Y206        FDRE                                         r  dbg_hub/inst/BSCANID.u_xsdbm_id/SWITCH_N_EXT_BSCAN.bscan_switch/bscanid_reg[5]/D
  -------------------------------------------------------------------    -------------------

                         (clock dbg_hub/inst/BSCANID.u_xsdbm_id/SWITCH_N_EXT_BSCAN.bscan_inst/SERIES7_BSCAN.bscan_inst/TCK rise edge)
                                                      0.000     0.000 r  
    CONFIG_SITE_X0Y0     BSCANE2                      0.000     0.000 r  dbg_hub/inst/BSCANID.u_xsdbm_id/SWITCH_N_EXT_BSCAN.bscan_inst/SERIES7_BSCAN.bscan_inst/TCK
                         net (fo=1, routed)           3.323     3.323    dbg_hub/inst/BSCANID.u_xsdbm_id/tck_bs
    BUFGCE_X1Y119        BUFGCE (Prop_BUFCE_BUFGCE_I_O)
                                                      0.031     3.354 r  dbg_hub/inst/BSCANID.u_xsdbm_id/SWITCH_N_EXT_BSCAN.u_bufg_icon_tck/O
    X2Y3 (CLOCK_ROOT)    net (fo=478, routed)         1.165     4.519    dbg_hub/inst/BSCANID.u_xsdbm_id/SWITCH_N_EXT_BSCAN.bscan_switch/s_bscan_tck
    SLICE_X74Y206        FDRE                                         r  dbg_hub/inst/BSCANID.u_xsdbm_id/SWITCH_N_EXT_BSCAN.bscan_switch/bscanid_reg[5]/C
                         clock pessimism             -1.015     3.504    
    SLICE_X74Y206        FDRE (Hold_FFF_SLICEL_C_D)
                                                      0.056     3.560    dbg_hub/inst/BSCANID.u_xsdbm_id/SWITCH_N_EXT_BSCAN.bscan_switch/bscanid_reg[5]
  -------------------------------------------------------------------
                         required time                         -3.560    
                         arrival time                           3.610    
  -------------------------------------------------------------------
                         slack                                  0.050    

Slack (MET) :             0.050ns  (arrival time - required time)
  Source:                 dbg_hub/inst/BSCANID.u_xsdbm_id/SWITCH_N_EXT_BSCAN.bscan_switch/shiftreg_reg[19]/C
                            (rising edge-triggered cell FDRE clocked by dbg_hub/inst/BSCANID.u_xsdbm_id/SWITCH_N_EXT_BSCAN.bscan_inst/SERIES7_BSCAN.bscan_inst/TCK  {rise@0.000ns fall@16.500ns period=33.000ns})
  Destination:            dbg_hub/inst/BSCANID.u_xsdbm_id/SWITCH_N_EXT_BSCAN.bscan_switch/shiftreg_reg[19]/D
                            (rising edge-triggered cell FDRE clocked by dbg_hub/inst/BSCANID.u_xsdbm_id/SWITCH_N_EXT_BSCAN.bscan_inst/SERIES7_BSCAN.bscan_inst/TCK  {rise@0.000ns fall@16.500ns period=33.000ns})
  Path Group:             dbg_hub/inst/BSCANID.u_xsdbm_id/SWITCH_N_EXT_BSCAN.bscan_inst/SERIES7_BSCAN.bscan_inst/TCK
  Path Type:              Hold (Min at Fast Process Corner)
  Requirement:            0.000ns  (dbg_hub/inst/BSCANID.u_xsdbm_id/SWITCH_N_EXT_BSCAN.bscan_inst/SERIES7_BSCAN.bscan_inst/TCK rise@0.000ns - dbg_hub/inst/BSCANID.u_xsdbm_id/SWITCH_N_EXT_BSCAN.bscan_inst/SERIES7_BSCAN.bscan_inst/TCK rise@0.000ns)
  Data Path Delay:        0.111ns  (logic 0.064ns (57.658%)  route 0.047ns (42.342%))
  Logic Levels:           1  (LUT5=1)
  Clock Path Skew:        0.005ns (DCD - SCD - CPR)
    Destination Clock Delay (DCD):    4.523ns
    Source Clock Delay      (SCD):    3.509ns
    Clock Pessimism Removal (CPR):    1.009ns
  Clock Net Delay (Source):      0.999ns (routing 0.447ns, distribution 0.552ns)
  Clock Net Delay (Destination): 1.169ns (routing 0.495ns, distribution 0.674ns)

    Location             Delay type                Incr(ns)  Path(ns)    Netlist Resource(s)
  -------------------------------------------------------------------    -------------------
                         (clock dbg_hub/inst/BSCANID.u_xsdbm_id/SWITCH_N_EXT_BSCAN.bscan_inst/SERIES7_BSCAN.bscan_inst/TCK rise edge)
                                                      0.000     0.000 r  
    CONFIG_SITE_X0Y0     BSCANE2                      0.000     0.000 r  dbg_hub/inst/BSCANID.u_xsdbm_id/SWITCH_N_EXT_BSCAN.bscan_inst/SERIES7_BSCAN.bscan_inst/TCK
                         net (fo=1, routed)           2.483     2.483    dbg_hub/inst/BSCANID.u_xsdbm_id/tck_bs
    BUFGCE_X1Y119        BUFGCE (Prop_BUFCE_BUFGCE_I_O)
                                                      0.027     2.510 r  dbg_hub/inst/BSCANID.u_xsdbm_id/SWITCH_N_EXT_BSCAN.u_bufg_icon_tck/O
    X2Y3 (CLOCK_ROOT)    net (fo=478, routed)         0.999     3.509    dbg_hub/inst/BSCANID.u_xsdbm_id/SWITCH_N_EXT_BSCAN.bscan_switch/s_bscan_tck
    SLICE_X75Y201        FDRE                                         r  dbg_hub/inst/BSCANID.u_xsdbm_id/SWITCH_N_EXT_BSCAN.bscan_switch/shiftreg_reg[19]/C
  -------------------------------------------------------------------    -------------------
    SLICE_X75Y201        FDRE (Prop_AFF_SLICEL_C_Q)
                                                      0.049     3.558 r  dbg_hub/inst/BSCANID.u_xsdbm_id/SWITCH_N_EXT_BSCAN.bscan_switch/shiftreg_reg[19]/Q
                         net (fo=3, routed)           0.035     3.593    dbg_hub/inst/BSCANID.u_xsdbm_id/SWITCH_N_EXT_BSCAN.bscan_switch/shiftreg[19]
    SLICE_X75Y201        LUT5 (Prop_A6LUT_SLICEL_I4_O)
                                                      0.015     3.608 r  dbg_hub/inst/BSCANID.u_xsdbm_id/SWITCH_N_EXT_BSCAN.bscan_switch/shiftreg[19]_i_1/O
                         net (fo=1, routed)           0.012     3.620    dbg_hub/inst/BSCANID.u_xsdbm_id/SWITCH_N_EXT_BSCAN.bscan_switch/shiftreg[19]_i_1_n_0
    SLICE_X75Y201        FDRE                                         r  dbg_hub/inst/BSCANID.u_xsdbm_id/SWITCH_N_EXT_BSCAN.bscan_switch/shiftreg_reg[19]/D
  -------------------------------------------------------------------    -------------------

                         (clock dbg_hub/inst/BSCANID.u_xsdbm_id/SWITCH_N_EXT_BSCAN.bscan_inst/SERIES7_BSCAN.bscan_inst/TCK rise edge)
                                                      0.000     0.000 r  
    CONFIG_SITE_X0Y0     BSCANE2                      0.000     0.000 r  dbg_hub/inst/BSCANID.u_xsdbm_id/SWITCH_N_EXT_BSCAN.bscan_inst/SERIES7_BSCAN.bscan_inst/TCK
                         net (fo=1, routed)           3.323     3.323    dbg_hub/inst/BSCANID.u_xsdbm_id/tck_bs
    BUFGCE_X1Y119        BUFGCE (Prop_BUFCE_BUFGCE_I_O)
                                                      0.031     3.354 r  dbg_hub/inst/BSCANID.u_xsdbm_id/SWITCH_N_EXT_BSCAN.u_bufg_icon_tck/O
    X2Y3 (CLOCK_ROOT)    net (fo=478, routed)         1.169     4.523    dbg_hub/inst/BSCANID.u_xsdbm_id/SWITCH_N_EXT_BSCAN.bscan_switch/s_bscan_tck
    SLICE_X75Y201        FDRE                                         r  dbg_hub/inst/BSCANID.u_xsdbm_id/SWITCH_N_EXT_BSCAN.bscan_switch/shiftreg_reg[19]/C
                         clock pessimism             -1.009     3.514    
    SLICE_X75Y201        FDRE (Hold_AFF_SLICEL_C_D)
                                                      0.056     3.570    dbg_hub/inst/BSCANID.u_xsdbm_id/SWITCH_N_EXT_BSCAN.bscan_switch/shiftreg_reg[19]
  -------------------------------------------------------------------
                         required time                         -3.570    
                         arrival time                           3.620    
  -------------------------------------------------------------------
                         slack                                  0.050    





Pulse Width Checks
--------------------------------------------------------------------------------------
Clock Name:         dbg_hub/inst/BSCANID.u_xsdbm_id/SWITCH_N_EXT_BSCAN.bscan_inst/SERIES7_BSCAN.bscan_inst/TCK
Waveform(ns):       { 0.000 16.500 }
Period(ns):         33.000
Sources:            { dbg_hub/inst/BSCANID.u_xsdbm_id/SWITCH_N_EXT_BSCAN.bscan_inst/SERIES7_BSCAN.bscan_inst/TCK }

Check Type        Corner  Lib Pin     Reference Pin  Required(ns)  Actual(ns)  Slack(ns)  Location       Pin
Min Period        n/a     BUFGCE/I    n/a            1.379         33.000      31.621     BUFGCE_X1Y119  dbg_hub/inst/BSCANID.u_xsdbm_id/SWITCH_N_EXT_BSCAN.u_bufg_icon_tck/I
Min Period        n/a     RAMD32/CLK  n/a            1.336         33.000      31.664     SLICE_X67Y191  dbg_hub/inst/BSCANID.u_xsdbm_id/CORE_XSDB.UUT_MASTER/U_ICON_INTERFACE/U_CMD6_WR/U_WR_FIFO/SUBCORE_FIFO.xsdbm_v3_0_0_wrfifo_inst/inst_fifo_gen/gconvfifo.rf/grf.rf/gntv_or_sync_fifo.mem/gdm.dm_gen.dm/RAM_reg_0_15_0_13/RAMA/CLK
Min Period        n/a     RAMD32/CLK  n/a            1.336         33.000      31.664     SLICE_X67Y191  dbg_hub/inst/BSCANID.u_xsdbm_id/CORE_XSDB.UUT_MASTER/U_ICON_INTERFACE/U_CMD6_WR/U_WR_FIFO/SUBCORE_FIFO.xsdbm_v3_0_0_wrfifo_inst/inst_fifo_gen/gconvfifo.rf/grf.rf/gntv_or_sync_fifo.mem/gdm.dm_gen.dm/RAM_reg_0_15_0_13/RAMA_D1/CLK
Min Period        n/a     RAMD32/CLK  n/a            1.336         33.000      31.664     SLICE_X67Y191  dbg_hub/inst/BSCANID.u_xsdbm_id/CORE_XSDB.UUT_MASTER/U_ICON_INTERFACE/U_CMD6_WR/U_WR_FIFO/SUBCORE_FIFO.xsdbm_v3_0_0_wrfifo_inst/inst_fifo_gen/gconvfifo.rf/grf.rf/gntv_or_sync_fifo.mem/gdm.dm_gen.dm/RAM_reg_0_15_0_13/RAMB/CLK
Min Period        n/a     RAMD32/CLK  n/a            1.336         33.000      31.664     SLICE_X67Y191  dbg_hub/inst/BSCANID.u_xsdbm_id/CORE_XSDB.UUT_MASTER/U_ICON_INTERFACE/U_CMD6_WR/U_WR_FIFO/SUBCORE_FIFO.xsdbm_v3_0_0_wrfifo_inst/inst_fifo_gen/gconvfifo.rf/grf.rf/gntv_or_sync_fifo.mem/gdm.dm_gen.dm/RAM_reg_0_15_0_13/RAMB_D1/CLK
Min Period        n/a     RAMD32/CLK  n/a            1.336         33.000      31.664     SLICE_X67Y191  dbg_hub/inst/BSCANID.u_xsdbm_id/CORE_XSDB.UUT_MASTER/U_ICON_INTERFACE/U_CMD6_WR/U_WR_FIFO/SUBCORE_FIFO.xsdbm_v3_0_0_wrfifo_inst/inst_fifo_gen/gconvfifo.rf/grf.rf/gntv_or_sync_fifo.mem/gdm.dm_gen.dm/RAM_reg_0_15_0_13/RAMC/CLK
Min Period        n/a     RAMD32/CLK  n/a            1.336         33.000      31.664     SLICE_X67Y191  dbg_hub/inst/BSCANID.u_xsdbm_id/CORE_XSDB.UUT_MASTER/U_ICON_INTERFACE/U_CMD6_WR/U_WR_FIFO/SUBCORE_FIFO.xsdbm_v3_0_0_wrfifo_inst/inst_fifo_gen/gconvfifo.rf/grf.rf/gntv_or_sync_fifo.mem/gdm.dm_gen.dm/RAM_reg_0_15_0_13/RAMC_D1/CLK
Min Period        n/a     RAMD32/CLK  n/a            1.336         33.000      31.664     SLICE_X67Y191  dbg_hub/inst/BSCANID.u_xsdbm_id/CORE_XSDB.UUT_MASTER/U_ICON_INTERFACE/U_CMD6_WR/U_WR_FIFO/SUBCORE_FIFO.xsdbm_v3_0_0_wrfifo_inst/inst_fifo_gen/gconvfifo.rf/grf.rf/gntv_or_sync_fifo.mem/gdm.dm_gen.dm/RAM_reg_0_15_0_13/RAMD/CLK
Min Period        n/a     RAMD32/CLK  n/a            1.336         33.000      31.664     SLICE_X67Y191  dbg_hub/inst/BSCANID.u_xsdbm_id/CORE_XSDB.UUT_MASTER/U_ICON_INTERFACE/U_CMD6_WR/U_WR_FIFO/SUBCORE_FIFO.xsdbm_v3_0_0_wrfifo_inst/inst_fifo_gen/gconvfifo.rf/grf.rf/gntv_or_sync_fifo.mem/gdm.dm_gen.dm/RAM_reg_0_15_0_13/RAMD_D1/CLK
Min Period        n/a     RAMD32/CLK  n/a            1.336         33.000      31.664     SLICE_X67Y191  dbg_hub/inst/BSCANID.u_xsdbm_id/CORE_XSDB.UUT_MASTER/U_ICON_INTERFACE/U_CMD6_WR/U_WR_FIFO/SUBCORE_FIFO.xsdbm_v3_0_0_wrfifo_inst/inst_fifo_gen/gconvfifo.rf/grf.rf/gntv_or_sync_fifo.mem/gdm.dm_gen.dm/RAM_reg_0_15_0_13/RAME/CLK
Low Pulse Width   Slow    RAMD32/CLK  n/a            0.668         16.500      15.832     SLICE_X67Y191  dbg_hub/inst/BSCANID.u_xsdbm_id/CORE_XSDB.UUT_MASTER/U_ICON_INTERFACE/U_CMD6_WR/U_WR_FIFO/SUBCORE_FIFO.xsdbm_v3_0_0_wrfifo_inst/inst_fifo_gen/gconvfifo.rf/grf.rf/gntv_or_sync_fifo.mem/gdm.dm_gen.dm/RAM_reg_0_15_0_13/RAMA/CLK
Low Pulse Width   Fast    RAMD32/CLK  n/a            0.668         16.500      15.832     SLICE_X67Y191  dbg_hub/inst/BSCANID.u_xsdbm_id/CORE_XSDB.UUT_MASTER/U_ICON_INTERFACE/U_CMD6_WR/U_WR_FIFO/SUBCORE_FIFO.xsdbm_v3_0_0_wrfifo_inst/inst_fifo_gen/gconvfifo.rf/grf.rf/gntv_or_sync_fifo.mem/gdm.dm_gen.dm/RAM_reg_0_15_0_13/RAMA/CLK
Low Pulse Width   Slow    RAMD32/CLK  n/a            0.668         16.500      15.832     SLICE_X67Y191  dbg_hub/inst/BSCANID.u_xsdbm_id/CORE_XSDB.UUT_MASTER/U_ICON_INTERFACE/U_CMD6_WR/U_WR_FIFO/SUBCORE_FIFO.xsdbm_v3_0_0_wrfifo_inst/inst_fifo_gen/gconvfifo.rf/grf.rf/gntv_or_sync_fifo.mem/gdm.dm_gen.dm/RAM_reg_0_15_0_13/RAMA_D1/CLK
Low Pulse Width   Fast    RAMD32/CLK  n/a            0.668         16.500      15.832     SLICE_X67Y191  dbg_hub/inst/BSCANID.u_xsdbm_id/CORE_XSDB.UUT_MASTER/U_ICON_INTERFACE/U_CMD6_WR/U_WR_FIFO/SUBCORE_FIFO.xsdbm_v3_0_0_wrfifo_inst/inst_fifo_gen/gconvfifo.rf/grf.rf/gntv_or_sync_fifo.mem/gdm.dm_gen.dm/RAM_reg_0_15_0_13/RAMA_D1/CLK
Low Pulse Width   Slow    RAMD32/CLK  n/a            0.668         16.500      15.832     SLICE_X67Y191  dbg_hub/inst/BSCANID.u_xsdbm_id/CORE_XSDB.UUT_MASTER/U_ICON_INTERFACE/U_CMD6_WR/U_WR_FIFO/SUBCORE_FIFO.xsdbm_v3_0_0_wrfifo_inst/inst_fifo_gen/gconvfifo.rf/grf.rf/gntv_or_sync_fifo.mem/gdm.dm_gen.dm/RAM_reg_0_15_0_13/RAMB/CLK
Low Pulse Width   Fast    RAMD32/CLK  n/a            0.668         16.500      15.832     SLICE_X67Y191  dbg_hub/inst/BSCANID.u_xsdbm_id/CORE_XSDB.UUT_MASTER/U_ICON_INTERFACE/U_CMD6_WR/U_WR_FIFO/SUBCORE_FIFO.xsdbm_v3_0_0_wrfifo_inst/inst_fifo_gen/gconvfifo.rf/grf.rf/gntv_or_sync_fifo.mem/gdm.dm_gen.dm/RAM_reg_0_15_0_13/RAMB/CLK
Low Pulse Width   Slow    RAMD32/CLK  n/a            0.668         16.500      15.832     SLICE_X67Y191  dbg_hub/inst/BSCANID.u_xsdbm_id/CORE_XSDB.UUT_MASTER/U_ICON_INTERFACE/U_CMD6_WR/U_WR_FIFO/SUBCORE_FIFO.xsdbm_v3_0_0_wrfifo_inst/inst_fifo_gen/gconvfifo.rf/grf.rf/gntv_or_sync_fifo.mem/gdm.dm_gen.dm/RAM_reg_0_15_0_13/RAMB_D1/CLK
Low Pulse Width   Fast    RAMD32/CLK  n/a            0.668         16.500      15.832     SLICE_X67Y191  dbg_hub/inst/BSCANID.u_xsdbm_id/CORE_XSDB.UUT_MASTER/U_ICON_INTERFACE/U_CMD6_WR/U_WR_FIFO/SUBCORE_FIFO.xsdbm_v3_0_0_wrfifo_inst/inst_fifo_gen/gconvfifo.rf/grf.rf/gntv_or_sync_fifo.mem/gdm.dm_gen.dm/RAM_reg_0_15_0_13/RAMB_D1/CLK
Low Pulse Width   Slow    RAMD32/CLK  n/a            0.668         16.500      15.832     SLICE_X67Y191  dbg_hub/inst/BSCANID.u_xsdbm_id/CORE_XSDB.UUT_MASTER/U_ICON_INTERFACE/U_CMD6_WR/U_WR_FIFO/SUBCORE_FIFO.xsdbm_v3_0_0_wrfifo_inst/inst_fifo_gen/gconvfifo.rf/grf.rf/gntv_or_sync_fifo.mem/gdm.dm_gen.dm/RAM_reg_0_15_0_13/RAMC/CLK
Low Pulse Width   Fast    RAMD32/CLK  n/a            0.668         16.500      15.832     SLICE_X67Y191  dbg_hub/inst/BSCANID.u_xsdbm_id/CORE_XSDB.UUT_MASTER/U_ICON_INTERFACE/U_CMD6_WR/U_WR_FIFO/SUBCORE_FIFO.xsdbm_v3_0_0_wrfifo_inst/inst_fifo_gen/gconvfifo.rf/grf.rf/gntv_or_sync_fifo.mem/gdm.dm_gen.dm/RAM_reg_0_15_0_13/RAMC/CLK
High Pulse Width  Slow    RAMD32/CLK  n/a            0.668         16.500      15.832     SLICE_X67Y191  dbg_hub/inst/BSCANID.u_xsdbm_id/CORE_XSDB.UUT_MASTER/U_ICON_INTERFACE/U_CMD6_WR/U_WR_FIFO/SUBCORE_FIFO.xsdbm_v3_0_0_wrfifo_inst/inst_fifo_gen/gconvfifo.rf/grf.rf/gntv_or_sync_fifo.mem/gdm.dm_gen.dm/RAM_reg_0_15_0_13/RAMA/CLK
High Pulse Width  Fast    RAMD32/CLK  n/a            0.668         16.500      15.832     SLICE_X67Y191  dbg_hub/inst/BSCANID.u_xsdbm_id/CORE_XSDB.UUT_MASTER/U_ICON_INTERFACE/U_CMD6_WR/U_WR_FIFO/SUBCORE_FIFO.xsdbm_v3_0_0_wrfifo_inst/inst_fifo_gen/gconvfifo.rf/grf.rf/gntv_or_sync_fifo.mem/gdm.dm_gen.dm/RAM_reg_0_15_0_13/RAMA/CLK
High Pulse Width  Slow    RAMD32/CLK  n/a            0.668         16.500      15.832     SLICE_X67Y191  dbg_hub/inst/BSCANID.u_xsdbm_id/CORE_XSDB.UUT_MASTER/U_ICON_INTERFACE/U_CMD6_WR/U_WR_FIFO/SUBCORE_FIFO.xsdbm_v3_0_0_wrfifo_inst/inst_fifo_gen/gconvfifo.rf/grf.rf/gntv_or_sync_fifo.mem/gdm.dm_gen.dm/RAM_reg_0_15_0_13/RAMA_D1/CLK
High Pulse Width  Fast    RAMD32/CLK  n/a            0.668         16.500      15.832     SLICE_X67Y191  dbg_hub/inst/BSCANID.u_xsdbm_id/CORE_XSDB.UUT_MASTER/U_ICON_INTERFACE/U_CMD6_WR/U_WR_FIFO/SUBCORE_FIFO.xsdbm_v3_0_0_wrfifo_inst/inst_fifo_gen/gconvfifo.rf/grf.rf/gntv_or_sync_fifo.mem/gdm.dm_gen.dm/RAM_reg_0_15_0_13/RAMA_D1/CLK
High Pulse Width  Slow    RAMD32/CLK  n/a            0.668         16.500      15.832     SLICE_X67Y191  dbg_hub/inst/BSCANID.u_xsdbm_id/CORE_XSDB.UUT_MASTER/U_ICON_INTERFACE/U_CMD6_WR/U_WR_FIFO/SUBCORE_FIFO.xsdbm_v3_0_0_wrfifo_inst/inst_fifo_gen/gconvfifo.rf/grf.rf/gntv_or_sync_fifo.mem/gdm.dm_gen.dm/RAM_reg_0_15_0_13/RAMB/CLK
High Pulse Width  Fast    RAMD32/CLK  n/a            0.668         16.500      15.832     SLICE_X67Y191  dbg_hub/inst/BSCANID.u_xsdbm_id/CORE_XSDB.UUT_MASTER/U_ICON_INTERFACE/U_CMD6_WR/U_WR_FIFO/SUBCORE_FIFO.xsdbm_v3_0_0_wrfifo_inst/inst_fifo_gen/gconvfifo.rf/grf.rf/gntv_or_sync_fifo.mem/gdm.dm_gen.dm/RAM_reg_0_15_0_13/RAMB/CLK
High Pulse Width  Slow    RAMD32/CLK  n/a            0.668         16.500      15.832     SLICE_X67Y191  dbg_hub/inst/BSCANID.u_xsdbm_id/CORE_XSDB.UUT_MASTER/U_ICON_INTERFACE/U_CMD6_WR/U_WR_FIFO/SUBCORE_FIFO.xsdbm_v3_0_0_wrfifo_inst/inst_fifo_gen/gconvfifo.rf/grf.rf/gntv_or_sync_fifo.mem/gdm.dm_gen.dm/RAM_reg_0_15_0_13/RAMB_D1/CLK
High Pulse Width  Fast    RAMD32/CLK  n/a            0.668         16.500      15.832     SLICE_X67Y191  dbg_hub/inst/BSCANID.u_xsdbm_id/CORE_XSDB.UUT_MASTER/U_ICON_INTERFACE/U_CMD6_WR/U_WR_FIFO/SUBCORE_FIFO.xsdbm_v3_0_0_wrfifo_inst/inst_fifo_gen/gconvfifo.rf/grf.rf/gntv_or_sync_fifo.mem/gdm.dm_gen.dm/RAM_reg_0_15_0_13/RAMB_D1/CLK
High Pulse Width  Slow    RAMD32/CLK  n/a            0.668         16.500      15.832     SLICE_X67Y191  dbg_hub/inst/BSCANID.u_xsdbm_id/CORE_XSDB.UUT_MASTER/U_ICON_INTERFACE/U_CMD6_WR/U_WR_FIFO/SUBCORE_FIFO.xsdbm_v3_0_0_wrfifo_inst/inst_fifo_gen/gconvfifo.rf/grf.rf/gntv_or_sync_fifo.mem/gdm.dm_gen.dm/RAM_reg_0_15_0_13/RAMC/CLK
High Pulse Width  Fast    RAMD32/CLK  n/a            0.668         16.500      15.832     SLICE_X67Y191  dbg_hub/inst/BSCANID.u_xsdbm_id/CORE_XSDB.UUT_MASTER/U_ICON_INTERFACE/U_CMD6_WR/U_WR_FIFO/SUBCORE_FIFO.xsdbm_v3_0_0_wrfifo_inst/inst_fifo_gen/gconvfifo.rf/grf.rf/gntv_or_sync_fifo.mem/gdm.dm_gen.dm/RAM_reg_0_15_0_13/RAMC/CLK



---------------------------------------------------------------------------------------------------
From Clock:  sys_clk
  To Clock:  sys_clk

Setup :           NA  Failing Endpoints,  Worst Slack           NA  ,  Total Violation           NA
Hold  :           NA  Failing Endpoints,  Worst Slack           NA  ,  Total Violation           NA
PW    :            0  Failing Endpoints,  Worst Slack        1.954ns,  Total Violation        0.000ns
---------------------------------------------------------------------------------------------------


Pulse Width Checks
--------------------------------------------------------------------------------------
Clock Name:         sys_clk
Waveform(ns):       { 0.000 1.666 }
Period(ns):         3.333
Sources:            { sys_clk_p }

Check Type  Corner  Lib Pin   Reference Pin  Required(ns)  Actual(ns)  Slack(ns)  Location      Pin
Min Period  n/a     BUFGCE/I  n/a            1.379         3.333       1.954      BUFGCE_X1Y24  sys_clk_BUFGCE_inst/I



---------------------------------------------------------------------------------------------------
From Clock:  dbg_hub/inst/BSCANID.u_xsdbm_id/SWITCH_N_EXT_BSCAN.bscan_inst/SERIES7_BSCAN.bscan_inst/TCK
  To Clock:  clk_out1_clk_wiz_0

Setup :            0  Failing Endpoints,  Worst Slack       32.167ns,  Total Violation        0.000ns
Hold  :           NA  Failing Endpoints,  Worst Slack           NA  ,  Total Violation           NA
---------------------------------------------------------------------------------------------------


Max Delay Paths
--------------------------------------------------------------------------------------
Slack (MET) :             32.167ns  (required time - arrival time)
  Source:                 dbg_hub/inst/BSCANID.u_xsdbm_id/CORE_XSDB.UUT_MASTER/U_ICON_INTERFACE/U_CMD6_RD/U_RD_FIFO/SUBCORE_FIFO.xsdbm_v3_0_0_rdfifo_inst/inst_fifo_gen/gconvfifo.rf/grf.rf/gntv_or_sync_fifo.gcx.clkx/gnxpm_cdc.rd_pntr_gc_reg[1]/C
                            (rising edge-triggered cell FDCE clocked by dbg_hub/inst/BSCANID.u_xsdbm_id/SWITCH_N_EXT_BSCAN.bscan_inst/SERIES7_BSCAN.bscan_inst/TCK  {rise@0.000ns fall@16.500ns period=33.000ns})
  Destination:            dbg_hub/inst/BSCANID.u_xsdbm_id/CORE_XSDB.UUT_MASTER/U_ICON_INTERFACE/U_CMD6_RD/U_RD_FIFO/SUBCORE_FIFO.xsdbm_v3_0_0_rdfifo_inst/inst_fifo_gen/gconvfifo.rf/grf.rf/gntv_or_sync_fifo.gcx.clkx/gnxpm_cdc.gsync_stage[1].wr_stg_inst/Q_reg_reg[1]/D
                            (rising edge-triggered cell FDCE clocked by clk_out1_clk_wiz_0  {rise@0.000ns fall@1.600ns period=3.200ns})
  Path Group:             clk_out1_clk_wiz_0
  Path Type:              Setup (Max at Slow Process Corner)
  Requirement:            33.000ns  (MaxDelay Path 33.000ns)
  Data Path Delay:        0.895ns  (logic 0.117ns (13.073%)  route 0.778ns (86.927%))
  Logic Levels:           0  
  Timing Exception:       MaxDelay Path 33.000ns -datapath_only

    Location             Delay type                Incr(ns)  Path(ns)    Netlist Resource(s)
  -------------------------------------------------------------------    -------------------
    SLICE_X67Y196                                     0.000     0.000 r  dbg_hub/inst/BSCANID.u_xsdbm_id/CORE_XSDB.UUT_MASTER/U_ICON_INTERFACE/U_CMD6_RD/U_RD_FIFO/SUBCORE_FIFO.xsdbm_v3_0_0_rdfifo_inst/inst_fifo_gen/gconvfifo.rf/grf.rf/gntv_or_sync_fifo.gcx.clkx/gnxpm_cdc.rd_pntr_gc_reg[1]/C
    SLICE_X67Y196        FDCE (Prop_HFF2_SLICEM_C_Q)
                                                      0.117     0.117 r  dbg_hub/inst/BSCANID.u_xsdbm_id/CORE_XSDB.UUT_MASTER/U_ICON_INTERFACE/U_CMD6_RD/U_RD_FIFO/SUBCORE_FIFO.xsdbm_v3_0_0_rdfifo_inst/inst_fifo_gen/gconvfifo.rf/grf.rf/gntv_or_sync_fifo.gcx.clkx/gnxpm_cdc.rd_pntr_gc_reg[1]/Q
                         net (fo=1, routed)           0.778     0.895    dbg_hub/inst/BSCANID.u_xsdbm_id/CORE_XSDB.UUT_MASTER/U_ICON_INTERFACE/U_CMD6_RD/U_RD_FIFO/SUBCORE_FIFO.xsdbm_v3_0_0_rdfifo_inst/inst_fifo_gen/gconvfifo.rf/grf.rf/gntv_or_sync_fifo.gcx.clkx/gnxpm_cdc.gsync_stage[1].wr_stg_inst/Q[1]
    SLICE_X67Y196        FDCE                                         r  dbg_hub/inst/BSCANID.u_xsdbm_id/CORE_XSDB.UUT_MASTER/U_ICON_INTERFACE/U_CMD6_RD/U_RD_FIFO/SUBCORE_FIFO.xsdbm_v3_0_0_rdfifo_inst/inst_fifo_gen/gconvfifo.rf/grf.rf/gntv_or_sync_fifo.gcx.clkx/gnxpm_cdc.gsync_stage[1].wr_stg_inst/Q_reg_reg[1]/D
  -------------------------------------------------------------------    -------------------

                         max delay                   33.000    33.000    
    SLICE_X67Y196        FDCE (Setup_CFF2_SLICEM_C_D)
                                                      0.062    33.062    dbg_hub/inst/BSCANID.u_xsdbm_id/CORE_XSDB.UUT_MASTER/U_ICON_INTERFACE/U_CMD6_RD/U_RD_FIFO/SUBCORE_FIFO.xsdbm_v3_0_0_rdfifo_inst/inst_fifo_gen/gconvfifo.rf/grf.rf/gntv_or_sync_fifo.gcx.clkx/gnxpm_cdc.gsync_stage[1].wr_stg_inst/Q_reg_reg[1]
  -------------------------------------------------------------------
                         required time                         33.062    
                         arrival time                          -0.895    
  -------------------------------------------------------------------
                         slack                                 32.167    

Slack (MET) :             32.263ns  (required time - arrival time)
  Source:                 dbg_hub/inst/BSCANID.u_xsdbm_id/CORE_XSDB.UUT_MASTER/U_ICON_INTERFACE/U_CMD6_WR/U_WR_FIFO/SUBCORE_FIFO.xsdbm_v3_0_0_wrfifo_inst/inst_fifo_gen/gconvfifo.rf/grf.rf/gntv_or_sync_fifo.gcx.clkx/gnxpm_cdc.wr_pntr_gc_reg[0]/C
                            (rising edge-triggered cell FDCE clocked by dbg_hub/inst/BSCANID.u_xsdbm_id/SWITCH_N_EXT_BSCAN.bscan_inst/SERIES7_BSCAN.bscan_inst/TCK  {rise@0.000ns fall@16.500ns period=33.000ns})
  Destination:            dbg_hub/inst/BSCANID.u_xsdbm_id/CORE_XSDB.UUT_MASTER/U_ICON_INTERFACE/U_CMD6_WR/U_WR_FIFO/SUBCORE_FIFO.xsdbm_v3_0_0_wrfifo_inst/inst_fifo_gen/gconvfifo.rf/grf.rf/gntv_or_sync_fifo.gcx.clkx/gnxpm_cdc.gsync_stage[1].rd_stg_inst/Q_reg_reg[0]/D
                            (rising edge-triggered cell FDCE clocked by clk_out1_clk_wiz_0  {rise@0.000ns fall@1.600ns period=3.200ns})
  Path Group:             clk_out1_clk_wiz_0
  Path Type:              Setup (Max at Slow Process Corner)
  Requirement:            33.000ns  (MaxDelay Path 33.000ns)
  Data Path Delay:        0.797ns  (logic 0.114ns (14.304%)  route 0.683ns (85.696%))
  Logic Levels:           0  
  Timing Exception:       MaxDelay Path 33.000ns -datapath_only

    Location             Delay type                Incr(ns)  Path(ns)    Netlist Resource(s)
  -------------------------------------------------------------------    -------------------
    SLICE_X66Y192                                     0.000     0.000 r  dbg_hub/inst/BSCANID.u_xsdbm_id/CORE_XSDB.UUT_MASTER/U_ICON_INTERFACE/U_CMD6_WR/U_WR_FIFO/SUBCORE_FIFO.xsdbm_v3_0_0_wrfifo_inst/inst_fifo_gen/gconvfifo.rf/grf.rf/gntv_or_sync_fifo.gcx.clkx/gnxpm_cdc.wr_pntr_gc_reg[0]/C
    SLICE_X66Y192        FDCE (Prop_CFF_SLICEL_C_Q)
                                                      0.114     0.114 r  dbg_hub/inst/BSCANID.u_xsdbm_id/CORE_XSDB.UUT_MASTER/U_ICON_INTERFACE/U_CMD6_WR/U_WR_FIFO/SUBCORE_FIFO.xsdbm_v3_0_0_wrfifo_inst/inst_fifo_gen/gconvfifo.rf/grf.rf/gntv_or_sync_fifo.gcx.clkx/gnxpm_cdc.wr_pntr_gc_reg[0]/Q
                         net (fo=1, routed)           0.683     0.797    dbg_hub/inst/BSCANID.u_xsdbm_id/CORE_XSDB.UUT_MASTER/U_ICON_INTERFACE/U_CMD6_WR/U_WR_FIFO/SUBCORE_FIFO.xsdbm_v3_0_0_wrfifo_inst/inst_fifo_gen/gconvfifo.rf/grf.rf/gntv_or_sync_fifo.gcx.clkx/gnxpm_cdc.gsync_stage[1].rd_stg_inst/Q[0]
    SLICE_X66Y192        FDCE                                         r  dbg_hub/inst/BSCANID.u_xsdbm_id/CORE_XSDB.UUT_MASTER/U_ICON_INTERFACE/U_CMD6_WR/U_WR_FIFO/SUBCORE_FIFO.xsdbm_v3_0_0_wrfifo_inst/inst_fifo_gen/gconvfifo.rf/grf.rf/gntv_or_sync_fifo.gcx.clkx/gnxpm_cdc.gsync_stage[1].rd_stg_inst/Q_reg_reg[0]/D
  -------------------------------------------------------------------    -------------------

                         max delay                   33.000    33.000    
    SLICE_X66Y192        FDCE (Setup_HFF2_SLICEL_C_D)
                                                      0.060    33.060    dbg_hub/inst/BSCANID.u_xsdbm_id/CORE_XSDB.UUT_MASTER/U_ICON_INTERFACE/U_CMD6_WR/U_WR_FIFO/SUBCORE_FIFO.xsdbm_v3_0_0_wrfifo_inst/inst_fifo_gen/gconvfifo.rf/grf.rf/gntv_or_sync_fifo.gcx.clkx/gnxpm_cdc.gsync_stage[1].rd_stg_inst/Q_reg_reg[0]
  -------------------------------------------------------------------
                         required time                         33.060    
                         arrival time                          -0.797    
  -------------------------------------------------------------------
                         slack                                 32.263    

Slack (MET) :             32.304ns  (required time - arrival time)
  Source:                 dbg_hub/inst/BSCANID.u_xsdbm_id/CORE_XSDB.UUT_MASTER/U_ICON_INTERFACE/U_CMD6_WR/U_WR_FIFO/SUBCORE_FIFO.xsdbm_v3_0_0_wrfifo_inst/inst_fifo_gen/gconvfifo.rf/grf.rf/gntv_or_sync_fifo.gcx.clkx/gnxpm_cdc.wr_pntr_gc_reg[1]/C
                            (rising edge-triggered cell FDCE clocked by dbg_hub/inst/BSCANID.u_xsdbm_id/SWITCH_N_EXT_BSCAN.bscan_inst/SERIES7_BSCAN.bscan_inst/TCK  {rise@0.000ns fall@16.500ns period=33.000ns})
  Destination:            dbg_hub/inst/BSCANID.u_xsdbm_id/CORE_XSDB.UUT_MASTER/U_ICON_INTERFACE/U_CMD6_WR/U_WR_FIFO/SUBCORE_FIFO.xsdbm_v3_0_0_wrfifo_inst/inst_fifo_gen/gconvfifo.rf/grf.rf/gntv_or_sync_fifo.gcx.clkx/gnxpm_cdc.gsync_stage[1].rd_stg_inst/Q_reg_reg[1]/D
                            (rising edge-triggered cell FDCE clocked by clk_out1_clk_wiz_0  {rise@0.000ns fall@1.600ns period=3.200ns})
  Path Group:             clk_out1_clk_wiz_0
  Path Type:              Setup (Max at Slow Process Corner)
  Requirement:            33.000ns  (MaxDelay Path 33.000ns)
  Data Path Delay:        0.757ns  (logic 0.117ns (15.456%)  route 0.640ns (84.544%))
  Logic Levels:           0  
  Timing Exception:       MaxDelay Path 33.000ns -datapath_only

    Location             Delay type                Incr(ns)  Path(ns)    Netlist Resource(s)
  -------------------------------------------------------------------    -------------------
    SLICE_X66Y192                                     0.000     0.000 r  dbg_hub/inst/BSCANID.u_xsdbm_id/CORE_XSDB.UUT_MASTER/U_ICON_INTERFACE/U_CMD6_WR/U_WR_FIFO/SUBCORE_FIFO.xsdbm_v3_0_0_wrfifo_inst/inst_fifo_gen/gconvfifo.rf/grf.rf/gntv_or_sync_fifo.gcx.clkx/gnxpm_cdc.wr_pntr_gc_reg[1]/C
    SLICE_X66Y192        FDCE (Prop_CFF2_SLICEL_C_Q)
                                                      0.117     0.117 r  dbg_hub/inst/BSCANID.u_xsdbm_id/CORE_XSDB.UUT_MASTER/U_ICON_INTERFACE/U_CMD6_WR/U_WR_FIFO/SUBCORE_FIFO.xsdbm_v3_0_0_wrfifo_inst/inst_fifo_gen/gconvfifo.rf/grf.rf/gntv_or_sync_fifo.gcx.clkx/gnxpm_cdc.wr_pntr_gc_reg[1]/Q
                         net (fo=1, routed)           0.640     0.757    dbg_hub/inst/BSCANID.u_xsdbm_id/CORE_XSDB.UUT_MASTER/U_ICON_INTERFACE/U_CMD6_WR/U_WR_FIFO/SUBCORE_FIFO.xsdbm_v3_0_0_wrfifo_inst/inst_fifo_gen/gconvfifo.rf/grf.rf/gntv_or_sync_fifo.gcx.clkx/gnxpm_cdc.gsync_stage[1].rd_stg_inst/Q[1]
    SLICE_X66Y192        FDCE                                         r  dbg_hub/inst/BSCANID.u_xsdbm_id/CORE_XSDB.UUT_MASTER/U_ICON_INTERFACE/U_CMD6_WR/U_WR_FIFO/SUBCORE_FIFO.xsdbm_v3_0_0_wrfifo_inst/inst_fifo_gen/gconvfifo.rf/grf.rf/gntv_or_sync_fifo.gcx.clkx/gnxpm_cdc.gsync_stage[1].rd_stg_inst/Q_reg_reg[1]/D
  -------------------------------------------------------------------    -------------------

                         max delay                   33.000    33.000    
    SLICE_X66Y192        FDCE (Setup_GFF2_SLICEL_C_D)
                                                      0.061    33.061    dbg_hub/inst/BSCANID.u_xsdbm_id/CORE_XSDB.UUT_MASTER/U_ICON_INTERFACE/U_CMD6_WR/U_WR_FIFO/SUBCORE_FIFO.xsdbm_v3_0_0_wrfifo_inst/inst_fifo_gen/gconvfifo.rf/grf.rf/gntv_or_sync_fifo.gcx.clkx/gnxpm_cdc.gsync_stage[1].rd_stg_inst/Q_reg_reg[1]
  -------------------------------------------------------------------
                         required time                         33.061    
                         arrival time                          -0.757    
  -------------------------------------------------------------------
                         slack                                 32.304    

Slack (MET) :             32.345ns  (required time - arrival time)
  Source:                 dbg_hub/inst/BSCANID.u_xsdbm_id/CORE_XSDB.UUT_MASTER/U_ICON_INTERFACE/U_CMD6_RD/U_RD_FIFO/SUBCORE_FIFO.xsdbm_v3_0_0_rdfifo_inst/inst_fifo_gen/gconvfifo.rf/grf.rf/gntv_or_sync_fifo.gcx.clkx/gnxpm_cdc.rd_pntr_gc_reg[0]/C
                            (rising edge-triggered cell FDCE clocked by dbg_hub/inst/BSCANID.u_xsdbm_id/SWITCH_N_EXT_BSCAN.bscan_inst/SERIES7_BSCAN.bscan_inst/TCK  {rise@0.000ns fall@16.500ns period=33.000ns})
  Destination:            dbg_hub/inst/BSCANID.u_xsdbm_id/CORE_XSDB.UUT_MASTER/U_ICON_INTERFACE/U_CMD6_RD/U_RD_FIFO/SUBCORE_FIFO.xsdbm_v3_0_0_rdfifo_inst/inst_fifo_gen/gconvfifo.rf/grf.rf/gntv_or_sync_fifo.gcx.clkx/gnxpm_cdc.gsync_stage[1].wr_stg_inst/Q_reg_reg[0]/D
                            (rising edge-triggered cell FDCE clocked by clk_out1_clk_wiz_0  {rise@0.000ns fall@1.600ns period=3.200ns})
  Path Group:             clk_out1_clk_wiz_0
  Path Type:              Setup (Max at Slow Process Corner)
  Requirement:            33.000ns  (MaxDelay Path 33.000ns)
  Data Path Delay:        0.718ns  (logic 0.114ns (15.877%)  route 0.604ns (84.123%))
  Logic Levels:           0  
  Timing Exception:       MaxDelay Path 33.000ns -datapath_only

    Location             Delay type                Incr(ns)  Path(ns)    Netlist Resource(s)
  -------------------------------------------------------------------    -------------------
    SLICE_X67Y196                                     0.000     0.000 r  dbg_hub/inst/BSCANID.u_xsdbm_id/CORE_XSDB.UUT_MASTER/U_ICON_INTERFACE/U_CMD6_RD/U_RD_FIFO/SUBCORE_FIFO.xsdbm_v3_0_0_rdfifo_inst/inst_fifo_gen/gconvfifo.rf/grf.rf/gntv_or_sync_fifo.gcx.clkx/gnxpm_cdc.rd_pntr_gc_reg[0]/C
    SLICE_X67Y196        FDCE (Prop_FFF_SLICEM_C_Q)
                                                      0.114     0.114 r  dbg_hub/inst/BSCANID.u_xsdbm_id/CORE_XSDB.UUT_MASTER/U_ICON_INTERFACE/U_CMD6_RD/U_RD_FIFO/SUBCORE_FIFO.xsdbm_v3_0_0_rdfifo_inst/inst_fifo_gen/gconvfifo.rf/grf.rf/gntv_or_sync_fifo.gcx.clkx/gnxpm_cdc.rd_pntr_gc_reg[0]/Q
                         net (fo=1, routed)           0.604     0.718    dbg_hub/inst/BSCANID.u_xsdbm_id/CORE_XSDB.UUT_MASTER/U_ICON_INTERFACE/U_CMD6_RD/U_RD_FIFO/SUBCORE_FIFO.xsdbm_v3_0_0_rdfifo_inst/inst_fifo_gen/gconvfifo.rf/grf.rf/gntv_or_sync_fifo.gcx.clkx/gnxpm_cdc.gsync_stage[1].wr_stg_inst/Q[0]
    SLICE_X67Y196        FDCE                                         r  dbg_hub/inst/BSCANID.u_xsdbm_id/CORE_XSDB.UUT_MASTER/U_ICON_INTERFACE/U_CMD6_RD/U_RD_FIFO/SUBCORE_FIFO.xsdbm_v3_0_0_rdfifo_inst/inst_fifo_gen/gconvfifo.rf/grf.rf/gntv_or_sync_fifo.gcx.clkx/gnxpm_cdc.gsync_stage[1].wr_stg_inst/Q_reg_reg[0]/D
  -------------------------------------------------------------------    -------------------

                         max delay                   33.000    33.000    
    SLICE_X67Y196        FDCE (Setup_DFF2_SLICEM_C_D)
                                                      0.063    33.063    dbg_hub/inst/BSCANID.u_xsdbm_id/CORE_XSDB.UUT_MASTER/U_ICON_INTERFACE/U_CMD6_RD/U_RD_FIFO/SUBCORE_FIFO.xsdbm_v3_0_0_rdfifo_inst/inst_fifo_gen/gconvfifo.rf/grf.rf/gntv_or_sync_fifo.gcx.clkx/gnxpm_cdc.gsync_stage[1].wr_stg_inst/Q_reg_reg[0]
  -------------------------------------------------------------------
                         required time                         33.063    
                         arrival time                          -0.718    
  -------------------------------------------------------------------
                         slack                                 32.345    

Slack (MET) :             32.378ns  (required time - arrival time)
  Source:                 dbg_hub/inst/BSCANID.u_xsdbm_id/CORE_XSDB.UUT_MASTER/U_ICON_INTERFACE/U_CMD6_RD/U_RD_FIFO/SUBCORE_FIFO.xsdbm_v3_0_0_rdfifo_inst/inst_fifo_gen/gconvfifo.rf/grf.rf/gntv_or_sync_fifo.gcx.clkx/gnxpm_cdc.rd_pntr_gc_reg[3]/C
                            (rising edge-triggered cell FDCE clocked by dbg_hub/inst/BSCANID.u_xsdbm_id/SWITCH_N_EXT_BSCAN.bscan_inst/SERIES7_BSCAN.bscan_inst/TCK  {rise@0.000ns fall@16.500ns period=33.000ns})
  Destination:            dbg_hub/inst/BSCANID.u_xsdbm_id/CORE_XSDB.UUT_MASTER/U_ICON_INTERFACE/U_CMD6_RD/U_RD_FIFO/SUBCORE_FIFO.xsdbm_v3_0_0_rdfifo_inst/inst_fifo_gen/gconvfifo.rf/grf.rf/gntv_or_sync_fifo.gcx.clkx/gnxpm_cdc.gsync_stage[1].wr_stg_inst/Q_reg_reg[3]/D
                            (rising edge-triggered cell FDCE clocked by clk_out1_clk_wiz_0  {rise@0.000ns fall@1.600ns period=3.200ns})
  Path Group:             clk_out1_clk_wiz_0
  Path Type:              Setup (Max at Slow Process Corner)
  Requirement:            33.000ns  (MaxDelay Path 33.000ns)
  Data Path Delay:        0.682ns  (logic 0.115ns (16.862%)  route 0.567ns (83.138%))
  Logic Levels:           0  
  Timing Exception:       MaxDelay Path 33.000ns -datapath_only

    Location             Delay type                Incr(ns)  Path(ns)    Netlist Resource(s)
  -------------------------------------------------------------------    -------------------
    SLICE_X66Y197                                     0.000     0.000 r  dbg_hub/inst/BSCANID.u_xsdbm_id/CORE_XSDB.UUT_MASTER/U_ICON_INTERFACE/U_CMD6_RD/U_RD_FIFO/SUBCORE_FIFO.xsdbm_v3_0_0_rdfifo_inst/inst_fifo_gen/gconvfifo.rf/grf.rf/gntv_or_sync_fifo.gcx.clkx/gnxpm_cdc.rd_pntr_gc_reg[3]/C
    SLICE_X66Y197        FDCE (Prop_AFF_SLICEL_C_Q)
                                                      0.115     0.115 r  dbg_hub/inst/BSCANID.u_xsdbm_id/CORE_XSDB.UUT_MASTER/U_ICON_INTERFACE/U_CMD6_RD/U_RD_FIFO/SUBCORE_FIFO.xsdbm_v3_0_0_rdfifo_inst/inst_fifo_gen/gconvfifo.rf/grf.rf/gntv_or_sync_fifo.gcx.clkx/gnxpm_cdc.rd_pntr_gc_reg[3]/Q
                         net (fo=1, routed)           0.567     0.682    dbg_hub/inst/BSCANID.u_xsdbm_id/CORE_XSDB.UUT_MASTER/U_ICON_INTERFACE/U_CMD6_RD/U_RD_FIFO/SUBCORE_FIFO.xsdbm_v3_0_0_rdfifo_inst/inst_fifo_gen/gconvfifo.rf/grf.rf/gntv_or_sync_fifo.gcx.clkx/gnxpm_cdc.gsync_stage[1].wr_stg_inst/Q[3]
    SLICE_X66Y197        FDCE                                         r  dbg_hub/inst/BSCANID.u_xsdbm_id/CORE_XSDB.UUT_MASTER/U_ICON_INTERFACE/U_CMD6_RD/U_RD_FIFO/SUBCORE_FIFO.xsdbm_v3_0_0_rdfifo_inst/inst_fifo_gen/gconvfifo.rf/grf.rf/gntv_or_sync_fifo.gcx.clkx/gnxpm_cdc.gsync_stage[1].wr_stg_inst/Q_reg_reg[3]/D
  -------------------------------------------------------------------    -------------------

                         max delay                   33.000    33.000    
    SLICE_X66Y197        FDCE (Setup_HFF2_SLICEL_C_D)
                                                      0.060    33.060    dbg_hub/inst/BSCANID.u_xsdbm_id/CORE_XSDB.UUT_MASTER/U_ICON_INTERFACE/U_CMD6_RD/U_RD_FIFO/SUBCORE_FIFO.xsdbm_v3_0_0_rdfifo_inst/inst_fifo_gen/gconvfifo.rf/grf.rf/gntv_or_sync_fifo.gcx.clkx/gnxpm_cdc.gsync_stage[1].wr_stg_inst/Q_reg_reg[3]
  -------------------------------------------------------------------
                         required time                         33.060    
                         arrival time                          -0.682    
  -------------------------------------------------------------------
                         slack                                 32.378    

Slack (MET) :             32.382ns  (required time - arrival time)
  Source:                 dbg_hub/inst/BSCANID.u_xsdbm_id/CORE_XSDB.UUT_MASTER/U_ICON_INTERFACE/U_CMD6_WR/U_WR_FIFO/SUBCORE_FIFO.xsdbm_v3_0_0_wrfifo_inst/inst_fifo_gen/gconvfifo.rf/grf.rf/gntv_or_sync_fifo.gcx.clkx/gnxpm_cdc.wr_pntr_gc_reg[3]/C
                            (rising edge-triggered cell FDCE clocked by dbg_hub/inst/BSCANID.u_xsdbm_id/SWITCH_N_EXT_BSCAN.bscan_inst/SERIES7_BSCAN.bscan_inst/TCK  {rise@0.000ns fall@16.500ns period=33.000ns})
  Destination:            dbg_hub/inst/BSCANID.u_xsdbm_id/CORE_XSDB.UUT_MASTER/U_ICON_INTERFACE/U_CMD6_WR/U_WR_FIFO/SUBCORE_FIFO.xsdbm_v3_0_0_wrfifo_inst/inst_fifo_gen/gconvfifo.rf/grf.rf/gntv_or_sync_fifo.gcx.clkx/gnxpm_cdc.gsync_stage[1].rd_stg_inst/Q_reg_reg[3]/D
                            (rising edge-triggered cell FDCE clocked by clk_out1_clk_wiz_0  {rise@0.000ns fall@1.600ns period=3.200ns})
  Path Group:             clk_out1_clk_wiz_0
  Path Type:              Setup (Max at Slow Process Corner)
  Requirement:            33.000ns  (MaxDelay Path 33.000ns)
  Data Path Delay:        0.679ns  (logic 0.115ns (16.937%)  route 0.564ns (83.063%))
  Logic Levels:           0  
  Timing Exception:       MaxDelay Path 33.000ns -datapath_only

    Location             Delay type                Incr(ns)  Path(ns)    Netlist Resource(s)
  -------------------------------------------------------------------    -------------------
    SLICE_X66Y191                                     0.000     0.000 r  dbg_hub/inst/BSCANID.u_xsdbm_id/CORE_XSDB.UUT_MASTER/U_ICON_INTERFACE/U_CMD6_WR/U_WR_FIFO/SUBCORE_FIFO.xsdbm_v3_0_0_wrfifo_inst/inst_fifo_gen/gconvfifo.rf/grf.rf/gntv_or_sync_fifo.gcx.clkx/gnxpm_cdc.wr_pntr_gc_reg[3]/C
    SLICE_X66Y191        FDCE (Prop_AFF_SLICEL_C_Q)
                                                      0.115     0.115 r  dbg_hub/inst/BSCANID.u_xsdbm_id/CORE_XSDB.UUT_MASTER/U_ICON_INTERFACE/U_CMD6_WR/U_WR_FIFO/SUBCORE_FIFO.xsdbm_v3_0_0_wrfifo_inst/inst_fifo_gen/gconvfifo.rf/grf.rf/gntv_or_sync_fifo.gcx.clkx/gnxpm_cdc.wr_pntr_gc_reg[3]/Q
                         net (fo=1, routed)           0.564     0.679    dbg_hub/inst/BSCANID.u_xsdbm_id/CORE_XSDB.UUT_MASTER/U_ICON_INTERFACE/U_CMD6_WR/U_WR_FIFO/SUBCORE_FIFO.xsdbm_v3_0_0_wrfifo_inst/inst_fifo_gen/gconvfifo.rf/grf.rf/gntv_or_sync_fifo.gcx.clkx/gnxpm_cdc.gsync_stage[1].rd_stg_inst/Q[3]
    SLICE_X66Y191        FDCE                                         r  dbg_hub/inst/BSCANID.u_xsdbm_id/CORE_XSDB.UUT_MASTER/U_ICON_INTERFACE/U_CMD6_WR/U_WR_FIFO/SUBCORE_FIFO.xsdbm_v3_0_0_wrfifo_inst/inst_fifo_gen/gconvfifo.rf/grf.rf/gntv_or_sync_fifo.gcx.clkx/gnxpm_cdc.gsync_stage[1].rd_stg_inst/Q_reg_reg[3]/D
  -------------------------------------------------------------------    -------------------

                         max delay                   33.000    33.000    
    SLICE_X66Y191        FDCE (Setup_GFF2_SLICEL_C_D)
                                                      0.061    33.061    dbg_hub/inst/BSCANID.u_xsdbm_id/CORE_XSDB.UUT_MASTER/U_ICON_INTERFACE/U_CMD6_WR/U_WR_FIFO/SUBCORE_FIFO.xsdbm_v3_0_0_wrfifo_inst/inst_fifo_gen/gconvfifo.rf/grf.rf/gntv_or_sync_fifo.gcx.clkx/gnxpm_cdc.gsync_stage[1].rd_stg_inst/Q_reg_reg[3]
  -------------------------------------------------------------------
                         required time                         33.061    
                         arrival time                          -0.679    
  -------------------------------------------------------------------
                         slack                                 32.382    

Slack (MET) :             32.406ns  (required time - arrival time)
  Source:                 dbg_hub/inst/BSCANID.u_xsdbm_id/CORE_XSDB.UUT_MASTER/U_ICON_INTERFACE/U_CMD6_RD/U_RD_FIFO/SUBCORE_FIFO.xsdbm_v3_0_0_rdfifo_inst/inst_fifo_gen/gconvfifo.rf/grf.rf/gntv_or_sync_fifo.gcx.clkx/gnxpm_cdc.rd_pntr_gc_reg[2]/C
                            (rising edge-triggered cell FDCE clocked by dbg_hub/inst/BSCANID.u_xsdbm_id/SWITCH_N_EXT_BSCAN.bscan_inst/SERIES7_BSCAN.bscan_inst/TCK  {rise@0.000ns fall@16.500ns period=33.000ns})
  Destination:            dbg_hub/inst/BSCANID.u_xsdbm_id/CORE_XSDB.UUT_MASTER/U_ICON_INTERFACE/U_CMD6_RD/U_RD_FIFO/SUBCORE_FIFO.xsdbm_v3_0_0_rdfifo_inst/inst_fifo_gen/gconvfifo.rf/grf.rf/gntv_or_sync_fifo.gcx.clkx/gnxpm_cdc.gsync_stage[1].wr_stg_inst/Q_reg_reg[2]/D
                            (rising edge-triggered cell FDCE clocked by clk_out1_clk_wiz_0  {rise@0.000ns fall@1.600ns period=3.200ns})
  Path Group:             clk_out1_clk_wiz_0
  Path Type:              Setup (Max at Slow Process Corner)
  Requirement:            33.000ns  (MaxDelay Path 33.000ns)
  Data Path Delay:        0.656ns  (logic 0.114ns (17.378%)  route 0.542ns (82.622%))
  Logic Levels:           0  
  Timing Exception:       MaxDelay Path 33.000ns -datapath_only

    Location             Delay type                Incr(ns)  Path(ns)    Netlist Resource(s)
  -------------------------------------------------------------------    -------------------
    SLICE_X67Y196                                     0.000     0.000 r  dbg_hub/inst/BSCANID.u_xsdbm_id/CORE_XSDB.UUT_MASTER/U_ICON_INTERFACE/U_CMD6_RD/U_RD_FIFO/SUBCORE_FIFO.xsdbm_v3_0_0_rdfifo_inst/inst_fifo_gen/gconvfifo.rf/grf.rf/gntv_or_sync_fifo.gcx.clkx/gnxpm_cdc.rd_pntr_gc_reg[2]/C
    SLICE_X67Y196        FDCE (Prop_GFF_SLICEM_C_Q)
                                                      0.114     0.114 r  dbg_hub/inst/BSCANID.u_xsdbm_id/CORE_XSDB.UUT_MASTER/U_ICON_INTERFACE/U_CMD6_RD/U_RD_FIFO/SUBCORE_FIFO.xsdbm_v3_0_0_rdfifo_inst/inst_fifo_gen/gconvfifo.rf/grf.rf/gntv_or_sync_fifo.gcx.clkx/gnxpm_cdc.rd_pntr_gc_reg[2]/Q
                         net (fo=1, routed)           0.542     0.656    dbg_hub/inst/BSCANID.u_xsdbm_id/CORE_XSDB.UUT_MASTER/U_ICON_INTERFACE/U_CMD6_RD/U_RD_FIFO/SUBCORE_FIFO.xsdbm_v3_0_0_rdfifo_inst/inst_fifo_gen/gconvfifo.rf/grf.rf/gntv_or_sync_fifo.gcx.clkx/gnxpm_cdc.gsync_stage[1].wr_stg_inst/Q[2]
    SLICE_X68Y197        FDCE                                         r  dbg_hub/inst/BSCANID.u_xsdbm_id/CORE_XSDB.UUT_MASTER/U_ICON_INTERFACE/U_CMD6_RD/U_RD_FIFO/SUBCORE_FIFO.xsdbm_v3_0_0_rdfifo_inst/inst_fifo_gen/gconvfifo.rf/grf.rf/gntv_or_sync_fifo.gcx.clkx/gnxpm_cdc.gsync_stage[1].wr_stg_inst/Q_reg_reg[2]/D
  -------------------------------------------------------------------    -------------------

                         max delay                   33.000    33.000    
    SLICE_X68Y197        FDCE (Setup_CFF2_SLICEL_C_D)
                                                      0.062    33.062    dbg_hub/inst/BSCANID.u_xsdbm_id/CORE_XSDB.UUT_MASTER/U_ICON_INTERFACE/U_CMD6_RD/U_RD_FIFO/SUBCORE_FIFO.xsdbm_v3_0_0_rdfifo_inst/inst_fifo_gen/gconvfifo.rf/grf.rf/gntv_or_sync_fifo.gcx.clkx/gnxpm_cdc.gsync_stage[1].wr_stg_inst/Q_reg_reg[2]
  -------------------------------------------------------------------
                         required time                         33.062    
                         arrival time                          -0.656    
  -------------------------------------------------------------------
                         slack                                 32.406    

Slack (MET) :             32.411ns  (required time - arrival time)
  Source:                 dbg_hub/inst/BSCANID.u_xsdbm_id/CORE_XSDB.UUT_MASTER/U_ICON_INTERFACE/U_CMD6_WR/U_WR_FIFO/SUBCORE_FIFO.xsdbm_v3_0_0_wrfifo_inst/inst_fifo_gen/gconvfifo.rf/grf.rf/gntv_or_sync_fifo.gcx.clkx/gnxpm_cdc.wr_pntr_gc_reg[2]/C
                            (rising edge-triggered cell FDCE clocked by dbg_hub/inst/BSCANID.u_xsdbm_id/SWITCH_N_EXT_BSCAN.bscan_inst/SERIES7_BSCAN.bscan_inst/TCK  {rise@0.000ns fall@16.500ns period=33.000ns})
  Destination:            dbg_hub/inst/BSCANID.u_xsdbm_id/CORE_XSDB.UUT_MASTER/U_ICON_INTERFACE/U_CMD6_WR/U_WR_FIFO/SUBCORE_FIFO.xsdbm_v3_0_0_wrfifo_inst/inst_fifo_gen/gconvfifo.rf/grf.rf/gntv_or_sync_fifo.gcx.clkx/gnxpm_cdc.gsync_stage[1].rd_stg_inst/Q_reg_reg[2]/D
                            (rising edge-triggered cell FDCE clocked by clk_out1_clk_wiz_0  {rise@0.000ns fall@1.600ns period=3.200ns})
  Path Group:             clk_out1_clk_wiz_0
  Path Type:              Setup (Max at Slow Process Corner)
  Requirement:            33.000ns  (MaxDelay Path 33.000ns)
  Data Path Delay:        0.652ns  (logic 0.114ns (17.485%)  route 0.538ns (82.515%))
  Logic Levels:           0  
  Timing Exception:       MaxDelay Path 33.000ns -datapath_only

    Location             Delay type                Incr(ns)  Path(ns)    Netlist Resource(s)
  -------------------------------------------------------------------    -------------------
    SLICE_X67Y192                                     0.000     0.000 r  dbg_hub/inst/BSCANID.u_xsdbm_id/CORE_XSDB.UUT_MASTER/U_ICON_INTERFACE/U_CMD6_WR/U_WR_FIFO/SUBCORE_FIFO.xsdbm_v3_0_0_wrfifo_inst/inst_fifo_gen/gconvfifo.rf/grf.rf/gntv_or_sync_fifo.gcx.clkx/gnxpm_cdc.wr_pntr_gc_reg[2]/C
    SLICE_X67Y192        FDCE (Prop_FFF_SLICEM_C_Q)
                                                      0.114     0.114 r  dbg_hub/inst/BSCANID.u_xsdbm_id/CORE_XSDB.UUT_MASTER/U_ICON_INTERFACE/U_CMD6_WR/U_WR_FIFO/SUBCORE_FIFO.xsdbm_v3_0_0_wrfifo_inst/inst_fifo_gen/gconvfifo.rf/grf.rf/gntv_or_sync_fifo.gcx.clkx/gnxpm_cdc.wr_pntr_gc_reg[2]/Q
                         net (fo=1, routed)           0.538     0.652    dbg_hub/inst/BSCANID.u_xsdbm_id/CORE_XSDB.UUT_MASTER/U_ICON_INTERFACE/U_CMD6_WR/U_WR_FIFO/SUBCORE_FIFO.xsdbm_v3_0_0_wrfifo_inst/inst_fifo_gen/gconvfifo.rf/grf.rf/gntv_or_sync_fifo.gcx.clkx/gnxpm_cdc.gsync_stage[1].rd_stg_inst/Q[2]
    SLICE_X68Y193        FDCE                                         r  dbg_hub/inst/BSCANID.u_xsdbm_id/CORE_XSDB.UUT_MASTER/U_ICON_INTERFACE/U_CMD6_WR/U_WR_FIFO/SUBCORE_FIFO.xsdbm_v3_0_0_wrfifo_inst/inst_fifo_gen/gconvfifo.rf/grf.rf/gntv_or_sync_fifo.gcx.clkx/gnxpm_cdc.gsync_stage[1].rd_stg_inst/Q_reg_reg[2]/D
  -------------------------------------------------------------------    -------------------

                         max delay                   33.000    33.000    
    SLICE_X68Y193        FDCE (Setup_DFF2_SLICEL_C_D)
                                                      0.063    33.063    dbg_hub/inst/BSCANID.u_xsdbm_id/CORE_XSDB.UUT_MASTER/U_ICON_INTERFACE/U_CMD6_WR/U_WR_FIFO/SUBCORE_FIFO.xsdbm_v3_0_0_wrfifo_inst/inst_fifo_gen/gconvfifo.rf/grf.rf/gntv_or_sync_fifo.gcx.clkx/gnxpm_cdc.gsync_stage[1].rd_stg_inst/Q_reg_reg[2]
  -------------------------------------------------------------------
                         required time                         33.063    
                         arrival time                          -0.652    
  -------------------------------------------------------------------
                         slack                                 32.411    





---------------------------------------------------------------------------------------------------
From Clock:  clk_out1_clk_wiz_0
  To Clock:  dbg_hub/inst/BSCANID.u_xsdbm_id/SWITCH_N_EXT_BSCAN.bscan_inst/SERIES7_BSCAN.bscan_inst/TCK

Setup :            0  Failing Endpoints,  Worst Slack        2.484ns,  Total Violation        0.000ns
Hold  :           NA  Failing Endpoints,  Worst Slack           NA  ,  Total Violation           NA
---------------------------------------------------------------------------------------------------


Max Delay Paths
--------------------------------------------------------------------------------------
Slack (MET) :             2.484ns  (required time - arrival time)
  Source:                 dbg_hub/inst/BSCANID.u_xsdbm_id/CORE_XSDB.UUT_MASTER/U_ICON_INTERFACE/U_CMD6_RD/U_RD_FIFO/SUBCORE_FIFO.xsdbm_v3_0_0_rdfifo_inst/inst_fifo_gen/gconvfifo.rf/grf.rf/gntv_or_sync_fifo.gcx.clkx/gnxpm_cdc.wr_pntr_gc_reg[1]/C
                            (rising edge-triggered cell FDCE clocked by clk_out1_clk_wiz_0  {rise@0.000ns fall@1.600ns period=3.200ns})
  Destination:            dbg_hub/inst/BSCANID.u_xsdbm_id/CORE_XSDB.UUT_MASTER/U_ICON_INTERFACE/U_CMD6_RD/U_RD_FIFO/SUBCORE_FIFO.xsdbm_v3_0_0_rdfifo_inst/inst_fifo_gen/gconvfifo.rf/grf.rf/gntv_or_sync_fifo.gcx.clkx/gnxpm_cdc.gsync_stage[1].rd_stg_inst/Q_reg_reg[1]/D
                            (rising edge-triggered cell FDCE clocked by dbg_hub/inst/BSCANID.u_xsdbm_id/SWITCH_N_EXT_BSCAN.bscan_inst/SERIES7_BSCAN.bscan_inst/TCK  {rise@0.000ns fall@16.500ns period=33.000ns})
  Path Group:             dbg_hub/inst/BSCANID.u_xsdbm_id/SWITCH_N_EXT_BSCAN.bscan_inst/SERIES7_BSCAN.bscan_inst/TCK
  Path Type:              Setup (Max at Slow Process Corner)
  Requirement:            3.200ns  (MaxDelay Path 3.200ns)
  Data Path Delay:        0.776ns  (logic 0.117ns (15.077%)  route 0.659ns (84.923%))
  Logic Levels:           0  
  Timing Exception:       MaxDelay Path 3.200ns -datapath_only

    Location             Delay type                Incr(ns)  Path(ns)    Netlist Resource(s)
  -------------------------------------------------------------------    -------------------
    SLICE_X68Y196                                     0.000     0.000 r  dbg_hub/inst/BSCANID.u_xsdbm_id/CORE_XSDB.UUT_MASTER/U_ICON_INTERFACE/U_CMD6_RD/U_RD_FIFO/SUBCORE_FIFO.xsdbm_v3_0_0_rdfifo_inst/inst_fifo_gen/gconvfifo.rf/grf.rf/gntv_or_sync_fifo.gcx.clkx/gnxpm_cdc.wr_pntr_gc_reg[1]/C
    SLICE_X68Y196        FDCE (Prop_HFF2_SLICEL_C_Q)
                                                      0.117     0.117 r  dbg_hub/inst/BSCANID.u_xsdbm_id/CORE_XSDB.UUT_MASTER/U_ICON_INTERFACE/U_CMD6_RD/U_RD_FIFO/SUBCORE_FIFO.xsdbm_v3_0_0_rdfifo_inst/inst_fifo_gen/gconvfifo.rf/grf.rf/gntv_or_sync_fifo.gcx.clkx/gnxpm_cdc.wr_pntr_gc_reg[1]/Q
                         net (fo=1, routed)           0.659     0.776    dbg_hub/inst/BSCANID.u_xsdbm_id/CORE_XSDB.UUT_MASTER/U_ICON_INTERFACE/U_CMD6_RD/U_RD_FIFO/SUBCORE_FIFO.xsdbm_v3_0_0_rdfifo_inst/inst_fifo_gen/gconvfifo.rf/grf.rf/gntv_or_sync_fifo.gcx.clkx/gnxpm_cdc.gsync_stage[1].rd_stg_inst/Q[1]
    SLICE_X67Y196        FDCE                                         r  dbg_hub/inst/BSCANID.u_xsdbm_id/CORE_XSDB.UUT_MASTER/U_ICON_INTERFACE/U_CMD6_RD/U_RD_FIFO/SUBCORE_FIFO.xsdbm_v3_0_0_rdfifo_inst/inst_fifo_gen/gconvfifo.rf/grf.rf/gntv_or_sync_fifo.gcx.clkx/gnxpm_cdc.gsync_stage[1].rd_stg_inst/Q_reg_reg[1]/D
  -------------------------------------------------------------------    -------------------

                         max delay                    3.200     3.200    
    SLICE_X67Y196        FDCE (Setup_FFF2_SLICEM_C_D)
                                                      0.060     3.260    dbg_hub/inst/BSCANID.u_xsdbm_id/CORE_XSDB.UUT_MASTER/U_ICON_INTERFACE/U_CMD6_RD/U_RD_FIFO/SUBCORE_FIFO.xsdbm_v3_0_0_rdfifo_inst/inst_fifo_gen/gconvfifo.rf/grf.rf/gntv_or_sync_fifo.gcx.clkx/gnxpm_cdc.gsync_stage[1].rd_stg_inst/Q_reg_reg[1]
  -------------------------------------------------------------------
                         required time                          3.260    
                         arrival time                          -0.776    
  -------------------------------------------------------------------
                         slack                                  2.484    

Slack (MET) :             2.512ns  (required time - arrival time)
  Source:                 dbg_hub/inst/BSCANID.u_xsdbm_id/CORE_XSDB.UUT_MASTER/U_ICON_INTERFACE/U_CMD6_RD/U_RD_FIFO/SUBCORE_FIFO.xsdbm_v3_0_0_rdfifo_inst/inst_fifo_gen/gconvfifo.rf/grf.rf/gntv_or_sync_fifo.gcx.clkx/gnxpm_cdc.wr_pntr_gc_reg[3]/C
                            (rising edge-triggered cell FDCE clocked by clk_out1_clk_wiz_0  {rise@0.000ns fall@1.600ns period=3.200ns})
  Destination:            dbg_hub/inst/BSCANID.u_xsdbm_id/CORE_XSDB.UUT_MASTER/U_ICON_INTERFACE/U_CMD6_RD/U_RD_FIFO/SUBCORE_FIFO.xsdbm_v3_0_0_rdfifo_inst/inst_fifo_gen/gconvfifo.rf/grf.rf/gntv_or_sync_fifo.gcx.clkx/gnxpm_cdc.gsync_stage[1].rd_stg_inst/Q_reg_reg[3]/D
                            (rising edge-triggered cell FDCE clocked by dbg_hub/inst/BSCANID.u_xsdbm_id/SWITCH_N_EXT_BSCAN.bscan_inst/SERIES7_BSCAN.bscan_inst/TCK  {rise@0.000ns fall@16.500ns period=33.000ns})
  Path Group:             dbg_hub/inst/BSCANID.u_xsdbm_id/SWITCH_N_EXT_BSCAN.bscan_inst/SERIES7_BSCAN.bscan_inst/TCK
  Path Type:              Setup (Max at Slow Process Corner)
  Requirement:            3.200ns  (MaxDelay Path 3.200ns)
  Data Path Delay:        0.750ns  (logic 0.114ns (15.200%)  route 0.636ns (84.800%))
  Logic Levels:           0  
  Timing Exception:       MaxDelay Path 3.200ns -datapath_only

    Location             Delay type                Incr(ns)  Path(ns)    Netlist Resource(s)
  -------------------------------------------------------------------    -------------------
    SLICE_X66Y197                                     0.000     0.000 r  dbg_hub/inst/BSCANID.u_xsdbm_id/CORE_XSDB.UUT_MASTER/U_ICON_INTERFACE/U_CMD6_RD/U_RD_FIFO/SUBCORE_FIFO.xsdbm_v3_0_0_rdfifo_inst/inst_fifo_gen/gconvfifo.rf/grf.rf/gntv_or_sync_fifo.gcx.clkx/gnxpm_cdc.wr_pntr_gc_reg[3]/C
    SLICE_X66Y197        FDCE (Prop_EFF_SLICEL_C_Q)
                                                      0.114     0.114 r  dbg_hub/inst/BSCANID.u_xsdbm_id/CORE_XSDB.UUT_MASTER/U_ICON_INTERFACE/U_CMD6_RD/U_RD_FIFO/SUBCORE_FIFO.xsdbm_v3_0_0_rdfifo_inst/inst_fifo_gen/gconvfifo.rf/grf.rf/gntv_or_sync_fifo.gcx.clkx/gnxpm_cdc.wr_pntr_gc_reg[3]/Q
                         net (fo=1, routed)           0.636     0.750    dbg_hub/inst/BSCANID.u_xsdbm_id/CORE_XSDB.UUT_MASTER/U_ICON_INTERFACE/U_CMD6_RD/U_RD_FIFO/SUBCORE_FIFO.xsdbm_v3_0_0_rdfifo_inst/inst_fifo_gen/gconvfifo.rf/grf.rf/gntv_or_sync_fifo.gcx.clkx/gnxpm_cdc.gsync_stage[1].rd_stg_inst/Q[3]
    SLICE_X66Y197        FDCE                                         r  dbg_hub/inst/BSCANID.u_xsdbm_id/CORE_XSDB.UUT_MASTER/U_ICON_INTERFACE/U_CMD6_RD/U_RD_FIFO/SUBCORE_FIFO.xsdbm_v3_0_0_rdfifo_inst/inst_fifo_gen/gconvfifo.rf/grf.rf/gntv_or_sync_fifo.gcx.clkx/gnxpm_cdc.gsync_stage[1].rd_stg_inst/Q_reg_reg[3]/D
  -------------------------------------------------------------------    -------------------

                         max delay                    3.200     3.200    
    SLICE_X66Y197        FDCE (Setup_CFF2_SLICEL_C_D)
                                                      0.062     3.262    dbg_hub/inst/BSCANID.u_xsdbm_id/CORE_XSDB.UUT_MASTER/U_ICON_INTERFACE/U_CMD6_RD/U_RD_FIFO/SUBCORE_FIFO.xsdbm_v3_0_0_rdfifo_inst/inst_fifo_gen/gconvfifo.rf/grf.rf/gntv_or_sync_fifo.gcx.clkx/gnxpm_cdc.gsync_stage[1].rd_stg_inst/Q_reg_reg[3]
  -------------------------------------------------------------------
                         required time                          3.262    
                         arrival time                          -0.750    
  -------------------------------------------------------------------
                         slack                                  2.512    

Slack (MET) :             2.562ns  (required time - arrival time)
  Source:                 dbg_hub/inst/BSCANID.u_xsdbm_id/CORE_XSDB.UUT_MASTER/U_ICON_INTERFACE/U_CMD6_WR/U_WR_FIFO/SUBCORE_FIFO.xsdbm_v3_0_0_wrfifo_inst/inst_fifo_gen/gconvfifo.rf/grf.rf/gntv_or_sync_fifo.gcx.clkx/gnxpm_cdc.rd_pntr_gc_reg[0]/C
                            (rising edge-triggered cell FDCE clocked by clk_out1_clk_wiz_0  {rise@0.000ns fall@1.600ns period=3.200ns})
  Destination:            dbg_hub/inst/BSCANID.u_xsdbm_id/CORE_XSDB.UUT_MASTER/U_ICON_INTERFACE/U_CMD6_WR/U_WR_FIFO/SUBCORE_FIFO.xsdbm_v3_0_0_wrfifo_inst/inst_fifo_gen/gconvfifo.rf/grf.rf/gntv_or_sync_fifo.gcx.clkx/gnxpm_cdc.gsync_stage[1].wr_stg_inst/Q_reg_reg[0]/D
                            (rising edge-triggered cell FDCE clocked by dbg_hub/inst/BSCANID.u_xsdbm_id/SWITCH_N_EXT_BSCAN.bscan_inst/SERIES7_BSCAN.bscan_inst/TCK  {rise@0.000ns fall@16.500ns period=33.000ns})
  Path Group:             dbg_hub/inst/BSCANID.u_xsdbm_id/SWITCH_N_EXT_BSCAN.bscan_inst/SERIES7_BSCAN.bscan_inst/TCK
  Path Type:              Setup (Max at Slow Process Corner)
  Requirement:            3.200ns  (MaxDelay Path 3.200ns)
  Data Path Delay:        0.701ns  (logic 0.114ns (16.262%)  route 0.587ns (83.738%))
  Logic Levels:           0  
  Timing Exception:       MaxDelay Path 3.200ns -datapath_only

    Location             Delay type                Incr(ns)  Path(ns)    Netlist Resource(s)
  -------------------------------------------------------------------    -------------------
    SLICE_X66Y191                                     0.000     0.000 r  dbg_hub/inst/BSCANID.u_xsdbm_id/CORE_XSDB.UUT_MASTER/U_ICON_INTERFACE/U_CMD6_WR/U_WR_FIFO/SUBCORE_FIFO.xsdbm_v3_0_0_wrfifo_inst/inst_fifo_gen/gconvfifo.rf/grf.rf/gntv_or_sync_fifo.gcx.clkx/gnxpm_cdc.rd_pntr_gc_reg[0]/C
    SLICE_X66Y191        FDCE (Prop_EFF_SLICEL_C_Q)
                                                      0.114     0.114 r  dbg_hub/inst/BSCANID.u_xsdbm_id/CORE_XSDB.UUT_MASTER/U_ICON_INTERFACE/U_CMD6_WR/U_WR_FIFO/SUBCORE_FIFO.xsdbm_v3_0_0_wrfifo_inst/inst_fifo_gen/gconvfifo.rf/grf.rf/gntv_or_sync_fifo.gcx.clkx/gnxpm_cdc.rd_pntr_gc_reg[0]/Q
                         net (fo=1, routed)           0.587     0.701    dbg_hub/inst/BSCANID.u_xsdbm_id/CORE_XSDB.UUT_MASTER/U_ICON_INTERFACE/U_CMD6_WR/U_WR_FIFO/SUBCORE_FIFO.xsdbm_v3_0_0_wrfifo_inst/inst_fifo_gen/gconvfifo.rf/grf.rf/gntv_or_sync_fifo.gcx.clkx/gnxpm_cdc.gsync_stage[1].wr_stg_inst/Q[0]
    SLICE_X66Y191        FDCE                                         r  dbg_hub/inst/BSCANID.u_xsdbm_id/CORE_XSDB.UUT_MASTER/U_ICON_INTERFACE/U_CMD6_WR/U_WR_FIFO/SUBCORE_FIFO.xsdbm_v3_0_0_wrfifo_inst/inst_fifo_gen/gconvfifo.rf/grf.rf/gntv_or_sync_fifo.gcx.clkx/gnxpm_cdc.gsync_stage[1].wr_stg_inst/Q_reg_reg[0]/D
  -------------------------------------------------------------------    -------------------

                         max delay                    3.200     3.200    
    SLICE_X66Y191        FDCE (Setup_DFF2_SLICEL_C_D)
                                                      0.063     3.263    dbg_hub/inst/BSCANID.u_xsdbm_id/CORE_XSDB.UUT_MASTER/U_ICON_INTERFACE/U_CMD6_WR/U_WR_FIFO/SUBCORE_FIFO.xsdbm_v3_0_0_wrfifo_inst/inst_fifo_gen/gconvfifo.rf/grf.rf/gntv_or_sync_fifo.gcx.clkx/gnxpm_cdc.gsync_stage[1].wr_stg_inst/Q_reg_reg[0]
  -------------------------------------------------------------------
                         required time                          3.263    
                         arrival time                          -0.701    
  -------------------------------------------------------------------
                         slack                                  2.562    

Slack (MET) :             2.567ns  (required time - arrival time)
  Source:                 dbg_hub/inst/BSCANID.u_xsdbm_id/CORE_XSDB.UUT_MASTER/U_ICON_INTERFACE/U_CMD6_WR/U_WR_FIFO/SUBCORE_FIFO.xsdbm_v3_0_0_wrfifo_inst/inst_fifo_gen/gconvfifo.rf/grf.rf/gntv_or_sync_fifo.gcx.clkx/gnxpm_cdc.rd_pntr_gc_reg[2]/C
                            (rising edge-triggered cell FDCE clocked by clk_out1_clk_wiz_0  {rise@0.000ns fall@1.600ns period=3.200ns})
  Destination:            dbg_hub/inst/BSCANID.u_xsdbm_id/CORE_XSDB.UUT_MASTER/U_ICON_INTERFACE/U_CMD6_WR/U_WR_FIFO/SUBCORE_FIFO.xsdbm_v3_0_0_wrfifo_inst/inst_fifo_gen/gconvfifo.rf/grf.rf/gntv_or_sync_fifo.gcx.clkx/gnxpm_cdc.gsync_stage[1].wr_stg_inst/Q_reg_reg[2]/D
                            (rising edge-triggered cell FDCE clocked by dbg_hub/inst/BSCANID.u_xsdbm_id/SWITCH_N_EXT_BSCAN.bscan_inst/SERIES7_BSCAN.bscan_inst/TCK  {rise@0.000ns fall@16.500ns period=33.000ns})
  Path Group:             dbg_hub/inst/BSCANID.u_xsdbm_id/SWITCH_N_EXT_BSCAN.bscan_inst/SERIES7_BSCAN.bscan_inst/TCK
  Path Type:              Setup (Max at Slow Process Corner)
  Requirement:            3.200ns  (MaxDelay Path 3.200ns)
  Data Path Delay:        0.694ns  (logic 0.114ns (16.427%)  route 0.580ns (83.573%))
  Logic Levels:           0  
  Timing Exception:       MaxDelay Path 3.200ns -datapath_only

    Location             Delay type                Incr(ns)  Path(ns)    Netlist Resource(s)
  -------------------------------------------------------------------    -------------------
    SLICE_X66Y192                                     0.000     0.000 r  dbg_hub/inst/BSCANID.u_xsdbm_id/CORE_XSDB.UUT_MASTER/U_ICON_INTERFACE/U_CMD6_WR/U_WR_FIFO/SUBCORE_FIFO.xsdbm_v3_0_0_wrfifo_inst/inst_fifo_gen/gconvfifo.rf/grf.rf/gntv_or_sync_fifo.gcx.clkx/gnxpm_cdc.rd_pntr_gc_reg[2]/C
    SLICE_X66Y192        FDCE (Prop_EFF_SLICEL_C_Q)
                                                      0.114     0.114 r  dbg_hub/inst/BSCANID.u_xsdbm_id/CORE_XSDB.UUT_MASTER/U_ICON_INTERFACE/U_CMD6_WR/U_WR_FIFO/SUBCORE_FIFO.xsdbm_v3_0_0_wrfifo_inst/inst_fifo_gen/gconvfifo.rf/grf.rf/gntv_or_sync_fifo.gcx.clkx/gnxpm_cdc.rd_pntr_gc_reg[2]/Q
                         net (fo=1, routed)           0.580     0.694    dbg_hub/inst/BSCANID.u_xsdbm_id/CORE_XSDB.UUT_MASTER/U_ICON_INTERFACE/U_CMD6_WR/U_WR_FIFO/SUBCORE_FIFO.xsdbm_v3_0_0_wrfifo_inst/inst_fifo_gen/gconvfifo.rf/grf.rf/gntv_or_sync_fifo.gcx.clkx/gnxpm_cdc.gsync_stage[1].wr_stg_inst/Q[2]
    SLICE_X66Y192        FDCE                                         r  dbg_hub/inst/BSCANID.u_xsdbm_id/CORE_XSDB.UUT_MASTER/U_ICON_INTERFACE/U_CMD6_WR/U_WR_FIFO/SUBCORE_FIFO.xsdbm_v3_0_0_wrfifo_inst/inst_fifo_gen/gconvfifo.rf/grf.rf/gntv_or_sync_fifo.gcx.clkx/gnxpm_cdc.gsync_stage[1].wr_stg_inst/Q_reg_reg[2]/D
  -------------------------------------------------------------------    -------------------

                         max delay                    3.200     3.200    
    SLICE_X66Y192        FDCE (Setup_AFF2_SLICEL_C_D)
                                                      0.061     3.261    dbg_hub/inst/BSCANID.u_xsdbm_id/CORE_XSDB.UUT_MASTER/U_ICON_INTERFACE/U_CMD6_WR/U_WR_FIFO/SUBCORE_FIFO.xsdbm_v3_0_0_wrfifo_inst/inst_fifo_gen/gconvfifo.rf/grf.rf/gntv_or_sync_fifo.gcx.clkx/gnxpm_cdc.gsync_stage[1].wr_stg_inst/Q_reg_reg[2]
  -------------------------------------------------------------------
                         required time                          3.261    
                         arrival time                          -0.694    
  -------------------------------------------------------------------
                         slack                                  2.567    

Slack (MET) :             2.571ns  (required time - arrival time)
  Source:                 dbg_hub/inst/BSCANID.u_xsdbm_id/CORE_XSDB.UUT_MASTER/U_ICON_INTERFACE/U_CMD6_RD/U_RD_FIFO/SUBCORE_FIFO.xsdbm_v3_0_0_rdfifo_inst/inst_fifo_gen/gconvfifo.rf/grf.rf/gntv_or_sync_fifo.gcx.clkx/gnxpm_cdc.wr_pntr_gc_reg[2]/C
                            (rising edge-triggered cell FDCE clocked by clk_out1_clk_wiz_0  {rise@0.000ns fall@1.600ns period=3.200ns})
  Destination:            dbg_hub/inst/BSCANID.u_xsdbm_id/CORE_XSDB.UUT_MASTER/U_ICON_INTERFACE/U_CMD6_RD/U_RD_FIFO/SUBCORE_FIFO.xsdbm_v3_0_0_rdfifo_inst/inst_fifo_gen/gconvfifo.rf/grf.rf/gntv_or_sync_fifo.gcx.clkx/gnxpm_cdc.gsync_stage[1].rd_stg_inst/Q_reg_reg[2]/D
                            (rising edge-triggered cell FDCE clocked by dbg_hub/inst/BSCANID.u_xsdbm_id/SWITCH_N_EXT_BSCAN.bscan_inst/SERIES7_BSCAN.bscan_inst/TCK  {rise@0.000ns fall@16.500ns period=33.000ns})
  Path Group:             dbg_hub/inst/BSCANID.u_xsdbm_id/SWITCH_N_EXT_BSCAN.bscan_inst/SERIES7_BSCAN.bscan_inst/TCK
  Path Type:              Setup (Max at Slow Process Corner)
  Requirement:            3.200ns  (MaxDelay Path 3.200ns)
  Data Path Delay:        0.692ns  (logic 0.114ns (16.474%)  route 0.578ns (83.526%))
  Logic Levels:           0  
  Timing Exception:       MaxDelay Path 3.200ns -datapath_only

    Location             Delay type                Incr(ns)  Path(ns)    Netlist Resource(s)
  -------------------------------------------------------------------    -------------------
    SLICE_X66Y197                                     0.000     0.000 r  dbg_hub/inst/BSCANID.u_xsdbm_id/CORE_XSDB.UUT_MASTER/U_ICON_INTERFACE/U_CMD6_RD/U_RD_FIFO/SUBCORE_FIFO.xsdbm_v3_0_0_rdfifo_inst/inst_fifo_gen/gconvfifo.rf/grf.rf/gntv_or_sync_fifo.gcx.clkx/gnxpm_cdc.wr_pntr_gc_reg[2]/C
    SLICE_X66Y197        FDCE (Prop_HFF_SLICEL_C_Q)
                                                      0.114     0.114 r  dbg_hub/inst/BSCANID.u_xsdbm_id/CORE_XSDB.UUT_MASTER/U_ICON_INTERFACE/U_CMD6_RD/U_RD_FIFO/SUBCORE_FIFO.xsdbm_v3_0_0_rdfifo_inst/inst_fifo_gen/gconvfifo.rf/grf.rf/gntv_or_sync_fifo.gcx.clkx/gnxpm_cdc.wr_pntr_gc_reg[2]/Q
                         net (fo=1, routed)           0.578     0.692    dbg_hub/inst/BSCANID.u_xsdbm_id/CORE_XSDB.UUT_MASTER/U_ICON_INTERFACE/U_CMD6_RD/U_RD_FIFO/SUBCORE_FIFO.xsdbm_v3_0_0_rdfifo_inst/inst_fifo_gen/gconvfifo.rf/grf.rf/gntv_or_sync_fifo.gcx.clkx/gnxpm_cdc.gsync_stage[1].rd_stg_inst/Q[2]
    SLICE_X66Y197        FDCE                                         r  dbg_hub/inst/BSCANID.u_xsdbm_id/CORE_XSDB.UUT_MASTER/U_ICON_INTERFACE/U_CMD6_RD/U_RD_FIFO/SUBCORE_FIFO.xsdbm_v3_0_0_rdfifo_inst/inst_fifo_gen/gconvfifo.rf/grf.rf/gntv_or_sync_fifo.gcx.clkx/gnxpm_cdc.gsync_stage[1].rd_stg_inst/Q_reg_reg[2]/D
  -------------------------------------------------------------------    -------------------

                         max delay                    3.200     3.200    
    SLICE_X66Y197        FDCE (Setup_DFF2_SLICEL_C_D)
                                                      0.063     3.263    dbg_hub/inst/BSCANID.u_xsdbm_id/CORE_XSDB.UUT_MASTER/U_ICON_INTERFACE/U_CMD6_RD/U_RD_FIFO/SUBCORE_FIFO.xsdbm_v3_0_0_rdfifo_inst/inst_fifo_gen/gconvfifo.rf/grf.rf/gntv_or_sync_fifo.gcx.clkx/gnxpm_cdc.gsync_stage[1].rd_stg_inst/Q_reg_reg[2]
  -------------------------------------------------------------------
                         required time                          3.263    
                         arrival time                          -0.692    
  -------------------------------------------------------------------
                         slack                                  2.571    

Slack (MET) :             2.612ns  (required time - arrival time)
  Source:                 dbg_hub/inst/BSCANID.u_xsdbm_id/CORE_XSDB.UUT_MASTER/U_ICON_INTERFACE/U_CMD6_RD/U_RD_FIFO/SUBCORE_FIFO.xsdbm_v3_0_0_rdfifo_inst/inst_fifo_gen/gconvfifo.rf/grf.rf/gntv_or_sync_fifo.gcx.clkx/gnxpm_cdc.wr_pntr_gc_reg[0]/C
                            (rising edge-triggered cell FDCE clocked by clk_out1_clk_wiz_0  {rise@0.000ns fall@1.600ns period=3.200ns})
  Destination:            dbg_hub/inst/BSCANID.u_xsdbm_id/CORE_XSDB.UUT_MASTER/U_ICON_INTERFACE/U_CMD6_RD/U_RD_FIFO/SUBCORE_FIFO.xsdbm_v3_0_0_rdfifo_inst/inst_fifo_gen/gconvfifo.rf/grf.rf/gntv_or_sync_fifo.gcx.clkx/gnxpm_cdc.gsync_stage[1].rd_stg_inst/Q_reg_reg[0]/D
                            (rising edge-triggered cell FDCE clocked by dbg_hub/inst/BSCANID.u_xsdbm_id/SWITCH_N_EXT_BSCAN.bscan_inst/SERIES7_BSCAN.bscan_inst/TCK  {rise@0.000ns fall@16.500ns period=33.000ns})
  Path Group:             dbg_hub/inst/BSCANID.u_xsdbm_id/SWITCH_N_EXT_BSCAN.bscan_inst/SERIES7_BSCAN.bscan_inst/TCK
  Path Type:              Setup (Max at Slow Process Corner)
  Requirement:            3.200ns  (MaxDelay Path 3.200ns)
  Data Path Delay:        0.649ns  (logic 0.114ns (17.565%)  route 0.535ns (82.435%))
  Logic Levels:           0  
  Timing Exception:       MaxDelay Path 3.200ns -datapath_only

    Location             Delay type                Incr(ns)  Path(ns)    Netlist Resource(s)
  -------------------------------------------------------------------    -------------------
    SLICE_X68Y196                                     0.000     0.000 r  dbg_hub/inst/BSCANID.u_xsdbm_id/CORE_XSDB.UUT_MASTER/U_ICON_INTERFACE/U_CMD6_RD/U_RD_FIFO/SUBCORE_FIFO.xsdbm_v3_0_0_rdfifo_inst/inst_fifo_gen/gconvfifo.rf/grf.rf/gntv_or_sync_fifo.gcx.clkx/gnxpm_cdc.wr_pntr_gc_reg[0]/C
    SLICE_X68Y196        FDCE (Prop_HFF_SLICEL_C_Q)
                                                      0.114     0.114 r  dbg_hub/inst/BSCANID.u_xsdbm_id/CORE_XSDB.UUT_MASTER/U_ICON_INTERFACE/U_CMD6_RD/U_RD_FIFO/SUBCORE_FIFO.xsdbm_v3_0_0_rdfifo_inst/inst_fifo_gen/gconvfifo.rf/grf.rf/gntv_or_sync_fifo.gcx.clkx/gnxpm_cdc.wr_pntr_gc_reg[0]/Q
                         net (fo=1, routed)           0.535     0.649    dbg_hub/inst/BSCANID.u_xsdbm_id/CORE_XSDB.UUT_MASTER/U_ICON_INTERFACE/U_CMD6_RD/U_RD_FIFO/SUBCORE_FIFO.xsdbm_v3_0_0_rdfifo_inst/inst_fifo_gen/gconvfifo.rf/grf.rf/gntv_or_sync_fifo.gcx.clkx/gnxpm_cdc.gsync_stage[1].rd_stg_inst/Q[0]
    SLICE_X67Y196        FDCE                                         r  dbg_hub/inst/BSCANID.u_xsdbm_id/CORE_XSDB.UUT_MASTER/U_ICON_INTERFACE/U_CMD6_RD/U_RD_FIFO/SUBCORE_FIFO.xsdbm_v3_0_0_rdfifo_inst/inst_fifo_gen/gconvfifo.rf/grf.rf/gntv_or_sync_fifo.gcx.clkx/gnxpm_cdc.gsync_stage[1].rd_stg_inst/Q_reg_reg[0]/D
  -------------------------------------------------------------------    -------------------

                         max delay                    3.200     3.200    
    SLICE_X67Y196        FDCE (Setup_GFF2_SLICEM_C_D)
                                                      0.061     3.261    dbg_hub/inst/BSCANID.u_xsdbm_id/CORE_XSDB.UUT_MASTER/U_ICON_INTERFACE/U_CMD6_RD/U_RD_FIFO/SUBCORE_FIFO.xsdbm_v3_0_0_rdfifo_inst/inst_fifo_gen/gconvfifo.rf/grf.rf/gntv_or_sync_fifo.gcx.clkx/gnxpm_cdc.gsync_stage[1].rd_stg_inst/Q_reg_reg[0]
  -------------------------------------------------------------------
                         required time                          3.261    
                         arrival time                          -0.649    
  -------------------------------------------------------------------
                         slack                                  2.612    

Slack (MET) :             2.612ns  (required time - arrival time)
  Source:                 dbg_hub/inst/BSCANID.u_xsdbm_id/CORE_XSDB.UUT_MASTER/U_ICON_INTERFACE/U_CMD6_WR/U_WR_FIFO/SUBCORE_FIFO.xsdbm_v3_0_0_wrfifo_inst/inst_fifo_gen/gconvfifo.rf/grf.rf/gntv_or_sync_fifo.gcx.clkx/gnxpm_cdc.rd_pntr_gc_reg[1]/C
                            (rising edge-triggered cell FDCE clocked by clk_out1_clk_wiz_0  {rise@0.000ns fall@1.600ns period=3.200ns})
  Destination:            dbg_hub/inst/BSCANID.u_xsdbm_id/CORE_XSDB.UUT_MASTER/U_ICON_INTERFACE/U_CMD6_WR/U_WR_FIFO/SUBCORE_FIFO.xsdbm_v3_0_0_wrfifo_inst/inst_fifo_gen/gconvfifo.rf/grf.rf/gntv_or_sync_fifo.gcx.clkx/gnxpm_cdc.gsync_stage[1].wr_stg_inst/Q_reg_reg[1]/D
                            (rising edge-triggered cell FDCE clocked by dbg_hub/inst/BSCANID.u_xsdbm_id/SWITCH_N_EXT_BSCAN.bscan_inst/SERIES7_BSCAN.bscan_inst/TCK  {rise@0.000ns fall@16.500ns period=33.000ns})
  Path Group:             dbg_hub/inst/BSCANID.u_xsdbm_id/SWITCH_N_EXT_BSCAN.bscan_inst/SERIES7_BSCAN.bscan_inst/TCK
  Path Type:              Setup (Max at Slow Process Corner)
  Requirement:            3.200ns  (MaxDelay Path 3.200ns)
  Data Path Delay:        0.651ns  (logic 0.117ns (17.972%)  route 0.534ns (82.028%))
  Logic Levels:           0  
  Timing Exception:       MaxDelay Path 3.200ns -datapath_only

    Location             Delay type                Incr(ns)  Path(ns)    Netlist Resource(s)
  -------------------------------------------------------------------    -------------------
    SLICE_X66Y191                                     0.000     0.000 r  dbg_hub/inst/BSCANID.u_xsdbm_id/CORE_XSDB.UUT_MASTER/U_ICON_INTERFACE/U_CMD6_WR/U_WR_FIFO/SUBCORE_FIFO.xsdbm_v3_0_0_wrfifo_inst/inst_fifo_gen/gconvfifo.rf/grf.rf/gntv_or_sync_fifo.gcx.clkx/gnxpm_cdc.rd_pntr_gc_reg[1]/C
    SLICE_X66Y191        FDCE (Prop_HFF2_SLICEL_C_Q)
                                                      0.117     0.117 r  dbg_hub/inst/BSCANID.u_xsdbm_id/CORE_XSDB.UUT_MASTER/U_ICON_INTERFACE/U_CMD6_WR/U_WR_FIFO/SUBCORE_FIFO.xsdbm_v3_0_0_wrfifo_inst/inst_fifo_gen/gconvfifo.rf/grf.rf/gntv_or_sync_fifo.gcx.clkx/gnxpm_cdc.rd_pntr_gc_reg[1]/Q
                         net (fo=1, routed)           0.534     0.651    dbg_hub/inst/BSCANID.u_xsdbm_id/CORE_XSDB.UUT_MASTER/U_ICON_INTERFACE/U_CMD6_WR/U_WR_FIFO/SUBCORE_FIFO.xsdbm_v3_0_0_wrfifo_inst/inst_fifo_gen/gconvfifo.rf/grf.rf/gntv_or_sync_fifo.gcx.clkx/gnxpm_cdc.gsync_stage[1].wr_stg_inst/Q[1]
    SLICE_X66Y190        FDCE                                         r  dbg_hub/inst/BSCANID.u_xsdbm_id/CORE_XSDB.UUT_MASTER/U_ICON_INTERFACE/U_CMD6_WR/U_WR_FIFO/SUBCORE_FIFO.xsdbm_v3_0_0_wrfifo_inst/inst_fifo_gen/gconvfifo.rf/grf.rf/gntv_or_sync_fifo.gcx.clkx/gnxpm_cdc.gsync_stage[1].wr_stg_inst/Q_reg_reg[1]/D
  -------------------------------------------------------------------    -------------------

                         max delay                    3.200     3.200    
    SLICE_X66Y190        FDCE (Setup_DFF2_SLICEL_C_D)
                                                      0.063     3.263    dbg_hub/inst/BSCANID.u_xsdbm_id/CORE_XSDB.UUT_MASTER/U_ICON_INTERFACE/U_CMD6_WR/U_WR_FIFO/SUBCORE_FIFO.xsdbm_v3_0_0_wrfifo_inst/inst_fifo_gen/gconvfifo.rf/grf.rf/gntv_or_sync_fifo.gcx.clkx/gnxpm_cdc.gsync_stage[1].wr_stg_inst/Q_reg_reg[1]
  -------------------------------------------------------------------
                         required time                          3.263    
                         arrival time                          -0.651    
  -------------------------------------------------------------------
                         slack                                  2.612    

Slack (MET) :             2.641ns  (required time - arrival time)
  Source:                 dbg_hub/inst/BSCANID.u_xsdbm_id/CORE_XSDB.UUT_MASTER/U_ICON_INTERFACE/U_CMD6_WR/U_WR_FIFO/SUBCORE_FIFO.xsdbm_v3_0_0_wrfifo_inst/inst_fifo_gen/gconvfifo.rf/grf.rf/gntv_or_sync_fifo.gcx.clkx/gnxpm_cdc.rd_pntr_gc_reg[3]/C
                            (rising edge-triggered cell FDCE clocked by clk_out1_clk_wiz_0  {rise@0.000ns fall@1.600ns period=3.200ns})
  Destination:            dbg_hub/inst/BSCANID.u_xsdbm_id/CORE_XSDB.UUT_MASTER/U_ICON_INTERFACE/U_CMD6_WR/U_WR_FIFO/SUBCORE_FIFO.xsdbm_v3_0_0_wrfifo_inst/inst_fifo_gen/gconvfifo.rf/grf.rf/gntv_or_sync_fifo.gcx.clkx/gnxpm_cdc.gsync_stage[1].wr_stg_inst/Q_reg_reg[3]/D
                            (rising edge-triggered cell FDCE clocked by dbg_hub/inst/BSCANID.u_xsdbm_id/SWITCH_N_EXT_BSCAN.bscan_inst/SERIES7_BSCAN.bscan_inst/TCK  {rise@0.000ns fall@16.500ns period=33.000ns})
  Path Group:             dbg_hub/inst/BSCANID.u_xsdbm_id/SWITCH_N_EXT_BSCAN.bscan_inst/SERIES7_BSCAN.bscan_inst/TCK
  Path Type:              Setup (Max at Slow Process Corner)
  Requirement:            3.200ns  (MaxDelay Path 3.200ns)
  Data Path Delay:        0.621ns  (logic 0.114ns (18.357%)  route 0.507ns (81.643%))
  Logic Levels:           0  
  Timing Exception:       MaxDelay Path 3.200ns -datapath_only

    Location             Delay type                Incr(ns)  Path(ns)    Netlist Resource(s)
  -------------------------------------------------------------------    -------------------
    SLICE_X66Y191                                     0.000     0.000 r  dbg_hub/inst/BSCANID.u_xsdbm_id/CORE_XSDB.UUT_MASTER/U_ICON_INTERFACE/U_CMD6_WR/U_WR_FIFO/SUBCORE_FIFO.xsdbm_v3_0_0_wrfifo_inst/inst_fifo_gen/gconvfifo.rf/grf.rf/gntv_or_sync_fifo.gcx.clkx/gnxpm_cdc.rd_pntr_gc_reg[3]/C
    SLICE_X66Y191        FDCE (Prop_FFF_SLICEL_C_Q)
                                                      0.114     0.114 r  dbg_hub/inst/BSCANID.u_xsdbm_id/CORE_XSDB.UUT_MASTER/U_ICON_INTERFACE/U_CMD6_WR/U_WR_FIFO/SUBCORE_FIFO.xsdbm_v3_0_0_wrfifo_inst/inst_fifo_gen/gconvfifo.rf/grf.rf/gntv_or_sync_fifo.gcx.clkx/gnxpm_cdc.rd_pntr_gc_reg[3]/Q
                         net (fo=1, routed)           0.507     0.621    dbg_hub/inst/BSCANID.u_xsdbm_id/CORE_XSDB.UUT_MASTER/U_ICON_INTERFACE/U_CMD6_WR/U_WR_FIFO/SUBCORE_FIFO.xsdbm_v3_0_0_wrfifo_inst/inst_fifo_gen/gconvfifo.rf/grf.rf/gntv_or_sync_fifo.gcx.clkx/gnxpm_cdc.gsync_stage[1].wr_stg_inst/Q[3]
    SLICE_X66Y191        FDCE                                         r  dbg_hub/inst/BSCANID.u_xsdbm_id/CORE_XSDB.UUT_MASTER/U_ICON_INTERFACE/U_CMD6_WR/U_WR_FIFO/SUBCORE_FIFO.xsdbm_v3_0_0_wrfifo_inst/inst_fifo_gen/gconvfifo.rf/grf.rf/gntv_or_sync_fifo.gcx.clkx/gnxpm_cdc.gsync_stage[1].wr_stg_inst/Q_reg_reg[3]/D
  -------------------------------------------------------------------    -------------------

                         max delay                    3.200     3.200    
    SLICE_X66Y191        FDCE (Setup_CFF2_SLICEL_C_D)
                                                      0.062     3.262    dbg_hub/inst/BSCANID.u_xsdbm_id/CORE_XSDB.UUT_MASTER/U_ICON_INTERFACE/U_CMD6_WR/U_WR_FIFO/SUBCORE_FIFO.xsdbm_v3_0_0_wrfifo_inst/inst_fifo_gen/gconvfifo.rf/grf.rf/gntv_or_sync_fifo.gcx.clkx/gnxpm_cdc.gsync_stage[1].wr_stg_inst/Q_reg_reg[3]
  -------------------------------------------------------------------
                         required time                          3.262    
                         arrival time                          -0.621    
  -------------------------------------------------------------------
                         slack                                  2.641    





---------------------------------------------------------------------------------------------------
Path Group:  **async_default**
From Clock:  clk_out1_clk_wiz_0
  To Clock:  clk_out1_clk_wiz_0

Setup :            0  Failing Endpoints,  Worst Slack        1.608ns,  Total Violation        0.000ns
Hold  :            0  Failing Endpoints,  Worst Slack        0.136ns,  Total Violation        0.000ns
---------------------------------------------------------------------------------------------------


Max Delay Paths
--------------------------------------------------------------------------------------
Slack (MET) :             1.608ns  (required time - arrival time)
  Source:                 dbg_hub/inst/BSCANID.u_xsdbm_id/CORE_XSDB.UUT_MASTER/U_ICON_INTERFACE/U_CMD1/ctl_reg_reg[0]/C
                            (rising edge-triggered cell FDRE clocked by clk_out1_clk_wiz_0  {rise@0.000ns fall@1.600ns period=3.200ns})
  Destination:            dbg_hub/inst/BSCANID.u_xsdbm_id/CORE_XSDB.UUT_MASTER/U_XSDB_BUS_CONTROLLER/FSM_onehot_current_state_reg[12]/CLR
                            (recovery check against rising-edge clock clk_out1_clk_wiz_0  {rise@0.000ns fall@1.600ns period=3.200ns})
  Path Group:             **async_default**
  Path Type:              Recovery (Max at Slow Process Corner)
  Requirement:            3.200ns  (clk_out1_clk_wiz_0 rise@3.200ns - clk_out1_clk_wiz_0 rise@0.000ns)
  Data Path Delay:        1.317ns  (logic 0.114ns (8.656%)  route 1.203ns (91.344%))
  Logic Levels:           0  
  Clock Path Skew:        -0.098ns (DCD - SCD + CPR)
    Destination Clock Delay (DCD):    4.189ns = ( 7.389 - 3.200 ) 
    Source Clock Delay      (SCD):    4.099ns
    Clock Pessimism Removal (CPR):    -0.188ns
  Clock Uncertainty:      0.095ns  ((TSJ^2 + DJ^2)^1/2) / 2 + PE
    Total System Jitter     (TSJ):    0.071ns
    Discrete Jitter          (DJ):    0.176ns
    Phase Error              (PE):    0.000ns
  Clock Net Delay (Source):      2.690ns (routing 0.921ns, distribution 1.769ns)
  Clock Net Delay (Destination): 2.374ns (routing 0.846ns, distribution 1.528ns)

    Location             Delay type                Incr(ns)  Path(ns)    Netlist Resource(s)
  -------------------------------------------------------------------    -------------------
                         (clock clk_out1_clk_wiz_0 rise edge)
                                                      0.000     0.000 r  
    BUFGCE_X1Y24         BUFGCE                       0.000     0.000 r  sys_clk_BUFGCE_inst/O
                         net (fo=1, routed)           1.010     1.010    clk_wiz_0_inst/inst/clk_in1
    MMCME3_ADV_X1Y1      MMCME3_ADV (Prop_MMCME3_ADV_CLKIN1_CLKOUT0)
                                                     -0.121     0.889 r  clk_wiz_0_inst/inst/mmcme3_adv_inst/CLKOUT0
                         net (fo=1, routed)           0.437     1.326    clk_wiz_0_inst/inst/clk_out1_clk_wiz_0
    BUFGCE_X1Y25         BUFGCE (Prop_BUFCE_BUFGCE_I_O)
                                                      0.083     1.409 r  clk_wiz_0_inst/inst/clkout1_buf/O
    X1Y2 (CLOCK_ROOT)    net (fo=1528, routed)        2.690     4.099    dbg_hub/inst/BSCANID.u_xsdbm_id/CORE_XSDB.UUT_MASTER/U_ICON_INTERFACE/U_CMD1/clk
    SLICE_X71Y196        FDRE                                         r  dbg_hub/inst/BSCANID.u_xsdbm_id/CORE_XSDB.UUT_MASTER/U_ICON_INTERFACE/U_CMD1/ctl_reg_reg[0]/C
  -------------------------------------------------------------------    -------------------
    SLICE_X71Y196        FDRE (Prop_EFF_SLICEM_C_Q)
                                                      0.114     4.213 f  dbg_hub/inst/BSCANID.u_xsdbm_id/CORE_XSDB.UUT_MASTER/U_ICON_INTERFACE/U_CMD1/ctl_reg_reg[0]/Q
                         net (fo=176, routed)         1.203     5.416    dbg_hub/inst/BSCANID.u_xsdbm_id/CORE_XSDB.UUT_MASTER/U_XSDB_BUS_CONTROLLER/out[0]
    SLICE_X72Y197        FDCE                                         f  dbg_hub/inst/BSCANID.u_xsdbm_id/CORE_XSDB.UUT_MASTER/U_XSDB_BUS_CONTROLLER/FSM_onehot_current_state_reg[12]/CLR
  -------------------------------------------------------------------    -------------------

                         (clock clk_out1_clk_wiz_0 rise edge)
                                                      3.200     3.200 r  
    BUFGCE_X1Y24         BUFGCE                       0.000     3.200 r  sys_clk_BUFGCE_inst/O
                         net (fo=1, routed)           0.923     4.123    clk_wiz_0_inst/inst/clk_in1
    MMCME3_ADV_X1Y1      MMCME3_ADV (Prop_MMCME3_ADV_CLKIN1_CLKOUT0)
                                                      0.445     4.568 r  clk_wiz_0_inst/inst/mmcme3_adv_inst/CLKOUT0
                         net (fo=1, routed)           0.372     4.940    clk_wiz_0_inst/inst/clk_out1_clk_wiz_0
    BUFGCE_X1Y25         BUFGCE (Prop_BUFCE_BUFGCE_I_O)
                                                      0.075     5.015 r  clk_wiz_0_inst/inst/clkout1_buf/O
    X1Y2 (CLOCK_ROOT)    net (fo=1528, routed)        2.374     7.389    dbg_hub/inst/BSCANID.u_xsdbm_id/CORE_XSDB.UUT_MASTER/U_XSDB_BUS_CONTROLLER/clk
    SLICE_X72Y197        FDCE                                         r  dbg_hub/inst/BSCANID.u_xsdbm_id/CORE_XSDB.UUT_MASTER/U_XSDB_BUS_CONTROLLER/FSM_onehot_current_state_reg[12]/C
                         clock pessimism             -0.188     7.201    
                         clock uncertainty           -0.095     7.106    
    SLICE_X72Y197        FDCE (Recov_EFF_SLICEL_C_CLR)
                                                     -0.082     7.024    dbg_hub/inst/BSCANID.u_xsdbm_id/CORE_XSDB.UUT_MASTER/U_XSDB_BUS_CONTROLLER/FSM_onehot_current_state_reg[12]
  -------------------------------------------------------------------
                         required time                          7.024    
                         arrival time                          -5.416    
  -------------------------------------------------------------------
                         slack                                  1.608    

Slack (MET) :             1.608ns  (required time - arrival time)
  Source:                 dbg_hub/inst/BSCANID.u_xsdbm_id/CORE_XSDB.UUT_MASTER/U_ICON_INTERFACE/U_CMD1/ctl_reg_reg[0]/C
                            (rising edge-triggered cell FDRE clocked by clk_out1_clk_wiz_0  {rise@0.000ns fall@1.600ns period=3.200ns})
  Destination:            dbg_hub/inst/BSCANID.u_xsdbm_id/CORE_XSDB.UUT_MASTER/U_XSDB_BUS_CONTROLLER/FSM_onehot_current_state_reg[6]/CLR
                            (recovery check against rising-edge clock clk_out1_clk_wiz_0  {rise@0.000ns fall@1.600ns period=3.200ns})
  Path Group:             **async_default**
  Path Type:              Recovery (Max at Slow Process Corner)
  Requirement:            3.200ns  (clk_out1_clk_wiz_0 rise@3.200ns - clk_out1_clk_wiz_0 rise@0.000ns)
  Data Path Delay:        1.317ns  (logic 0.114ns (8.656%)  route 1.203ns (91.344%))
  Logic Levels:           0  
  Clock Path Skew:        -0.098ns (DCD - SCD + CPR)
    Destination Clock Delay (DCD):    4.189ns = ( 7.389 - 3.200 ) 
    Source Clock Delay      (SCD):    4.099ns
    Clock Pessimism Removal (CPR):    -0.188ns
  Clock Uncertainty:      0.095ns  ((TSJ^2 + DJ^2)^1/2) / 2 + PE
    Total System Jitter     (TSJ):    0.071ns
    Discrete Jitter          (DJ):    0.176ns
    Phase Error              (PE):    0.000ns
  Clock Net Delay (Source):      2.690ns (routing 0.921ns, distribution 1.769ns)
  Clock Net Delay (Destination): 2.374ns (routing 0.846ns, distribution 1.528ns)

    Location             Delay type                Incr(ns)  Path(ns)    Netlist Resource(s)
  -------------------------------------------------------------------    -------------------
                         (clock clk_out1_clk_wiz_0 rise edge)
                                                      0.000     0.000 r  
    BUFGCE_X1Y24         BUFGCE                       0.000     0.000 r  sys_clk_BUFGCE_inst/O
                         net (fo=1, routed)           1.010     1.010    clk_wiz_0_inst/inst/clk_in1
    MMCME3_ADV_X1Y1      MMCME3_ADV (Prop_MMCME3_ADV_CLKIN1_CLKOUT0)
                                                     -0.121     0.889 r  clk_wiz_0_inst/inst/mmcme3_adv_inst/CLKOUT0
                         net (fo=1, routed)           0.437     1.326    clk_wiz_0_inst/inst/clk_out1_clk_wiz_0
    BUFGCE_X1Y25         BUFGCE (Prop_BUFCE_BUFGCE_I_O)
                                                      0.083     1.409 r  clk_wiz_0_inst/inst/clkout1_buf/O
    X1Y2 (CLOCK_ROOT)    net (fo=1528, routed)        2.690     4.099    dbg_hub/inst/BSCANID.u_xsdbm_id/CORE_XSDB.UUT_MASTER/U_ICON_INTERFACE/U_CMD1/clk
    SLICE_X71Y196        FDRE                                         r  dbg_hub/inst/BSCANID.u_xsdbm_id/CORE_XSDB.UUT_MASTER/U_ICON_INTERFACE/U_CMD1/ctl_reg_reg[0]/C
  -------------------------------------------------------------------    -------------------
    SLICE_X71Y196        FDRE (Prop_EFF_SLICEM_C_Q)
                                                      0.114     4.213 f  dbg_hub/inst/BSCANID.u_xsdbm_id/CORE_XSDB.UUT_MASTER/U_ICON_INTERFACE/U_CMD1/ctl_reg_reg[0]/Q
                         net (fo=176, routed)         1.203     5.416    dbg_hub/inst/BSCANID.u_xsdbm_id/CORE_XSDB.UUT_MASTER/U_XSDB_BUS_CONTROLLER/out[0]
    SLICE_X72Y197        FDCE                                         f  dbg_hub/inst/BSCANID.u_xsdbm_id/CORE_XSDB.UUT_MASTER/U_XSDB_BUS_CONTROLLER/FSM_onehot_current_state_reg[6]/CLR
  -------------------------------------------------------------------    -------------------

                         (clock clk_out1_clk_wiz_0 rise edge)
                                                      3.200     3.200 r  
    BUFGCE_X1Y24         BUFGCE                       0.000     3.200 r  sys_clk_BUFGCE_inst/O
                         net (fo=1, routed)           0.923     4.123    clk_wiz_0_inst/inst/clk_in1
    MMCME3_ADV_X1Y1      MMCME3_ADV (Prop_MMCME3_ADV_CLKIN1_CLKOUT0)
                                                      0.445     4.568 r  clk_wiz_0_inst/inst/mmcme3_adv_inst/CLKOUT0
                         net (fo=1, routed)           0.372     4.940    clk_wiz_0_inst/inst/clk_out1_clk_wiz_0
    BUFGCE_X1Y25         BUFGCE (Prop_BUFCE_BUFGCE_I_O)
                                                      0.075     5.015 r  clk_wiz_0_inst/inst/clkout1_buf/O
    X1Y2 (CLOCK_ROOT)    net (fo=1528, routed)        2.374     7.389    dbg_hub/inst/BSCANID.u_xsdbm_id/CORE_XSDB.UUT_MASTER/U_XSDB_BUS_CONTROLLER/clk
    SLICE_X72Y197        FDCE                                         r  dbg_hub/inst/BSCANID.u_xsdbm_id/CORE_XSDB.UUT_MASTER/U_XSDB_BUS_CONTROLLER/FSM_onehot_current_state_reg[6]/C
                         clock pessimism             -0.188     7.201    
                         clock uncertainty           -0.095     7.106    
    SLICE_X72Y197        FDCE (Recov_EFF2_SLICEL_C_CLR)
                                                     -0.082     7.024    dbg_hub/inst/BSCANID.u_xsdbm_id/CORE_XSDB.UUT_MASTER/U_XSDB_BUS_CONTROLLER/FSM_onehot_current_state_reg[6]
  -------------------------------------------------------------------
                         required time                          7.024    
                         arrival time                          -5.416    
  -------------------------------------------------------------------
                         slack                                  1.608    

Slack (MET) :             1.608ns  (required time - arrival time)
  Source:                 dbg_hub/inst/BSCANID.u_xsdbm_id/CORE_XSDB.UUT_MASTER/U_ICON_INTERFACE/U_CMD1/ctl_reg_reg[0]/C
                            (rising edge-triggered cell FDRE clocked by clk_out1_clk_wiz_0  {rise@0.000ns fall@1.600ns period=3.200ns})
  Destination:            dbg_hub/inst/BSCANID.u_xsdbm_id/CORE_XSDB.UUT_MASTER/U_XSDB_BUS_CONTROLLER/in_idle_mode_reg/CLR
                            (recovery check against rising-edge clock clk_out1_clk_wiz_0  {rise@0.000ns fall@1.600ns period=3.200ns})
  Path Group:             **async_default**
  Path Type:              Recovery (Max at Slow Process Corner)
  Requirement:            3.200ns  (clk_out1_clk_wiz_0 rise@3.200ns - clk_out1_clk_wiz_0 rise@0.000ns)
  Data Path Delay:        1.317ns  (logic 0.114ns (8.656%)  route 1.203ns (91.344%))
  Logic Levels:           0  
  Clock Path Skew:        -0.098ns (DCD - SCD + CPR)
    Destination Clock Delay (DCD):    4.189ns = ( 7.389 - 3.200 ) 
    Source Clock Delay      (SCD):    4.099ns
    Clock Pessimism Removal (CPR):    -0.188ns
  Clock Uncertainty:      0.095ns  ((TSJ^2 + DJ^2)^1/2) / 2 + PE
    Total System Jitter     (TSJ):    0.071ns
    Discrete Jitter          (DJ):    0.176ns
    Phase Error              (PE):    0.000ns
  Clock Net Delay (Source):      2.690ns (routing 0.921ns, distribution 1.769ns)
  Clock Net Delay (Destination): 2.374ns (routing 0.846ns, distribution 1.528ns)

    Location             Delay type                Incr(ns)  Path(ns)    Netlist Resource(s)
  -------------------------------------------------------------------    -------------------
                         (clock clk_out1_clk_wiz_0 rise edge)
                                                      0.000     0.000 r  
    BUFGCE_X1Y24         BUFGCE                       0.000     0.000 r  sys_clk_BUFGCE_inst/O
                         net (fo=1, routed)           1.010     1.010    clk_wiz_0_inst/inst/clk_in1
    MMCME3_ADV_X1Y1      MMCME3_ADV (Prop_MMCME3_ADV_CLKIN1_CLKOUT0)
                                                     -0.121     0.889 r  clk_wiz_0_inst/inst/mmcme3_adv_inst/CLKOUT0
                         net (fo=1, routed)           0.437     1.326    clk_wiz_0_inst/inst/clk_out1_clk_wiz_0
    BUFGCE_X1Y25         BUFGCE (Prop_BUFCE_BUFGCE_I_O)
                                                      0.083     1.409 r  clk_wiz_0_inst/inst/clkout1_buf/O
    X1Y2 (CLOCK_ROOT)    net (fo=1528, routed)        2.690     4.099    dbg_hub/inst/BSCANID.u_xsdbm_id/CORE_XSDB.UUT_MASTER/U_ICON_INTERFACE/U_CMD1/clk
    SLICE_X71Y196        FDRE                                         r  dbg_hub/inst/BSCANID.u_xsdbm_id/CORE_XSDB.UUT_MASTER/U_ICON_INTERFACE/U_CMD1/ctl_reg_reg[0]/C
  -------------------------------------------------------------------    -------------------
    SLICE_X71Y196        FDRE (Prop_EFF_SLICEM_C_Q)
                                                      0.114     4.213 f  dbg_hub/inst/BSCANID.u_xsdbm_id/CORE_XSDB.UUT_MASTER/U_ICON_INTERFACE/U_CMD1/ctl_reg_reg[0]/Q
                         net (fo=176, routed)         1.203     5.416    dbg_hub/inst/BSCANID.u_xsdbm_id/CORE_XSDB.UUT_MASTER/U_XSDB_BUS_CONTROLLER/out[0]
    SLICE_X72Y197        FDCE                                         f  dbg_hub/inst/BSCANID.u_xsdbm_id/CORE_XSDB.UUT_MASTER/U_XSDB_BUS_CONTROLLER/in_idle_mode_reg/CLR
  -------------------------------------------------------------------    -------------------

                         (clock clk_out1_clk_wiz_0 rise edge)
                                                      3.200     3.200 r  
    BUFGCE_X1Y24         BUFGCE                       0.000     3.200 r  sys_clk_BUFGCE_inst/O
                         net (fo=1, routed)           0.923     4.123    clk_wiz_0_inst/inst/clk_in1
    MMCME3_ADV_X1Y1      MMCME3_ADV (Prop_MMCME3_ADV_CLKIN1_CLKOUT0)
                                                      0.445     4.568 r  clk_wiz_0_inst/inst/mmcme3_adv_inst/CLKOUT0
                         net (fo=1, routed)           0.372     4.940    clk_wiz_0_inst/inst/clk_out1_clk_wiz_0
    BUFGCE_X1Y25         BUFGCE (Prop_BUFCE_BUFGCE_I_O)
                                                      0.075     5.015 r  clk_wiz_0_inst/inst/clkout1_buf/O
    X1Y2 (CLOCK_ROOT)    net (fo=1528, routed)        2.374     7.389    dbg_hub/inst/BSCANID.u_xsdbm_id/CORE_XSDB.UUT_MASTER/U_XSDB_BUS_CONTROLLER/clk
    SLICE_X72Y197        FDCE                                         r  dbg_hub/inst/BSCANID.u_xsdbm_id/CORE_XSDB.UUT_MASTER/U_XSDB_BUS_CONTROLLER/in_idle_mode_reg/C
                         clock pessimism             -0.188     7.201    
                         clock uncertainty           -0.095     7.106    
    SLICE_X72Y197        FDCE (Recov_HFF_SLICEL_C_CLR)
                                                     -0.082     7.024    dbg_hub/inst/BSCANID.u_xsdbm_id/CORE_XSDB.UUT_MASTER/U_XSDB_BUS_CONTROLLER/in_idle_mode_reg
  -------------------------------------------------------------------
                         required time                          7.024    
                         arrival time                          -5.416    
  -------------------------------------------------------------------
                         slack                                  1.608    

Slack (MET) :             1.734ns  (required time - arrival time)
  Source:                 dbg_hub/inst/BSCANID.u_xsdbm_id/CORE_XSDB.UUT_MASTER/U_ICON_INTERFACE/U_CMD1/ctl_reg_reg[0]/C
                            (rising edge-triggered cell FDRE clocked by clk_out1_clk_wiz_0  {rise@0.000ns fall@1.600ns period=3.200ns})
  Destination:            dbg_hub/inst/BSCANID.u_xsdbm_id/CORE_XSDB.UUT_MASTER/U_XSDB_BUS_CONTROLLER/FSM_onehot_current_state_reg[13]/CLR
                            (recovery check against rising-edge clock clk_out1_clk_wiz_0  {rise@0.000ns fall@1.600ns period=3.200ns})
  Path Group:             **async_default**
  Path Type:              Recovery (Max at Slow Process Corner)
  Requirement:            3.200ns  (clk_out1_clk_wiz_0 rise@3.200ns - clk_out1_clk_wiz_0 rise@0.000ns)
  Data Path Delay:        1.211ns  (logic 0.114ns (9.414%)  route 1.097ns (90.586%))
  Logic Levels:           0  
  Clock Path Skew:        -0.078ns (DCD - SCD + CPR)
    Destination Clock Delay (DCD):    4.210ns = ( 7.410 - 3.200 ) 
    Source Clock Delay      (SCD):    4.099ns
    Clock Pessimism Removal (CPR):    -0.189ns
  Clock Uncertainty:      0.095ns  ((TSJ^2 + DJ^2)^1/2) / 2 + PE
    Total System Jitter     (TSJ):    0.071ns
    Discrete Jitter          (DJ):    0.176ns
    Phase Error              (PE):    0.000ns
  Clock Net Delay (Source):      2.690ns (routing 0.921ns, distribution 1.769ns)
  Clock Net Delay (Destination): 2.395ns (routing 0.846ns, distribution 1.549ns)

    Location             Delay type                Incr(ns)  Path(ns)    Netlist Resource(s)
  -------------------------------------------------------------------    -------------------
                         (clock clk_out1_clk_wiz_0 rise edge)
                                                      0.000     0.000 r  
    BUFGCE_X1Y24         BUFGCE                       0.000     0.000 r  sys_clk_BUFGCE_inst/O
                         net (fo=1, routed)           1.010     1.010    clk_wiz_0_inst/inst/clk_in1
    MMCME3_ADV_X1Y1      MMCME3_ADV (Prop_MMCME3_ADV_CLKIN1_CLKOUT0)
                                                     -0.121     0.889 r  clk_wiz_0_inst/inst/mmcme3_adv_inst/CLKOUT0
                         net (fo=1, routed)           0.437     1.326    clk_wiz_0_inst/inst/clk_out1_clk_wiz_0
    BUFGCE_X1Y25         BUFGCE (Prop_BUFCE_BUFGCE_I_O)
                                                      0.083     1.409 r  clk_wiz_0_inst/inst/clkout1_buf/O
    X1Y2 (CLOCK_ROOT)    net (fo=1528, routed)        2.690     4.099    dbg_hub/inst/BSCANID.u_xsdbm_id/CORE_XSDB.UUT_MASTER/U_ICON_INTERFACE/U_CMD1/clk
    SLICE_X71Y196        FDRE                                         r  dbg_hub/inst/BSCANID.u_xsdbm_id/CORE_XSDB.UUT_MASTER/U_ICON_INTERFACE/U_CMD1/ctl_reg_reg[0]/C
  -------------------------------------------------------------------    -------------------
    SLICE_X71Y196        FDRE (Prop_EFF_SLICEM_C_Q)
                                                      0.114     4.213 f  dbg_hub/inst/BSCANID.u_xsdbm_id/CORE_XSDB.UUT_MASTER/U_ICON_INTERFACE/U_CMD1/ctl_reg_reg[0]/Q
                         net (fo=176, routed)         1.097     5.310    dbg_hub/inst/BSCANID.u_xsdbm_id/CORE_XSDB.UUT_MASTER/U_XSDB_BUS_CONTROLLER/out[0]
    SLICE_X71Y195        FDCE                                         f  dbg_hub/inst/BSCANID.u_xsdbm_id/CORE_XSDB.UUT_MASTER/U_XSDB_BUS_CONTROLLER/FSM_onehot_current_state_reg[13]/CLR
  -------------------------------------------------------------------    -------------------

                         (clock clk_out1_clk_wiz_0 rise edge)
                                                      3.200     3.200 r  
    BUFGCE_X1Y24         BUFGCE                       0.000     3.200 r  sys_clk_BUFGCE_inst/O
                         net (fo=1, routed)           0.923     4.123    clk_wiz_0_inst/inst/clk_in1
    MMCME3_ADV_X1Y1      MMCME3_ADV (Prop_MMCME3_ADV_CLKIN1_CLKOUT0)
                                                      0.445     4.568 r  clk_wiz_0_inst/inst/mmcme3_adv_inst/CLKOUT0
                         net (fo=1, routed)           0.372     4.940    clk_wiz_0_inst/inst/clk_out1_clk_wiz_0
    BUFGCE_X1Y25         BUFGCE (Prop_BUFCE_BUFGCE_I_O)
                                                      0.075     5.015 r  clk_wiz_0_inst/inst/clkout1_buf/O
    X1Y2 (CLOCK_ROOT)    net (fo=1528, routed)        2.395     7.410    dbg_hub/inst/BSCANID.u_xsdbm_id/CORE_XSDB.UUT_MASTER/U_XSDB_BUS_CONTROLLER/clk
    SLICE_X71Y195        FDCE                                         r  dbg_hub/inst/BSCANID.u_xsdbm_id/CORE_XSDB.UUT_MASTER/U_XSDB_BUS_CONTROLLER/FSM_onehot_current_state_reg[13]/C
                         clock pessimism             -0.189     7.221    
                         clock uncertainty           -0.095     7.126    
    SLICE_X71Y195        FDCE (Recov_CFF_SLICEM_C_CLR)
                                                     -0.082     7.044    dbg_hub/inst/BSCANID.u_xsdbm_id/CORE_XSDB.UUT_MASTER/U_XSDB_BUS_CONTROLLER/FSM_onehot_current_state_reg[13]
  -------------------------------------------------------------------
                         required time                          7.044    
                         arrival time                          -5.310    
  -------------------------------------------------------------------
                         slack                                  1.734    

Slack (MET) :             1.734ns  (required time - arrival time)
  Source:                 dbg_hub/inst/BSCANID.u_xsdbm_id/CORE_XSDB.UUT_MASTER/U_ICON_INTERFACE/U_CMD1/ctl_reg_reg[0]/C
                            (rising edge-triggered cell FDRE clocked by clk_out1_clk_wiz_0  {rise@0.000ns fall@1.600ns period=3.200ns})
  Destination:            dbg_hub/inst/BSCANID.u_xsdbm_id/CORE_XSDB.UUT_MASTER/U_XSDB_BUS_CONTROLLER/FSM_onehot_current_state_reg[1]/CLR
                            (recovery check against rising-edge clock clk_out1_clk_wiz_0  {rise@0.000ns fall@1.600ns period=3.200ns})
  Path Group:             **async_default**
  Path Type:              Recovery (Max at Slow Process Corner)
  Requirement:            3.200ns  (clk_out1_clk_wiz_0 rise@3.200ns - clk_out1_clk_wiz_0 rise@0.000ns)
  Data Path Delay:        1.211ns  (logic 0.114ns (9.414%)  route 1.097ns (90.586%))
  Logic Levels:           0  
  Clock Path Skew:        -0.078ns (DCD - SCD + CPR)
    Destination Clock Delay (DCD):    4.210ns = ( 7.410 - 3.200 ) 
    Source Clock Delay      (SCD):    4.099ns
    Clock Pessimism Removal (CPR):    -0.189ns
  Clock Uncertainty:      0.095ns  ((TSJ^2 + DJ^2)^1/2) / 2 + PE
    Total System Jitter     (TSJ):    0.071ns
    Discrete Jitter          (DJ):    0.176ns
    Phase Error              (PE):    0.000ns
  Clock Net Delay (Source):      2.690ns (routing 0.921ns, distribution 1.769ns)
  Clock Net Delay (Destination): 2.395ns (routing 0.846ns, distribution 1.549ns)

    Location             Delay type                Incr(ns)  Path(ns)    Netlist Resource(s)
  -------------------------------------------------------------------    -------------------
                         (clock clk_out1_clk_wiz_0 rise edge)
                                                      0.000     0.000 r  
    BUFGCE_X1Y24         BUFGCE                       0.000     0.000 r  sys_clk_BUFGCE_inst/O
                         net (fo=1, routed)           1.010     1.010    clk_wiz_0_inst/inst/clk_in1
    MMCME3_ADV_X1Y1      MMCME3_ADV (Prop_MMCME3_ADV_CLKIN1_CLKOUT0)
                                                     -0.121     0.889 r  clk_wiz_0_inst/inst/mmcme3_adv_inst/CLKOUT0
                         net (fo=1, routed)           0.437     1.326    clk_wiz_0_inst/inst/clk_out1_clk_wiz_0
    BUFGCE_X1Y25         BUFGCE (Prop_BUFCE_BUFGCE_I_O)
                                                      0.083     1.409 r  clk_wiz_0_inst/inst/clkout1_buf/O
    X1Y2 (CLOCK_ROOT)    net (fo=1528, routed)        2.690     4.099    dbg_hub/inst/BSCANID.u_xsdbm_id/CORE_XSDB.UUT_MASTER/U_ICON_INTERFACE/U_CMD1/clk
    SLICE_X71Y196        FDRE                                         r  dbg_hub/inst/BSCANID.u_xsdbm_id/CORE_XSDB.UUT_MASTER/U_ICON_INTERFACE/U_CMD1/ctl_reg_reg[0]/C
  -------------------------------------------------------------------    -------------------
    SLICE_X71Y196        FDRE (Prop_EFF_SLICEM_C_Q)
                                                      0.114     4.213 f  dbg_hub/inst/BSCANID.u_xsdbm_id/CORE_XSDB.UUT_MASTER/U_ICON_INTERFACE/U_CMD1/ctl_reg_reg[0]/Q
                         net (fo=176, routed)         1.097     5.310    dbg_hub/inst/BSCANID.u_xsdbm_id/CORE_XSDB.UUT_MASTER/U_XSDB_BUS_CONTROLLER/out[0]
    SLICE_X71Y195        FDCE                                         f  dbg_hub/inst/BSCANID.u_xsdbm_id/CORE_XSDB.UUT_MASTER/U_XSDB_BUS_CONTROLLER/FSM_onehot_current_state_reg[1]/CLR
  -------------------------------------------------------------------    -------------------

                         (clock clk_out1_clk_wiz_0 rise edge)
                                                      3.200     3.200 r  
    BUFGCE_X1Y24         BUFGCE                       0.000     3.200 r  sys_clk_BUFGCE_inst/O
                         net (fo=1, routed)           0.923     4.123    clk_wiz_0_inst/inst/clk_in1
    MMCME3_ADV_X1Y1      MMCME3_ADV (Prop_MMCME3_ADV_CLKIN1_CLKOUT0)
                                                      0.445     4.568 r  clk_wiz_0_inst/inst/mmcme3_adv_inst/CLKOUT0
                         net (fo=1, routed)           0.372     4.940    clk_wiz_0_inst/inst/clk_out1_clk_wiz_0
    BUFGCE_X1Y25         BUFGCE (Prop_BUFCE_BUFGCE_I_O)
                                                      0.075     5.015 r  clk_wiz_0_inst/inst/clkout1_buf/O
    X1Y2 (CLOCK_ROOT)    net (fo=1528, routed)        2.395     7.410    dbg_hub/inst/BSCANID.u_xsdbm_id/CORE_XSDB.UUT_MASTER/U_XSDB_BUS_CONTROLLER/clk
    SLICE_X71Y195        FDCE                                         r  dbg_hub/inst/BSCANID.u_xsdbm_id/CORE_XSDB.UUT_MASTER/U_XSDB_BUS_CONTROLLER/FSM_onehot_current_state_reg[1]/C
                         clock pessimism             -0.189     7.221    
                         clock uncertainty           -0.095     7.126    
    SLICE_X71Y195        FDCE (Recov_CFF2_SLICEM_C_CLR)
                                                     -0.082     7.044    dbg_hub/inst/BSCANID.u_xsdbm_id/CORE_XSDB.UUT_MASTER/U_XSDB_BUS_CONTROLLER/FSM_onehot_current_state_reg[1]
  -------------------------------------------------------------------
                         required time                          7.044    
                         arrival time                          -5.310    
  -------------------------------------------------------------------
                         slack                                  1.734    

Slack (MET) :             1.734ns  (required time - arrival time)
  Source:                 dbg_hub/inst/BSCANID.u_xsdbm_id/CORE_XSDB.UUT_MASTER/U_ICON_INTERFACE/U_CMD1/ctl_reg_reg[0]/C
                            (rising edge-triggered cell FDRE clocked by clk_out1_clk_wiz_0  {rise@0.000ns fall@1.600ns period=3.200ns})
  Destination:            dbg_hub/inst/BSCANID.u_xsdbm_id/CORE_XSDB.UUT_MASTER/U_XSDB_BUS_CONTROLLER/FSM_onehot_current_state_reg[2]/CLR
                            (recovery check against rising-edge clock clk_out1_clk_wiz_0  {rise@0.000ns fall@1.600ns period=3.200ns})
  Path Group:             **async_default**
  Path Type:              Recovery (Max at Slow Process Corner)
  Requirement:            3.200ns  (clk_out1_clk_wiz_0 rise@3.200ns - clk_out1_clk_wiz_0 rise@0.000ns)
  Data Path Delay:        1.211ns  (logic 0.114ns (9.414%)  route 1.097ns (90.586%))
  Logic Levels:           0  
  Clock Path Skew:        -0.078ns (DCD - SCD + CPR)
    Destination Clock Delay (DCD):    4.210ns = ( 7.410 - 3.200 ) 
    Source Clock Delay      (SCD):    4.099ns
    Clock Pessimism Removal (CPR):    -0.189ns
  Clock Uncertainty:      0.095ns  ((TSJ^2 + DJ^2)^1/2) / 2 + PE
    Total System Jitter     (TSJ):    0.071ns
    Discrete Jitter          (DJ):    0.176ns
    Phase Error              (PE):    0.000ns
  Clock Net Delay (Source):      2.690ns (routing 0.921ns, distribution 1.769ns)
  Clock Net Delay (Destination): 2.395ns (routing 0.846ns, distribution 1.549ns)

    Location             Delay type                Incr(ns)  Path(ns)    Netlist Resource(s)
  -------------------------------------------------------------------    -------------------
                         (clock clk_out1_clk_wiz_0 rise edge)
                                                      0.000     0.000 r  
    BUFGCE_X1Y24         BUFGCE                       0.000     0.000 r  sys_clk_BUFGCE_inst/O
                         net (fo=1, routed)           1.010     1.010    clk_wiz_0_inst/inst/clk_in1
    MMCME3_ADV_X1Y1      MMCME3_ADV (Prop_MMCME3_ADV_CLKIN1_CLKOUT0)
                                                     -0.121     0.889 r  clk_wiz_0_inst/inst/mmcme3_adv_inst/CLKOUT0
                         net (fo=1, routed)           0.437     1.326    clk_wiz_0_inst/inst/clk_out1_clk_wiz_0
    BUFGCE_X1Y25         BUFGCE (Prop_BUFCE_BUFGCE_I_O)
                                                      0.083     1.409 r  clk_wiz_0_inst/inst/clkout1_buf/O
    X1Y2 (CLOCK_ROOT)    net (fo=1528, routed)        2.690     4.099    dbg_hub/inst/BSCANID.u_xsdbm_id/CORE_XSDB.UUT_MASTER/U_ICON_INTERFACE/U_CMD1/clk
    SLICE_X71Y196        FDRE                                         r  dbg_hub/inst/BSCANID.u_xsdbm_id/CORE_XSDB.UUT_MASTER/U_ICON_INTERFACE/U_CMD1/ctl_reg_reg[0]/C
  -------------------------------------------------------------------    -------------------
    SLICE_X71Y196        FDRE (Prop_EFF_SLICEM_C_Q)
                                                      0.114     4.213 f  dbg_hub/inst/BSCANID.u_xsdbm_id/CORE_XSDB.UUT_MASTER/U_ICON_INTERFACE/U_CMD1/ctl_reg_reg[0]/Q
                         net (fo=176, routed)         1.097     5.310    dbg_hub/inst/BSCANID.u_xsdbm_id/CORE_XSDB.UUT_MASTER/U_XSDB_BUS_CONTROLLER/out[0]
    SLICE_X71Y195        FDCE                                         f  dbg_hub/inst/BSCANID.u_xsdbm_id/CORE_XSDB.UUT_MASTER/U_XSDB_BUS_CONTROLLER/FSM_onehot_current_state_reg[2]/CLR
  -------------------------------------------------------------------    -------------------

                         (clock clk_out1_clk_wiz_0 rise edge)
                                                      3.200     3.200 r  
    BUFGCE_X1Y24         BUFGCE                       0.000     3.200 r  sys_clk_BUFGCE_inst/O
                         net (fo=1, routed)           0.923     4.123    clk_wiz_0_inst/inst/clk_in1
    MMCME3_ADV_X1Y1      MMCME3_ADV (Prop_MMCME3_ADV_CLKIN1_CLKOUT0)
                                                      0.445     4.568 r  clk_wiz_0_inst/inst/mmcme3_adv_inst/CLKOUT0
                         net (fo=1, routed)           0.372     4.940    clk_wiz_0_inst/inst/clk_out1_clk_wiz_0
    BUFGCE_X1Y25         BUFGCE (Prop_BUFCE_BUFGCE_I_O)
                                                      0.075     5.015 r  clk_wiz_0_inst/inst/clkout1_buf/O
    X1Y2 (CLOCK_ROOT)    net (fo=1528, routed)        2.395     7.410    dbg_hub/inst/BSCANID.u_xsdbm_id/CORE_XSDB.UUT_MASTER/U_XSDB_BUS_CONTROLLER/clk
    SLICE_X71Y195        FDCE                                         r  dbg_hub/inst/BSCANID.u_xsdbm_id/CORE_XSDB.UUT_MASTER/U_XSDB_BUS_CONTROLLER/FSM_onehot_current_state_reg[2]/C
                         clock pessimism             -0.189     7.221    
                         clock uncertainty           -0.095     7.126    
    SLICE_X71Y195        FDCE (Recov_DFF_SLICEM_C_CLR)
                                                     -0.082     7.044    dbg_hub/inst/BSCANID.u_xsdbm_id/CORE_XSDB.UUT_MASTER/U_XSDB_BUS_CONTROLLER/FSM_onehot_current_state_reg[2]
  -------------------------------------------------------------------
                         required time                          7.044    
                         arrival time                          -5.310    
  -------------------------------------------------------------------
                         slack                                  1.734    

Slack (MET) :             1.734ns  (required time - arrival time)
  Source:                 dbg_hub/inst/BSCANID.u_xsdbm_id/CORE_XSDB.UUT_MASTER/U_ICON_INTERFACE/U_CMD1/ctl_reg_reg[0]/C
                            (rising edge-triggered cell FDRE clocked by clk_out1_clk_wiz_0  {rise@0.000ns fall@1.600ns period=3.200ns})
  Destination:            dbg_hub/inst/BSCANID.u_xsdbm_id/CORE_XSDB.UUT_MASTER/U_XSDB_BUS_CONTROLLER/FSM_onehot_current_state_reg[9]/CLR
                            (recovery check against rising-edge clock clk_out1_clk_wiz_0  {rise@0.000ns fall@1.600ns period=3.200ns})
  Path Group:             **async_default**
  Path Type:              Recovery (Max at Slow Process Corner)
  Requirement:            3.200ns  (clk_out1_clk_wiz_0 rise@3.200ns - clk_out1_clk_wiz_0 rise@0.000ns)
  Data Path Delay:        1.211ns  (logic 0.114ns (9.414%)  route 1.097ns (90.586%))
  Logic Levels:           0  
  Clock Path Skew:        -0.078ns (DCD - SCD + CPR)
    Destination Clock Delay (DCD):    4.210ns = ( 7.410 - 3.200 ) 
    Source Clock Delay      (SCD):    4.099ns
    Clock Pessimism Removal (CPR):    -0.189ns
  Clock Uncertainty:      0.095ns  ((TSJ^2 + DJ^2)^1/2) / 2 + PE
    Total System Jitter     (TSJ):    0.071ns
    Discrete Jitter          (DJ):    0.176ns
    Phase Error              (PE):    0.000ns
  Clock Net Delay (Source):      2.690ns (routing 0.921ns, distribution 1.769ns)
  Clock Net Delay (Destination): 2.395ns (routing 0.846ns, distribution 1.549ns)

    Location             Delay type                Incr(ns)  Path(ns)    Netlist Resource(s)
  -------------------------------------------------------------------    -------------------
                         (clock clk_out1_clk_wiz_0 rise edge)
                                                      0.000     0.000 r  
    BUFGCE_X1Y24         BUFGCE                       0.000     0.000 r  sys_clk_BUFGCE_inst/O
                         net (fo=1, routed)           1.010     1.010    clk_wiz_0_inst/inst/clk_in1
    MMCME3_ADV_X1Y1      MMCME3_ADV (Prop_MMCME3_ADV_CLKIN1_CLKOUT0)
                                                     -0.121     0.889 r  clk_wiz_0_inst/inst/mmcme3_adv_inst/CLKOUT0
                         net (fo=1, routed)           0.437     1.326    clk_wiz_0_inst/inst/clk_out1_clk_wiz_0
    BUFGCE_X1Y25         BUFGCE (Prop_BUFCE_BUFGCE_I_O)
                                                      0.083     1.409 r  clk_wiz_0_inst/inst/clkout1_buf/O
    X1Y2 (CLOCK_ROOT)    net (fo=1528, routed)        2.690     4.099    dbg_hub/inst/BSCANID.u_xsdbm_id/CORE_XSDB.UUT_MASTER/U_ICON_INTERFACE/U_CMD1/clk
    SLICE_X71Y196        FDRE                                         r  dbg_hub/inst/BSCANID.u_xsdbm_id/CORE_XSDB.UUT_MASTER/U_ICON_INTERFACE/U_CMD1/ctl_reg_reg[0]/C
  -------------------------------------------------------------------    -------------------
    SLICE_X71Y196        FDRE (Prop_EFF_SLICEM_C_Q)
                                                      0.114     4.213 f  dbg_hub/inst/BSCANID.u_xsdbm_id/CORE_XSDB.UUT_MASTER/U_ICON_INTERFACE/U_CMD1/ctl_reg_reg[0]/Q
                         net (fo=176, routed)         1.097     5.310    dbg_hub/inst/BSCANID.u_xsdbm_id/CORE_XSDB.UUT_MASTER/U_XSDB_BUS_CONTROLLER/out[0]
    SLICE_X71Y195        FDCE                                         f  dbg_hub/inst/BSCANID.u_xsdbm_id/CORE_XSDB.UUT_MASTER/U_XSDB_BUS_CONTROLLER/FSM_onehot_current_state_reg[9]/CLR
  -------------------------------------------------------------------    -------------------

                         (clock clk_out1_clk_wiz_0 rise edge)
                                                      3.200     3.200 r  
    BUFGCE_X1Y24         BUFGCE                       0.000     3.200 r  sys_clk_BUFGCE_inst/O
                         net (fo=1, routed)           0.923     4.123    clk_wiz_0_inst/inst/clk_in1
    MMCME3_ADV_X1Y1      MMCME3_ADV (Prop_MMCME3_ADV_CLKIN1_CLKOUT0)
                                                      0.445     4.568 r  clk_wiz_0_inst/inst/mmcme3_adv_inst/CLKOUT0
                         net (fo=1, routed)           0.372     4.940    clk_wiz_0_inst/inst/clk_out1_clk_wiz_0
    BUFGCE_X1Y25         BUFGCE (Prop_BUFCE_BUFGCE_I_O)
                                                      0.075     5.015 r  clk_wiz_0_inst/inst/clkout1_buf/O
    X1Y2 (CLOCK_ROOT)    net (fo=1528, routed)        2.395     7.410    dbg_hub/inst/BSCANID.u_xsdbm_id/CORE_XSDB.UUT_MASTER/U_XSDB_BUS_CONTROLLER/clk
    SLICE_X71Y195        FDCE                                         r  dbg_hub/inst/BSCANID.u_xsdbm_id/CORE_XSDB.UUT_MASTER/U_XSDB_BUS_CONTROLLER/FSM_onehot_current_state_reg[9]/C
                         clock pessimism             -0.189     7.221    
                         clock uncertainty           -0.095     7.126    
    SLICE_X71Y195        FDCE (Recov_DFF2_SLICEM_C_CLR)
                                                     -0.082     7.044    dbg_hub/inst/BSCANID.u_xsdbm_id/CORE_XSDB.UUT_MASTER/U_XSDB_BUS_CONTROLLER/FSM_onehot_current_state_reg[9]
  -------------------------------------------------------------------
                         required time                          7.044    
                         arrival time                          -5.310    
  -------------------------------------------------------------------
                         slack                                  1.734    

Slack (MET) :             1.734ns  (required time - arrival time)
  Source:                 dbg_hub/inst/BSCANID.u_xsdbm_id/CORE_XSDB.UUT_MASTER/U_ICON_INTERFACE/U_CMD1/ctl_reg_reg[0]/C
                            (rising edge-triggered cell FDRE clocked by clk_out1_clk_wiz_0  {rise@0.000ns fall@1.600ns period=3.200ns})
  Destination:            dbg_hub/inst/BSCANID.u_xsdbm_id/CORE_XSDB.UUT_MASTER/U_XSDB_BUS_CONTROLLER/clr_rd_req_reg/CLR
                            (recovery check against rising-edge clock clk_out1_clk_wiz_0  {rise@0.000ns fall@1.600ns period=3.200ns})
  Path Group:             **async_default**
  Path Type:              Recovery (Max at Slow Process Corner)
  Requirement:            3.200ns  (clk_out1_clk_wiz_0 rise@3.200ns - clk_out1_clk_wiz_0 rise@0.000ns)
  Data Path Delay:        1.211ns  (logic 0.114ns (9.414%)  route 1.097ns (90.586%))
  Logic Levels:           0  
  Clock Path Skew:        -0.078ns (DCD - SCD + CPR)
    Destination Clock Delay (DCD):    4.210ns = ( 7.410 - 3.200 ) 
    Source Clock Delay      (SCD):    4.099ns
    Clock Pessimism Removal (CPR):    -0.189ns
  Clock Uncertainty:      0.095ns  ((TSJ^2 + DJ^2)^1/2) / 2 + PE
    Total System Jitter     (TSJ):    0.071ns
    Discrete Jitter          (DJ):    0.176ns
    Phase Error              (PE):    0.000ns
  Clock Net Delay (Source):      2.690ns (routing 0.921ns, distribution 1.769ns)
  Clock Net Delay (Destination): 2.395ns (routing 0.846ns, distribution 1.549ns)

    Location             Delay type                Incr(ns)  Path(ns)    Netlist Resource(s)
  -------------------------------------------------------------------    -------------------
                         (clock clk_out1_clk_wiz_0 rise edge)
                                                      0.000     0.000 r  
    BUFGCE_X1Y24         BUFGCE                       0.000     0.000 r  sys_clk_BUFGCE_inst/O
                         net (fo=1, routed)           1.010     1.010    clk_wiz_0_inst/inst/clk_in1
    MMCME3_ADV_X1Y1      MMCME3_ADV (Prop_MMCME3_ADV_CLKIN1_CLKOUT0)
                                                     -0.121     0.889 r  clk_wiz_0_inst/inst/mmcme3_adv_inst/CLKOUT0
                         net (fo=1, routed)           0.437     1.326    clk_wiz_0_inst/inst/clk_out1_clk_wiz_0
    BUFGCE_X1Y25         BUFGCE (Prop_BUFCE_BUFGCE_I_O)
                                                      0.083     1.409 r  clk_wiz_0_inst/inst/clkout1_buf/O
    X1Y2 (CLOCK_ROOT)    net (fo=1528, routed)        2.690     4.099    dbg_hub/inst/BSCANID.u_xsdbm_id/CORE_XSDB.UUT_MASTER/U_ICON_INTERFACE/U_CMD1/clk
    SLICE_X71Y196        FDRE                                         r  dbg_hub/inst/BSCANID.u_xsdbm_id/CORE_XSDB.UUT_MASTER/U_ICON_INTERFACE/U_CMD1/ctl_reg_reg[0]/C
  -------------------------------------------------------------------    -------------------
    SLICE_X71Y196        FDRE (Prop_EFF_SLICEM_C_Q)
                                                      0.114     4.213 f  dbg_hub/inst/BSCANID.u_xsdbm_id/CORE_XSDB.UUT_MASTER/U_ICON_INTERFACE/U_CMD1/ctl_reg_reg[0]/Q
                         net (fo=176, routed)         1.097     5.310    dbg_hub/inst/BSCANID.u_xsdbm_id/CORE_XSDB.UUT_MASTER/U_XSDB_BUS_CONTROLLER/out[0]
    SLICE_X71Y195        FDCE                                         f  dbg_hub/inst/BSCANID.u_xsdbm_id/CORE_XSDB.UUT_MASTER/U_XSDB_BUS_CONTROLLER/clr_rd_req_reg/CLR
  -------------------------------------------------------------------    -------------------

                         (clock clk_out1_clk_wiz_0 rise edge)
                                                      3.200     3.200 r  
    BUFGCE_X1Y24         BUFGCE                       0.000     3.200 r  sys_clk_BUFGCE_inst/O
                         net (fo=1, routed)           0.923     4.123    clk_wiz_0_inst/inst/clk_in1
    MMCME3_ADV_X1Y1      MMCME3_ADV (Prop_MMCME3_ADV_CLKIN1_CLKOUT0)
                                                      0.445     4.568 r  clk_wiz_0_inst/inst/mmcme3_adv_inst/CLKOUT0
                         net (fo=1, routed)           0.372     4.940    clk_wiz_0_inst/inst/clk_out1_clk_wiz_0
    BUFGCE_X1Y25         BUFGCE (Prop_BUFCE_BUFGCE_I_O)
                                                      0.075     5.015 r  clk_wiz_0_inst/inst/clkout1_buf/O
    X1Y2 (CLOCK_ROOT)    net (fo=1528, routed)        2.395     7.410    dbg_hub/inst/BSCANID.u_xsdbm_id/CORE_XSDB.UUT_MASTER/U_XSDB_BUS_CONTROLLER/clk
    SLICE_X71Y195        FDCE                                         r  dbg_hub/inst/BSCANID.u_xsdbm_id/CORE_XSDB.UUT_MASTER/U_XSDB_BUS_CONTROLLER/clr_rd_req_reg/C
                         clock pessimism             -0.189     7.221    
                         clock uncertainty           -0.095     7.126    
    SLICE_X71Y195        FDCE (Recov_BFF_SLICEM_C_CLR)
                                                     -0.082     7.044    dbg_hub/inst/BSCANID.u_xsdbm_id/CORE_XSDB.UUT_MASTER/U_XSDB_BUS_CONTROLLER/clr_rd_req_reg
  -------------------------------------------------------------------
                         required time                          7.044    
                         arrival time                          -5.310    
  -------------------------------------------------------------------
                         slack                                  1.734    

Slack (MET) :             1.739ns  (required time - arrival time)
  Source:                 dbg_hub/inst/BSCANID.u_xsdbm_id/CORE_XSDB.UUT_MASTER/U_ICON_INTERFACE/U_CMD1/ctl_reg_reg[0]/C
                            (rising edge-triggered cell FDRE clocked by clk_out1_clk_wiz_0  {rise@0.000ns fall@1.600ns period=3.200ns})
  Destination:            dbg_hub/inst/BSCANID.u_xsdbm_id/CORE_XSDB.UUT_MASTER/U_XSDB_BUS_CONTROLLER/FSM_onehot_current_state_reg[0]/PRE
                            (recovery check against rising-edge clock clk_out1_clk_wiz_0  {rise@0.000ns fall@1.600ns period=3.200ns})
  Path Group:             **async_default**
  Path Type:              Recovery (Max at Slow Process Corner)
  Requirement:            3.200ns  (clk_out1_clk_wiz_0 rise@3.200ns - clk_out1_clk_wiz_0 rise@0.000ns)
  Data Path Delay:        1.205ns  (logic 0.114ns (9.461%)  route 1.091ns (90.539%))
  Logic Levels:           0  
  Clock Path Skew:        -0.079ns (DCD - SCD + CPR)
    Destination Clock Delay (DCD):    4.209ns = ( 7.409 - 3.200 ) 
    Source Clock Delay      (SCD):    4.099ns
    Clock Pessimism Removal (CPR):    -0.189ns
  Clock Uncertainty:      0.095ns  ((TSJ^2 + DJ^2)^1/2) / 2 + PE
    Total System Jitter     (TSJ):    0.071ns
    Discrete Jitter          (DJ):    0.176ns
    Phase Error              (PE):    0.000ns
  Clock Net Delay (Source):      2.690ns (routing 0.921ns, distribution 1.769ns)
  Clock Net Delay (Destination): 2.394ns (routing 0.846ns, distribution 1.548ns)

    Location             Delay type                Incr(ns)  Path(ns)    Netlist Resource(s)
  -------------------------------------------------------------------    -------------------
                         (clock clk_out1_clk_wiz_0 rise edge)
                                                      0.000     0.000 r  
    BUFGCE_X1Y24         BUFGCE                       0.000     0.000 r  sys_clk_BUFGCE_inst/O
                         net (fo=1, routed)           1.010     1.010    clk_wiz_0_inst/inst/clk_in1
    MMCME3_ADV_X1Y1      MMCME3_ADV (Prop_MMCME3_ADV_CLKIN1_CLKOUT0)
                                                     -0.121     0.889 r  clk_wiz_0_inst/inst/mmcme3_adv_inst/CLKOUT0
                         net (fo=1, routed)           0.437     1.326    clk_wiz_0_inst/inst/clk_out1_clk_wiz_0
    BUFGCE_X1Y25         BUFGCE (Prop_BUFCE_BUFGCE_I_O)
                                                      0.083     1.409 r  clk_wiz_0_inst/inst/clkout1_buf/O
    X1Y2 (CLOCK_ROOT)    net (fo=1528, routed)        2.690     4.099    dbg_hub/inst/BSCANID.u_xsdbm_id/CORE_XSDB.UUT_MASTER/U_ICON_INTERFACE/U_CMD1/clk
    SLICE_X71Y196        FDRE                                         r  dbg_hub/inst/BSCANID.u_xsdbm_id/CORE_XSDB.UUT_MASTER/U_ICON_INTERFACE/U_CMD1/ctl_reg_reg[0]/C
  -------------------------------------------------------------------    -------------------
    SLICE_X71Y196        FDRE (Prop_EFF_SLICEM_C_Q)
                                                      0.114     4.213 f  dbg_hub/inst/BSCANID.u_xsdbm_id/CORE_XSDB.UUT_MASTER/U_ICON_INTERFACE/U_CMD1/ctl_reg_reg[0]/Q
                         net (fo=176, routed)         1.091     5.304    dbg_hub/inst/BSCANID.u_xsdbm_id/CORE_XSDB.UUT_MASTER/U_XSDB_BUS_CONTROLLER/out[0]
    SLICE_X71Y195        FDPE                                         f  dbg_hub/inst/BSCANID.u_xsdbm_id/CORE_XSDB.UUT_MASTER/U_XSDB_BUS_CONTROLLER/FSM_onehot_current_state_reg[0]/PRE
  -------------------------------------------------------------------    -------------------

                         (clock clk_out1_clk_wiz_0 rise edge)
                                                      3.200     3.200 r  
    BUFGCE_X1Y24         BUFGCE                       0.000     3.200 r  sys_clk_BUFGCE_inst/O
                         net (fo=1, routed)           0.923     4.123    clk_wiz_0_inst/inst/clk_in1
    MMCME3_ADV_X1Y1      MMCME3_ADV (Prop_MMCME3_ADV_CLKIN1_CLKOUT0)
                                                      0.445     4.568 r  clk_wiz_0_inst/inst/mmcme3_adv_inst/CLKOUT0
                         net (fo=1, routed)           0.372     4.940    clk_wiz_0_inst/inst/clk_out1_clk_wiz_0
    BUFGCE_X1Y25         BUFGCE (Prop_BUFCE_BUFGCE_I_O)
                                                      0.075     5.015 r  clk_wiz_0_inst/inst/clkout1_buf/O
    X1Y2 (CLOCK_ROOT)    net (fo=1528, routed)        2.394     7.409    dbg_hub/inst/BSCANID.u_xsdbm_id/CORE_XSDB.UUT_MASTER/U_XSDB_BUS_CONTROLLER/clk
    SLICE_X71Y195        FDPE                                         r  dbg_hub/inst/BSCANID.u_xsdbm_id/CORE_XSDB.UUT_MASTER/U_XSDB_BUS_CONTROLLER/FSM_onehot_current_state_reg[0]/C
                         clock pessimism             -0.189     7.220    
                         clock uncertainty           -0.095     7.125    
    SLICE_X71Y195        FDPE (Recov_EFF_SLICEM_C_PRE)
                                                     -0.082     7.043    dbg_hub/inst/BSCANID.u_xsdbm_id/CORE_XSDB.UUT_MASTER/U_XSDB_BUS_CONTROLLER/FSM_onehot_current_state_reg[0]
  -------------------------------------------------------------------
                         required time                          7.043    
                         arrival time                          -5.304    
  -------------------------------------------------------------------
                         slack                                  1.739    

Slack (MET) :             1.747ns  (required time - arrival time)
  Source:                 dbg_hub/inst/BSCANID.u_xsdbm_id/CORE_XSDB.UUT_MASTER/U_ICON_INTERFACE/U_CMD1/ctl_reg_reg[0]/C
                            (rising edge-triggered cell FDRE clocked by clk_out1_clk_wiz_0  {rise@0.000ns fall@1.600ns period=3.200ns})
  Destination:            dbg_hub/inst/BSCANID.u_xsdbm_id/CORE_XSDB.UUT_MASTER/U_XSDB_BUS_CONTROLLER/sl_rst_r_reg[0]/CLR
                            (recovery check against rising-edge clock clk_out1_clk_wiz_0  {rise@0.000ns fall@1.600ns period=3.200ns})
  Path Group:             **async_default**
  Path Type:              Recovery (Max at Slow Process Corner)
  Requirement:            3.200ns  (clk_out1_clk_wiz_0 rise@3.200ns - clk_out1_clk_wiz_0 rise@0.000ns)
  Data Path Delay:        1.216ns  (logic 0.114ns (9.375%)  route 1.102ns (90.625%))
  Logic Levels:           0  
  Clock Path Skew:        -0.060ns (DCD - SCD + CPR)
    Destination Clock Delay (DCD):    4.209ns = ( 7.409 - 3.200 ) 
    Source Clock Delay      (SCD):    4.099ns
    Clock Pessimism Removal (CPR):    -0.170ns
  Clock Uncertainty:      0.095ns  ((TSJ^2 + DJ^2)^1/2) / 2 + PE
    Total System Jitter     (TSJ):    0.071ns
    Discrete Jitter          (DJ):    0.176ns
    Phase Error              (PE):    0.000ns
  Clock Net Delay (Source):      2.690ns (routing 0.921ns, distribution 1.769ns)
  Clock Net Delay (Destination): 2.394ns (routing 0.846ns, distribution 1.548ns)

    Location             Delay type                Incr(ns)  Path(ns)    Netlist Resource(s)
  -------------------------------------------------------------------    -------------------
                         (clock clk_out1_clk_wiz_0 rise edge)
                                                      0.000     0.000 r  
    BUFGCE_X1Y24         BUFGCE                       0.000     0.000 r  sys_clk_BUFGCE_inst/O
                         net (fo=1, routed)           1.010     1.010    clk_wiz_0_inst/inst/clk_in1
    MMCME3_ADV_X1Y1      MMCME3_ADV (Prop_MMCME3_ADV_CLKIN1_CLKOUT0)
                                                     -0.121     0.889 r  clk_wiz_0_inst/inst/mmcme3_adv_inst/CLKOUT0
                         net (fo=1, routed)           0.437     1.326    clk_wiz_0_inst/inst/clk_out1_clk_wiz_0
    BUFGCE_X1Y25         BUFGCE (Prop_BUFCE_BUFGCE_I_O)
                                                      0.083     1.409 r  clk_wiz_0_inst/inst/clkout1_buf/O
    X1Y2 (CLOCK_ROOT)    net (fo=1528, routed)        2.690     4.099    dbg_hub/inst/BSCANID.u_xsdbm_id/CORE_XSDB.UUT_MASTER/U_ICON_INTERFACE/U_CMD1/clk
    SLICE_X71Y196        FDRE                                         r  dbg_hub/inst/BSCANID.u_xsdbm_id/CORE_XSDB.UUT_MASTER/U_ICON_INTERFACE/U_CMD1/ctl_reg_reg[0]/C
  -------------------------------------------------------------------    -------------------
    SLICE_X71Y196        FDRE (Prop_EFF_SLICEM_C_Q)
                                                      0.114     4.213 f  dbg_hub/inst/BSCANID.u_xsdbm_id/CORE_XSDB.UUT_MASTER/U_ICON_INTERFACE/U_CMD1/ctl_reg_reg[0]/Q
                         net (fo=176, routed)         1.102     5.315    dbg_hub/inst/BSCANID.u_xsdbm_id/CORE_XSDB.UUT_MASTER/U_XSDB_BUS_CONTROLLER/out[0]
    SLICE_X71Y196        FDCE                                         f  dbg_hub/inst/BSCANID.u_xsdbm_id/CORE_XSDB.UUT_MASTER/U_XSDB_BUS_CONTROLLER/sl_rst_r_reg[0]/CLR
  -------------------------------------------------------------------    -------------------

                         (clock clk_out1_clk_wiz_0 rise edge)
                                                      3.200     3.200 r  
    BUFGCE_X1Y24         BUFGCE                       0.000     3.200 r  sys_clk_BUFGCE_inst/O
                         net (fo=1, routed)           0.923     4.123    clk_wiz_0_inst/inst/clk_in1
    MMCME3_ADV_X1Y1      MMCME3_ADV (Prop_MMCME3_ADV_CLKIN1_CLKOUT0)
                                                      0.445     4.568 r  clk_wiz_0_inst/inst/mmcme3_adv_inst/CLKOUT0
                         net (fo=1, routed)           0.372     4.940    clk_wiz_0_inst/inst/clk_out1_clk_wiz_0
    BUFGCE_X1Y25         BUFGCE (Prop_BUFCE_BUFGCE_I_O)
                                                      0.075     5.015 r  clk_wiz_0_inst/inst/clkout1_buf/O
    X1Y2 (CLOCK_ROOT)    net (fo=1528, routed)        2.394     7.409    dbg_hub/inst/BSCANID.u_xsdbm_id/CORE_XSDB.UUT_MASTER/U_XSDB_BUS_CONTROLLER/clk
    SLICE_X71Y196        FDCE                                         r  dbg_hub/inst/BSCANID.u_xsdbm_id/CORE_XSDB.UUT_MASTER/U_XSDB_BUS_CONTROLLER/sl_rst_r_reg[0]/C
                         clock pessimism             -0.170     7.239    
                         clock uncertainty           -0.095     7.144    
    SLICE_X71Y196        FDCE (Recov_DFF2_SLICEM_C_CLR)
                                                     -0.082     7.062    dbg_hub/inst/BSCANID.u_xsdbm_id/CORE_XSDB.UUT_MASTER/U_XSDB_BUS_CONTROLLER/sl_rst_r_reg[0]
  -------------------------------------------------------------------
                         required time                          7.062    
                         arrival time                          -5.315    
  -------------------------------------------------------------------
                         slack                                  1.747    





Min Delay Paths
--------------------------------------------------------------------------------------
Slack (MET) :             0.136ns  (arrival time - required time)
  Source:                 dbg_hub/inst/BSCANID.u_xsdbm_id/CORE_XSDB.UUT_MASTER/U_ICON_INTERFACE/U_CMD6_RD/U_RD_FIFO/SUBCORE_FIFO.xsdbm_v3_0_0_rdfifo_inst/inst_fifo_gen/gconvfifo.rf/grf.rf/rstblk/ngwrdrst.grst.g7serrst.wr_rst_reg_reg[1]/C
                            (rising edge-triggered cell FDPE clocked by clk_out1_clk_wiz_0  {rise@0.000ns fall@1.600ns period=3.200ns})
  Destination:            dbg_hub/inst/BSCANID.u_xsdbm_id/CORE_XSDB.UUT_MASTER/U_ICON_INTERFACE/U_CMD6_RD/U_RD_FIFO/SUBCORE_FIFO.xsdbm_v3_0_0_rdfifo_inst/inst_fifo_gen/gconvfifo.rf/grf.rf/gntv_or_sync_fifo.gl0.wr/wpntr/gic0.gc0.count_reg[0]/CLR
                            (removal check against rising-edge clock clk_out1_clk_wiz_0  {rise@0.000ns fall@1.600ns period=3.200ns})
  Path Group:             **async_default**
  Path Type:              Removal (Min at Fast Process Corner)
  Requirement:            0.000ns  (clk_out1_clk_wiz_0 rise@0.000ns - clk_out1_clk_wiz_0 rise@0.000ns)
  Data Path Delay:        0.182ns  (logic 0.048ns (26.374%)  route 0.134ns (73.626%))
  Logic Levels:           0  
  Clock Path Skew:        0.041ns (DCD - SCD - CPR)
    Destination Clock Delay (DCD):    1.876ns
    Source Clock Delay      (SCD):    2.054ns
    Clock Pessimism Removal (CPR):    -0.219ns
  Clock Net Delay (Source):      1.186ns (routing 0.449ns, distribution 0.737ns)
  Clock Net Delay (Destination): 1.386ns (routing 0.499ns, distribution 0.887ns)

    Location             Delay type                Incr(ns)  Path(ns)    Netlist Resource(s)
  -------------------------------------------------------------------    -------------------
                         (clock clk_out1_clk_wiz_0 rise edge)
                                                      0.000     0.000 r  
    BUFGCE_X1Y24         BUFGCE                       0.000     0.000 r  sys_clk_BUFGCE_inst/O
                         net (fo=1, routed)           0.404     0.404    clk_wiz_0_inst/inst/clk_in1
    MMCME3_ADV_X1Y1      MMCME3_ADV (Prop_MMCME3_ADV_CLKIN1_CLKOUT0)
                                                      0.270     0.674 r  clk_wiz_0_inst/inst/mmcme3_adv_inst/CLKOUT0
                         net (fo=1, routed)           0.167     0.841    clk_wiz_0_inst/inst/clk_out1_clk_wiz_0
    BUFGCE_X1Y25         BUFGCE (Prop_BUFCE_BUFGCE_I_O)
                                                      0.027     0.868 r  clk_wiz_0_inst/inst/clkout1_buf/O
    X1Y2 (CLOCK_ROOT)    net (fo=1528, routed)        1.186     2.054    dbg_hub/inst/BSCANID.u_xsdbm_id/CORE_XSDB.UUT_MASTER/U_ICON_INTERFACE/U_CMD6_RD/U_RD_FIFO/SUBCORE_FIFO.xsdbm_v3_0_0_rdfifo_inst/inst_fifo_gen/gconvfifo.rf/grf.rf/rstblk/wr_clk
    SLICE_X67Y197        FDPE                                         r  dbg_hub/inst/BSCANID.u_xsdbm_id/CORE_XSDB.UUT_MASTER/U_ICON_INTERFACE/U_CMD6_RD/U_RD_FIFO/SUBCORE_FIFO.xsdbm_v3_0_0_rdfifo_inst/inst_fifo_gen/gconvfifo.rf/grf.rf/rstblk/ngwrdrst.grst.g7serrst.wr_rst_reg_reg[1]/C
  -------------------------------------------------------------------    -------------------
    SLICE_X67Y197        FDPE (Prop_EFF2_SLICEM_C_Q)
                                                      0.048     2.102 f  dbg_hub/inst/BSCANID.u_xsdbm_id/CORE_XSDB.UUT_MASTER/U_ICON_INTERFACE/U_CMD6_RD/U_RD_FIFO/SUBCORE_FIFO.xsdbm_v3_0_0_rdfifo_inst/inst_fifo_gen/gconvfifo.rf/grf.rf/rstblk/ngwrdrst.grst.g7serrst.wr_rst_reg_reg[1]/Q
                         net (fo=12, routed)          0.134     2.236    dbg_hub/inst/BSCANID.u_xsdbm_id/CORE_XSDB.UUT_MASTER/U_ICON_INTERFACE/U_CMD6_RD/U_RD_FIFO/SUBCORE_FIFO.xsdbm_v3_0_0_rdfifo_inst/inst_fifo_gen/gconvfifo.rf/grf.rf/gntv_or_sync_fifo.gl0.wr/wpntr/gic0.gc0.count_reg[0]_0[0]
    SLICE_X67Y197        FDCE                                         f  dbg_hub/inst/BSCANID.u_xsdbm_id/CORE_XSDB.UUT_MASTER/U_ICON_INTERFACE/U_CMD6_RD/U_RD_FIFO/SUBCORE_FIFO.xsdbm_v3_0_0_rdfifo_inst/inst_fifo_gen/gconvfifo.rf/grf.rf/gntv_or_sync_fifo.gl0.wr/wpntr/gic0.gc0.count_reg[0]/CLR
  -------------------------------------------------------------------    -------------------

                         (clock clk_out1_clk_wiz_0 rise edge)
                                                      0.000     0.000 r  
    BUFGCE_X1Y24         BUFGCE                       0.000     0.000 r  sys_clk_BUFGCE_inst/O
                         net (fo=1, routed)           0.457     0.457    clk_wiz_0_inst/inst/clk_in1
    MMCME3_ADV_X1Y1      MMCME3_ADV (Prop_MMCME3_ADV_CLKIN1_CLKOUT0)
                                                     -0.207     0.250 r  clk_wiz_0_inst/inst/mmcme3_adv_inst/CLKOUT0
                         net (fo=1, routed)           0.209     0.459    clk_wiz_0_inst/inst/clk_out1_clk_wiz_0
    BUFGCE_X1Y25         BUFGCE (Prop_BUFCE_BUFGCE_I_O)
                                                      0.031     0.490 r  clk_wiz_0_inst/inst/clkout1_buf/O
    X1Y2 (CLOCK_ROOT)    net (fo=1528, routed)        1.386     1.876    dbg_hub/inst/BSCANID.u_xsdbm_id/CORE_XSDB.UUT_MASTER/U_ICON_INTERFACE/U_CMD6_RD/U_RD_FIFO/SUBCORE_FIFO.xsdbm_v3_0_0_rdfifo_inst/inst_fifo_gen/gconvfifo.rf/grf.rf/gntv_or_sync_fifo.gl0.wr/wpntr/wr_clk
    SLICE_X67Y197        FDCE                                         r  dbg_hub/inst/BSCANID.u_xsdbm_id/CORE_XSDB.UUT_MASTER/U_ICON_INTERFACE/U_CMD6_RD/U_RD_FIFO/SUBCORE_FIFO.xsdbm_v3_0_0_rdfifo_inst/inst_fifo_gen/gconvfifo.rf/grf.rf/gntv_or_sync_fifo.gl0.wr/wpntr/gic0.gc0.count_reg[0]/C
                         clock pessimism              0.219     2.095    
    SLICE_X67Y197        FDCE (Remov_CFF2_SLICEM_C_CLR)
                                                      0.005     2.100    dbg_hub/inst/BSCANID.u_xsdbm_id/CORE_XSDB.UUT_MASTER/U_ICON_INTERFACE/U_CMD6_RD/U_RD_FIFO/SUBCORE_FIFO.xsdbm_v3_0_0_rdfifo_inst/inst_fifo_gen/gconvfifo.rf/grf.rf/gntv_or_sync_fifo.gl0.wr/wpntr/gic0.gc0.count_reg[0]
  -------------------------------------------------------------------
                         required time                         -2.100    
                         arrival time                           2.236    
  -------------------------------------------------------------------
                         slack                                  0.136    

Slack (MET) :             0.136ns  (arrival time - required time)
  Source:                 dbg_hub/inst/BSCANID.u_xsdbm_id/CORE_XSDB.UUT_MASTER/U_ICON_INTERFACE/U_CMD6_RD/U_RD_FIFO/SUBCORE_FIFO.xsdbm_v3_0_0_rdfifo_inst/inst_fifo_gen/gconvfifo.rf/grf.rf/rstblk/ngwrdrst.grst.g7serrst.wr_rst_reg_reg[1]/C
                            (rising edge-triggered cell FDPE clocked by clk_out1_clk_wiz_0  {rise@0.000ns fall@1.600ns period=3.200ns})
  Destination:            dbg_hub/inst/BSCANID.u_xsdbm_id/CORE_XSDB.UUT_MASTER/U_ICON_INTERFACE/U_CMD6_RD/U_RD_FIFO/SUBCORE_FIFO.xsdbm_v3_0_0_rdfifo_inst/inst_fifo_gen/gconvfifo.rf/grf.rf/gntv_or_sync_fifo.gl0.wr/wpntr/gic0.gc0.count_reg[1]/PRE
                            (removal check against rising-edge clock clk_out1_clk_wiz_0  {rise@0.000ns fall@1.600ns period=3.200ns})
  Path Group:             **async_default**
  Path Type:              Removal (Min at Fast Process Corner)
  Requirement:            0.000ns  (clk_out1_clk_wiz_0 rise@0.000ns - clk_out1_clk_wiz_0 rise@0.000ns)
  Data Path Delay:        0.182ns  (logic 0.048ns (26.374%)  route 0.134ns (73.626%))
  Logic Levels:           0  
  Clock Path Skew:        0.041ns (DCD - SCD - CPR)
    Destination Clock Delay (DCD):    1.876ns
    Source Clock Delay      (SCD):    2.054ns
    Clock Pessimism Removal (CPR):    -0.219ns
  Clock Net Delay (Source):      1.186ns (routing 0.449ns, distribution 0.737ns)
  Clock Net Delay (Destination): 1.386ns (routing 0.499ns, distribution 0.887ns)

    Location             Delay type                Incr(ns)  Path(ns)    Netlist Resource(s)
  -------------------------------------------------------------------    -------------------
                         (clock clk_out1_clk_wiz_0 rise edge)
                                                      0.000     0.000 r  
    BUFGCE_X1Y24         BUFGCE                       0.000     0.000 r  sys_clk_BUFGCE_inst/O
                         net (fo=1, routed)           0.404     0.404    clk_wiz_0_inst/inst/clk_in1
    MMCME3_ADV_X1Y1      MMCME3_ADV (Prop_MMCME3_ADV_CLKIN1_CLKOUT0)
                                                      0.270     0.674 r  clk_wiz_0_inst/inst/mmcme3_adv_inst/CLKOUT0
                         net (fo=1, routed)           0.167     0.841    clk_wiz_0_inst/inst/clk_out1_clk_wiz_0
    BUFGCE_X1Y25         BUFGCE (Prop_BUFCE_BUFGCE_I_O)
                                                      0.027     0.868 r  clk_wiz_0_inst/inst/clkout1_buf/O
    X1Y2 (CLOCK_ROOT)    net (fo=1528, routed)        1.186     2.054    dbg_hub/inst/BSCANID.u_xsdbm_id/CORE_XSDB.UUT_MASTER/U_ICON_INTERFACE/U_CMD6_RD/U_RD_FIFO/SUBCORE_FIFO.xsdbm_v3_0_0_rdfifo_inst/inst_fifo_gen/gconvfifo.rf/grf.rf/rstblk/wr_clk
    SLICE_X67Y197        FDPE                                         r  dbg_hub/inst/BSCANID.u_xsdbm_id/CORE_XSDB.UUT_MASTER/U_ICON_INTERFACE/U_CMD6_RD/U_RD_FIFO/SUBCORE_FIFO.xsdbm_v3_0_0_rdfifo_inst/inst_fifo_gen/gconvfifo.rf/grf.rf/rstblk/ngwrdrst.grst.g7serrst.wr_rst_reg_reg[1]/C
  -------------------------------------------------------------------    -------------------
    SLICE_X67Y197        FDPE (Prop_EFF2_SLICEM_C_Q)
                                                      0.048     2.102 f  dbg_hub/inst/BSCANID.u_xsdbm_id/CORE_XSDB.UUT_MASTER/U_ICON_INTERFACE/U_CMD6_RD/U_RD_FIFO/SUBCORE_FIFO.xsdbm_v3_0_0_rdfifo_inst/inst_fifo_gen/gconvfifo.rf/grf.rf/rstblk/ngwrdrst.grst.g7serrst.wr_rst_reg_reg[1]/Q
                         net (fo=12, routed)          0.134     2.236    dbg_hub/inst/BSCANID.u_xsdbm_id/CORE_XSDB.UUT_MASTER/U_ICON_INTERFACE/U_CMD6_RD/U_RD_FIFO/SUBCORE_FIFO.xsdbm_v3_0_0_rdfifo_inst/inst_fifo_gen/gconvfifo.rf/grf.rf/gntv_or_sync_fifo.gl0.wr/wpntr/gic0.gc0.count_reg[0]_0[0]
    SLICE_X67Y197        FDPE                                         f  dbg_hub/inst/BSCANID.u_xsdbm_id/CORE_XSDB.UUT_MASTER/U_ICON_INTERFACE/U_CMD6_RD/U_RD_FIFO/SUBCORE_FIFO.xsdbm_v3_0_0_rdfifo_inst/inst_fifo_gen/gconvfifo.rf/grf.rf/gntv_or_sync_fifo.gl0.wr/wpntr/gic0.gc0.count_reg[1]/PRE
  -------------------------------------------------------------------    -------------------

                         (clock clk_out1_clk_wiz_0 rise edge)
                                                      0.000     0.000 r  
    BUFGCE_X1Y24         BUFGCE                       0.000     0.000 r  sys_clk_BUFGCE_inst/O
                         net (fo=1, routed)           0.457     0.457    clk_wiz_0_inst/inst/clk_in1
    MMCME3_ADV_X1Y1      MMCME3_ADV (Prop_MMCME3_ADV_CLKIN1_CLKOUT0)
                                                     -0.207     0.250 r  clk_wiz_0_inst/inst/mmcme3_adv_inst/CLKOUT0
                         net (fo=1, routed)           0.209     0.459    clk_wiz_0_inst/inst/clk_out1_clk_wiz_0
    BUFGCE_X1Y25         BUFGCE (Prop_BUFCE_BUFGCE_I_O)
                                                      0.031     0.490 r  clk_wiz_0_inst/inst/clkout1_buf/O
    X1Y2 (CLOCK_ROOT)    net (fo=1528, routed)        1.386     1.876    dbg_hub/inst/BSCANID.u_xsdbm_id/CORE_XSDB.UUT_MASTER/U_ICON_INTERFACE/U_CMD6_RD/U_RD_FIFO/SUBCORE_FIFO.xsdbm_v3_0_0_rdfifo_inst/inst_fifo_gen/gconvfifo.rf/grf.rf/gntv_or_sync_fifo.gl0.wr/wpntr/wr_clk
    SLICE_X67Y197        FDPE                                         r  dbg_hub/inst/BSCANID.u_xsdbm_id/CORE_XSDB.UUT_MASTER/U_ICON_INTERFACE/U_CMD6_RD/U_RD_FIFO/SUBCORE_FIFO.xsdbm_v3_0_0_rdfifo_inst/inst_fifo_gen/gconvfifo.rf/grf.rf/gntv_or_sync_fifo.gl0.wr/wpntr/gic0.gc0.count_reg[1]/C
                         clock pessimism              0.219     2.095    
    SLICE_X67Y197        FDPE (Remov_BFF2_SLICEM_C_PRE)
                                                      0.005     2.100    dbg_hub/inst/BSCANID.u_xsdbm_id/CORE_XSDB.UUT_MASTER/U_ICON_INTERFACE/U_CMD6_RD/U_RD_FIFO/SUBCORE_FIFO.xsdbm_v3_0_0_rdfifo_inst/inst_fifo_gen/gconvfifo.rf/grf.rf/gntv_or_sync_fifo.gl0.wr/wpntr/gic0.gc0.count_reg[1]
  -------------------------------------------------------------------
                         required time                         -2.100    
                         arrival time                           2.236    
  -------------------------------------------------------------------
                         slack                                  0.136    

Slack (MET) :             0.136ns  (arrival time - required time)
  Source:                 dbg_hub/inst/BSCANID.u_xsdbm_id/CORE_XSDB.UUT_MASTER/U_ICON_INTERFACE/U_CMD6_RD/U_RD_FIFO/SUBCORE_FIFO.xsdbm_v3_0_0_rdfifo_inst/inst_fifo_gen/gconvfifo.rf/grf.rf/rstblk/ngwrdrst.grst.g7serrst.wr_rst_reg_reg[1]/C
                            (rising edge-triggered cell FDPE clocked by clk_out1_clk_wiz_0  {rise@0.000ns fall@1.600ns period=3.200ns})
  Destination:            dbg_hub/inst/BSCANID.u_xsdbm_id/CORE_XSDB.UUT_MASTER/U_ICON_INTERFACE/U_CMD6_RD/U_RD_FIFO/SUBCORE_FIFO.xsdbm_v3_0_0_rdfifo_inst/inst_fifo_gen/gconvfifo.rf/grf.rf/gntv_or_sync_fifo.gl0.wr/wpntr/gic0.gc0.count_reg[2]/CLR
                            (removal check against rising-edge clock clk_out1_clk_wiz_0  {rise@0.000ns fall@1.600ns period=3.200ns})
  Path Group:             **async_default**
  Path Type:              Removal (Min at Fast Process Corner)
  Requirement:            0.000ns  (clk_out1_clk_wiz_0 rise@0.000ns - clk_out1_clk_wiz_0 rise@0.000ns)
  Data Path Delay:        0.182ns  (logic 0.048ns (26.374%)  route 0.134ns (73.626%))
  Logic Levels:           0  
  Clock Path Skew:        0.041ns (DCD - SCD - CPR)
    Destination Clock Delay (DCD):    1.876ns
    Source Clock Delay      (SCD):    2.054ns
    Clock Pessimism Removal (CPR):    -0.219ns
  Clock Net Delay (Source):      1.186ns (routing 0.449ns, distribution 0.737ns)
  Clock Net Delay (Destination): 1.386ns (routing 0.499ns, distribution 0.887ns)

    Location             Delay type                Incr(ns)  Path(ns)    Netlist Resource(s)
  -------------------------------------------------------------------    -------------------
                         (clock clk_out1_clk_wiz_0 rise edge)
                                                      0.000     0.000 r  
    BUFGCE_X1Y24         BUFGCE                       0.000     0.000 r  sys_clk_BUFGCE_inst/O
                         net (fo=1, routed)           0.404     0.404    clk_wiz_0_inst/inst/clk_in1
    MMCME3_ADV_X1Y1      MMCME3_ADV (Prop_MMCME3_ADV_CLKIN1_CLKOUT0)
                                                      0.270     0.674 r  clk_wiz_0_inst/inst/mmcme3_adv_inst/CLKOUT0
                         net (fo=1, routed)           0.167     0.841    clk_wiz_0_inst/inst/clk_out1_clk_wiz_0
    BUFGCE_X1Y25         BUFGCE (Prop_BUFCE_BUFGCE_I_O)
                                                      0.027     0.868 r  clk_wiz_0_inst/inst/clkout1_buf/O
    X1Y2 (CLOCK_ROOT)    net (fo=1528, routed)        1.186     2.054    dbg_hub/inst/BSCANID.u_xsdbm_id/CORE_XSDB.UUT_MASTER/U_ICON_INTERFACE/U_CMD6_RD/U_RD_FIFO/SUBCORE_FIFO.xsdbm_v3_0_0_rdfifo_inst/inst_fifo_gen/gconvfifo.rf/grf.rf/rstblk/wr_clk
    SLICE_X67Y197        FDPE                                         r  dbg_hub/inst/BSCANID.u_xsdbm_id/CORE_XSDB.UUT_MASTER/U_ICON_INTERFACE/U_CMD6_RD/U_RD_FIFO/SUBCORE_FIFO.xsdbm_v3_0_0_rdfifo_inst/inst_fifo_gen/gconvfifo.rf/grf.rf/rstblk/ngwrdrst.grst.g7serrst.wr_rst_reg_reg[1]/C
  -------------------------------------------------------------------    -------------------
    SLICE_X67Y197        FDPE (Prop_EFF2_SLICEM_C_Q)
                                                      0.048     2.102 f  dbg_hub/inst/BSCANID.u_xsdbm_id/CORE_XSDB.UUT_MASTER/U_ICON_INTERFACE/U_CMD6_RD/U_RD_FIFO/SUBCORE_FIFO.xsdbm_v3_0_0_rdfifo_inst/inst_fifo_gen/gconvfifo.rf/grf.rf/rstblk/ngwrdrst.grst.g7serrst.wr_rst_reg_reg[1]/Q
                         net (fo=12, routed)          0.134     2.236    dbg_hub/inst/BSCANID.u_xsdbm_id/CORE_XSDB.UUT_MASTER/U_ICON_INTERFACE/U_CMD6_RD/U_RD_FIFO/SUBCORE_FIFO.xsdbm_v3_0_0_rdfifo_inst/inst_fifo_gen/gconvfifo.rf/grf.rf/gntv_or_sync_fifo.gl0.wr/wpntr/gic0.gc0.count_reg[0]_0[0]
    SLICE_X67Y197        FDCE                                         f  dbg_hub/inst/BSCANID.u_xsdbm_id/CORE_XSDB.UUT_MASTER/U_ICON_INTERFACE/U_CMD6_RD/U_RD_FIFO/SUBCORE_FIFO.xsdbm_v3_0_0_rdfifo_inst/inst_fifo_gen/gconvfifo.rf/grf.rf/gntv_or_sync_fifo.gl0.wr/wpntr/gic0.gc0.count_reg[2]/CLR
  -------------------------------------------------------------------    -------------------

                         (clock clk_out1_clk_wiz_0 rise edge)
                                                      0.000     0.000 r  
    BUFGCE_X1Y24         BUFGCE                       0.000     0.000 r  sys_clk_BUFGCE_inst/O
                         net (fo=1, routed)           0.457     0.457    clk_wiz_0_inst/inst/clk_in1
    MMCME3_ADV_X1Y1      MMCME3_ADV (Prop_MMCME3_ADV_CLKIN1_CLKOUT0)
                                                     -0.207     0.250 r  clk_wiz_0_inst/inst/mmcme3_adv_inst/CLKOUT0
                         net (fo=1, routed)           0.209     0.459    clk_wiz_0_inst/inst/clk_out1_clk_wiz_0
    BUFGCE_X1Y25         BUFGCE (Prop_BUFCE_BUFGCE_I_O)
                                                      0.031     0.490 r  clk_wiz_0_inst/inst/clkout1_buf/O
    X1Y2 (CLOCK_ROOT)    net (fo=1528, routed)        1.386     1.876    dbg_hub/inst/BSCANID.u_xsdbm_id/CORE_XSDB.UUT_MASTER/U_ICON_INTERFACE/U_CMD6_RD/U_RD_FIFO/SUBCORE_FIFO.xsdbm_v3_0_0_rdfifo_inst/inst_fifo_gen/gconvfifo.rf/grf.rf/gntv_or_sync_fifo.gl0.wr/wpntr/wr_clk
    SLICE_X67Y197        FDCE                                         r  dbg_hub/inst/BSCANID.u_xsdbm_id/CORE_XSDB.UUT_MASTER/U_ICON_INTERFACE/U_CMD6_RD/U_RD_FIFO/SUBCORE_FIFO.xsdbm_v3_0_0_rdfifo_inst/inst_fifo_gen/gconvfifo.rf/grf.rf/gntv_or_sync_fifo.gl0.wr/wpntr/gic0.gc0.count_reg[2]/C
                         clock pessimism              0.219     2.095    
    SLICE_X67Y197        FDCE (Remov_DFF_SLICEM_C_CLR)
                                                      0.005     2.100    dbg_hub/inst/BSCANID.u_xsdbm_id/CORE_XSDB.UUT_MASTER/U_ICON_INTERFACE/U_CMD6_RD/U_RD_FIFO/SUBCORE_FIFO.xsdbm_v3_0_0_rdfifo_inst/inst_fifo_gen/gconvfifo.rf/grf.rf/gntv_or_sync_fifo.gl0.wr/wpntr/gic0.gc0.count_reg[2]
  -------------------------------------------------------------------
                         required time                         -2.100    
                         arrival time                           2.236    
  -------------------------------------------------------------------
                         slack                                  0.136    

Slack (MET) :             0.136ns  (arrival time - required time)
  Source:                 dbg_hub/inst/BSCANID.u_xsdbm_id/CORE_XSDB.UUT_MASTER/U_ICON_INTERFACE/U_CMD6_RD/U_RD_FIFO/SUBCORE_FIFO.xsdbm_v3_0_0_rdfifo_inst/inst_fifo_gen/gconvfifo.rf/grf.rf/rstblk/ngwrdrst.grst.g7serrst.wr_rst_reg_reg[1]/C
                            (rising edge-triggered cell FDPE clocked by clk_out1_clk_wiz_0  {rise@0.000ns fall@1.600ns period=3.200ns})
  Destination:            dbg_hub/inst/BSCANID.u_xsdbm_id/CORE_XSDB.UUT_MASTER/U_ICON_INTERFACE/U_CMD6_RD/U_RD_FIFO/SUBCORE_FIFO.xsdbm_v3_0_0_rdfifo_inst/inst_fifo_gen/gconvfifo.rf/grf.rf/gntv_or_sync_fifo.gl0.wr/wpntr/gic0.gc0.count_reg[3]/CLR
                            (removal check against rising-edge clock clk_out1_clk_wiz_0  {rise@0.000ns fall@1.600ns period=3.200ns})
  Path Group:             **async_default**
  Path Type:              Removal (Min at Fast Process Corner)
  Requirement:            0.000ns  (clk_out1_clk_wiz_0 rise@0.000ns - clk_out1_clk_wiz_0 rise@0.000ns)
  Data Path Delay:        0.182ns  (logic 0.048ns (26.374%)  route 0.134ns (73.626%))
  Logic Levels:           0  
  Clock Path Skew:        0.041ns (DCD - SCD - CPR)
    Destination Clock Delay (DCD):    1.876ns
    Source Clock Delay      (SCD):    2.054ns
    Clock Pessimism Removal (CPR):    -0.219ns
  Clock Net Delay (Source):      1.186ns (routing 0.449ns, distribution 0.737ns)
  Clock Net Delay (Destination): 1.386ns (routing 0.499ns, distribution 0.887ns)

    Location             Delay type                Incr(ns)  Path(ns)    Netlist Resource(s)
  -------------------------------------------------------------------    -------------------
                         (clock clk_out1_clk_wiz_0 rise edge)
                                                      0.000     0.000 r  
    BUFGCE_X1Y24         BUFGCE                       0.000     0.000 r  sys_clk_BUFGCE_inst/O
                         net (fo=1, routed)           0.404     0.404    clk_wiz_0_inst/inst/clk_in1
    MMCME3_ADV_X1Y1      MMCME3_ADV (Prop_MMCME3_ADV_CLKIN1_CLKOUT0)
                                                      0.270     0.674 r  clk_wiz_0_inst/inst/mmcme3_adv_inst/CLKOUT0
                         net (fo=1, routed)           0.167     0.841    clk_wiz_0_inst/inst/clk_out1_clk_wiz_0
    BUFGCE_X1Y25         BUFGCE (Prop_BUFCE_BUFGCE_I_O)
                                                      0.027     0.868 r  clk_wiz_0_inst/inst/clkout1_buf/O
    X1Y2 (CLOCK_ROOT)    net (fo=1528, routed)        1.186     2.054    dbg_hub/inst/BSCANID.u_xsdbm_id/CORE_XSDB.UUT_MASTER/U_ICON_INTERFACE/U_CMD6_RD/U_RD_FIFO/SUBCORE_FIFO.xsdbm_v3_0_0_rdfifo_inst/inst_fifo_gen/gconvfifo.rf/grf.rf/rstblk/wr_clk
    SLICE_X67Y197        FDPE                                         r  dbg_hub/inst/BSCANID.u_xsdbm_id/CORE_XSDB.UUT_MASTER/U_ICON_INTERFACE/U_CMD6_RD/U_RD_FIFO/SUBCORE_FIFO.xsdbm_v3_0_0_rdfifo_inst/inst_fifo_gen/gconvfifo.rf/grf.rf/rstblk/ngwrdrst.grst.g7serrst.wr_rst_reg_reg[1]/C
  -------------------------------------------------------------------    -------------------
    SLICE_X67Y197        FDPE (Prop_EFF2_SLICEM_C_Q)
                                                      0.048     2.102 f  dbg_hub/inst/BSCANID.u_xsdbm_id/CORE_XSDB.UUT_MASTER/U_ICON_INTERFACE/U_CMD6_RD/U_RD_FIFO/SUBCORE_FIFO.xsdbm_v3_0_0_rdfifo_inst/inst_fifo_gen/gconvfifo.rf/grf.rf/rstblk/ngwrdrst.grst.g7serrst.wr_rst_reg_reg[1]/Q
                         net (fo=12, routed)          0.134     2.236    dbg_hub/inst/BSCANID.u_xsdbm_id/CORE_XSDB.UUT_MASTER/U_ICON_INTERFACE/U_CMD6_RD/U_RD_FIFO/SUBCORE_FIFO.xsdbm_v3_0_0_rdfifo_inst/inst_fifo_gen/gconvfifo.rf/grf.rf/gntv_or_sync_fifo.gl0.wr/wpntr/gic0.gc0.count_reg[0]_0[0]
    SLICE_X67Y197        FDCE                                         f  dbg_hub/inst/BSCANID.u_xsdbm_id/CORE_XSDB.UUT_MASTER/U_ICON_INTERFACE/U_CMD6_RD/U_RD_FIFO/SUBCORE_FIFO.xsdbm_v3_0_0_rdfifo_inst/inst_fifo_gen/gconvfifo.rf/grf.rf/gntv_or_sync_fifo.gl0.wr/wpntr/gic0.gc0.count_reg[3]/CLR
  -------------------------------------------------------------------    -------------------

                         (clock clk_out1_clk_wiz_0 rise edge)
                                                      0.000     0.000 r  
    BUFGCE_X1Y24         BUFGCE                       0.000     0.000 r  sys_clk_BUFGCE_inst/O
                         net (fo=1, routed)           0.457     0.457    clk_wiz_0_inst/inst/clk_in1
    MMCME3_ADV_X1Y1      MMCME3_ADV (Prop_MMCME3_ADV_CLKIN1_CLKOUT0)
                                                     -0.207     0.250 r  clk_wiz_0_inst/inst/mmcme3_adv_inst/CLKOUT0
                         net (fo=1, routed)           0.209     0.459    clk_wiz_0_inst/inst/clk_out1_clk_wiz_0
    BUFGCE_X1Y25         BUFGCE (Prop_BUFCE_BUFGCE_I_O)
                                                      0.031     0.490 r  clk_wiz_0_inst/inst/clkout1_buf/O
    X1Y2 (CLOCK_ROOT)    net (fo=1528, routed)        1.386     1.876    dbg_hub/inst/BSCANID.u_xsdbm_id/CORE_XSDB.UUT_MASTER/U_ICON_INTERFACE/U_CMD6_RD/U_RD_FIFO/SUBCORE_FIFO.xsdbm_v3_0_0_rdfifo_inst/inst_fifo_gen/gconvfifo.rf/grf.rf/gntv_or_sync_fifo.gl0.wr/wpntr/wr_clk
    SLICE_X67Y197        FDCE                                         r  dbg_hub/inst/BSCANID.u_xsdbm_id/CORE_XSDB.UUT_MASTER/U_ICON_INTERFACE/U_CMD6_RD/U_RD_FIFO/SUBCORE_FIFO.xsdbm_v3_0_0_rdfifo_inst/inst_fifo_gen/gconvfifo.rf/grf.rf/gntv_or_sync_fifo.gl0.wr/wpntr/gic0.gc0.count_reg[3]/C
                         clock pessimism              0.219     2.095    
    SLICE_X67Y197        FDCE (Remov_DFF2_SLICEM_C_CLR)
                                                      0.005     2.100    dbg_hub/inst/BSCANID.u_xsdbm_id/CORE_XSDB.UUT_MASTER/U_ICON_INTERFACE/U_CMD6_RD/U_RD_FIFO/SUBCORE_FIFO.xsdbm_v3_0_0_rdfifo_inst/inst_fifo_gen/gconvfifo.rf/grf.rf/gntv_or_sync_fifo.gl0.wr/wpntr/gic0.gc0.count_reg[3]
  -------------------------------------------------------------------
                         required time                         -2.100    
                         arrival time                           2.236    
  -------------------------------------------------------------------
                         slack                                  0.136    

Slack (MET) :             0.136ns  (arrival time - required time)
  Source:                 dbg_hub/inst/BSCANID.u_xsdbm_id/CORE_XSDB.UUT_MASTER/U_ICON_INTERFACE/U_CMD6_RD/U_RD_FIFO/SUBCORE_FIFO.xsdbm_v3_0_0_rdfifo_inst/inst_fifo_gen/gconvfifo.rf/grf.rf/rstblk/ngwrdrst.grst.g7serrst.wr_rst_reg_reg[1]/C
                            (rising edge-triggered cell FDPE clocked by clk_out1_clk_wiz_0  {rise@0.000ns fall@1.600ns period=3.200ns})
  Destination:            dbg_hub/inst/BSCANID.u_xsdbm_id/CORE_XSDB.UUT_MASTER/U_ICON_INTERFACE/U_CMD6_RD/U_RD_FIFO/SUBCORE_FIFO.xsdbm_v3_0_0_rdfifo_inst/inst_fifo_gen/gconvfifo.rf/grf.rf/gntv_or_sync_fifo.gl0.wr/wpntr/gic0.gc0.count_d1_reg[0]/PRE
                            (removal check against rising-edge clock clk_out1_clk_wiz_0  {rise@0.000ns fall@1.600ns period=3.200ns})
  Path Group:             **async_default**
  Path Type:              Removal (Min at Fast Process Corner)
  Requirement:            0.000ns  (clk_out1_clk_wiz_0 rise@0.000ns - clk_out1_clk_wiz_0 rise@0.000ns)
  Data Path Delay:        0.178ns  (logic 0.048ns (26.966%)  route 0.130ns (73.034%))
  Logic Levels:           0  
  Clock Path Skew:        0.037ns (DCD - SCD - CPR)
    Destination Clock Delay (DCD):    1.872ns
    Source Clock Delay      (SCD):    2.054ns
    Clock Pessimism Removal (CPR):    -0.219ns
  Clock Net Delay (Source):      1.186ns (routing 0.449ns, distribution 0.737ns)
  Clock Net Delay (Destination): 1.382ns (routing 0.499ns, distribution 0.883ns)

    Location             Delay type                Incr(ns)  Path(ns)    Netlist Resource(s)
  -------------------------------------------------------------------    -------------------
                         (clock clk_out1_clk_wiz_0 rise edge)
                                                      0.000     0.000 r  
    BUFGCE_X1Y24         BUFGCE                       0.000     0.000 r  sys_clk_BUFGCE_inst/O
                         net (fo=1, routed)           0.404     0.404    clk_wiz_0_inst/inst/clk_in1
    MMCME3_ADV_X1Y1      MMCME3_ADV (Prop_MMCME3_ADV_CLKIN1_CLKOUT0)
                                                      0.270     0.674 r  clk_wiz_0_inst/inst/mmcme3_adv_inst/CLKOUT0
                         net (fo=1, routed)           0.167     0.841    clk_wiz_0_inst/inst/clk_out1_clk_wiz_0
    BUFGCE_X1Y25         BUFGCE (Prop_BUFCE_BUFGCE_I_O)
                                                      0.027     0.868 r  clk_wiz_0_inst/inst/clkout1_buf/O
    X1Y2 (CLOCK_ROOT)    net (fo=1528, routed)        1.186     2.054    dbg_hub/inst/BSCANID.u_xsdbm_id/CORE_XSDB.UUT_MASTER/U_ICON_INTERFACE/U_CMD6_RD/U_RD_FIFO/SUBCORE_FIFO.xsdbm_v3_0_0_rdfifo_inst/inst_fifo_gen/gconvfifo.rf/grf.rf/rstblk/wr_clk
    SLICE_X67Y197        FDPE                                         r  dbg_hub/inst/BSCANID.u_xsdbm_id/CORE_XSDB.UUT_MASTER/U_ICON_INTERFACE/U_CMD6_RD/U_RD_FIFO/SUBCORE_FIFO.xsdbm_v3_0_0_rdfifo_inst/inst_fifo_gen/gconvfifo.rf/grf.rf/rstblk/ngwrdrst.grst.g7serrst.wr_rst_reg_reg[1]/C
  -------------------------------------------------------------------    -------------------
    SLICE_X67Y197        FDPE (Prop_EFF2_SLICEM_C_Q)
                                                      0.048     2.102 f  dbg_hub/inst/BSCANID.u_xsdbm_id/CORE_XSDB.UUT_MASTER/U_ICON_INTERFACE/U_CMD6_RD/U_RD_FIFO/SUBCORE_FIFO.xsdbm_v3_0_0_rdfifo_inst/inst_fifo_gen/gconvfifo.rf/grf.rf/rstblk/ngwrdrst.grst.g7serrst.wr_rst_reg_reg[1]/Q
                         net (fo=12, routed)          0.130     2.232    dbg_hub/inst/BSCANID.u_xsdbm_id/CORE_XSDB.UUT_MASTER/U_ICON_INTERFACE/U_CMD6_RD/U_RD_FIFO/SUBCORE_FIFO.xsdbm_v3_0_0_rdfifo_inst/inst_fifo_gen/gconvfifo.rf/grf.rf/gntv_or_sync_fifo.gl0.wr/wpntr/gic0.gc0.count_reg[0]_0[0]
    SLICE_X68Y197        FDPE                                         f  dbg_hub/inst/BSCANID.u_xsdbm_id/CORE_XSDB.UUT_MASTER/U_ICON_INTERFACE/U_CMD6_RD/U_RD_FIFO/SUBCORE_FIFO.xsdbm_v3_0_0_rdfifo_inst/inst_fifo_gen/gconvfifo.rf/grf.rf/gntv_or_sync_fifo.gl0.wr/wpntr/gic0.gc0.count_d1_reg[0]/PRE
  -------------------------------------------------------------------    -------------------

                         (clock clk_out1_clk_wiz_0 rise edge)
                                                      0.000     0.000 r  
    BUFGCE_X1Y24         BUFGCE                       0.000     0.000 r  sys_clk_BUFGCE_inst/O
                         net (fo=1, routed)           0.457     0.457    clk_wiz_0_inst/inst/clk_in1
    MMCME3_ADV_X1Y1      MMCME3_ADV (Prop_MMCME3_ADV_CLKIN1_CLKOUT0)
                                                     -0.207     0.250 r  clk_wiz_0_inst/inst/mmcme3_adv_inst/CLKOUT0
                         net (fo=1, routed)           0.209     0.459    clk_wiz_0_inst/inst/clk_out1_clk_wiz_0
    BUFGCE_X1Y25         BUFGCE (Prop_BUFCE_BUFGCE_I_O)
                                                      0.031     0.490 r  clk_wiz_0_inst/inst/clkout1_buf/O
    X1Y2 (CLOCK_ROOT)    net (fo=1528, routed)        1.382     1.872    dbg_hub/inst/BSCANID.u_xsdbm_id/CORE_XSDB.UUT_MASTER/U_ICON_INTERFACE/U_CMD6_RD/U_RD_FIFO/SUBCORE_FIFO.xsdbm_v3_0_0_rdfifo_inst/inst_fifo_gen/gconvfifo.rf/grf.rf/gntv_or_sync_fifo.gl0.wr/wpntr/wr_clk
    SLICE_X68Y197        FDPE                                         r  dbg_hub/inst/BSCANID.u_xsdbm_id/CORE_XSDB.UUT_MASTER/U_ICON_INTERFACE/U_CMD6_RD/U_RD_FIFO/SUBCORE_FIFO.xsdbm_v3_0_0_rdfifo_inst/inst_fifo_gen/gconvfifo.rf/grf.rf/gntv_or_sync_fifo.gl0.wr/wpntr/gic0.gc0.count_d1_reg[0]/C
                         clock pessimism              0.219     2.091    
    SLICE_X68Y197        FDPE (Remov_EFF_SLICEL_C_PRE)
                                                      0.005     2.096    dbg_hub/inst/BSCANID.u_xsdbm_id/CORE_XSDB.UUT_MASTER/U_ICON_INTERFACE/U_CMD6_RD/U_RD_FIFO/SUBCORE_FIFO.xsdbm_v3_0_0_rdfifo_inst/inst_fifo_gen/gconvfifo.rf/grf.rf/gntv_or_sync_fifo.gl0.wr/wpntr/gic0.gc0.count_d1_reg[0]
  -------------------------------------------------------------------
                         required time                         -2.096    
                         arrival time                           2.232    
  -------------------------------------------------------------------
                         slack                                  0.136    

Slack (MET) :             0.136ns  (arrival time - required time)
  Source:                 dbg_hub/inst/BSCANID.u_xsdbm_id/CORE_XSDB.UUT_MASTER/U_ICON_INTERFACE/U_CMD6_RD/U_RD_FIFO/SUBCORE_FIFO.xsdbm_v3_0_0_rdfifo_inst/inst_fifo_gen/gconvfifo.rf/grf.rf/rstblk/ngwrdrst.grst.g7serrst.wr_rst_reg_reg[1]/C
                            (rising edge-triggered cell FDPE clocked by clk_out1_clk_wiz_0  {rise@0.000ns fall@1.600ns period=3.200ns})
  Destination:            dbg_hub/inst/BSCANID.u_xsdbm_id/CORE_XSDB.UUT_MASTER/U_ICON_INTERFACE/U_CMD6_RD/U_RD_FIFO/SUBCORE_FIFO.xsdbm_v3_0_0_rdfifo_inst/inst_fifo_gen/gconvfifo.rf/grf.rf/gntv_or_sync_fifo.gl0.wr/wpntr/gic0.gc0.count_d1_reg[1]/CLR
                            (removal check against rising-edge clock clk_out1_clk_wiz_0  {rise@0.000ns fall@1.600ns period=3.200ns})
  Path Group:             **async_default**
  Path Type:              Removal (Min at Fast Process Corner)
  Requirement:            0.000ns  (clk_out1_clk_wiz_0 rise@0.000ns - clk_out1_clk_wiz_0 rise@0.000ns)
  Data Path Delay:        0.178ns  (logic 0.048ns (26.966%)  route 0.130ns (73.034%))
  Logic Levels:           0  
  Clock Path Skew:        0.037ns (DCD - SCD - CPR)
    Destination Clock Delay (DCD):    1.872ns
    Source Clock Delay      (SCD):    2.054ns
    Clock Pessimism Removal (CPR):    -0.219ns
  Clock Net Delay (Source):      1.186ns (routing 0.449ns, distribution 0.737ns)
  Clock Net Delay (Destination): 1.382ns (routing 0.499ns, distribution 0.883ns)

    Location             Delay type                Incr(ns)  Path(ns)    Netlist Resource(s)
  -------------------------------------------------------------------    -------------------
                         (clock clk_out1_clk_wiz_0 rise edge)
                                                      0.000     0.000 r  
    BUFGCE_X1Y24         BUFGCE                       0.000     0.000 r  sys_clk_BUFGCE_inst/O
                         net (fo=1, routed)           0.404     0.404    clk_wiz_0_inst/inst/clk_in1
    MMCME3_ADV_X1Y1      MMCME3_ADV (Prop_MMCME3_ADV_CLKIN1_CLKOUT0)
                                                      0.270     0.674 r  clk_wiz_0_inst/inst/mmcme3_adv_inst/CLKOUT0
                         net (fo=1, routed)           0.167     0.841    clk_wiz_0_inst/inst/clk_out1_clk_wiz_0
    BUFGCE_X1Y25         BUFGCE (Prop_BUFCE_BUFGCE_I_O)
                                                      0.027     0.868 r  clk_wiz_0_inst/inst/clkout1_buf/O
    X1Y2 (CLOCK_ROOT)    net (fo=1528, routed)        1.186     2.054    dbg_hub/inst/BSCANID.u_xsdbm_id/CORE_XSDB.UUT_MASTER/U_ICON_INTERFACE/U_CMD6_RD/U_RD_FIFO/SUBCORE_FIFO.xsdbm_v3_0_0_rdfifo_inst/inst_fifo_gen/gconvfifo.rf/grf.rf/rstblk/wr_clk
    SLICE_X67Y197        FDPE                                         r  dbg_hub/inst/BSCANID.u_xsdbm_id/CORE_XSDB.UUT_MASTER/U_ICON_INTERFACE/U_CMD6_RD/U_RD_FIFO/SUBCORE_FIFO.xsdbm_v3_0_0_rdfifo_inst/inst_fifo_gen/gconvfifo.rf/grf.rf/rstblk/ngwrdrst.grst.g7serrst.wr_rst_reg_reg[1]/C
  -------------------------------------------------------------------    -------------------
    SLICE_X67Y197        FDPE (Prop_EFF2_SLICEM_C_Q)
                                                      0.048     2.102 f  dbg_hub/inst/BSCANID.u_xsdbm_id/CORE_XSDB.UUT_MASTER/U_ICON_INTERFACE/U_CMD6_RD/U_RD_FIFO/SUBCORE_FIFO.xsdbm_v3_0_0_rdfifo_inst/inst_fifo_gen/gconvfifo.rf/grf.rf/rstblk/ngwrdrst.grst.g7serrst.wr_rst_reg_reg[1]/Q
                         net (fo=12, routed)          0.130     2.232    dbg_hub/inst/BSCANID.u_xsdbm_id/CORE_XSDB.UUT_MASTER/U_ICON_INTERFACE/U_CMD6_RD/U_RD_FIFO/SUBCORE_FIFO.xsdbm_v3_0_0_rdfifo_inst/inst_fifo_gen/gconvfifo.rf/grf.rf/gntv_or_sync_fifo.gl0.wr/wpntr/gic0.gc0.count_reg[0]_0[0]
    SLICE_X68Y197        FDCE                                         f  dbg_hub/inst/BSCANID.u_xsdbm_id/CORE_XSDB.UUT_MASTER/U_ICON_INTERFACE/U_CMD6_RD/U_RD_FIFO/SUBCORE_FIFO.xsdbm_v3_0_0_rdfifo_inst/inst_fifo_gen/gconvfifo.rf/grf.rf/gntv_or_sync_fifo.gl0.wr/wpntr/gic0.gc0.count_d1_reg[1]/CLR
  -------------------------------------------------------------------    -------------------

                         (clock clk_out1_clk_wiz_0 rise edge)
                                                      0.000     0.000 r  
    BUFGCE_X1Y24         BUFGCE                       0.000     0.000 r  sys_clk_BUFGCE_inst/O
                         net (fo=1, routed)           0.457     0.457    clk_wiz_0_inst/inst/clk_in1
    MMCME3_ADV_X1Y1      MMCME3_ADV (Prop_MMCME3_ADV_CLKIN1_CLKOUT0)
                                                     -0.207     0.250 r  clk_wiz_0_inst/inst/mmcme3_adv_inst/CLKOUT0
                         net (fo=1, routed)           0.209     0.459    clk_wiz_0_inst/inst/clk_out1_clk_wiz_0
    BUFGCE_X1Y25         BUFGCE (Prop_BUFCE_BUFGCE_I_O)
                                                      0.031     0.490 r  clk_wiz_0_inst/inst/clkout1_buf/O
    X1Y2 (CLOCK_ROOT)    net (fo=1528, routed)        1.382     1.872    dbg_hub/inst/BSCANID.u_xsdbm_id/CORE_XSDB.UUT_MASTER/U_ICON_INTERFACE/U_CMD6_RD/U_RD_FIFO/SUBCORE_FIFO.xsdbm_v3_0_0_rdfifo_inst/inst_fifo_gen/gconvfifo.rf/grf.rf/gntv_or_sync_fifo.gl0.wr/wpntr/wr_clk
    SLICE_X68Y197        FDCE                                         r  dbg_hub/inst/BSCANID.u_xsdbm_id/CORE_XSDB.UUT_MASTER/U_ICON_INTERFACE/U_CMD6_RD/U_RD_FIFO/SUBCORE_FIFO.xsdbm_v3_0_0_rdfifo_inst/inst_fifo_gen/gconvfifo.rf/grf.rf/gntv_or_sync_fifo.gl0.wr/wpntr/gic0.gc0.count_d1_reg[1]/C
                         clock pessimism              0.219     2.091    
    SLICE_X68Y197        FDCE (Remov_EFF2_SLICEL_C_CLR)
                                                      0.005     2.096    dbg_hub/inst/BSCANID.u_xsdbm_id/CORE_XSDB.UUT_MASTER/U_ICON_INTERFACE/U_CMD6_RD/U_RD_FIFO/SUBCORE_FIFO.xsdbm_v3_0_0_rdfifo_inst/inst_fifo_gen/gconvfifo.rf/grf.rf/gntv_or_sync_fifo.gl0.wr/wpntr/gic0.gc0.count_d1_reg[1]
  -------------------------------------------------------------------
                         required time                         -2.096    
                         arrival time                           2.232    
  -------------------------------------------------------------------
                         slack                                  0.136    

Slack (MET) :             0.136ns  (arrival time - required time)
  Source:                 dbg_hub/inst/BSCANID.u_xsdbm_id/CORE_XSDB.UUT_MASTER/U_ICON_INTERFACE/U_CMD6_RD/U_RD_FIFO/SUBCORE_FIFO.xsdbm_v3_0_0_rdfifo_inst/inst_fifo_gen/gconvfifo.rf/grf.rf/rstblk/ngwrdrst.grst.g7serrst.wr_rst_reg_reg[1]/C
                            (rising edge-triggered cell FDPE clocked by clk_out1_clk_wiz_0  {rise@0.000ns fall@1.600ns period=3.200ns})
  Destination:            dbg_hub/inst/BSCANID.u_xsdbm_id/CORE_XSDB.UUT_MASTER/U_ICON_INTERFACE/U_CMD6_RD/U_RD_FIFO/SUBCORE_FIFO.xsdbm_v3_0_0_rdfifo_inst/inst_fifo_gen/gconvfifo.rf/grf.rf/gntv_or_sync_fifo.gl0.wr/wpntr/gic0.gc0.count_d1_reg[2]/CLR
                            (removal check against rising-edge clock clk_out1_clk_wiz_0  {rise@0.000ns fall@1.600ns period=3.200ns})
  Path Group:             **async_default**
  Path Type:              Removal (Min at Fast Process Corner)
  Requirement:            0.000ns  (clk_out1_clk_wiz_0 rise@0.000ns - clk_out1_clk_wiz_0 rise@0.000ns)
  Data Path Delay:        0.178ns  (logic 0.048ns (26.966%)  route 0.130ns (73.034%))
  Logic Levels:           0  
  Clock Path Skew:        0.037ns (DCD - SCD - CPR)
    Destination Clock Delay (DCD):    1.872ns
    Source Clock Delay      (SCD):    2.054ns
    Clock Pessimism Removal (CPR):    -0.219ns
  Clock Net Delay (Source):      1.186ns (routing 0.449ns, distribution 0.737ns)
  Clock Net Delay (Destination): 1.382ns (routing 0.499ns, distribution 0.883ns)

    Location             Delay type                Incr(ns)  Path(ns)    Netlist Resource(s)
  -------------------------------------------------------------------    -------------------
                         (clock clk_out1_clk_wiz_0 rise edge)
                                                      0.000     0.000 r  
    BUFGCE_X1Y24         BUFGCE                       0.000     0.000 r  sys_clk_BUFGCE_inst/O
                         net (fo=1, routed)           0.404     0.404    clk_wiz_0_inst/inst/clk_in1
    MMCME3_ADV_X1Y1      MMCME3_ADV (Prop_MMCME3_ADV_CLKIN1_CLKOUT0)
                                                      0.270     0.674 r  clk_wiz_0_inst/inst/mmcme3_adv_inst/CLKOUT0
                         net (fo=1, routed)           0.167     0.841    clk_wiz_0_inst/inst/clk_out1_clk_wiz_0
    BUFGCE_X1Y25         BUFGCE (Prop_BUFCE_BUFGCE_I_O)
                                                      0.027     0.868 r  clk_wiz_0_inst/inst/clkout1_buf/O
    X1Y2 (CLOCK_ROOT)    net (fo=1528, routed)        1.186     2.054    dbg_hub/inst/BSCANID.u_xsdbm_id/CORE_XSDB.UUT_MASTER/U_ICON_INTERFACE/U_CMD6_RD/U_RD_FIFO/SUBCORE_FIFO.xsdbm_v3_0_0_rdfifo_inst/inst_fifo_gen/gconvfifo.rf/grf.rf/rstblk/wr_clk
    SLICE_X67Y197        FDPE                                         r  dbg_hub/inst/BSCANID.u_xsdbm_id/CORE_XSDB.UUT_MASTER/U_ICON_INTERFACE/U_CMD6_RD/U_RD_FIFO/SUBCORE_FIFO.xsdbm_v3_0_0_rdfifo_inst/inst_fifo_gen/gconvfifo.rf/grf.rf/rstblk/ngwrdrst.grst.g7serrst.wr_rst_reg_reg[1]/C
  -------------------------------------------------------------------    -------------------
    SLICE_X67Y197        FDPE (Prop_EFF2_SLICEM_C_Q)
                                                      0.048     2.102 f  dbg_hub/inst/BSCANID.u_xsdbm_id/CORE_XSDB.UUT_MASTER/U_ICON_INTERFACE/U_CMD6_RD/U_RD_FIFO/SUBCORE_FIFO.xsdbm_v3_0_0_rdfifo_inst/inst_fifo_gen/gconvfifo.rf/grf.rf/rstblk/ngwrdrst.grst.g7serrst.wr_rst_reg_reg[1]/Q
                         net (fo=12, routed)          0.130     2.232    dbg_hub/inst/BSCANID.u_xsdbm_id/CORE_XSDB.UUT_MASTER/U_ICON_INTERFACE/U_CMD6_RD/U_RD_FIFO/SUBCORE_FIFO.xsdbm_v3_0_0_rdfifo_inst/inst_fifo_gen/gconvfifo.rf/grf.rf/gntv_or_sync_fifo.gl0.wr/wpntr/gic0.gc0.count_reg[0]_0[0]
    SLICE_X68Y197        FDCE                                         f  dbg_hub/inst/BSCANID.u_xsdbm_id/CORE_XSDB.UUT_MASTER/U_ICON_INTERFACE/U_CMD6_RD/U_RD_FIFO/SUBCORE_FIFO.xsdbm_v3_0_0_rdfifo_inst/inst_fifo_gen/gconvfifo.rf/grf.rf/gntv_or_sync_fifo.gl0.wr/wpntr/gic0.gc0.count_d1_reg[2]/CLR
  -------------------------------------------------------------------    -------------------

                         (clock clk_out1_clk_wiz_0 rise edge)
                                                      0.000     0.000 r  
    BUFGCE_X1Y24         BUFGCE                       0.000     0.000 r  sys_clk_BUFGCE_inst/O
                         net (fo=1, routed)           0.457     0.457    clk_wiz_0_inst/inst/clk_in1
    MMCME3_ADV_X1Y1      MMCME3_ADV (Prop_MMCME3_ADV_CLKIN1_CLKOUT0)
                                                     -0.207     0.250 r  clk_wiz_0_inst/inst/mmcme3_adv_inst/CLKOUT0
                         net (fo=1, routed)           0.209     0.459    clk_wiz_0_inst/inst/clk_out1_clk_wiz_0
    BUFGCE_X1Y25         BUFGCE (Prop_BUFCE_BUFGCE_I_O)
                                                      0.031     0.490 r  clk_wiz_0_inst/inst/clkout1_buf/O
    X1Y2 (CLOCK_ROOT)    net (fo=1528, routed)        1.382     1.872    dbg_hub/inst/BSCANID.u_xsdbm_id/CORE_XSDB.UUT_MASTER/U_ICON_INTERFACE/U_CMD6_RD/U_RD_FIFO/SUBCORE_FIFO.xsdbm_v3_0_0_rdfifo_inst/inst_fifo_gen/gconvfifo.rf/grf.rf/gntv_or_sync_fifo.gl0.wr/wpntr/wr_clk
    SLICE_X68Y197        FDCE                                         r  dbg_hub/inst/BSCANID.u_xsdbm_id/CORE_XSDB.UUT_MASTER/U_ICON_INTERFACE/U_CMD6_RD/U_RD_FIFO/SUBCORE_FIFO.xsdbm_v3_0_0_rdfifo_inst/inst_fifo_gen/gconvfifo.rf/grf.rf/gntv_or_sync_fifo.gl0.wr/wpntr/gic0.gc0.count_d1_reg[2]/C
                         clock pessimism              0.219     2.091    
    SLICE_X68Y197        FDCE (Remov_FFF_SLICEL_C_CLR)
                                                      0.005     2.096    dbg_hub/inst/BSCANID.u_xsdbm_id/CORE_XSDB.UUT_MASTER/U_ICON_INTERFACE/U_CMD6_RD/U_RD_FIFO/SUBCORE_FIFO.xsdbm_v3_0_0_rdfifo_inst/inst_fifo_gen/gconvfifo.rf/grf.rf/gntv_or_sync_fifo.gl0.wr/wpntr/gic0.gc0.count_d1_reg[2]
  -------------------------------------------------------------------
                         required time                         -2.096    
                         arrival time                           2.232    
  -------------------------------------------------------------------
                         slack                                  0.136    

Slack (MET) :             0.136ns  (arrival time - required time)
  Source:                 dbg_hub/inst/BSCANID.u_xsdbm_id/CORE_XSDB.UUT_MASTER/U_ICON_INTERFACE/U_CMD6_RD/U_RD_FIFO/SUBCORE_FIFO.xsdbm_v3_0_0_rdfifo_inst/inst_fifo_gen/gconvfifo.rf/grf.rf/rstblk/ngwrdrst.grst.g7serrst.wr_rst_reg_reg[1]/C
                            (rising edge-triggered cell FDPE clocked by clk_out1_clk_wiz_0  {rise@0.000ns fall@1.600ns period=3.200ns})
  Destination:            dbg_hub/inst/BSCANID.u_xsdbm_id/CORE_XSDB.UUT_MASTER/U_ICON_INTERFACE/U_CMD6_RD/U_RD_FIFO/SUBCORE_FIFO.xsdbm_v3_0_0_rdfifo_inst/inst_fifo_gen/gconvfifo.rf/grf.rf/gntv_or_sync_fifo.gl0.wr/wpntr/gic0.gc0.count_d1_reg[3]/CLR
                            (removal check against rising-edge clock clk_out1_clk_wiz_0  {rise@0.000ns fall@1.600ns period=3.200ns})
  Path Group:             **async_default**
  Path Type:              Removal (Min at Fast Process Corner)
  Requirement:            0.000ns  (clk_out1_clk_wiz_0 rise@0.000ns - clk_out1_clk_wiz_0 rise@0.000ns)
  Data Path Delay:        0.178ns  (logic 0.048ns (26.966%)  route 0.130ns (73.034%))
  Logic Levels:           0  
  Clock Path Skew:        0.037ns (DCD - SCD - CPR)
    Destination Clock Delay (DCD):    1.872ns
    Source Clock Delay      (SCD):    2.054ns
    Clock Pessimism Removal (CPR):    -0.219ns
  Clock Net Delay (Source):      1.186ns (routing 0.449ns, distribution 0.737ns)
  Clock Net Delay (Destination): 1.382ns (routing 0.499ns, distribution 0.883ns)

    Location             Delay type                Incr(ns)  Path(ns)    Netlist Resource(s)
  -------------------------------------------------------------------    -------------------
                         (clock clk_out1_clk_wiz_0 rise edge)
                                                      0.000     0.000 r  
    BUFGCE_X1Y24         BUFGCE                       0.000     0.000 r  sys_clk_BUFGCE_inst/O
                         net (fo=1, routed)           0.404     0.404    clk_wiz_0_inst/inst/clk_in1
    MMCME3_ADV_X1Y1      MMCME3_ADV (Prop_MMCME3_ADV_CLKIN1_CLKOUT0)
                                                      0.270     0.674 r  clk_wiz_0_inst/inst/mmcme3_adv_inst/CLKOUT0
                         net (fo=1, routed)           0.167     0.841    clk_wiz_0_inst/inst/clk_out1_clk_wiz_0
    BUFGCE_X1Y25         BUFGCE (Prop_BUFCE_BUFGCE_I_O)
                                                      0.027     0.868 r  clk_wiz_0_inst/inst/clkout1_buf/O
    X1Y2 (CLOCK_ROOT)    net (fo=1528, routed)        1.186     2.054    dbg_hub/inst/BSCANID.u_xsdbm_id/CORE_XSDB.UUT_MASTER/U_ICON_INTERFACE/U_CMD6_RD/U_RD_FIFO/SUBCORE_FIFO.xsdbm_v3_0_0_rdfifo_inst/inst_fifo_gen/gconvfifo.rf/grf.rf/rstblk/wr_clk
    SLICE_X67Y197        FDPE                                         r  dbg_hub/inst/BSCANID.u_xsdbm_id/CORE_XSDB.UUT_MASTER/U_ICON_INTERFACE/U_CMD6_RD/U_RD_FIFO/SUBCORE_FIFO.xsdbm_v3_0_0_rdfifo_inst/inst_fifo_gen/gconvfifo.rf/grf.rf/rstblk/ngwrdrst.grst.g7serrst.wr_rst_reg_reg[1]/C
  -------------------------------------------------------------------    -------------------
    SLICE_X67Y197        FDPE (Prop_EFF2_SLICEM_C_Q)
                                                      0.048     2.102 f  dbg_hub/inst/BSCANID.u_xsdbm_id/CORE_XSDB.UUT_MASTER/U_ICON_INTERFACE/U_CMD6_RD/U_RD_FIFO/SUBCORE_FIFO.xsdbm_v3_0_0_rdfifo_inst/inst_fifo_gen/gconvfifo.rf/grf.rf/rstblk/ngwrdrst.grst.g7serrst.wr_rst_reg_reg[1]/Q
                         net (fo=12, routed)          0.130     2.232    dbg_hub/inst/BSCANID.u_xsdbm_id/CORE_XSDB.UUT_MASTER/U_ICON_INTERFACE/U_CMD6_RD/U_RD_FIFO/SUBCORE_FIFO.xsdbm_v3_0_0_rdfifo_inst/inst_fifo_gen/gconvfifo.rf/grf.rf/gntv_or_sync_fifo.gl0.wr/wpntr/gic0.gc0.count_reg[0]_0[0]
    SLICE_X68Y197        FDCE                                         f  dbg_hub/inst/BSCANID.u_xsdbm_id/CORE_XSDB.UUT_MASTER/U_ICON_INTERFACE/U_CMD6_RD/U_RD_FIFO/SUBCORE_FIFO.xsdbm_v3_0_0_rdfifo_inst/inst_fifo_gen/gconvfifo.rf/grf.rf/gntv_or_sync_fifo.gl0.wr/wpntr/gic0.gc0.count_d1_reg[3]/CLR
  -------------------------------------------------------------------    -------------------

                         (clock clk_out1_clk_wiz_0 rise edge)
                                                      0.000     0.000 r  
    BUFGCE_X1Y24         BUFGCE                       0.000     0.000 r  sys_clk_BUFGCE_inst/O
                         net (fo=1, routed)           0.457     0.457    clk_wiz_0_inst/inst/clk_in1
    MMCME3_ADV_X1Y1      MMCME3_ADV (Prop_MMCME3_ADV_CLKIN1_CLKOUT0)
                                                     -0.207     0.250 r  clk_wiz_0_inst/inst/mmcme3_adv_inst/CLKOUT0
                         net (fo=1, routed)           0.209     0.459    clk_wiz_0_inst/inst/clk_out1_clk_wiz_0
    BUFGCE_X1Y25         BUFGCE (Prop_BUFCE_BUFGCE_I_O)
                                                      0.031     0.490 r  clk_wiz_0_inst/inst/clkout1_buf/O
    X1Y2 (CLOCK_ROOT)    net (fo=1528, routed)        1.382     1.872    dbg_hub/inst/BSCANID.u_xsdbm_id/CORE_XSDB.UUT_MASTER/U_ICON_INTERFACE/U_CMD6_RD/U_RD_FIFO/SUBCORE_FIFO.xsdbm_v3_0_0_rdfifo_inst/inst_fifo_gen/gconvfifo.rf/grf.rf/gntv_or_sync_fifo.gl0.wr/wpntr/wr_clk
    SLICE_X68Y197        FDCE                                         r  dbg_hub/inst/BSCANID.u_xsdbm_id/CORE_XSDB.UUT_MASTER/U_ICON_INTERFACE/U_CMD6_RD/U_RD_FIFO/SUBCORE_FIFO.xsdbm_v3_0_0_rdfifo_inst/inst_fifo_gen/gconvfifo.rf/grf.rf/gntv_or_sync_fifo.gl0.wr/wpntr/gic0.gc0.count_d1_reg[3]/C
                         clock pessimism              0.219     2.091    
    SLICE_X68Y197        FDCE (Remov_FFF2_SLICEL_C_CLR)
                                                      0.005     2.096    dbg_hub/inst/BSCANID.u_xsdbm_id/CORE_XSDB.UUT_MASTER/U_ICON_INTERFACE/U_CMD6_RD/U_RD_FIFO/SUBCORE_FIFO.xsdbm_v3_0_0_rdfifo_inst/inst_fifo_gen/gconvfifo.rf/grf.rf/gntv_or_sync_fifo.gl0.wr/wpntr/gic0.gc0.count_d1_reg[3]
  -------------------------------------------------------------------
                         required time                         -2.096    
                         arrival time                           2.232    
  -------------------------------------------------------------------
                         slack                                  0.136    

Slack (MET) :             0.136ns  (arrival time - required time)
  Source:                 dbg_hub/inst/BSCANID.u_xsdbm_id/CORE_XSDB.UUT_MASTER/U_ICON_INTERFACE/U_CMD6_RD/U_RD_FIFO/SUBCORE_FIFO.xsdbm_v3_0_0_rdfifo_inst/inst_fifo_gen/gconvfifo.rf/grf.rf/rstblk/ngwrdrst.grst.g7serrst.wr_rst_reg_reg[1]/C
                            (rising edge-triggered cell FDPE clocked by clk_out1_clk_wiz_0  {rise@0.000ns fall@1.600ns period=3.200ns})
  Destination:            dbg_hub/inst/BSCANID.u_xsdbm_id/CORE_XSDB.UUT_MASTER/U_ICON_INTERFACE/U_CMD6_RD/U_RD_FIFO/SUBCORE_FIFO.xsdbm_v3_0_0_rdfifo_inst/inst_fifo_gen/gconvfifo.rf/grf.rf/gntv_or_sync_fifo.gl0.wr/wpntr/gic0.gc0.count_d2_reg[0]/CLR
                            (removal check against rising-edge clock clk_out1_clk_wiz_0  {rise@0.000ns fall@1.600ns period=3.200ns})
  Path Group:             **async_default**
  Path Type:              Removal (Min at Fast Process Corner)
  Requirement:            0.000ns  (clk_out1_clk_wiz_0 rise@0.000ns - clk_out1_clk_wiz_0 rise@0.000ns)
  Data Path Delay:        0.178ns  (logic 0.048ns (26.966%)  route 0.130ns (73.034%))
  Logic Levels:           0  
  Clock Path Skew:        0.037ns (DCD - SCD - CPR)
    Destination Clock Delay (DCD):    1.872ns
    Source Clock Delay      (SCD):    2.054ns
    Clock Pessimism Removal (CPR):    -0.219ns
  Clock Net Delay (Source):      1.186ns (routing 0.449ns, distribution 0.737ns)
  Clock Net Delay (Destination): 1.382ns (routing 0.499ns, distribution 0.883ns)

    Location             Delay type                Incr(ns)  Path(ns)    Netlist Resource(s)
  -------------------------------------------------------------------    -------------------
                         (clock clk_out1_clk_wiz_0 rise edge)
                                                      0.000     0.000 r  
    BUFGCE_X1Y24         BUFGCE                       0.000     0.000 r  sys_clk_BUFGCE_inst/O
                         net (fo=1, routed)           0.404     0.404    clk_wiz_0_inst/inst/clk_in1
    MMCME3_ADV_X1Y1      MMCME3_ADV (Prop_MMCME3_ADV_CLKIN1_CLKOUT0)
                                                      0.270     0.674 r  clk_wiz_0_inst/inst/mmcme3_adv_inst/CLKOUT0
                         net (fo=1, routed)           0.167     0.841    clk_wiz_0_inst/inst/clk_out1_clk_wiz_0
    BUFGCE_X1Y25         BUFGCE (Prop_BUFCE_BUFGCE_I_O)
                                                      0.027     0.868 r  clk_wiz_0_inst/inst/clkout1_buf/O
    X1Y2 (CLOCK_ROOT)    net (fo=1528, routed)        1.186     2.054    dbg_hub/inst/BSCANID.u_xsdbm_id/CORE_XSDB.UUT_MASTER/U_ICON_INTERFACE/U_CMD6_RD/U_RD_FIFO/SUBCORE_FIFO.xsdbm_v3_0_0_rdfifo_inst/inst_fifo_gen/gconvfifo.rf/grf.rf/rstblk/wr_clk
    SLICE_X67Y197        FDPE                                         r  dbg_hub/inst/BSCANID.u_xsdbm_id/CORE_XSDB.UUT_MASTER/U_ICON_INTERFACE/U_CMD6_RD/U_RD_FIFO/SUBCORE_FIFO.xsdbm_v3_0_0_rdfifo_inst/inst_fifo_gen/gconvfifo.rf/grf.rf/rstblk/ngwrdrst.grst.g7serrst.wr_rst_reg_reg[1]/C
  -------------------------------------------------------------------    -------------------
    SLICE_X67Y197        FDPE (Prop_EFF2_SLICEM_C_Q)
                                                      0.048     2.102 f  dbg_hub/inst/BSCANID.u_xsdbm_id/CORE_XSDB.UUT_MASTER/U_ICON_INTERFACE/U_CMD6_RD/U_RD_FIFO/SUBCORE_FIFO.xsdbm_v3_0_0_rdfifo_inst/inst_fifo_gen/gconvfifo.rf/grf.rf/rstblk/ngwrdrst.grst.g7serrst.wr_rst_reg_reg[1]/Q
                         net (fo=12, routed)          0.130     2.232    dbg_hub/inst/BSCANID.u_xsdbm_id/CORE_XSDB.UUT_MASTER/U_ICON_INTERFACE/U_CMD6_RD/U_RD_FIFO/SUBCORE_FIFO.xsdbm_v3_0_0_rdfifo_inst/inst_fifo_gen/gconvfifo.rf/grf.rf/gntv_or_sync_fifo.gl0.wr/wpntr/gic0.gc0.count_reg[0]_0[0]
    SLICE_X68Y197        FDCE                                         f  dbg_hub/inst/BSCANID.u_xsdbm_id/CORE_XSDB.UUT_MASTER/U_ICON_INTERFACE/U_CMD6_RD/U_RD_FIFO/SUBCORE_FIFO.xsdbm_v3_0_0_rdfifo_inst/inst_fifo_gen/gconvfifo.rf/grf.rf/gntv_or_sync_fifo.gl0.wr/wpntr/gic0.gc0.count_d2_reg[0]/CLR
  -------------------------------------------------------------------    -------------------

                         (clock clk_out1_clk_wiz_0 rise edge)
                                                      0.000     0.000 r  
    BUFGCE_X1Y24         BUFGCE                       0.000     0.000 r  sys_clk_BUFGCE_inst/O
                         net (fo=1, routed)           0.457     0.457    clk_wiz_0_inst/inst/clk_in1
    MMCME3_ADV_X1Y1      MMCME3_ADV (Prop_MMCME3_ADV_CLKIN1_CLKOUT0)
                                                     -0.207     0.250 r  clk_wiz_0_inst/inst/mmcme3_adv_inst/CLKOUT0
                         net (fo=1, routed)           0.209     0.459    clk_wiz_0_inst/inst/clk_out1_clk_wiz_0
    BUFGCE_X1Y25         BUFGCE (Prop_BUFCE_BUFGCE_I_O)
                                                      0.031     0.490 r  clk_wiz_0_inst/inst/clkout1_buf/O
    X1Y2 (CLOCK_ROOT)    net (fo=1528, routed)        1.382     1.872    dbg_hub/inst/BSCANID.u_xsdbm_id/CORE_XSDB.UUT_MASTER/U_ICON_INTERFACE/U_CMD6_RD/U_RD_FIFO/SUBCORE_FIFO.xsdbm_v3_0_0_rdfifo_inst/inst_fifo_gen/gconvfifo.rf/grf.rf/gntv_or_sync_fifo.gl0.wr/wpntr/wr_clk
    SLICE_X68Y197        FDCE                                         r  dbg_hub/inst/BSCANID.u_xsdbm_id/CORE_XSDB.UUT_MASTER/U_ICON_INTERFACE/U_CMD6_RD/U_RD_FIFO/SUBCORE_FIFO.xsdbm_v3_0_0_rdfifo_inst/inst_fifo_gen/gconvfifo.rf/grf.rf/gntv_or_sync_fifo.gl0.wr/wpntr/gic0.gc0.count_d2_reg[0]/C
                         clock pessimism              0.219     2.091    
    SLICE_X68Y197        FDCE (Remov_GFF_SLICEL_C_CLR)
                                                      0.005     2.096    dbg_hub/inst/BSCANID.u_xsdbm_id/CORE_XSDB.UUT_MASTER/U_ICON_INTERFACE/U_CMD6_RD/U_RD_FIFO/SUBCORE_FIFO.xsdbm_v3_0_0_rdfifo_inst/inst_fifo_gen/gconvfifo.rf/grf.rf/gntv_or_sync_fifo.gl0.wr/wpntr/gic0.gc0.count_d2_reg[0]
  -------------------------------------------------------------------
                         required time                         -2.096    
                         arrival time                           2.232    
  -------------------------------------------------------------------
                         slack                                  0.136    

Slack (MET) :             0.136ns  (arrival time - required time)
  Source:                 dbg_hub/inst/BSCANID.u_xsdbm_id/CORE_XSDB.UUT_MASTER/U_ICON_INTERFACE/U_CMD6_RD/U_RD_FIFO/SUBCORE_FIFO.xsdbm_v3_0_0_rdfifo_inst/inst_fifo_gen/gconvfifo.rf/grf.rf/rstblk/ngwrdrst.grst.g7serrst.wr_rst_reg_reg[1]/C
                            (rising edge-triggered cell FDPE clocked by clk_out1_clk_wiz_0  {rise@0.000ns fall@1.600ns period=3.200ns})
  Destination:            dbg_hub/inst/BSCANID.u_xsdbm_id/CORE_XSDB.UUT_MASTER/U_ICON_INTERFACE/U_CMD6_RD/U_RD_FIFO/SUBCORE_FIFO.xsdbm_v3_0_0_rdfifo_inst/inst_fifo_gen/gconvfifo.rf/grf.rf/gntv_or_sync_fifo.gl0.wr/wpntr/gic0.gc0.count_d2_reg[1]/CLR
                            (removal check against rising-edge clock clk_out1_clk_wiz_0  {rise@0.000ns fall@1.600ns period=3.200ns})
  Path Group:             **async_default**
  Path Type:              Removal (Min at Fast Process Corner)
  Requirement:            0.000ns  (clk_out1_clk_wiz_0 rise@0.000ns - clk_out1_clk_wiz_0 rise@0.000ns)
  Data Path Delay:        0.178ns  (logic 0.048ns (26.966%)  route 0.130ns (73.034%))
  Logic Levels:           0  
  Clock Path Skew:        0.037ns (DCD - SCD - CPR)
    Destination Clock Delay (DCD):    1.872ns
    Source Clock Delay      (SCD):    2.054ns
    Clock Pessimism Removal (CPR):    -0.219ns
  Clock Net Delay (Source):      1.186ns (routing 0.449ns, distribution 0.737ns)
  Clock Net Delay (Destination): 1.382ns (routing 0.499ns, distribution 0.883ns)

    Location             Delay type                Incr(ns)  Path(ns)    Netlist Resource(s)
  -------------------------------------------------------------------    -------------------
                         (clock clk_out1_clk_wiz_0 rise edge)
                                                      0.000     0.000 r  
    BUFGCE_X1Y24         BUFGCE                       0.000     0.000 r  sys_clk_BUFGCE_inst/O
                         net (fo=1, routed)           0.404     0.404    clk_wiz_0_inst/inst/clk_in1
    MMCME3_ADV_X1Y1      MMCME3_ADV (Prop_MMCME3_ADV_CLKIN1_CLKOUT0)
                                                      0.270     0.674 r  clk_wiz_0_inst/inst/mmcme3_adv_inst/CLKOUT0
                         net (fo=1, routed)           0.167     0.841    clk_wiz_0_inst/inst/clk_out1_clk_wiz_0
    BUFGCE_X1Y25         BUFGCE (Prop_BUFCE_BUFGCE_I_O)
                                                      0.027     0.868 r  clk_wiz_0_inst/inst/clkout1_buf/O
    X1Y2 (CLOCK_ROOT)    net (fo=1528, routed)        1.186     2.054    dbg_hub/inst/BSCANID.u_xsdbm_id/CORE_XSDB.UUT_MASTER/U_ICON_INTERFACE/U_CMD6_RD/U_RD_FIFO/SUBCORE_FIFO.xsdbm_v3_0_0_rdfifo_inst/inst_fifo_gen/gconvfifo.rf/grf.rf/rstblk/wr_clk
    SLICE_X67Y197        FDPE                                         r  dbg_hub/inst/BSCANID.u_xsdbm_id/CORE_XSDB.UUT_MASTER/U_ICON_INTERFACE/U_CMD6_RD/U_RD_FIFO/SUBCORE_FIFO.xsdbm_v3_0_0_rdfifo_inst/inst_fifo_gen/gconvfifo.rf/grf.rf/rstblk/ngwrdrst.grst.g7serrst.wr_rst_reg_reg[1]/C
  -------------------------------------------------------------------    -------------------
    SLICE_X67Y197        FDPE (Prop_EFF2_SLICEM_C_Q)
                                                      0.048     2.102 f  dbg_hub/inst/BSCANID.u_xsdbm_id/CORE_XSDB.UUT_MASTER/U_ICON_INTERFACE/U_CMD6_RD/U_RD_FIFO/SUBCORE_FIFO.xsdbm_v3_0_0_rdfifo_inst/inst_fifo_gen/gconvfifo.rf/grf.rf/rstblk/ngwrdrst.grst.g7serrst.wr_rst_reg_reg[1]/Q
                         net (fo=12, routed)          0.130     2.232    dbg_hub/inst/BSCANID.u_xsdbm_id/CORE_XSDB.UUT_MASTER/U_ICON_INTERFACE/U_CMD6_RD/U_RD_FIFO/SUBCORE_FIFO.xsdbm_v3_0_0_rdfifo_inst/inst_fifo_gen/gconvfifo.rf/grf.rf/gntv_or_sync_fifo.gl0.wr/wpntr/gic0.gc0.count_reg[0]_0[0]
    SLICE_X68Y197        FDCE                                         f  dbg_hub/inst/BSCANID.u_xsdbm_id/CORE_XSDB.UUT_MASTER/U_ICON_INTERFACE/U_CMD6_RD/U_RD_FIFO/SUBCORE_FIFO.xsdbm_v3_0_0_rdfifo_inst/inst_fifo_gen/gconvfifo.rf/grf.rf/gntv_or_sync_fifo.gl0.wr/wpntr/gic0.gc0.count_d2_reg[1]/CLR
  -------------------------------------------------------------------    -------------------

                         (clock clk_out1_clk_wiz_0 rise edge)
                                                      0.000     0.000 r  
    BUFGCE_X1Y24         BUFGCE                       0.000     0.000 r  sys_clk_BUFGCE_inst/O
                         net (fo=1, routed)           0.457     0.457    clk_wiz_0_inst/inst/clk_in1
    MMCME3_ADV_X1Y1      MMCME3_ADV (Prop_MMCME3_ADV_CLKIN1_CLKOUT0)
                                                     -0.207     0.250 r  clk_wiz_0_inst/inst/mmcme3_adv_inst/CLKOUT0
                         net (fo=1, routed)           0.209     0.459    clk_wiz_0_inst/inst/clk_out1_clk_wiz_0
    BUFGCE_X1Y25         BUFGCE (Prop_BUFCE_BUFGCE_I_O)
                                                      0.031     0.490 r  clk_wiz_0_inst/inst/clkout1_buf/O
    X1Y2 (CLOCK_ROOT)    net (fo=1528, routed)        1.382     1.872    dbg_hub/inst/BSCANID.u_xsdbm_id/CORE_XSDB.UUT_MASTER/U_ICON_INTERFACE/U_CMD6_RD/U_RD_FIFO/SUBCORE_FIFO.xsdbm_v3_0_0_rdfifo_inst/inst_fifo_gen/gconvfifo.rf/grf.rf/gntv_or_sync_fifo.gl0.wr/wpntr/wr_clk
    SLICE_X68Y197        FDCE                                         r  dbg_hub/inst/BSCANID.u_xsdbm_id/CORE_XSDB.UUT_MASTER/U_ICON_INTERFACE/U_CMD6_RD/U_RD_FIFO/SUBCORE_FIFO.xsdbm_v3_0_0_rdfifo_inst/inst_fifo_gen/gconvfifo.rf/grf.rf/gntv_or_sync_fifo.gl0.wr/wpntr/gic0.gc0.count_d2_reg[1]/C
                         clock pessimism              0.219     2.091    
    SLICE_X68Y197        FDCE (Remov_GFF2_SLICEL_C_CLR)
                                                      0.005     2.096    dbg_hub/inst/BSCANID.u_xsdbm_id/CORE_XSDB.UUT_MASTER/U_ICON_INTERFACE/U_CMD6_RD/U_RD_FIFO/SUBCORE_FIFO.xsdbm_v3_0_0_rdfifo_inst/inst_fifo_gen/gconvfifo.rf/grf.rf/gntv_or_sync_fifo.gl0.wr/wpntr/gic0.gc0.count_d2_reg[1]
  -------------------------------------------------------------------
                         required time                         -2.096    
                         arrival time                           2.232    
  -------------------------------------------------------------------
                         slack                                  0.136    





---------------------------------------------------------------------------------------------------
Path Group:  **async_default**
From Clock:  dbg_hub/inst/BSCANID.u_xsdbm_id/SWITCH_N_EXT_BSCAN.bscan_inst/SERIES7_BSCAN.bscan_inst/TCK
  To Clock:  dbg_hub/inst/BSCANID.u_xsdbm_id/SWITCH_N_EXT_BSCAN.bscan_inst/SERIES7_BSCAN.bscan_inst/TCK

Setup :            0  Failing Endpoints,  Worst Slack       31.251ns,  Total Violation        0.000ns
Hold  :            0  Failing Endpoints,  Worst Slack        0.141ns,  Total Violation        0.000ns
---------------------------------------------------------------------------------------------------


Max Delay Paths
--------------------------------------------------------------------------------------
Slack (MET) :             31.251ns  (required time - arrival time)
  Source:                 dbg_hub/inst/BSCANID.u_xsdbm_id/SWITCH_N_EXT_BSCAN.bscan_switch/portno_reg[1]/C
                            (rising edge-triggered cell FDRE clocked by dbg_hub/inst/BSCANID.u_xsdbm_id/SWITCH_N_EXT_BSCAN.bscan_inst/SERIES7_BSCAN.bscan_inst/TCK  {rise@0.000ns fall@16.500ns period=33.000ns})
  Destination:            dbg_hub/inst/BSCANID.u_xsdbm_id/CORE_XSDB.U_ICON/U_CMD/iTARGET_reg[15]/CLR
                            (recovery check against rising-edge clock dbg_hub/inst/BSCANID.u_xsdbm_id/SWITCH_N_EXT_BSCAN.bscan_inst/SERIES7_BSCAN.bscan_inst/TCK  {rise@0.000ns fall@16.500ns period=33.000ns})
  Path Group:             **async_default**
  Path Type:              Recovery (Max at Slow Process Corner)
  Requirement:            33.000ns  (dbg_hub/inst/BSCANID.u_xsdbm_id/SWITCH_N_EXT_BSCAN.bscan_inst/SERIES7_BSCAN.bscan_inst/TCK rise@33.000ns - dbg_hub/inst/BSCANID.u_xsdbm_id/SWITCH_N_EXT_BSCAN.bscan_inst/SERIES7_BSCAN.bscan_inst/TCK rise@0.000ns)
  Data Path Delay:        1.493ns  (logic 0.437ns (29.270%)  route 1.056ns (70.730%))
  Logic Levels:           2  (LUT4=1 LUT6=1)
  Clock Path Skew:        -0.139ns (DCD - SCD + CPR)
    Destination Clock Delay (DCD):    5.960ns = ( 38.960 - 33.000 ) 
    Source Clock Delay      (SCD):    7.221ns
    Clock Pessimism Removal (CPR):    1.122ns
  Clock Uncertainty:      0.035ns  ((TSJ^2 + TIJ^2)^1/2 + DJ) / 2 + PE
    Total System Jitter     (TSJ):    0.071ns
    Total Input Jitter      (TIJ):    0.000ns
    Discrete Jitter          (DJ):    0.000ns
    Phase Error              (PE):    0.000ns
  Clock Net Delay (Source):      2.320ns (routing 0.957ns, distribution 1.363ns)
  Clock Net Delay (Destination): 2.048ns (routing 0.878ns, distribution 1.170ns)

    Location             Delay type                Incr(ns)  Path(ns)    Netlist Resource(s)
  -------------------------------------------------------------------    -------------------
                         (clock dbg_hub/inst/BSCANID.u_xsdbm_id/SWITCH_N_EXT_BSCAN.bscan_inst/SERIES7_BSCAN.bscan_inst/TCK rise edge)
                                                      0.000     0.000 r  
    CONFIG_SITE_X0Y0     BSCANE2                      0.000     0.000 r  dbg_hub/inst/BSCANID.u_xsdbm_id/SWITCH_N_EXT_BSCAN.bscan_inst/SERIES7_BSCAN.bscan_inst/TCK
                         net (fo=1, routed)           4.818     4.818    dbg_hub/inst/BSCANID.u_xsdbm_id/tck_bs
    BUFGCE_X1Y119        BUFGCE (Prop_BUFCE_BUFGCE_I_O)
                                                      0.083     4.901 r  dbg_hub/inst/BSCANID.u_xsdbm_id/SWITCH_N_EXT_BSCAN.u_bufg_icon_tck/O
    X2Y3 (CLOCK_ROOT)    net (fo=478, routed)         2.320     7.221    dbg_hub/inst/BSCANID.u_xsdbm_id/SWITCH_N_EXT_BSCAN.bscan_switch/s_bscan_tck
    SLICE_X73Y201        FDRE                                         r  dbg_hub/inst/BSCANID.u_xsdbm_id/SWITCH_N_EXT_BSCAN.bscan_switch/portno_reg[1]/C
  -------------------------------------------------------------------    -------------------
    SLICE_X73Y201        FDRE (Prop_AFF_SLICEM_C_Q)
                                                      0.115     7.336 f  dbg_hub/inst/BSCANID.u_xsdbm_id/SWITCH_N_EXT_BSCAN.bscan_switch/portno_reg[1]/Q
                         net (fo=1, routed)           0.346     7.682    dbg_hub/inst/BSCANID.u_xsdbm_id/SWITCH_N_EXT_BSCAN.bscan_switch/portno[1]
    SLICE_X72Y199        LUT6 (Prop_H6LUT_SLICEL_I3_O)
                                                      0.188     7.870 f  dbg_hub/inst/BSCANID.u_xsdbm_id/SWITCH_N_EXT_BSCAN.bscan_switch/m_bscan_drck[0]_INST_0_i_1/O
                         net (fo=5, routed)           0.133     8.003    dbg_hub/inst/BSCANID.u_xsdbm_id/SWITCH_N_EXT_BSCAN.bscan_switch/m_bscan_drck[0]_INST_0_i_1_n_0
    SLICE_X72Y199        LUT4 (Prop_C5LUT_SLICEL_I3_O)
                                                      0.134     8.137 r  dbg_hub/inst/BSCANID.u_xsdbm_id/SWITCH_N_EXT_BSCAN.bscan_switch/m_bscan_sel[0]_INST_0/O
                         net (fo=11, routed)          0.577     8.714    dbg_hub/inst/BSCANID.u_xsdbm_id/CORE_XSDB.U_ICON/U_CMD/iTARGET_reg[6]_0
    SLICE_X71Y199        FDCE                                         f  dbg_hub/inst/BSCANID.u_xsdbm_id/CORE_XSDB.U_ICON/U_CMD/iTARGET_reg[15]/CLR  (IS_INVERTED)
  -------------------------------------------------------------------    -------------------

                         (clock dbg_hub/inst/BSCANID.u_xsdbm_id/SWITCH_N_EXT_BSCAN.bscan_inst/SERIES7_BSCAN.bscan_inst/TCK rise edge)
                                                     33.000    33.000 r  
    CONFIG_SITE_X0Y0     BSCANE2                      0.000    33.000 r  dbg_hub/inst/BSCANID.u_xsdbm_id/SWITCH_N_EXT_BSCAN.bscan_inst/SERIES7_BSCAN.bscan_inst/TCK
                         net (fo=1, routed)           3.837    36.837    dbg_hub/inst/BSCANID.u_xsdbm_id/tck_bs
    BUFGCE_X1Y119        BUFGCE (Prop_BUFCE_BUFGCE_I_O)
                                                      0.075    36.912 r  dbg_hub/inst/BSCANID.u_xsdbm_id/SWITCH_N_EXT_BSCAN.u_bufg_icon_tck/O
    X2Y3 (CLOCK_ROOT)    net (fo=478, routed)         2.048    38.960    dbg_hub/inst/BSCANID.u_xsdbm_id/CORE_XSDB.U_ICON/U_CMD/m_bscan_tck[0]
    SLICE_X71Y199        FDCE                                         r  dbg_hub/inst/BSCANID.u_xsdbm_id/CORE_XSDB.U_ICON/U_CMD/iTARGET_reg[15]/C
                         clock pessimism              1.122    40.082    
                         clock uncertainty           -0.035    40.047    
    SLICE_X71Y199        FDCE (Recov_AFF_SLICEM_C_CLR)
                                                     -0.082    39.965    dbg_hub/inst/BSCANID.u_xsdbm_id/CORE_XSDB.U_ICON/U_CMD/iTARGET_reg[15]
  -------------------------------------------------------------------
                         required time                         39.965    
                         arrival time                          -8.714    
  -------------------------------------------------------------------
                         slack                                 31.251    

Slack (MET) :             31.256ns  (required time - arrival time)
  Source:                 dbg_hub/inst/BSCANID.u_xsdbm_id/SWITCH_N_EXT_BSCAN.bscan_switch/portno_reg[1]/C
                            (rising edge-triggered cell FDRE clocked by dbg_hub/inst/BSCANID.u_xsdbm_id/SWITCH_N_EXT_BSCAN.bscan_inst/SERIES7_BSCAN.bscan_inst/TCK  {rise@0.000ns fall@16.500ns period=33.000ns})
  Destination:            dbg_hub/inst/BSCANID.u_xsdbm_id/CORE_XSDB.U_ICON/U_CMD/iTARGET_reg[11]/CLR
                            (recovery check against rising-edge clock dbg_hub/inst/BSCANID.u_xsdbm_id/SWITCH_N_EXT_BSCAN.bscan_inst/SERIES7_BSCAN.bscan_inst/TCK  {rise@0.000ns fall@16.500ns period=33.000ns})
  Path Group:             **async_default**
  Path Type:              Recovery (Max at Slow Process Corner)
  Requirement:            33.000ns  (dbg_hub/inst/BSCANID.u_xsdbm_id/SWITCH_N_EXT_BSCAN.bscan_inst/SERIES7_BSCAN.bscan_inst/TCK rise@33.000ns - dbg_hub/inst/BSCANID.u_xsdbm_id/SWITCH_N_EXT_BSCAN.bscan_inst/SERIES7_BSCAN.bscan_inst/TCK rise@0.000ns)
  Data Path Delay:        1.487ns  (logic 0.437ns (29.388%)  route 1.050ns (70.612%))
  Logic Levels:           2  (LUT4=1 LUT6=1)
  Clock Path Skew:        -0.140ns (DCD - SCD + CPR)
    Destination Clock Delay (DCD):    5.959ns = ( 38.959 - 33.000 ) 
    Source Clock Delay      (SCD):    7.221ns
    Clock Pessimism Removal (CPR):    1.122ns
  Clock Uncertainty:      0.035ns  ((TSJ^2 + TIJ^2)^1/2 + DJ) / 2 + PE
    Total System Jitter     (TSJ):    0.071ns
    Total Input Jitter      (TIJ):    0.000ns
    Discrete Jitter          (DJ):    0.000ns
    Phase Error              (PE):    0.000ns
  Clock Net Delay (Source):      2.320ns (routing 0.957ns, distribution 1.363ns)
  Clock Net Delay (Destination): 2.047ns (routing 0.878ns, distribution 1.169ns)

    Location             Delay type                Incr(ns)  Path(ns)    Netlist Resource(s)
  -------------------------------------------------------------------    -------------------
                         (clock dbg_hub/inst/BSCANID.u_xsdbm_id/SWITCH_N_EXT_BSCAN.bscan_inst/SERIES7_BSCAN.bscan_inst/TCK rise edge)
                                                      0.000     0.000 r  
    CONFIG_SITE_X0Y0     BSCANE2                      0.000     0.000 r  dbg_hub/inst/BSCANID.u_xsdbm_id/SWITCH_N_EXT_BSCAN.bscan_inst/SERIES7_BSCAN.bscan_inst/TCK
                         net (fo=1, routed)           4.818     4.818    dbg_hub/inst/BSCANID.u_xsdbm_id/tck_bs
    BUFGCE_X1Y119        BUFGCE (Prop_BUFCE_BUFGCE_I_O)
                                                      0.083     4.901 r  dbg_hub/inst/BSCANID.u_xsdbm_id/SWITCH_N_EXT_BSCAN.u_bufg_icon_tck/O
    X2Y3 (CLOCK_ROOT)    net (fo=478, routed)         2.320     7.221    dbg_hub/inst/BSCANID.u_xsdbm_id/SWITCH_N_EXT_BSCAN.bscan_switch/s_bscan_tck
    SLICE_X73Y201        FDRE                                         r  dbg_hub/inst/BSCANID.u_xsdbm_id/SWITCH_N_EXT_BSCAN.bscan_switch/portno_reg[1]/C
  -------------------------------------------------------------------    -------------------
    SLICE_X73Y201        FDRE (Prop_AFF_SLICEM_C_Q)
                                                      0.115     7.336 f  dbg_hub/inst/BSCANID.u_xsdbm_id/SWITCH_N_EXT_BSCAN.bscan_switch/portno_reg[1]/Q
                         net (fo=1, routed)           0.346     7.682    dbg_hub/inst/BSCANID.u_xsdbm_id/SWITCH_N_EXT_BSCAN.bscan_switch/portno[1]
    SLICE_X72Y199        LUT6 (Prop_H6LUT_SLICEL_I3_O)
                                                      0.188     7.870 f  dbg_hub/inst/BSCANID.u_xsdbm_id/SWITCH_N_EXT_BSCAN.bscan_switch/m_bscan_drck[0]_INST_0_i_1/O
                         net (fo=5, routed)           0.133     8.003    dbg_hub/inst/BSCANID.u_xsdbm_id/SWITCH_N_EXT_BSCAN.bscan_switch/m_bscan_drck[0]_INST_0_i_1_n_0
    SLICE_X72Y199        LUT4 (Prop_C5LUT_SLICEL_I3_O)
                                                      0.134     8.137 r  dbg_hub/inst/BSCANID.u_xsdbm_id/SWITCH_N_EXT_BSCAN.bscan_switch/m_bscan_sel[0]_INST_0/O
                         net (fo=11, routed)          0.571     8.708    dbg_hub/inst/BSCANID.u_xsdbm_id/CORE_XSDB.U_ICON/U_CMD/iTARGET_reg[6]_0
    SLICE_X71Y199        FDCE                                         f  dbg_hub/inst/BSCANID.u_xsdbm_id/CORE_XSDB.U_ICON/U_CMD/iTARGET_reg[11]/CLR  (IS_INVERTED)
  -------------------------------------------------------------------    -------------------

                         (clock dbg_hub/inst/BSCANID.u_xsdbm_id/SWITCH_N_EXT_BSCAN.bscan_inst/SERIES7_BSCAN.bscan_inst/TCK rise edge)
                                                     33.000    33.000 r  
    CONFIG_SITE_X0Y0     BSCANE2                      0.000    33.000 r  dbg_hub/inst/BSCANID.u_xsdbm_id/SWITCH_N_EXT_BSCAN.bscan_inst/SERIES7_BSCAN.bscan_inst/TCK
                         net (fo=1, routed)           3.837    36.837    dbg_hub/inst/BSCANID.u_xsdbm_id/tck_bs
    BUFGCE_X1Y119        BUFGCE (Prop_BUFCE_BUFGCE_I_O)
                                                      0.075    36.912 r  dbg_hub/inst/BSCANID.u_xsdbm_id/SWITCH_N_EXT_BSCAN.u_bufg_icon_tck/O
    X2Y3 (CLOCK_ROOT)    net (fo=478, routed)         2.047    38.959    dbg_hub/inst/BSCANID.u_xsdbm_id/CORE_XSDB.U_ICON/U_CMD/m_bscan_tck[0]
    SLICE_X71Y199        FDCE                                         r  dbg_hub/inst/BSCANID.u_xsdbm_id/CORE_XSDB.U_ICON/U_CMD/iTARGET_reg[11]/C
                         clock pessimism              1.122    40.081    
                         clock uncertainty           -0.035    40.046    
    SLICE_X71Y199        FDCE (Recov_EFF_SLICEM_C_CLR)
                                                     -0.082    39.964    dbg_hub/inst/BSCANID.u_xsdbm_id/CORE_XSDB.U_ICON/U_CMD/iTARGET_reg[11]
  -------------------------------------------------------------------
                         required time                         39.964    
                         arrival time                          -8.708    
  -------------------------------------------------------------------
                         slack                                 31.256    

Slack (MET) :             31.256ns  (required time - arrival time)
  Source:                 dbg_hub/inst/BSCANID.u_xsdbm_id/SWITCH_N_EXT_BSCAN.bscan_switch/portno_reg[1]/C
                            (rising edge-triggered cell FDRE clocked by dbg_hub/inst/BSCANID.u_xsdbm_id/SWITCH_N_EXT_BSCAN.bscan_inst/SERIES7_BSCAN.bscan_inst/TCK  {rise@0.000ns fall@16.500ns period=33.000ns})
  Destination:            dbg_hub/inst/BSCANID.u_xsdbm_id/CORE_XSDB.U_ICON/U_CMD/iTARGET_reg[12]/CLR
                            (recovery check against rising-edge clock dbg_hub/inst/BSCANID.u_xsdbm_id/SWITCH_N_EXT_BSCAN.bscan_inst/SERIES7_BSCAN.bscan_inst/TCK  {rise@0.000ns fall@16.500ns period=33.000ns})
  Path Group:             **async_default**
  Path Type:              Recovery (Max at Slow Process Corner)
  Requirement:            33.000ns  (dbg_hub/inst/BSCANID.u_xsdbm_id/SWITCH_N_EXT_BSCAN.bscan_inst/SERIES7_BSCAN.bscan_inst/TCK rise@33.000ns - dbg_hub/inst/BSCANID.u_xsdbm_id/SWITCH_N_EXT_BSCAN.bscan_inst/SERIES7_BSCAN.bscan_inst/TCK rise@0.000ns)
  Data Path Delay:        1.487ns  (logic 0.437ns (29.388%)  route 1.050ns (70.612%))
  Logic Levels:           2  (LUT4=1 LUT6=1)
  Clock Path Skew:        -0.140ns (DCD - SCD + CPR)
    Destination Clock Delay (DCD):    5.959ns = ( 38.959 - 33.000 ) 
    Source Clock Delay      (SCD):    7.221ns
    Clock Pessimism Removal (CPR):    1.122ns
  Clock Uncertainty:      0.035ns  ((TSJ^2 + TIJ^2)^1/2 + DJ) / 2 + PE
    Total System Jitter     (TSJ):    0.071ns
    Total Input Jitter      (TIJ):    0.000ns
    Discrete Jitter          (DJ):    0.000ns
    Phase Error              (PE):    0.000ns
  Clock Net Delay (Source):      2.320ns (routing 0.957ns, distribution 1.363ns)
  Clock Net Delay (Destination): 2.047ns (routing 0.878ns, distribution 1.169ns)

    Location             Delay type                Incr(ns)  Path(ns)    Netlist Resource(s)
  -------------------------------------------------------------------    -------------------
                         (clock dbg_hub/inst/BSCANID.u_xsdbm_id/SWITCH_N_EXT_BSCAN.bscan_inst/SERIES7_BSCAN.bscan_inst/TCK rise edge)
                                                      0.000     0.000 r  
    CONFIG_SITE_X0Y0     BSCANE2                      0.000     0.000 r  dbg_hub/inst/BSCANID.u_xsdbm_id/SWITCH_N_EXT_BSCAN.bscan_inst/SERIES7_BSCAN.bscan_inst/TCK
                         net (fo=1, routed)           4.818     4.818    dbg_hub/inst/BSCANID.u_xsdbm_id/tck_bs
    BUFGCE_X1Y119        BUFGCE (Prop_BUFCE_BUFGCE_I_O)
                                                      0.083     4.901 r  dbg_hub/inst/BSCANID.u_xsdbm_id/SWITCH_N_EXT_BSCAN.u_bufg_icon_tck/O
    X2Y3 (CLOCK_ROOT)    net (fo=478, routed)         2.320     7.221    dbg_hub/inst/BSCANID.u_xsdbm_id/SWITCH_N_EXT_BSCAN.bscan_switch/s_bscan_tck
    SLICE_X73Y201        FDRE                                         r  dbg_hub/inst/BSCANID.u_xsdbm_id/SWITCH_N_EXT_BSCAN.bscan_switch/portno_reg[1]/C
  -------------------------------------------------------------------    -------------------
    SLICE_X73Y201        FDRE (Prop_AFF_SLICEM_C_Q)
                                                      0.115     7.336 f  dbg_hub/inst/BSCANID.u_xsdbm_id/SWITCH_N_EXT_BSCAN.bscan_switch/portno_reg[1]/Q
                         net (fo=1, routed)           0.346     7.682    dbg_hub/inst/BSCANID.u_xsdbm_id/SWITCH_N_EXT_BSCAN.bscan_switch/portno[1]
    SLICE_X72Y199        LUT6 (Prop_H6LUT_SLICEL_I3_O)
                                                      0.188     7.870 f  dbg_hub/inst/BSCANID.u_xsdbm_id/SWITCH_N_EXT_BSCAN.bscan_switch/m_bscan_drck[0]_INST_0_i_1/O
                         net (fo=5, routed)           0.133     8.003    dbg_hub/inst/BSCANID.u_xsdbm_id/SWITCH_N_EXT_BSCAN.bscan_switch/m_bscan_drck[0]_INST_0_i_1_n_0
    SLICE_X72Y199        LUT4 (Prop_C5LUT_SLICEL_I3_O)
                                                      0.134     8.137 r  dbg_hub/inst/BSCANID.u_xsdbm_id/SWITCH_N_EXT_BSCAN.bscan_switch/m_bscan_sel[0]_INST_0/O
                         net (fo=11, routed)          0.571     8.708    dbg_hub/inst/BSCANID.u_xsdbm_id/CORE_XSDB.U_ICON/U_CMD/iTARGET_reg[6]_0
    SLICE_X71Y199        FDCE                                         f  dbg_hub/inst/BSCANID.u_xsdbm_id/CORE_XSDB.U_ICON/U_CMD/iTARGET_reg[12]/CLR  (IS_INVERTED)
  -------------------------------------------------------------------    -------------------

                         (clock dbg_hub/inst/BSCANID.u_xsdbm_id/SWITCH_N_EXT_BSCAN.bscan_inst/SERIES7_BSCAN.bscan_inst/TCK rise edge)
                                                     33.000    33.000 r  
    CONFIG_SITE_X0Y0     BSCANE2                      0.000    33.000 r  dbg_hub/inst/BSCANID.u_xsdbm_id/SWITCH_N_EXT_BSCAN.bscan_inst/SERIES7_BSCAN.bscan_inst/TCK
                         net (fo=1, routed)           3.837    36.837    dbg_hub/inst/BSCANID.u_xsdbm_id/tck_bs
    BUFGCE_X1Y119        BUFGCE (Prop_BUFCE_BUFGCE_I_O)
                                                      0.075    36.912 r  dbg_hub/inst/BSCANID.u_xsdbm_id/SWITCH_N_EXT_BSCAN.u_bufg_icon_tck/O
    X2Y3 (CLOCK_ROOT)    net (fo=478, routed)         2.047    38.959    dbg_hub/inst/BSCANID.u_xsdbm_id/CORE_XSDB.U_ICON/U_CMD/m_bscan_tck[0]
    SLICE_X71Y199        FDCE                                         r  dbg_hub/inst/BSCANID.u_xsdbm_id/CORE_XSDB.U_ICON/U_CMD/iTARGET_reg[12]/C
                         clock pessimism              1.122    40.081    
                         clock uncertainty           -0.035    40.046    
    SLICE_X71Y199        FDCE (Recov_EFF2_SLICEM_C_CLR)
                                                     -0.082    39.964    dbg_hub/inst/BSCANID.u_xsdbm_id/CORE_XSDB.U_ICON/U_CMD/iTARGET_reg[12]
  -------------------------------------------------------------------
                         required time                         39.964    
                         arrival time                          -8.708    
  -------------------------------------------------------------------
                         slack                                 31.256    

Slack (MET) :             31.256ns  (required time - arrival time)
  Source:                 dbg_hub/inst/BSCANID.u_xsdbm_id/SWITCH_N_EXT_BSCAN.bscan_switch/portno_reg[1]/C
                            (rising edge-triggered cell FDRE clocked by dbg_hub/inst/BSCANID.u_xsdbm_id/SWITCH_N_EXT_BSCAN.bscan_inst/SERIES7_BSCAN.bscan_inst/TCK  {rise@0.000ns fall@16.500ns period=33.000ns})
  Destination:            dbg_hub/inst/BSCANID.u_xsdbm_id/CORE_XSDB.U_ICON/U_CMD/iTARGET_reg[13]/CLR
                            (recovery check against rising-edge clock dbg_hub/inst/BSCANID.u_xsdbm_id/SWITCH_N_EXT_BSCAN.bscan_inst/SERIES7_BSCAN.bscan_inst/TCK  {rise@0.000ns fall@16.500ns period=33.000ns})
  Path Group:             **async_default**
  Path Type:              Recovery (Max at Slow Process Corner)
  Requirement:            33.000ns  (dbg_hub/inst/BSCANID.u_xsdbm_id/SWITCH_N_EXT_BSCAN.bscan_inst/SERIES7_BSCAN.bscan_inst/TCK rise@33.000ns - dbg_hub/inst/BSCANID.u_xsdbm_id/SWITCH_N_EXT_BSCAN.bscan_inst/SERIES7_BSCAN.bscan_inst/TCK rise@0.000ns)
  Data Path Delay:        1.487ns  (logic 0.437ns (29.388%)  route 1.050ns (70.612%))
  Logic Levels:           2  (LUT4=1 LUT6=1)
  Clock Path Skew:        -0.140ns (DCD - SCD + CPR)
    Destination Clock Delay (DCD):    5.959ns = ( 38.959 - 33.000 ) 
    Source Clock Delay      (SCD):    7.221ns
    Clock Pessimism Removal (CPR):    1.122ns
  Clock Uncertainty:      0.035ns  ((TSJ^2 + TIJ^2)^1/2 + DJ) / 2 + PE
    Total System Jitter     (TSJ):    0.071ns
    Total Input Jitter      (TIJ):    0.000ns
    Discrete Jitter          (DJ):    0.000ns
    Phase Error              (PE):    0.000ns
  Clock Net Delay (Source):      2.320ns (routing 0.957ns, distribution 1.363ns)
  Clock Net Delay (Destination): 2.047ns (routing 0.878ns, distribution 1.169ns)

    Location             Delay type                Incr(ns)  Path(ns)    Netlist Resource(s)
  -------------------------------------------------------------------    -------------------
                         (clock dbg_hub/inst/BSCANID.u_xsdbm_id/SWITCH_N_EXT_BSCAN.bscan_inst/SERIES7_BSCAN.bscan_inst/TCK rise edge)
                                                      0.000     0.000 r  
    CONFIG_SITE_X0Y0     BSCANE2                      0.000     0.000 r  dbg_hub/inst/BSCANID.u_xsdbm_id/SWITCH_N_EXT_BSCAN.bscan_inst/SERIES7_BSCAN.bscan_inst/TCK
                         net (fo=1, routed)           4.818     4.818    dbg_hub/inst/BSCANID.u_xsdbm_id/tck_bs
    BUFGCE_X1Y119        BUFGCE (Prop_BUFCE_BUFGCE_I_O)
                                                      0.083     4.901 r  dbg_hub/inst/BSCANID.u_xsdbm_id/SWITCH_N_EXT_BSCAN.u_bufg_icon_tck/O
    X2Y3 (CLOCK_ROOT)    net (fo=478, routed)         2.320     7.221    dbg_hub/inst/BSCANID.u_xsdbm_id/SWITCH_N_EXT_BSCAN.bscan_switch/s_bscan_tck
    SLICE_X73Y201        FDRE                                         r  dbg_hub/inst/BSCANID.u_xsdbm_id/SWITCH_N_EXT_BSCAN.bscan_switch/portno_reg[1]/C
  -------------------------------------------------------------------    -------------------
    SLICE_X73Y201        FDRE (Prop_AFF_SLICEM_C_Q)
                                                      0.115     7.336 f  dbg_hub/inst/BSCANID.u_xsdbm_id/SWITCH_N_EXT_BSCAN.bscan_switch/portno_reg[1]/Q
                         net (fo=1, routed)           0.346     7.682    dbg_hub/inst/BSCANID.u_xsdbm_id/SWITCH_N_EXT_BSCAN.bscan_switch/portno[1]
    SLICE_X72Y199        LUT6 (Prop_H6LUT_SLICEL_I3_O)
                                                      0.188     7.870 f  dbg_hub/inst/BSCANID.u_xsdbm_id/SWITCH_N_EXT_BSCAN.bscan_switch/m_bscan_drck[0]_INST_0_i_1/O
                         net (fo=5, routed)           0.133     8.003    dbg_hub/inst/BSCANID.u_xsdbm_id/SWITCH_N_EXT_BSCAN.bscan_switch/m_bscan_drck[0]_INST_0_i_1_n_0
    SLICE_X72Y199        LUT4 (Prop_C5LUT_SLICEL_I3_O)
                                                      0.134     8.137 r  dbg_hub/inst/BSCANID.u_xsdbm_id/SWITCH_N_EXT_BSCAN.bscan_switch/m_bscan_sel[0]_INST_0/O
                         net (fo=11, routed)          0.571     8.708    dbg_hub/inst/BSCANID.u_xsdbm_id/CORE_XSDB.U_ICON/U_CMD/iTARGET_reg[6]_0
    SLICE_X71Y199        FDCE                                         f  dbg_hub/inst/BSCANID.u_xsdbm_id/CORE_XSDB.U_ICON/U_CMD/iTARGET_reg[13]/CLR  (IS_INVERTED)
  -------------------------------------------------------------------    -------------------

                         (clock dbg_hub/inst/BSCANID.u_xsdbm_id/SWITCH_N_EXT_BSCAN.bscan_inst/SERIES7_BSCAN.bscan_inst/TCK rise edge)
                                                     33.000    33.000 r  
    CONFIG_SITE_X0Y0     BSCANE2                      0.000    33.000 r  dbg_hub/inst/BSCANID.u_xsdbm_id/SWITCH_N_EXT_BSCAN.bscan_inst/SERIES7_BSCAN.bscan_inst/TCK
                         net (fo=1, routed)           3.837    36.837    dbg_hub/inst/BSCANID.u_xsdbm_id/tck_bs
    BUFGCE_X1Y119        BUFGCE (Prop_BUFCE_BUFGCE_I_O)
                                                      0.075    36.912 r  dbg_hub/inst/BSCANID.u_xsdbm_id/SWITCH_N_EXT_BSCAN.u_bufg_icon_tck/O
    X2Y3 (CLOCK_ROOT)    net (fo=478, routed)         2.047    38.959    dbg_hub/inst/BSCANID.u_xsdbm_id/CORE_XSDB.U_ICON/U_CMD/m_bscan_tck[0]
    SLICE_X71Y199        FDCE                                         r  dbg_hub/inst/BSCANID.u_xsdbm_id/CORE_XSDB.U_ICON/U_CMD/iTARGET_reg[13]/C
                         clock pessimism              1.122    40.081    
                         clock uncertainty           -0.035    40.046    
    SLICE_X71Y199        FDCE (Recov_FFF_SLICEM_C_CLR)
                                                     -0.082    39.964    dbg_hub/inst/BSCANID.u_xsdbm_id/CORE_XSDB.U_ICON/U_CMD/iTARGET_reg[13]
  -------------------------------------------------------------------
                         required time                         39.964    
                         arrival time                          -8.708    
  -------------------------------------------------------------------
                         slack                                 31.256    

Slack (MET) :             31.256ns  (required time - arrival time)
  Source:                 dbg_hub/inst/BSCANID.u_xsdbm_id/SWITCH_N_EXT_BSCAN.bscan_switch/portno_reg[1]/C
                            (rising edge-triggered cell FDRE clocked by dbg_hub/inst/BSCANID.u_xsdbm_id/SWITCH_N_EXT_BSCAN.bscan_inst/SERIES7_BSCAN.bscan_inst/TCK  {rise@0.000ns fall@16.500ns period=33.000ns})
  Destination:            dbg_hub/inst/BSCANID.u_xsdbm_id/CORE_XSDB.U_ICON/U_CMD/iTARGET_reg[14]/CLR
                            (recovery check against rising-edge clock dbg_hub/inst/BSCANID.u_xsdbm_id/SWITCH_N_EXT_BSCAN.bscan_inst/SERIES7_BSCAN.bscan_inst/TCK  {rise@0.000ns fall@16.500ns period=33.000ns})
  Path Group:             **async_default**
  Path Type:              Recovery (Max at Slow Process Corner)
  Requirement:            33.000ns  (dbg_hub/inst/BSCANID.u_xsdbm_id/SWITCH_N_EXT_BSCAN.bscan_inst/SERIES7_BSCAN.bscan_inst/TCK rise@33.000ns - dbg_hub/inst/BSCANID.u_xsdbm_id/SWITCH_N_EXT_BSCAN.bscan_inst/SERIES7_BSCAN.bscan_inst/TCK rise@0.000ns)
  Data Path Delay:        1.487ns  (logic 0.437ns (29.388%)  route 1.050ns (70.612%))
  Logic Levels:           2  (LUT4=1 LUT6=1)
  Clock Path Skew:        -0.140ns (DCD - SCD + CPR)
    Destination Clock Delay (DCD):    5.959ns = ( 38.959 - 33.000 ) 
    Source Clock Delay      (SCD):    7.221ns
    Clock Pessimism Removal (CPR):    1.122ns
  Clock Uncertainty:      0.035ns  ((TSJ^2 + TIJ^2)^1/2 + DJ) / 2 + PE
    Total System Jitter     (TSJ):    0.071ns
    Total Input Jitter      (TIJ):    0.000ns
    Discrete Jitter          (DJ):    0.000ns
    Phase Error              (PE):    0.000ns
  Clock Net Delay (Source):      2.320ns (routing 0.957ns, distribution 1.363ns)
  Clock Net Delay (Destination): 2.047ns (routing 0.878ns, distribution 1.169ns)

    Location             Delay type                Incr(ns)  Path(ns)    Netlist Resource(s)
  -------------------------------------------------------------------    -------------------
                         (clock dbg_hub/inst/BSCANID.u_xsdbm_id/SWITCH_N_EXT_BSCAN.bscan_inst/SERIES7_BSCAN.bscan_inst/TCK rise edge)
                                                      0.000     0.000 r  
    CONFIG_SITE_X0Y0     BSCANE2                      0.000     0.000 r  dbg_hub/inst/BSCANID.u_xsdbm_id/SWITCH_N_EXT_BSCAN.bscan_inst/SERIES7_BSCAN.bscan_inst/TCK
                         net (fo=1, routed)           4.818     4.818    dbg_hub/inst/BSCANID.u_xsdbm_id/tck_bs
    BUFGCE_X1Y119        BUFGCE (Prop_BUFCE_BUFGCE_I_O)
                                                      0.083     4.901 r  dbg_hub/inst/BSCANID.u_xsdbm_id/SWITCH_N_EXT_BSCAN.u_bufg_icon_tck/O
    X2Y3 (CLOCK_ROOT)    net (fo=478, routed)         2.320     7.221    dbg_hub/inst/BSCANID.u_xsdbm_id/SWITCH_N_EXT_BSCAN.bscan_switch/s_bscan_tck
    SLICE_X73Y201        FDRE                                         r  dbg_hub/inst/BSCANID.u_xsdbm_id/SWITCH_N_EXT_BSCAN.bscan_switch/portno_reg[1]/C
  -------------------------------------------------------------------    -------------------
    SLICE_X73Y201        FDRE (Prop_AFF_SLICEM_C_Q)
                                                      0.115     7.336 f  dbg_hub/inst/BSCANID.u_xsdbm_id/SWITCH_N_EXT_BSCAN.bscan_switch/portno_reg[1]/Q
                         net (fo=1, routed)           0.346     7.682    dbg_hub/inst/BSCANID.u_xsdbm_id/SWITCH_N_EXT_BSCAN.bscan_switch/portno[1]
    SLICE_X72Y199        LUT6 (Prop_H6LUT_SLICEL_I3_O)
                                                      0.188     7.870 f  dbg_hub/inst/BSCANID.u_xsdbm_id/SWITCH_N_EXT_BSCAN.bscan_switch/m_bscan_drck[0]_INST_0_i_1/O
                         net (fo=5, routed)           0.133     8.003    dbg_hub/inst/BSCANID.u_xsdbm_id/SWITCH_N_EXT_BSCAN.bscan_switch/m_bscan_drck[0]_INST_0_i_1_n_0
    SLICE_X72Y199        LUT4 (Prop_C5LUT_SLICEL_I3_O)
                                                      0.134     8.137 r  dbg_hub/inst/BSCANID.u_xsdbm_id/SWITCH_N_EXT_BSCAN.bscan_switch/m_bscan_sel[0]_INST_0/O
                         net (fo=11, routed)          0.571     8.708    dbg_hub/inst/BSCANID.u_xsdbm_id/CORE_XSDB.U_ICON/U_CMD/iTARGET_reg[6]_0
    SLICE_X71Y199        FDCE                                         f  dbg_hub/inst/BSCANID.u_xsdbm_id/CORE_XSDB.U_ICON/U_CMD/iTARGET_reg[14]/CLR  (IS_INVERTED)
  -------------------------------------------------------------------    -------------------

                         (clock dbg_hub/inst/BSCANID.u_xsdbm_id/SWITCH_N_EXT_BSCAN.bscan_inst/SERIES7_BSCAN.bscan_inst/TCK rise edge)
                                                     33.000    33.000 r  
    CONFIG_SITE_X0Y0     BSCANE2                      0.000    33.000 r  dbg_hub/inst/BSCANID.u_xsdbm_id/SWITCH_N_EXT_BSCAN.bscan_inst/SERIES7_BSCAN.bscan_inst/TCK
                         net (fo=1, routed)           3.837    36.837    dbg_hub/inst/BSCANID.u_xsdbm_id/tck_bs
    BUFGCE_X1Y119        BUFGCE (Prop_BUFCE_BUFGCE_I_O)
                                                      0.075    36.912 r  dbg_hub/inst/BSCANID.u_xsdbm_id/SWITCH_N_EXT_BSCAN.u_bufg_icon_tck/O
    X2Y3 (CLOCK_ROOT)    net (fo=478, routed)         2.047    38.959    dbg_hub/inst/BSCANID.u_xsdbm_id/CORE_XSDB.U_ICON/U_CMD/m_bscan_tck[0]
    SLICE_X71Y199        FDCE                                         r  dbg_hub/inst/BSCANID.u_xsdbm_id/CORE_XSDB.U_ICON/U_CMD/iTARGET_reg[14]/C
                         clock pessimism              1.122    40.081    
                         clock uncertainty           -0.035    40.046    
    SLICE_X71Y199        FDCE (Recov_FFF2_SLICEM_C_CLR)
                                                     -0.082    39.964    dbg_hub/inst/BSCANID.u_xsdbm_id/CORE_XSDB.U_ICON/U_CMD/iTARGET_reg[14]
  -------------------------------------------------------------------
                         required time                         39.964    
                         arrival time                          -8.708    
  -------------------------------------------------------------------
                         slack                                 31.256    

Slack (MET) :             31.256ns  (required time - arrival time)
  Source:                 dbg_hub/inst/BSCANID.u_xsdbm_id/SWITCH_N_EXT_BSCAN.bscan_switch/portno_reg[1]/C
                            (rising edge-triggered cell FDRE clocked by dbg_hub/inst/BSCANID.u_xsdbm_id/SWITCH_N_EXT_BSCAN.bscan_inst/SERIES7_BSCAN.bscan_inst/TCK  {rise@0.000ns fall@16.500ns period=33.000ns})
  Destination:            dbg_hub/inst/BSCANID.u_xsdbm_id/CORE_XSDB.U_ICON/U_CMD/iTARGET_reg[6]/CLR
                            (recovery check against rising-edge clock dbg_hub/inst/BSCANID.u_xsdbm_id/SWITCH_N_EXT_BSCAN.bscan_inst/SERIES7_BSCAN.bscan_inst/TCK  {rise@0.000ns fall@16.500ns period=33.000ns})
  Path Group:             **async_default**
  Path Type:              Recovery (Max at Slow Process Corner)
  Requirement:            33.000ns  (dbg_hub/inst/BSCANID.u_xsdbm_id/SWITCH_N_EXT_BSCAN.bscan_inst/SERIES7_BSCAN.bscan_inst/TCK rise@33.000ns - dbg_hub/inst/BSCANID.u_xsdbm_id/SWITCH_N_EXT_BSCAN.bscan_inst/SERIES7_BSCAN.bscan_inst/TCK rise@0.000ns)
  Data Path Delay:        1.487ns  (logic 0.437ns (29.388%)  route 1.050ns (70.612%))
  Logic Levels:           2  (LUT4=1 LUT6=1)
  Clock Path Skew:        -0.140ns (DCD - SCD + CPR)
    Destination Clock Delay (DCD):    5.959ns = ( 38.959 - 33.000 ) 
    Source Clock Delay      (SCD):    7.221ns
    Clock Pessimism Removal (CPR):    1.122ns
  Clock Uncertainty:      0.035ns  ((TSJ^2 + TIJ^2)^1/2 + DJ) / 2 + PE
    Total System Jitter     (TSJ):    0.071ns
    Total Input Jitter      (TIJ):    0.000ns
    Discrete Jitter          (DJ):    0.000ns
    Phase Error              (PE):    0.000ns
  Clock Net Delay (Source):      2.320ns (routing 0.957ns, distribution 1.363ns)
  Clock Net Delay (Destination): 2.047ns (routing 0.878ns, distribution 1.169ns)

    Location             Delay type                Incr(ns)  Path(ns)    Netlist Resource(s)
  -------------------------------------------------------------------    -------------------
                         (clock dbg_hub/inst/BSCANID.u_xsdbm_id/SWITCH_N_EXT_BSCAN.bscan_inst/SERIES7_BSCAN.bscan_inst/TCK rise edge)
                                                      0.000     0.000 r  
    CONFIG_SITE_X0Y0     BSCANE2                      0.000     0.000 r  dbg_hub/inst/BSCANID.u_xsdbm_id/SWITCH_N_EXT_BSCAN.bscan_inst/SERIES7_BSCAN.bscan_inst/TCK
                         net (fo=1, routed)           4.818     4.818    dbg_hub/inst/BSCANID.u_xsdbm_id/tck_bs
    BUFGCE_X1Y119        BUFGCE (Prop_BUFCE_BUFGCE_I_O)
                                                      0.083     4.901 r  dbg_hub/inst/BSCANID.u_xsdbm_id/SWITCH_N_EXT_BSCAN.u_bufg_icon_tck/O
    X2Y3 (CLOCK_ROOT)    net (fo=478, routed)         2.320     7.221    dbg_hub/inst/BSCANID.u_xsdbm_id/SWITCH_N_EXT_BSCAN.bscan_switch/s_bscan_tck
    SLICE_X73Y201        FDRE                                         r  dbg_hub/inst/BSCANID.u_xsdbm_id/SWITCH_N_EXT_BSCAN.bscan_switch/portno_reg[1]/C
  -------------------------------------------------------------------    -------------------
    SLICE_X73Y201        FDRE (Prop_AFF_SLICEM_C_Q)
                                                      0.115     7.336 f  dbg_hub/inst/BSCANID.u_xsdbm_id/SWITCH_N_EXT_BSCAN.bscan_switch/portno_reg[1]/Q
                         net (fo=1, routed)           0.346     7.682    dbg_hub/inst/BSCANID.u_xsdbm_id/SWITCH_N_EXT_BSCAN.bscan_switch/portno[1]
    SLICE_X72Y199        LUT6 (Prop_H6LUT_SLICEL_I3_O)
                                                      0.188     7.870 f  dbg_hub/inst/BSCANID.u_xsdbm_id/SWITCH_N_EXT_BSCAN.bscan_switch/m_bscan_drck[0]_INST_0_i_1/O
                         net (fo=5, routed)           0.133     8.003    dbg_hub/inst/BSCANID.u_xsdbm_id/SWITCH_N_EXT_BSCAN.bscan_switch/m_bscan_drck[0]_INST_0_i_1_n_0
    SLICE_X72Y199        LUT4 (Prop_C5LUT_SLICEL_I3_O)
                                                      0.134     8.137 r  dbg_hub/inst/BSCANID.u_xsdbm_id/SWITCH_N_EXT_BSCAN.bscan_switch/m_bscan_sel[0]_INST_0/O
                         net (fo=11, routed)          0.571     8.708    dbg_hub/inst/BSCANID.u_xsdbm_id/CORE_XSDB.U_ICON/U_CMD/iTARGET_reg[6]_0
    SLICE_X71Y199        FDCE                                         f  dbg_hub/inst/BSCANID.u_xsdbm_id/CORE_XSDB.U_ICON/U_CMD/iTARGET_reg[6]/CLR  (IS_INVERTED)
  -------------------------------------------------------------------    -------------------

                         (clock dbg_hub/inst/BSCANID.u_xsdbm_id/SWITCH_N_EXT_BSCAN.bscan_inst/SERIES7_BSCAN.bscan_inst/TCK rise edge)
                                                     33.000    33.000 r  
    CONFIG_SITE_X0Y0     BSCANE2                      0.000    33.000 r  dbg_hub/inst/BSCANID.u_xsdbm_id/SWITCH_N_EXT_BSCAN.bscan_inst/SERIES7_BSCAN.bscan_inst/TCK
                         net (fo=1, routed)           3.837    36.837    dbg_hub/inst/BSCANID.u_xsdbm_id/tck_bs
    BUFGCE_X1Y119        BUFGCE (Prop_BUFCE_BUFGCE_I_O)
                                                      0.075    36.912 r  dbg_hub/inst/BSCANID.u_xsdbm_id/SWITCH_N_EXT_BSCAN.u_bufg_icon_tck/O
    X2Y3 (CLOCK_ROOT)    net (fo=478, routed)         2.047    38.959    dbg_hub/inst/BSCANID.u_xsdbm_id/CORE_XSDB.U_ICON/U_CMD/m_bscan_tck[0]
    SLICE_X71Y199        FDCE                                         r  dbg_hub/inst/BSCANID.u_xsdbm_id/CORE_XSDB.U_ICON/U_CMD/iTARGET_reg[6]/C
                         clock pessimism              1.122    40.081    
                         clock uncertainty           -0.035    40.046    
    SLICE_X71Y199        FDCE (Recov_GFF_SLICEM_C_CLR)
                                                     -0.082    39.964    dbg_hub/inst/BSCANID.u_xsdbm_id/CORE_XSDB.U_ICON/U_CMD/iTARGET_reg[6]
  -------------------------------------------------------------------
                         required time                         39.964    
                         arrival time                          -8.708    
  -------------------------------------------------------------------
                         slack                                 31.256    

Slack (MET) :             31.256ns  (required time - arrival time)
  Source:                 dbg_hub/inst/BSCANID.u_xsdbm_id/SWITCH_N_EXT_BSCAN.bscan_switch/portno_reg[1]/C
                            (rising edge-triggered cell FDRE clocked by dbg_hub/inst/BSCANID.u_xsdbm_id/SWITCH_N_EXT_BSCAN.bscan_inst/SERIES7_BSCAN.bscan_inst/TCK  {rise@0.000ns fall@16.500ns period=33.000ns})
  Destination:            dbg_hub/inst/BSCANID.u_xsdbm_id/CORE_XSDB.U_ICON/U_CMD/iTARGET_reg[7]/CLR
                            (recovery check against rising-edge clock dbg_hub/inst/BSCANID.u_xsdbm_id/SWITCH_N_EXT_BSCAN.bscan_inst/SERIES7_BSCAN.bscan_inst/TCK  {rise@0.000ns fall@16.500ns period=33.000ns})
  Path Group:             **async_default**
  Path Type:              Recovery (Max at Slow Process Corner)
  Requirement:            33.000ns  (dbg_hub/inst/BSCANID.u_xsdbm_id/SWITCH_N_EXT_BSCAN.bscan_inst/SERIES7_BSCAN.bscan_inst/TCK rise@33.000ns - dbg_hub/inst/BSCANID.u_xsdbm_id/SWITCH_N_EXT_BSCAN.bscan_inst/SERIES7_BSCAN.bscan_inst/TCK rise@0.000ns)
  Data Path Delay:        1.487ns  (logic 0.437ns (29.388%)  route 1.050ns (70.612%))
  Logic Levels:           2  (LUT4=1 LUT6=1)
  Clock Path Skew:        -0.140ns (DCD - SCD + CPR)
    Destination Clock Delay (DCD):    5.959ns = ( 38.959 - 33.000 ) 
    Source Clock Delay      (SCD):    7.221ns
    Clock Pessimism Removal (CPR):    1.122ns
  Clock Uncertainty:      0.035ns  ((TSJ^2 + TIJ^2)^1/2 + DJ) / 2 + PE
    Total System Jitter     (TSJ):    0.071ns
    Total Input Jitter      (TIJ):    0.000ns
    Discrete Jitter          (DJ):    0.000ns
    Phase Error              (PE):    0.000ns
  Clock Net Delay (Source):      2.320ns (routing 0.957ns, distribution 1.363ns)
  Clock Net Delay (Destination): 2.047ns (routing 0.878ns, distribution 1.169ns)

    Location             Delay type                Incr(ns)  Path(ns)    Netlist Resource(s)
  -------------------------------------------------------------------    -------------------
                         (clock dbg_hub/inst/BSCANID.u_xsdbm_id/SWITCH_N_EXT_BSCAN.bscan_inst/SERIES7_BSCAN.bscan_inst/TCK rise edge)
                                                      0.000     0.000 r  
    CONFIG_SITE_X0Y0     BSCANE2                      0.000     0.000 r  dbg_hub/inst/BSCANID.u_xsdbm_id/SWITCH_N_EXT_BSCAN.bscan_inst/SERIES7_BSCAN.bscan_inst/TCK
                         net (fo=1, routed)           4.818     4.818    dbg_hub/inst/BSCANID.u_xsdbm_id/tck_bs
    BUFGCE_X1Y119        BUFGCE (Prop_BUFCE_BUFGCE_I_O)
                                                      0.083     4.901 r  dbg_hub/inst/BSCANID.u_xsdbm_id/SWITCH_N_EXT_BSCAN.u_bufg_icon_tck/O
    X2Y3 (CLOCK_ROOT)    net (fo=478, routed)         2.320     7.221    dbg_hub/inst/BSCANID.u_xsdbm_id/SWITCH_N_EXT_BSCAN.bscan_switch/s_bscan_tck
    SLICE_X73Y201        FDRE                                         r  dbg_hub/inst/BSCANID.u_xsdbm_id/SWITCH_N_EXT_BSCAN.bscan_switch/portno_reg[1]/C
  -------------------------------------------------------------------    -------------------
    SLICE_X73Y201        FDRE (Prop_AFF_SLICEM_C_Q)
                                                      0.115     7.336 f  dbg_hub/inst/BSCANID.u_xsdbm_id/SWITCH_N_EXT_BSCAN.bscan_switch/portno_reg[1]/Q
                         net (fo=1, routed)           0.346     7.682    dbg_hub/inst/BSCANID.u_xsdbm_id/SWITCH_N_EXT_BSCAN.bscan_switch/portno[1]
    SLICE_X72Y199        LUT6 (Prop_H6LUT_SLICEL_I3_O)
                                                      0.188     7.870 f  dbg_hub/inst/BSCANID.u_xsdbm_id/SWITCH_N_EXT_BSCAN.bscan_switch/m_bscan_drck[0]_INST_0_i_1/O
                         net (fo=5, routed)           0.133     8.003    dbg_hub/inst/BSCANID.u_xsdbm_id/SWITCH_N_EXT_BSCAN.bscan_switch/m_bscan_drck[0]_INST_0_i_1_n_0
    SLICE_X72Y199        LUT4 (Prop_C5LUT_SLICEL_I3_O)
                                                      0.134     8.137 r  dbg_hub/inst/BSCANID.u_xsdbm_id/SWITCH_N_EXT_BSCAN.bscan_switch/m_bscan_sel[0]_INST_0/O
                         net (fo=11, routed)          0.571     8.708    dbg_hub/inst/BSCANID.u_xsdbm_id/CORE_XSDB.U_ICON/U_CMD/iTARGET_reg[6]_0
    SLICE_X71Y199        FDCE                                         f  dbg_hub/inst/BSCANID.u_xsdbm_id/CORE_XSDB.U_ICON/U_CMD/iTARGET_reg[7]/CLR  (IS_INVERTED)
  -------------------------------------------------------------------    -------------------

                         (clock dbg_hub/inst/BSCANID.u_xsdbm_id/SWITCH_N_EXT_BSCAN.bscan_inst/SERIES7_BSCAN.bscan_inst/TCK rise edge)
                                                     33.000    33.000 r  
    CONFIG_SITE_X0Y0     BSCANE2                      0.000    33.000 r  dbg_hub/inst/BSCANID.u_xsdbm_id/SWITCH_N_EXT_BSCAN.bscan_inst/SERIES7_BSCAN.bscan_inst/TCK
                         net (fo=1, routed)           3.837    36.837    dbg_hub/inst/BSCANID.u_xsdbm_id/tck_bs
    BUFGCE_X1Y119        BUFGCE (Prop_BUFCE_BUFGCE_I_O)
                                                      0.075    36.912 r  dbg_hub/inst/BSCANID.u_xsdbm_id/SWITCH_N_EXT_BSCAN.u_bufg_icon_tck/O
    X2Y3 (CLOCK_ROOT)    net (fo=478, routed)         2.047    38.959    dbg_hub/inst/BSCANID.u_xsdbm_id/CORE_XSDB.U_ICON/U_CMD/m_bscan_tck[0]
    SLICE_X71Y199        FDCE                                         r  dbg_hub/inst/BSCANID.u_xsdbm_id/CORE_XSDB.U_ICON/U_CMD/iTARGET_reg[7]/C
                         clock pessimism              1.122    40.081    
                         clock uncertainty           -0.035    40.046    
    SLICE_X71Y199        FDCE (Recov_GFF2_SLICEM_C_CLR)
                                                     -0.082    39.964    dbg_hub/inst/BSCANID.u_xsdbm_id/CORE_XSDB.U_ICON/U_CMD/iTARGET_reg[7]
  -------------------------------------------------------------------
                         required time                         39.964    
                         arrival time                          -8.708    
  -------------------------------------------------------------------
                         slack                                 31.256    

Slack (MET) :             31.256ns  (required time - arrival time)
  Source:                 dbg_hub/inst/BSCANID.u_xsdbm_id/SWITCH_N_EXT_BSCAN.bscan_switch/portno_reg[1]/C
                            (rising edge-triggered cell FDRE clocked by dbg_hub/inst/BSCANID.u_xsdbm_id/SWITCH_N_EXT_BSCAN.bscan_inst/SERIES7_BSCAN.bscan_inst/TCK  {rise@0.000ns fall@16.500ns period=33.000ns})
  Destination:            dbg_hub/inst/BSCANID.u_xsdbm_id/CORE_XSDB.U_ICON/U_CMD/iTARGET_reg[8]/CLR
                            (recovery check against rising-edge clock dbg_hub/inst/BSCANID.u_xsdbm_id/SWITCH_N_EXT_BSCAN.bscan_inst/SERIES7_BSCAN.bscan_inst/TCK  {rise@0.000ns fall@16.500ns period=33.000ns})
  Path Group:             **async_default**
  Path Type:              Recovery (Max at Slow Process Corner)
  Requirement:            33.000ns  (dbg_hub/inst/BSCANID.u_xsdbm_id/SWITCH_N_EXT_BSCAN.bscan_inst/SERIES7_BSCAN.bscan_inst/TCK rise@33.000ns - dbg_hub/inst/BSCANID.u_xsdbm_id/SWITCH_N_EXT_BSCAN.bscan_inst/SERIES7_BSCAN.bscan_inst/TCK rise@0.000ns)
  Data Path Delay:        1.487ns  (logic 0.437ns (29.388%)  route 1.050ns (70.612%))
  Logic Levels:           2  (LUT4=1 LUT6=1)
  Clock Path Skew:        -0.140ns (DCD - SCD + CPR)
    Destination Clock Delay (DCD):    5.959ns = ( 38.959 - 33.000 ) 
    Source Clock Delay      (SCD):    7.221ns
    Clock Pessimism Removal (CPR):    1.122ns
  Clock Uncertainty:      0.035ns  ((TSJ^2 + TIJ^2)^1/2 + DJ) / 2 + PE
    Total System Jitter     (TSJ):    0.071ns
    Total Input Jitter      (TIJ):    0.000ns
    Discrete Jitter          (DJ):    0.000ns
    Phase Error              (PE):    0.000ns
  Clock Net Delay (Source):      2.320ns (routing 0.957ns, distribution 1.363ns)
  Clock Net Delay (Destination): 2.047ns (routing 0.878ns, distribution 1.169ns)

    Location             Delay type                Incr(ns)  Path(ns)    Netlist Resource(s)
  -------------------------------------------------------------------    -------------------
                         (clock dbg_hub/inst/BSCANID.u_xsdbm_id/SWITCH_N_EXT_BSCAN.bscan_inst/SERIES7_BSCAN.bscan_inst/TCK rise edge)
                                                      0.000     0.000 r  
    CONFIG_SITE_X0Y0     BSCANE2                      0.000     0.000 r  dbg_hub/inst/BSCANID.u_xsdbm_id/SWITCH_N_EXT_BSCAN.bscan_inst/SERIES7_BSCAN.bscan_inst/TCK
                         net (fo=1, routed)           4.818     4.818    dbg_hub/inst/BSCANID.u_xsdbm_id/tck_bs
    BUFGCE_X1Y119        BUFGCE (Prop_BUFCE_BUFGCE_I_O)
                                                      0.083     4.901 r  dbg_hub/inst/BSCANID.u_xsdbm_id/SWITCH_N_EXT_BSCAN.u_bufg_icon_tck/O
    X2Y3 (CLOCK_ROOT)    net (fo=478, routed)         2.320     7.221    dbg_hub/inst/BSCANID.u_xsdbm_id/SWITCH_N_EXT_BSCAN.bscan_switch/s_bscan_tck
    SLICE_X73Y201        FDRE                                         r  dbg_hub/inst/BSCANID.u_xsdbm_id/SWITCH_N_EXT_BSCAN.bscan_switch/portno_reg[1]/C
  -------------------------------------------------------------------    -------------------
    SLICE_X73Y201        FDRE (Prop_AFF_SLICEM_C_Q)
                                                      0.115     7.336 f  dbg_hub/inst/BSCANID.u_xsdbm_id/SWITCH_N_EXT_BSCAN.bscan_switch/portno_reg[1]/Q
                         net (fo=1, routed)           0.346     7.682    dbg_hub/inst/BSCANID.u_xsdbm_id/SWITCH_N_EXT_BSCAN.bscan_switch/portno[1]
    SLICE_X72Y199        LUT6 (Prop_H6LUT_SLICEL_I3_O)
                                                      0.188     7.870 f  dbg_hub/inst/BSCANID.u_xsdbm_id/SWITCH_N_EXT_BSCAN.bscan_switch/m_bscan_drck[0]_INST_0_i_1/O
                         net (fo=5, routed)           0.133     8.003    dbg_hub/inst/BSCANID.u_xsdbm_id/SWITCH_N_EXT_BSCAN.bscan_switch/m_bscan_drck[0]_INST_0_i_1_n_0
    SLICE_X72Y199        LUT4 (Prop_C5LUT_SLICEL_I3_O)
                                                      0.134     8.137 r  dbg_hub/inst/BSCANID.u_xsdbm_id/SWITCH_N_EXT_BSCAN.bscan_switch/m_bscan_sel[0]_INST_0/O
                         net (fo=11, routed)          0.571     8.708    dbg_hub/inst/BSCANID.u_xsdbm_id/CORE_XSDB.U_ICON/U_CMD/iTARGET_reg[6]_0
    SLICE_X71Y199        FDCE                                         f  dbg_hub/inst/BSCANID.u_xsdbm_id/CORE_XSDB.U_ICON/U_CMD/iTARGET_reg[8]/CLR  (IS_INVERTED)
  -------------------------------------------------------------------    -------------------

                         (clock dbg_hub/inst/BSCANID.u_xsdbm_id/SWITCH_N_EXT_BSCAN.bscan_inst/SERIES7_BSCAN.bscan_inst/TCK rise edge)
                                                     33.000    33.000 r  
    CONFIG_SITE_X0Y0     BSCANE2                      0.000    33.000 r  dbg_hub/inst/BSCANID.u_xsdbm_id/SWITCH_N_EXT_BSCAN.bscan_inst/SERIES7_BSCAN.bscan_inst/TCK
                         net (fo=1, routed)           3.837    36.837    dbg_hub/inst/BSCANID.u_xsdbm_id/tck_bs
    BUFGCE_X1Y119        BUFGCE (Prop_BUFCE_BUFGCE_I_O)
                                                      0.075    36.912 r  dbg_hub/inst/BSCANID.u_xsdbm_id/SWITCH_N_EXT_BSCAN.u_bufg_icon_tck/O
    X2Y3 (CLOCK_ROOT)    net (fo=478, routed)         2.047    38.959    dbg_hub/inst/BSCANID.u_xsdbm_id/CORE_XSDB.U_ICON/U_CMD/m_bscan_tck[0]
    SLICE_X71Y199        FDCE                                         r  dbg_hub/inst/BSCANID.u_xsdbm_id/CORE_XSDB.U_ICON/U_CMD/iTARGET_reg[8]/C
                         clock pessimism              1.122    40.081    
                         clock uncertainty           -0.035    40.046    
    SLICE_X71Y199        FDCE (Recov_HFF_SLICEM_C_CLR)
                                                     -0.082    39.964    dbg_hub/inst/BSCANID.u_xsdbm_id/CORE_XSDB.U_ICON/U_CMD/iTARGET_reg[8]
  -------------------------------------------------------------------
                         required time                         39.964    
                         arrival time                          -8.708    
  -------------------------------------------------------------------
                         slack                                 31.256    

Slack (MET) :             31.256ns  (required time - arrival time)
  Source:                 dbg_hub/inst/BSCANID.u_xsdbm_id/SWITCH_N_EXT_BSCAN.bscan_switch/portno_reg[1]/C
                            (rising edge-triggered cell FDRE clocked by dbg_hub/inst/BSCANID.u_xsdbm_id/SWITCH_N_EXT_BSCAN.bscan_inst/SERIES7_BSCAN.bscan_inst/TCK  {rise@0.000ns fall@16.500ns period=33.000ns})
  Destination:            dbg_hub/inst/BSCANID.u_xsdbm_id/CORE_XSDB.U_ICON/U_CMD/iTARGET_reg[9]/CLR
                            (recovery check against rising-edge clock dbg_hub/inst/BSCANID.u_xsdbm_id/SWITCH_N_EXT_BSCAN.bscan_inst/SERIES7_BSCAN.bscan_inst/TCK  {rise@0.000ns fall@16.500ns period=33.000ns})
  Path Group:             **async_default**
  Path Type:              Recovery (Max at Slow Process Corner)
  Requirement:            33.000ns  (dbg_hub/inst/BSCANID.u_xsdbm_id/SWITCH_N_EXT_BSCAN.bscan_inst/SERIES7_BSCAN.bscan_inst/TCK rise@33.000ns - dbg_hub/inst/BSCANID.u_xsdbm_id/SWITCH_N_EXT_BSCAN.bscan_inst/SERIES7_BSCAN.bscan_inst/TCK rise@0.000ns)
  Data Path Delay:        1.487ns  (logic 0.437ns (29.388%)  route 1.050ns (70.612%))
  Logic Levels:           2  (LUT4=1 LUT6=1)
  Clock Path Skew:        -0.140ns (DCD - SCD + CPR)
    Destination Clock Delay (DCD):    5.959ns = ( 38.959 - 33.000 ) 
    Source Clock Delay      (SCD):    7.221ns
    Clock Pessimism Removal (CPR):    1.122ns
  Clock Uncertainty:      0.035ns  ((TSJ^2 + TIJ^2)^1/2 + DJ) / 2 + PE
    Total System Jitter     (TSJ):    0.071ns
    Total Input Jitter      (TIJ):    0.000ns
    Discrete Jitter          (DJ):    0.000ns
    Phase Error              (PE):    0.000ns
  Clock Net Delay (Source):      2.320ns (routing 0.957ns, distribution 1.363ns)
  Clock Net Delay (Destination): 2.047ns (routing 0.878ns, distribution 1.169ns)

    Location             Delay type                Incr(ns)  Path(ns)    Netlist Resource(s)
  -------------------------------------------------------------------    -------------------
                         (clock dbg_hub/inst/BSCANID.u_xsdbm_id/SWITCH_N_EXT_BSCAN.bscan_inst/SERIES7_BSCAN.bscan_inst/TCK rise edge)
                                                      0.000     0.000 r  
    CONFIG_SITE_X0Y0     BSCANE2                      0.000     0.000 r  dbg_hub/inst/BSCANID.u_xsdbm_id/SWITCH_N_EXT_BSCAN.bscan_inst/SERIES7_BSCAN.bscan_inst/TCK
                         net (fo=1, routed)           4.818     4.818    dbg_hub/inst/BSCANID.u_xsdbm_id/tck_bs
    BUFGCE_X1Y119        BUFGCE (Prop_BUFCE_BUFGCE_I_O)
                                                      0.083     4.901 r  dbg_hub/inst/BSCANID.u_xsdbm_id/SWITCH_N_EXT_BSCAN.u_bufg_icon_tck/O
    X2Y3 (CLOCK_ROOT)    net (fo=478, routed)         2.320     7.221    dbg_hub/inst/BSCANID.u_xsdbm_id/SWITCH_N_EXT_BSCAN.bscan_switch/s_bscan_tck
    SLICE_X73Y201        FDRE                                         r  dbg_hub/inst/BSCANID.u_xsdbm_id/SWITCH_N_EXT_BSCAN.bscan_switch/portno_reg[1]/C
  -------------------------------------------------------------------    -------------------
    SLICE_X73Y201        FDRE (Prop_AFF_SLICEM_C_Q)
                                                      0.115     7.336 f  dbg_hub/inst/BSCANID.u_xsdbm_id/SWITCH_N_EXT_BSCAN.bscan_switch/portno_reg[1]/Q
                         net (fo=1, routed)           0.346     7.682    dbg_hub/inst/BSCANID.u_xsdbm_id/SWITCH_N_EXT_BSCAN.bscan_switch/portno[1]
    SLICE_X72Y199        LUT6 (Prop_H6LUT_SLICEL_I3_O)
                                                      0.188     7.870 f  dbg_hub/inst/BSCANID.u_xsdbm_id/SWITCH_N_EXT_BSCAN.bscan_switch/m_bscan_drck[0]_INST_0_i_1/O
                         net (fo=5, routed)           0.133     8.003    dbg_hub/inst/BSCANID.u_xsdbm_id/SWITCH_N_EXT_BSCAN.bscan_switch/m_bscan_drck[0]_INST_0_i_1_n_0
    SLICE_X72Y199        LUT4 (Prop_C5LUT_SLICEL_I3_O)
                                                      0.134     8.137 r  dbg_hub/inst/BSCANID.u_xsdbm_id/SWITCH_N_EXT_BSCAN.bscan_switch/m_bscan_sel[0]_INST_0/O
                         net (fo=11, routed)          0.571     8.708    dbg_hub/inst/BSCANID.u_xsdbm_id/CORE_XSDB.U_ICON/U_CMD/iTARGET_reg[6]_0
    SLICE_X71Y199        FDCE                                         f  dbg_hub/inst/BSCANID.u_xsdbm_id/CORE_XSDB.U_ICON/U_CMD/iTARGET_reg[9]/CLR  (IS_INVERTED)
  -------------------------------------------------------------------    -------------------

                         (clock dbg_hub/inst/BSCANID.u_xsdbm_id/SWITCH_N_EXT_BSCAN.bscan_inst/SERIES7_BSCAN.bscan_inst/TCK rise edge)
                                                     33.000    33.000 r  
    CONFIG_SITE_X0Y0     BSCANE2                      0.000    33.000 r  dbg_hub/inst/BSCANID.u_xsdbm_id/SWITCH_N_EXT_BSCAN.bscan_inst/SERIES7_BSCAN.bscan_inst/TCK
                         net (fo=1, routed)           3.837    36.837    dbg_hub/inst/BSCANID.u_xsdbm_id/tck_bs
    BUFGCE_X1Y119        BUFGCE (Prop_BUFCE_BUFGCE_I_O)
                                                      0.075    36.912 r  dbg_hub/inst/BSCANID.u_xsdbm_id/SWITCH_N_EXT_BSCAN.u_bufg_icon_tck/O
    X2Y3 (CLOCK_ROOT)    net (fo=478, routed)         2.047    38.959    dbg_hub/inst/BSCANID.u_xsdbm_id/CORE_XSDB.U_ICON/U_CMD/m_bscan_tck[0]
    SLICE_X71Y199        FDCE                                         r  dbg_hub/inst/BSCANID.u_xsdbm_id/CORE_XSDB.U_ICON/U_CMD/iTARGET_reg[9]/C
                         clock pessimism              1.122    40.081    
                         clock uncertainty           -0.035    40.046    
    SLICE_X71Y199        FDCE (Recov_HFF2_SLICEM_C_CLR)
                                                     -0.082    39.964    dbg_hub/inst/BSCANID.u_xsdbm_id/CORE_XSDB.U_ICON/U_CMD/iTARGET_reg[9]
  -------------------------------------------------------------------
                         required time                         39.964    
                         arrival time                          -8.708    
  -------------------------------------------------------------------
                         slack                                 31.256    

Slack (MET) :             31.259ns  (required time - arrival time)
  Source:                 dbg_hub/inst/BSCANID.u_xsdbm_id/SWITCH_N_EXT_BSCAN.bscan_switch/portno_reg[1]/C
                            (rising edge-triggered cell FDRE clocked by dbg_hub/inst/BSCANID.u_xsdbm_id/SWITCH_N_EXT_BSCAN.bscan_inst/SERIES7_BSCAN.bscan_inst/TCK  {rise@0.000ns fall@16.500ns period=33.000ns})
  Destination:            dbg_hub/inst/BSCANID.u_xsdbm_id/CORE_XSDB.U_ICON/U_CMD/iTARGET_reg[10]/CLR
                            (recovery check against rising-edge clock dbg_hub/inst/BSCANID.u_xsdbm_id/SWITCH_N_EXT_BSCAN.bscan_inst/SERIES7_BSCAN.bscan_inst/TCK  {rise@0.000ns fall@16.500ns period=33.000ns})
  Path Group:             **async_default**
  Path Type:              Recovery (Max at Slow Process Corner)
  Requirement:            33.000ns  (dbg_hub/inst/BSCANID.u_xsdbm_id/SWITCH_N_EXT_BSCAN.bscan_inst/SERIES7_BSCAN.bscan_inst/TCK rise@33.000ns - dbg_hub/inst/BSCANID.u_xsdbm_id/SWITCH_N_EXT_BSCAN.bscan_inst/SERIES7_BSCAN.bscan_inst/TCK rise@0.000ns)
  Data Path Delay:        1.484ns  (logic 0.437ns (29.447%)  route 1.047ns (70.553%))
  Logic Levels:           2  (LUT4=1 LUT6=1)
  Clock Path Skew:        -0.140ns (DCD - SCD + CPR)
    Destination Clock Delay (DCD):    5.959ns = ( 38.959 - 33.000 ) 
    Source Clock Delay      (SCD):    7.221ns
    Clock Pessimism Removal (CPR):    1.122ns
  Clock Uncertainty:      0.035ns  ((TSJ^2 + TIJ^2)^1/2 + DJ) / 2 + PE
    Total System Jitter     (TSJ):    0.071ns
    Total Input Jitter      (TIJ):    0.000ns
    Discrete Jitter          (DJ):    0.000ns
    Phase Error              (PE):    0.000ns
  Clock Net Delay (Source):      2.320ns (routing 0.957ns, distribution 1.363ns)
  Clock Net Delay (Destination): 2.047ns (routing 0.878ns, distribution 1.169ns)

    Location             Delay type                Incr(ns)  Path(ns)    Netlist Resource(s)
  -------------------------------------------------------------------    -------------------
                         (clock dbg_hub/inst/BSCANID.u_xsdbm_id/SWITCH_N_EXT_BSCAN.bscan_inst/SERIES7_BSCAN.bscan_inst/TCK rise edge)
                                                      0.000     0.000 r  
    CONFIG_SITE_X0Y0     BSCANE2                      0.000     0.000 r  dbg_hub/inst/BSCANID.u_xsdbm_id/SWITCH_N_EXT_BSCAN.bscan_inst/SERIES7_BSCAN.bscan_inst/TCK
                         net (fo=1, routed)           4.818     4.818    dbg_hub/inst/BSCANID.u_xsdbm_id/tck_bs
    BUFGCE_X1Y119        BUFGCE (Prop_BUFCE_BUFGCE_I_O)
                                                      0.083     4.901 r  dbg_hub/inst/BSCANID.u_xsdbm_id/SWITCH_N_EXT_BSCAN.u_bufg_icon_tck/O
    X2Y3 (CLOCK_ROOT)    net (fo=478, routed)         2.320     7.221    dbg_hub/inst/BSCANID.u_xsdbm_id/SWITCH_N_EXT_BSCAN.bscan_switch/s_bscan_tck
    SLICE_X73Y201        FDRE                                         r  dbg_hub/inst/BSCANID.u_xsdbm_id/SWITCH_N_EXT_BSCAN.bscan_switch/portno_reg[1]/C
  -------------------------------------------------------------------    -------------------
    SLICE_X73Y201        FDRE (Prop_AFF_SLICEM_C_Q)
                                                      0.115     7.336 f  dbg_hub/inst/BSCANID.u_xsdbm_id/SWITCH_N_EXT_BSCAN.bscan_switch/portno_reg[1]/Q
                         net (fo=1, routed)           0.346     7.682    dbg_hub/inst/BSCANID.u_xsdbm_id/SWITCH_N_EXT_BSCAN.bscan_switch/portno[1]
    SLICE_X72Y199        LUT6 (Prop_H6LUT_SLICEL_I3_O)
                                                      0.188     7.870 f  dbg_hub/inst/BSCANID.u_xsdbm_id/SWITCH_N_EXT_BSCAN.bscan_switch/m_bscan_drck[0]_INST_0_i_1/O
                         net (fo=5, routed)           0.133     8.003    dbg_hub/inst/BSCANID.u_xsdbm_id/SWITCH_N_EXT_BSCAN.bscan_switch/m_bscan_drck[0]_INST_0_i_1_n_0
    SLICE_X72Y199        LUT4 (Prop_C5LUT_SLICEL_I3_O)
                                                      0.134     8.137 r  dbg_hub/inst/BSCANID.u_xsdbm_id/SWITCH_N_EXT_BSCAN.bscan_switch/m_bscan_sel[0]_INST_0/O
                         net (fo=11, routed)          0.568     8.705    dbg_hub/inst/BSCANID.u_xsdbm_id/CORE_XSDB.U_ICON/U_CMD/iTARGET_reg[6]_0
    SLICE_X72Y199        FDCE                                         f  dbg_hub/inst/BSCANID.u_xsdbm_id/CORE_XSDB.U_ICON/U_CMD/iTARGET_reg[10]/CLR  (IS_INVERTED)
  -------------------------------------------------------------------    -------------------

                         (clock dbg_hub/inst/BSCANID.u_xsdbm_id/SWITCH_N_EXT_BSCAN.bscan_inst/SERIES7_BSCAN.bscan_inst/TCK rise edge)
                                                     33.000    33.000 r  
    CONFIG_SITE_X0Y0     BSCANE2                      0.000    33.000 r  dbg_hub/inst/BSCANID.u_xsdbm_id/SWITCH_N_EXT_BSCAN.bscan_inst/SERIES7_BSCAN.bscan_inst/TCK
                         net (fo=1, routed)           3.837    36.837    dbg_hub/inst/BSCANID.u_xsdbm_id/tck_bs
    BUFGCE_X1Y119        BUFGCE (Prop_BUFCE_BUFGCE_I_O)
                                                      0.075    36.912 r  dbg_hub/inst/BSCANID.u_xsdbm_id/SWITCH_N_EXT_BSCAN.u_bufg_icon_tck/O
    X2Y3 (CLOCK_ROOT)    net (fo=478, routed)         2.047    38.959    dbg_hub/inst/BSCANID.u_xsdbm_id/CORE_XSDB.U_ICON/U_CMD/m_bscan_tck[0]
    SLICE_X72Y199        FDCE                                         r  dbg_hub/inst/BSCANID.u_xsdbm_id/CORE_XSDB.U_ICON/U_CMD/iTARGET_reg[10]/C
                         clock pessimism              1.122    40.081    
                         clock uncertainty           -0.035    40.046    
    SLICE_X72Y199        FDCE (Recov_EFF_SLICEL_C_CLR)
                                                     -0.082    39.964    dbg_hub/inst/BSCANID.u_xsdbm_id/CORE_XSDB.U_ICON/U_CMD/iTARGET_reg[10]
  -------------------------------------------------------------------
                         required time                         39.964    
                         arrival time                          -8.705    
  -------------------------------------------------------------------
                         slack                                 31.259    





Min Delay Paths
--------------------------------------------------------------------------------------
Slack (MET) :             0.141ns  (arrival time - required time)
  Source:                 dbg_hub/inst/BSCANID.u_xsdbm_id/CORE_XSDB.UUT_MASTER/U_ICON_INTERFACE/U_CMD6_RD/U_RD_FIFO/SUBCORE_FIFO.xsdbm_v3_0_0_rdfifo_inst/inst_fifo_gen/gconvfifo.rf/grf.rf/rstblk/ngwrdrst.grst.g7serrst.rd_rst_reg_reg[1]/C
                            (rising edge-triggered cell FDPE clocked by dbg_hub/inst/BSCANID.u_xsdbm_id/SWITCH_N_EXT_BSCAN.bscan_inst/SERIES7_BSCAN.bscan_inst/TCK  {rise@0.000ns fall@16.500ns period=33.000ns})
  Destination:            dbg_hub/inst/BSCANID.u_xsdbm_id/CORE_XSDB.UUT_MASTER/U_ICON_INTERFACE/U_CMD6_RD/U_RD_FIFO/SUBCORE_FIFO.xsdbm_v3_0_0_rdfifo_inst/inst_fifo_gen/gconvfifo.rf/grf.rf/gntv_or_sync_fifo.gcx.clkx/gnxpm_cdc.gsync_stage[1].rd_stg_inst/Q_reg_reg[2]/CLR
                            (removal check against rising-edge clock dbg_hub/inst/BSCANID.u_xsdbm_id/SWITCH_N_EXT_BSCAN.bscan_inst/SERIES7_BSCAN.bscan_inst/TCK  {rise@0.000ns fall@16.500ns period=33.000ns})
  Path Group:             **async_default**
  Path Type:              Removal (Min at Fast Process Corner)
  Requirement:            0.000ns  (dbg_hub/inst/BSCANID.u_xsdbm_id/SWITCH_N_EXT_BSCAN.bscan_inst/SERIES7_BSCAN.bscan_inst/TCK rise@0.000ns - dbg_hub/inst/BSCANID.u_xsdbm_id/SWITCH_N_EXT_BSCAN.bscan_inst/SERIES7_BSCAN.bscan_inst/TCK rise@0.000ns)
  Data Path Delay:        0.182ns  (logic 0.048ns (26.374%)  route 0.134ns (73.626%))
  Logic Levels:           0  
  Clock Path Skew:        0.036ns (DCD - SCD - CPR)
    Destination Clock Delay (DCD):    4.485ns
    Source Clock Delay      (SCD):    3.471ns
    Clock Pessimism Removal (CPR):    0.978ns
  Clock Net Delay (Source):      0.961ns (routing 0.447ns, distribution 0.514ns)
  Clock Net Delay (Destination): 1.131ns (routing 0.495ns, distribution 0.636ns)

    Location             Delay type                Incr(ns)  Path(ns)    Netlist Resource(s)
  -------------------------------------------------------------------    -------------------
                         (clock dbg_hub/inst/BSCANID.u_xsdbm_id/SWITCH_N_EXT_BSCAN.bscan_inst/SERIES7_BSCAN.bscan_inst/TCK rise edge)
                                                      0.000     0.000 r  
    CONFIG_SITE_X0Y0     BSCANE2                      0.000     0.000 r  dbg_hub/inst/BSCANID.u_xsdbm_id/SWITCH_N_EXT_BSCAN.bscan_inst/SERIES7_BSCAN.bscan_inst/TCK
                         net (fo=1, routed)           2.483     2.483    dbg_hub/inst/BSCANID.u_xsdbm_id/tck_bs
    BUFGCE_X1Y119        BUFGCE (Prop_BUFCE_BUFGCE_I_O)
                                                      0.027     2.510 r  dbg_hub/inst/BSCANID.u_xsdbm_id/SWITCH_N_EXT_BSCAN.u_bufg_icon_tck/O
    X2Y3 (CLOCK_ROOT)    net (fo=478, routed)         0.961     3.471    dbg_hub/inst/BSCANID.u_xsdbm_id/CORE_XSDB.UUT_MASTER/U_ICON_INTERFACE/U_CMD6_RD/U_RD_FIFO/SUBCORE_FIFO.xsdbm_v3_0_0_rdfifo_inst/inst_fifo_gen/gconvfifo.rf/grf.rf/rstblk/rd_clk
    SLICE_X65Y197        FDPE                                         r  dbg_hub/inst/BSCANID.u_xsdbm_id/CORE_XSDB.UUT_MASTER/U_ICON_INTERFACE/U_CMD6_RD/U_RD_FIFO/SUBCORE_FIFO.xsdbm_v3_0_0_rdfifo_inst/inst_fifo_gen/gconvfifo.rf/grf.rf/rstblk/ngwrdrst.grst.g7serrst.rd_rst_reg_reg[1]/C
  -------------------------------------------------------------------    -------------------
    SLICE_X65Y197        FDPE (Prop_EFF2_SLICEM_C_Q)
                                                      0.048     3.519 f  dbg_hub/inst/BSCANID.u_xsdbm_id/CORE_XSDB.UUT_MASTER/U_ICON_INTERFACE/U_CMD6_RD/U_RD_FIFO/SUBCORE_FIFO.xsdbm_v3_0_0_rdfifo_inst/inst_fifo_gen/gconvfifo.rf/grf.rf/rstblk/ngwrdrst.grst.g7serrst.rd_rst_reg_reg[1]/Q
                         net (fo=16, routed)          0.134     3.653    dbg_hub/inst/BSCANID.u_xsdbm_id/CORE_XSDB.UUT_MASTER/U_ICON_INTERFACE/U_CMD6_RD/U_RD_FIFO/SUBCORE_FIFO.xsdbm_v3_0_0_rdfifo_inst/inst_fifo_gen/gconvfifo.rf/grf.rf/gntv_or_sync_fifo.gcx.clkx/gnxpm_cdc.gsync_stage[1].rd_stg_inst/Q_reg_reg[0]_0[0]
    SLICE_X66Y197        FDCE                                         f  dbg_hub/inst/BSCANID.u_xsdbm_id/CORE_XSDB.UUT_MASTER/U_ICON_INTERFACE/U_CMD6_RD/U_RD_FIFO/SUBCORE_FIFO.xsdbm_v3_0_0_rdfifo_inst/inst_fifo_gen/gconvfifo.rf/grf.rf/gntv_or_sync_fifo.gcx.clkx/gnxpm_cdc.gsync_stage[1].rd_stg_inst/Q_reg_reg[2]/CLR
  -------------------------------------------------------------------    -------------------

                         (clock dbg_hub/inst/BSCANID.u_xsdbm_id/SWITCH_N_EXT_BSCAN.bscan_inst/SERIES7_BSCAN.bscan_inst/TCK rise edge)
                                                      0.000     0.000 r  
    CONFIG_SITE_X0Y0     BSCANE2                      0.000     0.000 r  dbg_hub/inst/BSCANID.u_xsdbm_id/SWITCH_N_EXT_BSCAN.bscan_inst/SERIES7_BSCAN.bscan_inst/TCK
                         net (fo=1, routed)           3.323     3.323    dbg_hub/inst/BSCANID.u_xsdbm_id/tck_bs
    BUFGCE_X1Y119        BUFGCE (Prop_BUFCE_BUFGCE_I_O)
                                                      0.031     3.354 r  dbg_hub/inst/BSCANID.u_xsdbm_id/SWITCH_N_EXT_BSCAN.u_bufg_icon_tck/O
    X2Y3 (CLOCK_ROOT)    net (fo=478, routed)         1.131     4.485    dbg_hub/inst/BSCANID.u_xsdbm_id/CORE_XSDB.UUT_MASTER/U_ICON_INTERFACE/U_CMD6_RD/U_RD_FIFO/SUBCORE_FIFO.xsdbm_v3_0_0_rdfifo_inst/inst_fifo_gen/gconvfifo.rf/grf.rf/gntv_or_sync_fifo.gcx.clkx/gnxpm_cdc.gsync_stage[1].rd_stg_inst/rd_clk
    SLICE_X66Y197        FDCE                                         r  dbg_hub/inst/BSCANID.u_xsdbm_id/CORE_XSDB.UUT_MASTER/U_ICON_INTERFACE/U_CMD6_RD/U_RD_FIFO/SUBCORE_FIFO.xsdbm_v3_0_0_rdfifo_inst/inst_fifo_gen/gconvfifo.rf/grf.rf/gntv_or_sync_fifo.gcx.clkx/gnxpm_cdc.gsync_stage[1].rd_stg_inst/Q_reg_reg[2]/C
                         clock pessimism             -0.978     3.507    
    SLICE_X66Y197        FDCE (Remov_DFF2_SLICEL_C_CLR)
                                                      0.005     3.512    dbg_hub/inst/BSCANID.u_xsdbm_id/CORE_XSDB.UUT_MASTER/U_ICON_INTERFACE/U_CMD6_RD/U_RD_FIFO/SUBCORE_FIFO.xsdbm_v3_0_0_rdfifo_inst/inst_fifo_gen/gconvfifo.rf/grf.rf/gntv_or_sync_fifo.gcx.clkx/gnxpm_cdc.gsync_stage[1].rd_stg_inst/Q_reg_reg[2]
  -------------------------------------------------------------------
                         required time                         -3.512    
                         arrival time                           3.653    
  -------------------------------------------------------------------
                         slack                                  0.141    

Slack (MET) :             0.141ns  (arrival time - required time)
  Source:                 dbg_hub/inst/BSCANID.u_xsdbm_id/CORE_XSDB.UUT_MASTER/U_ICON_INTERFACE/U_CMD6_RD/U_RD_FIFO/SUBCORE_FIFO.xsdbm_v3_0_0_rdfifo_inst/inst_fifo_gen/gconvfifo.rf/grf.rf/rstblk/ngwrdrst.grst.g7serrst.rd_rst_reg_reg[1]/C
                            (rising edge-triggered cell FDPE clocked by dbg_hub/inst/BSCANID.u_xsdbm_id/SWITCH_N_EXT_BSCAN.bscan_inst/SERIES7_BSCAN.bscan_inst/TCK  {rise@0.000ns fall@16.500ns period=33.000ns})
  Destination:            dbg_hub/inst/BSCANID.u_xsdbm_id/CORE_XSDB.UUT_MASTER/U_ICON_INTERFACE/U_CMD6_RD/U_RD_FIFO/SUBCORE_FIFO.xsdbm_v3_0_0_rdfifo_inst/inst_fifo_gen/gconvfifo.rf/grf.rf/gntv_or_sync_fifo.gcx.clkx/gnxpm_cdc.gsync_stage[1].rd_stg_inst/Q_reg_reg[3]/CLR
                            (removal check against rising-edge clock dbg_hub/inst/BSCANID.u_xsdbm_id/SWITCH_N_EXT_BSCAN.bscan_inst/SERIES7_BSCAN.bscan_inst/TCK  {rise@0.000ns fall@16.500ns period=33.000ns})
  Path Group:             **async_default**
  Path Type:              Removal (Min at Fast Process Corner)
  Requirement:            0.000ns  (dbg_hub/inst/BSCANID.u_xsdbm_id/SWITCH_N_EXT_BSCAN.bscan_inst/SERIES7_BSCAN.bscan_inst/TCK rise@0.000ns - dbg_hub/inst/BSCANID.u_xsdbm_id/SWITCH_N_EXT_BSCAN.bscan_inst/SERIES7_BSCAN.bscan_inst/TCK rise@0.000ns)
  Data Path Delay:        0.182ns  (logic 0.048ns (26.374%)  route 0.134ns (73.626%))
  Logic Levels:           0  
  Clock Path Skew:        0.036ns (DCD - SCD - CPR)
    Destination Clock Delay (DCD):    4.485ns
    Source Clock Delay      (SCD):    3.471ns
    Clock Pessimism Removal (CPR):    0.978ns
  Clock Net Delay (Source):      0.961ns (routing 0.447ns, distribution 0.514ns)
  Clock Net Delay (Destination): 1.131ns (routing 0.495ns, distribution 0.636ns)

    Location             Delay type                Incr(ns)  Path(ns)    Netlist Resource(s)
  -------------------------------------------------------------------    -------------------
                         (clock dbg_hub/inst/BSCANID.u_xsdbm_id/SWITCH_N_EXT_BSCAN.bscan_inst/SERIES7_BSCAN.bscan_inst/TCK rise edge)
                                                      0.000     0.000 r  
    CONFIG_SITE_X0Y0     BSCANE2                      0.000     0.000 r  dbg_hub/inst/BSCANID.u_xsdbm_id/SWITCH_N_EXT_BSCAN.bscan_inst/SERIES7_BSCAN.bscan_inst/TCK
                         net (fo=1, routed)           2.483     2.483    dbg_hub/inst/BSCANID.u_xsdbm_id/tck_bs
    BUFGCE_X1Y119        BUFGCE (Prop_BUFCE_BUFGCE_I_O)
                                                      0.027     2.510 r  dbg_hub/inst/BSCANID.u_xsdbm_id/SWITCH_N_EXT_BSCAN.u_bufg_icon_tck/O
    X2Y3 (CLOCK_ROOT)    net (fo=478, routed)         0.961     3.471    dbg_hub/inst/BSCANID.u_xsdbm_id/CORE_XSDB.UUT_MASTER/U_ICON_INTERFACE/U_CMD6_RD/U_RD_FIFO/SUBCORE_FIFO.xsdbm_v3_0_0_rdfifo_inst/inst_fifo_gen/gconvfifo.rf/grf.rf/rstblk/rd_clk
    SLICE_X65Y197        FDPE                                         r  dbg_hub/inst/BSCANID.u_xsdbm_id/CORE_XSDB.UUT_MASTER/U_ICON_INTERFACE/U_CMD6_RD/U_RD_FIFO/SUBCORE_FIFO.xsdbm_v3_0_0_rdfifo_inst/inst_fifo_gen/gconvfifo.rf/grf.rf/rstblk/ngwrdrst.grst.g7serrst.rd_rst_reg_reg[1]/C
  -------------------------------------------------------------------    -------------------
    SLICE_X65Y197        FDPE (Prop_EFF2_SLICEM_C_Q)
                                                      0.048     3.519 f  dbg_hub/inst/BSCANID.u_xsdbm_id/CORE_XSDB.UUT_MASTER/U_ICON_INTERFACE/U_CMD6_RD/U_RD_FIFO/SUBCORE_FIFO.xsdbm_v3_0_0_rdfifo_inst/inst_fifo_gen/gconvfifo.rf/grf.rf/rstblk/ngwrdrst.grst.g7serrst.rd_rst_reg_reg[1]/Q
                         net (fo=16, routed)          0.134     3.653    dbg_hub/inst/BSCANID.u_xsdbm_id/CORE_XSDB.UUT_MASTER/U_ICON_INTERFACE/U_CMD6_RD/U_RD_FIFO/SUBCORE_FIFO.xsdbm_v3_0_0_rdfifo_inst/inst_fifo_gen/gconvfifo.rf/grf.rf/gntv_or_sync_fifo.gcx.clkx/gnxpm_cdc.gsync_stage[1].rd_stg_inst/Q_reg_reg[0]_0[0]
    SLICE_X66Y197        FDCE                                         f  dbg_hub/inst/BSCANID.u_xsdbm_id/CORE_XSDB.UUT_MASTER/U_ICON_INTERFACE/U_CMD6_RD/U_RD_FIFO/SUBCORE_FIFO.xsdbm_v3_0_0_rdfifo_inst/inst_fifo_gen/gconvfifo.rf/grf.rf/gntv_or_sync_fifo.gcx.clkx/gnxpm_cdc.gsync_stage[1].rd_stg_inst/Q_reg_reg[3]/CLR
  -------------------------------------------------------------------    -------------------

                         (clock dbg_hub/inst/BSCANID.u_xsdbm_id/SWITCH_N_EXT_BSCAN.bscan_inst/SERIES7_BSCAN.bscan_inst/TCK rise edge)
                                                      0.000     0.000 r  
    CONFIG_SITE_X0Y0     BSCANE2                      0.000     0.000 r  dbg_hub/inst/BSCANID.u_xsdbm_id/SWITCH_N_EXT_BSCAN.bscan_inst/SERIES7_BSCAN.bscan_inst/TCK
                         net (fo=1, routed)           3.323     3.323    dbg_hub/inst/BSCANID.u_xsdbm_id/tck_bs
    BUFGCE_X1Y119        BUFGCE (Prop_BUFCE_BUFGCE_I_O)
                                                      0.031     3.354 r  dbg_hub/inst/BSCANID.u_xsdbm_id/SWITCH_N_EXT_BSCAN.u_bufg_icon_tck/O
    X2Y3 (CLOCK_ROOT)    net (fo=478, routed)         1.131     4.485    dbg_hub/inst/BSCANID.u_xsdbm_id/CORE_XSDB.UUT_MASTER/U_ICON_INTERFACE/U_CMD6_RD/U_RD_FIFO/SUBCORE_FIFO.xsdbm_v3_0_0_rdfifo_inst/inst_fifo_gen/gconvfifo.rf/grf.rf/gntv_or_sync_fifo.gcx.clkx/gnxpm_cdc.gsync_stage[1].rd_stg_inst/rd_clk
    SLICE_X66Y197        FDCE                                         r  dbg_hub/inst/BSCANID.u_xsdbm_id/CORE_XSDB.UUT_MASTER/U_ICON_INTERFACE/U_CMD6_RD/U_RD_FIFO/SUBCORE_FIFO.xsdbm_v3_0_0_rdfifo_inst/inst_fifo_gen/gconvfifo.rf/grf.rf/gntv_or_sync_fifo.gcx.clkx/gnxpm_cdc.gsync_stage[1].rd_stg_inst/Q_reg_reg[3]/C
                         clock pessimism             -0.978     3.507    
    SLICE_X66Y197        FDCE (Remov_CFF2_SLICEL_C_CLR)
                                                      0.005     3.512    dbg_hub/inst/BSCANID.u_xsdbm_id/CORE_XSDB.UUT_MASTER/U_ICON_INTERFACE/U_CMD6_RD/U_RD_FIFO/SUBCORE_FIFO.xsdbm_v3_0_0_rdfifo_inst/inst_fifo_gen/gconvfifo.rf/grf.rf/gntv_or_sync_fifo.gcx.clkx/gnxpm_cdc.gsync_stage[1].rd_stg_inst/Q_reg_reg[3]
  -------------------------------------------------------------------
                         required time                         -3.512    
                         arrival time                           3.653    
  -------------------------------------------------------------------
                         slack                                  0.141    

Slack (MET) :             0.141ns  (arrival time - required time)
  Source:                 dbg_hub/inst/BSCANID.u_xsdbm_id/CORE_XSDB.UUT_MASTER/U_ICON_INTERFACE/U_CMD6_RD/U_RD_FIFO/SUBCORE_FIFO.xsdbm_v3_0_0_rdfifo_inst/inst_fifo_gen/gconvfifo.rf/grf.rf/rstblk/ngwrdrst.grst.g7serrst.rd_rst_reg_reg[1]/C
                            (rising edge-triggered cell FDPE clocked by dbg_hub/inst/BSCANID.u_xsdbm_id/SWITCH_N_EXT_BSCAN.bscan_inst/SERIES7_BSCAN.bscan_inst/TCK  {rise@0.000ns fall@16.500ns period=33.000ns})
  Destination:            dbg_hub/inst/BSCANID.u_xsdbm_id/CORE_XSDB.UUT_MASTER/U_ICON_INTERFACE/U_CMD6_RD/U_RD_FIFO/SUBCORE_FIFO.xsdbm_v3_0_0_rdfifo_inst/inst_fifo_gen/gconvfifo.rf/grf.rf/gntv_or_sync_fifo.gcx.clkx/gnxpm_cdc.gsync_stage[2].rd_stg_inst/Q_reg_reg[2]/CLR
                            (removal check against rising-edge clock dbg_hub/inst/BSCANID.u_xsdbm_id/SWITCH_N_EXT_BSCAN.bscan_inst/SERIES7_BSCAN.bscan_inst/TCK  {rise@0.000ns fall@16.500ns period=33.000ns})
  Path Group:             **async_default**
  Path Type:              Removal (Min at Fast Process Corner)
  Requirement:            0.000ns  (dbg_hub/inst/BSCANID.u_xsdbm_id/SWITCH_N_EXT_BSCAN.bscan_inst/SERIES7_BSCAN.bscan_inst/TCK rise@0.000ns - dbg_hub/inst/BSCANID.u_xsdbm_id/SWITCH_N_EXT_BSCAN.bscan_inst/SERIES7_BSCAN.bscan_inst/TCK rise@0.000ns)
  Data Path Delay:        0.182ns  (logic 0.048ns (26.374%)  route 0.134ns (73.626%))
  Logic Levels:           0  
  Clock Path Skew:        0.036ns (DCD - SCD - CPR)
    Destination Clock Delay (DCD):    4.485ns
    Source Clock Delay      (SCD):    3.471ns
    Clock Pessimism Removal (CPR):    0.978ns
  Clock Net Delay (Source):      0.961ns (routing 0.447ns, distribution 0.514ns)
  Clock Net Delay (Destination): 1.131ns (routing 0.495ns, distribution 0.636ns)

    Location             Delay type                Incr(ns)  Path(ns)    Netlist Resource(s)
  -------------------------------------------------------------------    -------------------
                         (clock dbg_hub/inst/BSCANID.u_xsdbm_id/SWITCH_N_EXT_BSCAN.bscan_inst/SERIES7_BSCAN.bscan_inst/TCK rise edge)
                                                      0.000     0.000 r  
    CONFIG_SITE_X0Y0     BSCANE2                      0.000     0.000 r  dbg_hub/inst/BSCANID.u_xsdbm_id/SWITCH_N_EXT_BSCAN.bscan_inst/SERIES7_BSCAN.bscan_inst/TCK
                         net (fo=1, routed)           2.483     2.483    dbg_hub/inst/BSCANID.u_xsdbm_id/tck_bs
    BUFGCE_X1Y119        BUFGCE (Prop_BUFCE_BUFGCE_I_O)
                                                      0.027     2.510 r  dbg_hub/inst/BSCANID.u_xsdbm_id/SWITCH_N_EXT_BSCAN.u_bufg_icon_tck/O
    X2Y3 (CLOCK_ROOT)    net (fo=478, routed)         0.961     3.471    dbg_hub/inst/BSCANID.u_xsdbm_id/CORE_XSDB.UUT_MASTER/U_ICON_INTERFACE/U_CMD6_RD/U_RD_FIFO/SUBCORE_FIFO.xsdbm_v3_0_0_rdfifo_inst/inst_fifo_gen/gconvfifo.rf/grf.rf/rstblk/rd_clk
    SLICE_X65Y197        FDPE                                         r  dbg_hub/inst/BSCANID.u_xsdbm_id/CORE_XSDB.UUT_MASTER/U_ICON_INTERFACE/U_CMD6_RD/U_RD_FIFO/SUBCORE_FIFO.xsdbm_v3_0_0_rdfifo_inst/inst_fifo_gen/gconvfifo.rf/grf.rf/rstblk/ngwrdrst.grst.g7serrst.rd_rst_reg_reg[1]/C
  -------------------------------------------------------------------    -------------------
    SLICE_X65Y197        FDPE (Prop_EFF2_SLICEM_C_Q)
                                                      0.048     3.519 f  dbg_hub/inst/BSCANID.u_xsdbm_id/CORE_XSDB.UUT_MASTER/U_ICON_INTERFACE/U_CMD6_RD/U_RD_FIFO/SUBCORE_FIFO.xsdbm_v3_0_0_rdfifo_inst/inst_fifo_gen/gconvfifo.rf/grf.rf/rstblk/ngwrdrst.grst.g7serrst.rd_rst_reg_reg[1]/Q
                         net (fo=16, routed)          0.134     3.653    dbg_hub/inst/BSCANID.u_xsdbm_id/CORE_XSDB.UUT_MASTER/U_ICON_INTERFACE/U_CMD6_RD/U_RD_FIFO/SUBCORE_FIFO.xsdbm_v3_0_0_rdfifo_inst/inst_fifo_gen/gconvfifo.rf/grf.rf/gntv_or_sync_fifo.gcx.clkx/gnxpm_cdc.gsync_stage[2].rd_stg_inst/Q_reg_reg[0]_0[0]
    SLICE_X66Y197        FDCE                                         f  dbg_hub/inst/BSCANID.u_xsdbm_id/CORE_XSDB.UUT_MASTER/U_ICON_INTERFACE/U_CMD6_RD/U_RD_FIFO/SUBCORE_FIFO.xsdbm_v3_0_0_rdfifo_inst/inst_fifo_gen/gconvfifo.rf/grf.rf/gntv_or_sync_fifo.gcx.clkx/gnxpm_cdc.gsync_stage[2].rd_stg_inst/Q_reg_reg[2]/CLR
  -------------------------------------------------------------------    -------------------

                         (clock dbg_hub/inst/BSCANID.u_xsdbm_id/SWITCH_N_EXT_BSCAN.bscan_inst/SERIES7_BSCAN.bscan_inst/TCK rise edge)
                                                      0.000     0.000 r  
    CONFIG_SITE_X0Y0     BSCANE2                      0.000     0.000 r  dbg_hub/inst/BSCANID.u_xsdbm_id/SWITCH_N_EXT_BSCAN.bscan_inst/SERIES7_BSCAN.bscan_inst/TCK
                         net (fo=1, routed)           3.323     3.323    dbg_hub/inst/BSCANID.u_xsdbm_id/tck_bs
    BUFGCE_X1Y119        BUFGCE (Prop_BUFCE_BUFGCE_I_O)
                                                      0.031     3.354 r  dbg_hub/inst/BSCANID.u_xsdbm_id/SWITCH_N_EXT_BSCAN.u_bufg_icon_tck/O
    X2Y3 (CLOCK_ROOT)    net (fo=478, routed)         1.131     4.485    dbg_hub/inst/BSCANID.u_xsdbm_id/CORE_XSDB.UUT_MASTER/U_ICON_INTERFACE/U_CMD6_RD/U_RD_FIFO/SUBCORE_FIFO.xsdbm_v3_0_0_rdfifo_inst/inst_fifo_gen/gconvfifo.rf/grf.rf/gntv_or_sync_fifo.gcx.clkx/gnxpm_cdc.gsync_stage[2].rd_stg_inst/rd_clk
    SLICE_X66Y197        FDCE                                         r  dbg_hub/inst/BSCANID.u_xsdbm_id/CORE_XSDB.UUT_MASTER/U_ICON_INTERFACE/U_CMD6_RD/U_RD_FIFO/SUBCORE_FIFO.xsdbm_v3_0_0_rdfifo_inst/inst_fifo_gen/gconvfifo.rf/grf.rf/gntv_or_sync_fifo.gcx.clkx/gnxpm_cdc.gsync_stage[2].rd_stg_inst/Q_reg_reg[2]/C
                         clock pessimism             -0.978     3.507    
    SLICE_X66Y197        FDCE (Remov_AFF2_SLICEL_C_CLR)
                                                      0.005     3.512    dbg_hub/inst/BSCANID.u_xsdbm_id/CORE_XSDB.UUT_MASTER/U_ICON_INTERFACE/U_CMD6_RD/U_RD_FIFO/SUBCORE_FIFO.xsdbm_v3_0_0_rdfifo_inst/inst_fifo_gen/gconvfifo.rf/grf.rf/gntv_or_sync_fifo.gcx.clkx/gnxpm_cdc.gsync_stage[2].rd_stg_inst/Q_reg_reg[2]
  -------------------------------------------------------------------
                         required time                         -3.512    
                         arrival time                           3.653    
  -------------------------------------------------------------------
                         slack                                  0.141    

Slack (MET) :             0.141ns  (arrival time - required time)
  Source:                 dbg_hub/inst/BSCANID.u_xsdbm_id/CORE_XSDB.UUT_MASTER/U_ICON_INTERFACE/U_CMD6_RD/U_RD_FIFO/SUBCORE_FIFO.xsdbm_v3_0_0_rdfifo_inst/inst_fifo_gen/gconvfifo.rf/grf.rf/rstblk/ngwrdrst.grst.g7serrst.rd_rst_reg_reg[1]/C
                            (rising edge-triggered cell FDPE clocked by dbg_hub/inst/BSCANID.u_xsdbm_id/SWITCH_N_EXT_BSCAN.bscan_inst/SERIES7_BSCAN.bscan_inst/TCK  {rise@0.000ns fall@16.500ns period=33.000ns})
  Destination:            dbg_hub/inst/BSCANID.u_xsdbm_id/CORE_XSDB.UUT_MASTER/U_ICON_INTERFACE/U_CMD6_RD/U_RD_FIFO/SUBCORE_FIFO.xsdbm_v3_0_0_rdfifo_inst/inst_fifo_gen/gconvfifo.rf/grf.rf/gntv_or_sync_fifo.gcx.clkx/gnxpm_cdc.gsync_stage[2].rd_stg_inst/Q_reg_reg[3]/CLR
                            (removal check against rising-edge clock dbg_hub/inst/BSCANID.u_xsdbm_id/SWITCH_N_EXT_BSCAN.bscan_inst/SERIES7_BSCAN.bscan_inst/TCK  {rise@0.000ns fall@16.500ns period=33.000ns})
  Path Group:             **async_default**
  Path Type:              Removal (Min at Fast Process Corner)
  Requirement:            0.000ns  (dbg_hub/inst/BSCANID.u_xsdbm_id/SWITCH_N_EXT_BSCAN.bscan_inst/SERIES7_BSCAN.bscan_inst/TCK rise@0.000ns - dbg_hub/inst/BSCANID.u_xsdbm_id/SWITCH_N_EXT_BSCAN.bscan_inst/SERIES7_BSCAN.bscan_inst/TCK rise@0.000ns)
  Data Path Delay:        0.182ns  (logic 0.048ns (26.374%)  route 0.134ns (73.626%))
  Logic Levels:           0  
  Clock Path Skew:        0.036ns (DCD - SCD - CPR)
    Destination Clock Delay (DCD):    4.485ns
    Source Clock Delay      (SCD):    3.471ns
    Clock Pessimism Removal (CPR):    0.978ns
  Clock Net Delay (Source):      0.961ns (routing 0.447ns, distribution 0.514ns)
  Clock Net Delay (Destination): 1.131ns (routing 0.495ns, distribution 0.636ns)

    Location             Delay type                Incr(ns)  Path(ns)    Netlist Resource(s)
  -------------------------------------------------------------------    -------------------
                         (clock dbg_hub/inst/BSCANID.u_xsdbm_id/SWITCH_N_EXT_BSCAN.bscan_inst/SERIES7_BSCAN.bscan_inst/TCK rise edge)
                                                      0.000     0.000 r  
    CONFIG_SITE_X0Y0     BSCANE2                      0.000     0.000 r  dbg_hub/inst/BSCANID.u_xsdbm_id/SWITCH_N_EXT_BSCAN.bscan_inst/SERIES7_BSCAN.bscan_inst/TCK
                         net (fo=1, routed)           2.483     2.483    dbg_hub/inst/BSCANID.u_xsdbm_id/tck_bs
    BUFGCE_X1Y119        BUFGCE (Prop_BUFCE_BUFGCE_I_O)
                                                      0.027     2.510 r  dbg_hub/inst/BSCANID.u_xsdbm_id/SWITCH_N_EXT_BSCAN.u_bufg_icon_tck/O
    X2Y3 (CLOCK_ROOT)    net (fo=478, routed)         0.961     3.471    dbg_hub/inst/BSCANID.u_xsdbm_id/CORE_XSDB.UUT_MASTER/U_ICON_INTERFACE/U_CMD6_RD/U_RD_FIFO/SUBCORE_FIFO.xsdbm_v3_0_0_rdfifo_inst/inst_fifo_gen/gconvfifo.rf/grf.rf/rstblk/rd_clk
    SLICE_X65Y197        FDPE                                         r  dbg_hub/inst/BSCANID.u_xsdbm_id/CORE_XSDB.UUT_MASTER/U_ICON_INTERFACE/U_CMD6_RD/U_RD_FIFO/SUBCORE_FIFO.xsdbm_v3_0_0_rdfifo_inst/inst_fifo_gen/gconvfifo.rf/grf.rf/rstblk/ngwrdrst.grst.g7serrst.rd_rst_reg_reg[1]/C
  -------------------------------------------------------------------    -------------------
    SLICE_X65Y197        FDPE (Prop_EFF2_SLICEM_C_Q)
                                                      0.048     3.519 f  dbg_hub/inst/BSCANID.u_xsdbm_id/CORE_XSDB.UUT_MASTER/U_ICON_INTERFACE/U_CMD6_RD/U_RD_FIFO/SUBCORE_FIFO.xsdbm_v3_0_0_rdfifo_inst/inst_fifo_gen/gconvfifo.rf/grf.rf/rstblk/ngwrdrst.grst.g7serrst.rd_rst_reg_reg[1]/Q
                         net (fo=16, routed)          0.134     3.653    dbg_hub/inst/BSCANID.u_xsdbm_id/CORE_XSDB.UUT_MASTER/U_ICON_INTERFACE/U_CMD6_RD/U_RD_FIFO/SUBCORE_FIFO.xsdbm_v3_0_0_rdfifo_inst/inst_fifo_gen/gconvfifo.rf/grf.rf/gntv_or_sync_fifo.gcx.clkx/gnxpm_cdc.gsync_stage[2].rd_stg_inst/Q_reg_reg[0]_0[0]
    SLICE_X66Y197        FDCE                                         f  dbg_hub/inst/BSCANID.u_xsdbm_id/CORE_XSDB.UUT_MASTER/U_ICON_INTERFACE/U_CMD6_RD/U_RD_FIFO/SUBCORE_FIFO.xsdbm_v3_0_0_rdfifo_inst/inst_fifo_gen/gconvfifo.rf/grf.rf/gntv_or_sync_fifo.gcx.clkx/gnxpm_cdc.gsync_stage[2].rd_stg_inst/Q_reg_reg[3]/CLR
  -------------------------------------------------------------------    -------------------

                         (clock dbg_hub/inst/BSCANID.u_xsdbm_id/SWITCH_N_EXT_BSCAN.bscan_inst/SERIES7_BSCAN.bscan_inst/TCK rise edge)
                                                      0.000     0.000 r  
    CONFIG_SITE_X0Y0     BSCANE2                      0.000     0.000 r  dbg_hub/inst/BSCANID.u_xsdbm_id/SWITCH_N_EXT_BSCAN.bscan_inst/SERIES7_BSCAN.bscan_inst/TCK
                         net (fo=1, routed)           3.323     3.323    dbg_hub/inst/BSCANID.u_xsdbm_id/tck_bs
    BUFGCE_X1Y119        BUFGCE (Prop_BUFCE_BUFGCE_I_O)
                                                      0.031     3.354 r  dbg_hub/inst/BSCANID.u_xsdbm_id/SWITCH_N_EXT_BSCAN.u_bufg_icon_tck/O
    X2Y3 (CLOCK_ROOT)    net (fo=478, routed)         1.131     4.485    dbg_hub/inst/BSCANID.u_xsdbm_id/CORE_XSDB.UUT_MASTER/U_ICON_INTERFACE/U_CMD6_RD/U_RD_FIFO/SUBCORE_FIFO.xsdbm_v3_0_0_rdfifo_inst/inst_fifo_gen/gconvfifo.rf/grf.rf/gntv_or_sync_fifo.gcx.clkx/gnxpm_cdc.gsync_stage[2].rd_stg_inst/rd_clk
    SLICE_X66Y197        FDCE                                         r  dbg_hub/inst/BSCANID.u_xsdbm_id/CORE_XSDB.UUT_MASTER/U_ICON_INTERFACE/U_CMD6_RD/U_RD_FIFO/SUBCORE_FIFO.xsdbm_v3_0_0_rdfifo_inst/inst_fifo_gen/gconvfifo.rf/grf.rf/gntv_or_sync_fifo.gcx.clkx/gnxpm_cdc.gsync_stage[2].rd_stg_inst/Q_reg_reg[3]/C
                         clock pessimism             -0.978     3.507    
    SLICE_X66Y197        FDCE (Remov_BFF2_SLICEL_C_CLR)
                                                      0.005     3.512    dbg_hub/inst/BSCANID.u_xsdbm_id/CORE_XSDB.UUT_MASTER/U_ICON_INTERFACE/U_CMD6_RD/U_RD_FIFO/SUBCORE_FIFO.xsdbm_v3_0_0_rdfifo_inst/inst_fifo_gen/gconvfifo.rf/grf.rf/gntv_or_sync_fifo.gcx.clkx/gnxpm_cdc.gsync_stage[2].rd_stg_inst/Q_reg_reg[3]
  -------------------------------------------------------------------
                         required time                         -3.512    
                         arrival time                           3.653    
  -------------------------------------------------------------------
                         slack                                  0.141    

Slack (MET) :             0.141ns  (arrival time - required time)
  Source:                 dbg_hub/inst/BSCANID.u_xsdbm_id/CORE_XSDB.UUT_MASTER/U_ICON_INTERFACE/U_CMD6_RD/U_RD_FIFO/SUBCORE_FIFO.xsdbm_v3_0_0_rdfifo_inst/inst_fifo_gen/gconvfifo.rf/grf.rf/rstblk/ngwrdrst.grst.g7serrst.rd_rst_reg_reg[1]/C
                            (rising edge-triggered cell FDPE clocked by dbg_hub/inst/BSCANID.u_xsdbm_id/SWITCH_N_EXT_BSCAN.bscan_inst/SERIES7_BSCAN.bscan_inst/TCK  {rise@0.000ns fall@16.500ns period=33.000ns})
  Destination:            dbg_hub/inst/BSCANID.u_xsdbm_id/CORE_XSDB.UUT_MASTER/U_ICON_INTERFACE/U_CMD6_RD/U_RD_FIFO/SUBCORE_FIFO.xsdbm_v3_0_0_rdfifo_inst/inst_fifo_gen/gconvfifo.rf/grf.rf/gntv_or_sync_fifo.gcx.clkx/gnxpm_cdc.rd_pntr_gc_reg[3]/CLR
                            (removal check against rising-edge clock dbg_hub/inst/BSCANID.u_xsdbm_id/SWITCH_N_EXT_BSCAN.bscan_inst/SERIES7_BSCAN.bscan_inst/TCK  {rise@0.000ns fall@16.500ns period=33.000ns})
  Path Group:             **async_default**
  Path Type:              Removal (Min at Fast Process Corner)
  Requirement:            0.000ns  (dbg_hub/inst/BSCANID.u_xsdbm_id/SWITCH_N_EXT_BSCAN.bscan_inst/SERIES7_BSCAN.bscan_inst/TCK rise@0.000ns - dbg_hub/inst/BSCANID.u_xsdbm_id/SWITCH_N_EXT_BSCAN.bscan_inst/SERIES7_BSCAN.bscan_inst/TCK rise@0.000ns)
  Data Path Delay:        0.182ns  (logic 0.048ns (26.374%)  route 0.134ns (73.626%))
  Logic Levels:           0  
  Clock Path Skew:        0.036ns (DCD - SCD - CPR)
    Destination Clock Delay (DCD):    4.485ns
    Source Clock Delay      (SCD):    3.471ns
    Clock Pessimism Removal (CPR):    0.978ns
  Clock Net Delay (Source):      0.961ns (routing 0.447ns, distribution 0.514ns)
  Clock Net Delay (Destination): 1.131ns (routing 0.495ns, distribution 0.636ns)

    Location             Delay type                Incr(ns)  Path(ns)    Netlist Resource(s)
  -------------------------------------------------------------------    -------------------
                         (clock dbg_hub/inst/BSCANID.u_xsdbm_id/SWITCH_N_EXT_BSCAN.bscan_inst/SERIES7_BSCAN.bscan_inst/TCK rise edge)
                                                      0.000     0.000 r  
    CONFIG_SITE_X0Y0     BSCANE2                      0.000     0.000 r  dbg_hub/inst/BSCANID.u_xsdbm_id/SWITCH_N_EXT_BSCAN.bscan_inst/SERIES7_BSCAN.bscan_inst/TCK
                         net (fo=1, routed)           2.483     2.483    dbg_hub/inst/BSCANID.u_xsdbm_id/tck_bs
    BUFGCE_X1Y119        BUFGCE (Prop_BUFCE_BUFGCE_I_O)
                                                      0.027     2.510 r  dbg_hub/inst/BSCANID.u_xsdbm_id/SWITCH_N_EXT_BSCAN.u_bufg_icon_tck/O
    X2Y3 (CLOCK_ROOT)    net (fo=478, routed)         0.961     3.471    dbg_hub/inst/BSCANID.u_xsdbm_id/CORE_XSDB.UUT_MASTER/U_ICON_INTERFACE/U_CMD6_RD/U_RD_FIFO/SUBCORE_FIFO.xsdbm_v3_0_0_rdfifo_inst/inst_fifo_gen/gconvfifo.rf/grf.rf/rstblk/rd_clk
    SLICE_X65Y197        FDPE                                         r  dbg_hub/inst/BSCANID.u_xsdbm_id/CORE_XSDB.UUT_MASTER/U_ICON_INTERFACE/U_CMD6_RD/U_RD_FIFO/SUBCORE_FIFO.xsdbm_v3_0_0_rdfifo_inst/inst_fifo_gen/gconvfifo.rf/grf.rf/rstblk/ngwrdrst.grst.g7serrst.rd_rst_reg_reg[1]/C
  -------------------------------------------------------------------    -------------------
    SLICE_X65Y197        FDPE (Prop_EFF2_SLICEM_C_Q)
                                                      0.048     3.519 f  dbg_hub/inst/BSCANID.u_xsdbm_id/CORE_XSDB.UUT_MASTER/U_ICON_INTERFACE/U_CMD6_RD/U_RD_FIFO/SUBCORE_FIFO.xsdbm_v3_0_0_rdfifo_inst/inst_fifo_gen/gconvfifo.rf/grf.rf/rstblk/ngwrdrst.grst.g7serrst.rd_rst_reg_reg[1]/Q
                         net (fo=16, routed)          0.134     3.653    dbg_hub/inst/BSCANID.u_xsdbm_id/CORE_XSDB.UUT_MASTER/U_ICON_INTERFACE/U_CMD6_RD/U_RD_FIFO/SUBCORE_FIFO.xsdbm_v3_0_0_rdfifo_inst/inst_fifo_gen/gconvfifo.rf/grf.rf/gntv_or_sync_fifo.gcx.clkx/Q_reg_reg[0][0]
    SLICE_X66Y197        FDCE                                         f  dbg_hub/inst/BSCANID.u_xsdbm_id/CORE_XSDB.UUT_MASTER/U_ICON_INTERFACE/U_CMD6_RD/U_RD_FIFO/SUBCORE_FIFO.xsdbm_v3_0_0_rdfifo_inst/inst_fifo_gen/gconvfifo.rf/grf.rf/gntv_or_sync_fifo.gcx.clkx/gnxpm_cdc.rd_pntr_gc_reg[3]/CLR
  -------------------------------------------------------------------    -------------------

                         (clock dbg_hub/inst/BSCANID.u_xsdbm_id/SWITCH_N_EXT_BSCAN.bscan_inst/SERIES7_BSCAN.bscan_inst/TCK rise edge)
                                                      0.000     0.000 r  
    CONFIG_SITE_X0Y0     BSCANE2                      0.000     0.000 r  dbg_hub/inst/BSCANID.u_xsdbm_id/SWITCH_N_EXT_BSCAN.bscan_inst/SERIES7_BSCAN.bscan_inst/TCK
                         net (fo=1, routed)           3.323     3.323    dbg_hub/inst/BSCANID.u_xsdbm_id/tck_bs
    BUFGCE_X1Y119        BUFGCE (Prop_BUFCE_BUFGCE_I_O)
                                                      0.031     3.354 r  dbg_hub/inst/BSCANID.u_xsdbm_id/SWITCH_N_EXT_BSCAN.u_bufg_icon_tck/O
    X2Y3 (CLOCK_ROOT)    net (fo=478, routed)         1.131     4.485    dbg_hub/inst/BSCANID.u_xsdbm_id/CORE_XSDB.UUT_MASTER/U_ICON_INTERFACE/U_CMD6_RD/U_RD_FIFO/SUBCORE_FIFO.xsdbm_v3_0_0_rdfifo_inst/inst_fifo_gen/gconvfifo.rf/grf.rf/gntv_or_sync_fifo.gcx.clkx/rd_clk
    SLICE_X66Y197        FDCE                                         r  dbg_hub/inst/BSCANID.u_xsdbm_id/CORE_XSDB.UUT_MASTER/U_ICON_INTERFACE/U_CMD6_RD/U_RD_FIFO/SUBCORE_FIFO.xsdbm_v3_0_0_rdfifo_inst/inst_fifo_gen/gconvfifo.rf/grf.rf/gntv_or_sync_fifo.gcx.clkx/gnxpm_cdc.rd_pntr_gc_reg[3]/C
                         clock pessimism             -0.978     3.507    
    SLICE_X66Y197        FDCE (Remov_AFF_SLICEL_C_CLR)
                                                      0.005     3.512    dbg_hub/inst/BSCANID.u_xsdbm_id/CORE_XSDB.UUT_MASTER/U_ICON_INTERFACE/U_CMD6_RD/U_RD_FIFO/SUBCORE_FIFO.xsdbm_v3_0_0_rdfifo_inst/inst_fifo_gen/gconvfifo.rf/grf.rf/gntv_or_sync_fifo.gcx.clkx/gnxpm_cdc.rd_pntr_gc_reg[3]
  -------------------------------------------------------------------
                         required time                         -3.512    
                         arrival time                           3.653    
  -------------------------------------------------------------------
                         slack                                  0.141    

Slack (MET) :             0.155ns  (arrival time - required time)
  Source:                 dbg_hub/inst/BSCANID.u_xsdbm_id/CORE_XSDB.UUT_MASTER/U_ICON_INTERFACE/wrdata_rst_reg/C
                            (rising edge-triggered cell FDRE clocked by dbg_hub/inst/BSCANID.u_xsdbm_id/SWITCH_N_EXT_BSCAN.bscan_inst/SERIES7_BSCAN.bscan_inst/TCK  {rise@0.000ns fall@16.500ns period=33.000ns})
  Destination:            dbg_hub/inst/BSCANID.u_xsdbm_id/CORE_XSDB.UUT_MASTER/U_ICON_INTERFACE/U_CMD6_WR/shift_reg_in_reg[10]/CLR
                            (removal check against rising-edge clock dbg_hub/inst/BSCANID.u_xsdbm_id/SWITCH_N_EXT_BSCAN.bscan_inst/SERIES7_BSCAN.bscan_inst/TCK  {rise@0.000ns fall@16.500ns period=33.000ns})
  Path Group:             **async_default**
  Path Type:              Removal (Min at Fast Process Corner)
  Requirement:            0.000ns  (dbg_hub/inst/BSCANID.u_xsdbm_id/SWITCH_N_EXT_BSCAN.bscan_inst/SERIES7_BSCAN.bscan_inst/TCK rise@0.000ns - dbg_hub/inst/BSCANID.u_xsdbm_id/SWITCH_N_EXT_BSCAN.bscan_inst/SERIES7_BSCAN.bscan_inst/TCK rise@0.000ns)
  Data Path Delay:        0.245ns  (logic 0.049ns (20.000%)  route 0.196ns (80.000%))
  Logic Levels:           0  
  Clock Path Skew:        0.085ns (DCD - SCD - CPR)
    Destination Clock Delay (DCD):    4.484ns
    Source Clock Delay      (SCD):    3.463ns
    Clock Pessimism Removal (CPR):    0.936ns
  Clock Net Delay (Source):      0.953ns (routing 0.447ns, distribution 0.506ns)
  Clock Net Delay (Destination): 1.130ns (routing 0.495ns, distribution 0.635ns)

    Location             Delay type                Incr(ns)  Path(ns)    Netlist Resource(s)
  -------------------------------------------------------------------    -------------------
                         (clock dbg_hub/inst/BSCANID.u_xsdbm_id/SWITCH_N_EXT_BSCAN.bscan_inst/SERIES7_BSCAN.bscan_inst/TCK rise edge)
                                                      0.000     0.000 r  
    CONFIG_SITE_X0Y0     BSCANE2                      0.000     0.000 r  dbg_hub/inst/BSCANID.u_xsdbm_id/SWITCH_N_EXT_BSCAN.bscan_inst/SERIES7_BSCAN.bscan_inst/TCK
                         net (fo=1, routed)           2.483     2.483    dbg_hub/inst/BSCANID.u_xsdbm_id/tck_bs
    BUFGCE_X1Y119        BUFGCE (Prop_BUFCE_BUFGCE_I_O)
                                                      0.027     2.510 r  dbg_hub/inst/BSCANID.u_xsdbm_id/SWITCH_N_EXT_BSCAN.u_bufg_icon_tck/O
    X2Y3 (CLOCK_ROOT)    net (fo=478, routed)         0.953     3.463    dbg_hub/inst/BSCANID.u_xsdbm_id/CORE_XSDB.UUT_MASTER/U_ICON_INTERFACE/m_bscan_tck[0]
    SLICE_X69Y191        FDRE                                         r  dbg_hub/inst/BSCANID.u_xsdbm_id/CORE_XSDB.UUT_MASTER/U_ICON_INTERFACE/wrdata_rst_reg/C
  -------------------------------------------------------------------    -------------------
    SLICE_X69Y191        FDRE (Prop_DFF_SLICEL_C_Q)
                                                      0.049     3.512 f  dbg_hub/inst/BSCANID.u_xsdbm_id/CORE_XSDB.UUT_MASTER/U_ICON_INTERFACE/wrdata_rst_reg/Q
                         net (fo=20, routed)          0.196     3.708    dbg_hub/inst/BSCANID.u_xsdbm_id/CORE_XSDB.UUT_MASTER/U_ICON_INTERFACE/U_CMD6_WR/RST_I
    SLICE_X68Y191        FDCE                                         f  dbg_hub/inst/BSCANID.u_xsdbm_id/CORE_XSDB.UUT_MASTER/U_ICON_INTERFACE/U_CMD6_WR/shift_reg_in_reg[10]/CLR
  -------------------------------------------------------------------    -------------------

                         (clock dbg_hub/inst/BSCANID.u_xsdbm_id/SWITCH_N_EXT_BSCAN.bscan_inst/SERIES7_BSCAN.bscan_inst/TCK rise edge)
                                                      0.000     0.000 r  
    CONFIG_SITE_X0Y0     BSCANE2                      0.000     0.000 r  dbg_hub/inst/BSCANID.u_xsdbm_id/SWITCH_N_EXT_BSCAN.bscan_inst/SERIES7_BSCAN.bscan_inst/TCK
                         net (fo=1, routed)           3.323     3.323    dbg_hub/inst/BSCANID.u_xsdbm_id/tck_bs
    BUFGCE_X1Y119        BUFGCE (Prop_BUFCE_BUFGCE_I_O)
                                                      0.031     3.354 r  dbg_hub/inst/BSCANID.u_xsdbm_id/SWITCH_N_EXT_BSCAN.u_bufg_icon_tck/O
    X2Y3 (CLOCK_ROOT)    net (fo=478, routed)         1.130     4.484    dbg_hub/inst/BSCANID.u_xsdbm_id/CORE_XSDB.UUT_MASTER/U_ICON_INTERFACE/U_CMD6_WR/m_bscan_tck[0]
    SLICE_X68Y191        FDCE                                         r  dbg_hub/inst/BSCANID.u_xsdbm_id/CORE_XSDB.UUT_MASTER/U_ICON_INTERFACE/U_CMD6_WR/shift_reg_in_reg[10]/C
                         clock pessimism             -0.936     3.548    
    SLICE_X68Y191        FDCE (Remov_EFF_SLICEL_C_CLR)
                                                      0.005     3.553    dbg_hub/inst/BSCANID.u_xsdbm_id/CORE_XSDB.UUT_MASTER/U_ICON_INTERFACE/U_CMD6_WR/shift_reg_in_reg[10]
  -------------------------------------------------------------------
                         required time                         -3.553    
                         arrival time                           3.708    
  -------------------------------------------------------------------
                         slack                                  0.155    

Slack (MET) :             0.155ns  (arrival time - required time)
  Source:                 dbg_hub/inst/BSCANID.u_xsdbm_id/CORE_XSDB.UUT_MASTER/U_ICON_INTERFACE/wrdata_rst_reg/C
                            (rising edge-triggered cell FDRE clocked by dbg_hub/inst/BSCANID.u_xsdbm_id/SWITCH_N_EXT_BSCAN.bscan_inst/SERIES7_BSCAN.bscan_inst/TCK  {rise@0.000ns fall@16.500ns period=33.000ns})
  Destination:            dbg_hub/inst/BSCANID.u_xsdbm_id/CORE_XSDB.UUT_MASTER/U_ICON_INTERFACE/U_CMD6_WR/shift_reg_in_reg[11]/CLR
                            (removal check against rising-edge clock dbg_hub/inst/BSCANID.u_xsdbm_id/SWITCH_N_EXT_BSCAN.bscan_inst/SERIES7_BSCAN.bscan_inst/TCK  {rise@0.000ns fall@16.500ns period=33.000ns})
  Path Group:             **async_default**
  Path Type:              Removal (Min at Fast Process Corner)
  Requirement:            0.000ns  (dbg_hub/inst/BSCANID.u_xsdbm_id/SWITCH_N_EXT_BSCAN.bscan_inst/SERIES7_BSCAN.bscan_inst/TCK rise@0.000ns - dbg_hub/inst/BSCANID.u_xsdbm_id/SWITCH_N_EXT_BSCAN.bscan_inst/SERIES7_BSCAN.bscan_inst/TCK rise@0.000ns)
  Data Path Delay:        0.245ns  (logic 0.049ns (20.000%)  route 0.196ns (80.000%))
  Logic Levels:           0  
  Clock Path Skew:        0.085ns (DCD - SCD - CPR)
    Destination Clock Delay (DCD):    4.484ns
    Source Clock Delay      (SCD):    3.463ns
    Clock Pessimism Removal (CPR):    0.936ns
  Clock Net Delay (Source):      0.953ns (routing 0.447ns, distribution 0.506ns)
  Clock Net Delay (Destination): 1.130ns (routing 0.495ns, distribution 0.635ns)

    Location             Delay type                Incr(ns)  Path(ns)    Netlist Resource(s)
  -------------------------------------------------------------------    -------------------
                         (clock dbg_hub/inst/BSCANID.u_xsdbm_id/SWITCH_N_EXT_BSCAN.bscan_inst/SERIES7_BSCAN.bscan_inst/TCK rise edge)
                                                      0.000     0.000 r  
    CONFIG_SITE_X0Y0     BSCANE2                      0.000     0.000 r  dbg_hub/inst/BSCANID.u_xsdbm_id/SWITCH_N_EXT_BSCAN.bscan_inst/SERIES7_BSCAN.bscan_inst/TCK
                         net (fo=1, routed)           2.483     2.483    dbg_hub/inst/BSCANID.u_xsdbm_id/tck_bs
    BUFGCE_X1Y119        BUFGCE (Prop_BUFCE_BUFGCE_I_O)
                                                      0.027     2.510 r  dbg_hub/inst/BSCANID.u_xsdbm_id/SWITCH_N_EXT_BSCAN.u_bufg_icon_tck/O
    X2Y3 (CLOCK_ROOT)    net (fo=478, routed)         0.953     3.463    dbg_hub/inst/BSCANID.u_xsdbm_id/CORE_XSDB.UUT_MASTER/U_ICON_INTERFACE/m_bscan_tck[0]
    SLICE_X69Y191        FDRE                                         r  dbg_hub/inst/BSCANID.u_xsdbm_id/CORE_XSDB.UUT_MASTER/U_ICON_INTERFACE/wrdata_rst_reg/C
  -------------------------------------------------------------------    -------------------
    SLICE_X69Y191        FDRE (Prop_DFF_SLICEL_C_Q)
                                                      0.049     3.512 f  dbg_hub/inst/BSCANID.u_xsdbm_id/CORE_XSDB.UUT_MASTER/U_ICON_INTERFACE/wrdata_rst_reg/Q
                         net (fo=20, routed)          0.196     3.708    dbg_hub/inst/BSCANID.u_xsdbm_id/CORE_XSDB.UUT_MASTER/U_ICON_INTERFACE/U_CMD6_WR/RST_I
    SLICE_X68Y191        FDCE                                         f  dbg_hub/inst/BSCANID.u_xsdbm_id/CORE_XSDB.UUT_MASTER/U_ICON_INTERFACE/U_CMD6_WR/shift_reg_in_reg[11]/CLR
  -------------------------------------------------------------------    -------------------

                         (clock dbg_hub/inst/BSCANID.u_xsdbm_id/SWITCH_N_EXT_BSCAN.bscan_inst/SERIES7_BSCAN.bscan_inst/TCK rise edge)
                                                      0.000     0.000 r  
    CONFIG_SITE_X0Y0     BSCANE2                      0.000     0.000 r  dbg_hub/inst/BSCANID.u_xsdbm_id/SWITCH_N_EXT_BSCAN.bscan_inst/SERIES7_BSCAN.bscan_inst/TCK
                         net (fo=1, routed)           3.323     3.323    dbg_hub/inst/BSCANID.u_xsdbm_id/tck_bs
    BUFGCE_X1Y119        BUFGCE (Prop_BUFCE_BUFGCE_I_O)
                                                      0.031     3.354 r  dbg_hub/inst/BSCANID.u_xsdbm_id/SWITCH_N_EXT_BSCAN.u_bufg_icon_tck/O
    X2Y3 (CLOCK_ROOT)    net (fo=478, routed)         1.130     4.484    dbg_hub/inst/BSCANID.u_xsdbm_id/CORE_XSDB.UUT_MASTER/U_ICON_INTERFACE/U_CMD6_WR/m_bscan_tck[0]
    SLICE_X68Y191        FDCE                                         r  dbg_hub/inst/BSCANID.u_xsdbm_id/CORE_XSDB.UUT_MASTER/U_ICON_INTERFACE/U_CMD6_WR/shift_reg_in_reg[11]/C
                         clock pessimism             -0.936     3.548    
    SLICE_X68Y191        FDCE (Remov_EFF2_SLICEL_C_CLR)
                                                      0.005     3.553    dbg_hub/inst/BSCANID.u_xsdbm_id/CORE_XSDB.UUT_MASTER/U_ICON_INTERFACE/U_CMD6_WR/shift_reg_in_reg[11]
  -------------------------------------------------------------------
                         required time                         -3.553    
                         arrival time                           3.708    
  -------------------------------------------------------------------
                         slack                                  0.155    

Slack (MET) :             0.155ns  (arrival time - required time)
  Source:                 dbg_hub/inst/BSCANID.u_xsdbm_id/CORE_XSDB.UUT_MASTER/U_ICON_INTERFACE/wrdata_rst_reg/C
                            (rising edge-triggered cell FDRE clocked by dbg_hub/inst/BSCANID.u_xsdbm_id/SWITCH_N_EXT_BSCAN.bscan_inst/SERIES7_BSCAN.bscan_inst/TCK  {rise@0.000ns fall@16.500ns period=33.000ns})
  Destination:            dbg_hub/inst/BSCANID.u_xsdbm_id/CORE_XSDB.UUT_MASTER/U_ICON_INTERFACE/U_CMD6_WR/shift_reg_in_reg[12]/CLR
                            (removal check against rising-edge clock dbg_hub/inst/BSCANID.u_xsdbm_id/SWITCH_N_EXT_BSCAN.bscan_inst/SERIES7_BSCAN.bscan_inst/TCK  {rise@0.000ns fall@16.500ns period=33.000ns})
  Path Group:             **async_default**
  Path Type:              Removal (Min at Fast Process Corner)
  Requirement:            0.000ns  (dbg_hub/inst/BSCANID.u_xsdbm_id/SWITCH_N_EXT_BSCAN.bscan_inst/SERIES7_BSCAN.bscan_inst/TCK rise@0.000ns - dbg_hub/inst/BSCANID.u_xsdbm_id/SWITCH_N_EXT_BSCAN.bscan_inst/SERIES7_BSCAN.bscan_inst/TCK rise@0.000ns)
  Data Path Delay:        0.245ns  (logic 0.049ns (20.000%)  route 0.196ns (80.000%))
  Logic Levels:           0  
  Clock Path Skew:        0.085ns (DCD - SCD - CPR)
    Destination Clock Delay (DCD):    4.484ns
    Source Clock Delay      (SCD):    3.463ns
    Clock Pessimism Removal (CPR):    0.936ns
  Clock Net Delay (Source):      0.953ns (routing 0.447ns, distribution 0.506ns)
  Clock Net Delay (Destination): 1.130ns (routing 0.495ns, distribution 0.635ns)

    Location             Delay type                Incr(ns)  Path(ns)    Netlist Resource(s)
  -------------------------------------------------------------------    -------------------
                         (clock dbg_hub/inst/BSCANID.u_xsdbm_id/SWITCH_N_EXT_BSCAN.bscan_inst/SERIES7_BSCAN.bscan_inst/TCK rise edge)
                                                      0.000     0.000 r  
    CONFIG_SITE_X0Y0     BSCANE2                      0.000     0.000 r  dbg_hub/inst/BSCANID.u_xsdbm_id/SWITCH_N_EXT_BSCAN.bscan_inst/SERIES7_BSCAN.bscan_inst/TCK
                         net (fo=1, routed)           2.483     2.483    dbg_hub/inst/BSCANID.u_xsdbm_id/tck_bs
    BUFGCE_X1Y119        BUFGCE (Prop_BUFCE_BUFGCE_I_O)
                                                      0.027     2.510 r  dbg_hub/inst/BSCANID.u_xsdbm_id/SWITCH_N_EXT_BSCAN.u_bufg_icon_tck/O
    X2Y3 (CLOCK_ROOT)    net (fo=478, routed)         0.953     3.463    dbg_hub/inst/BSCANID.u_xsdbm_id/CORE_XSDB.UUT_MASTER/U_ICON_INTERFACE/m_bscan_tck[0]
    SLICE_X69Y191        FDRE                                         r  dbg_hub/inst/BSCANID.u_xsdbm_id/CORE_XSDB.UUT_MASTER/U_ICON_INTERFACE/wrdata_rst_reg/C
  -------------------------------------------------------------------    -------------------
    SLICE_X69Y191        FDRE (Prop_DFF_SLICEL_C_Q)
                                                      0.049     3.512 f  dbg_hub/inst/BSCANID.u_xsdbm_id/CORE_XSDB.UUT_MASTER/U_ICON_INTERFACE/wrdata_rst_reg/Q
                         net (fo=20, routed)          0.196     3.708    dbg_hub/inst/BSCANID.u_xsdbm_id/CORE_XSDB.UUT_MASTER/U_ICON_INTERFACE/U_CMD6_WR/RST_I
    SLICE_X68Y191        FDCE                                         f  dbg_hub/inst/BSCANID.u_xsdbm_id/CORE_XSDB.UUT_MASTER/U_ICON_INTERFACE/U_CMD6_WR/shift_reg_in_reg[12]/CLR
  -------------------------------------------------------------------    -------------------

                         (clock dbg_hub/inst/BSCANID.u_xsdbm_id/SWITCH_N_EXT_BSCAN.bscan_inst/SERIES7_BSCAN.bscan_inst/TCK rise edge)
                                                      0.000     0.000 r  
    CONFIG_SITE_X0Y0     BSCANE2                      0.000     0.000 r  dbg_hub/inst/BSCANID.u_xsdbm_id/SWITCH_N_EXT_BSCAN.bscan_inst/SERIES7_BSCAN.bscan_inst/TCK
                         net (fo=1, routed)           3.323     3.323    dbg_hub/inst/BSCANID.u_xsdbm_id/tck_bs
    BUFGCE_X1Y119        BUFGCE (Prop_BUFCE_BUFGCE_I_O)
                                                      0.031     3.354 r  dbg_hub/inst/BSCANID.u_xsdbm_id/SWITCH_N_EXT_BSCAN.u_bufg_icon_tck/O
    X2Y3 (CLOCK_ROOT)    net (fo=478, routed)         1.130     4.484    dbg_hub/inst/BSCANID.u_xsdbm_id/CORE_XSDB.UUT_MASTER/U_ICON_INTERFACE/U_CMD6_WR/m_bscan_tck[0]
    SLICE_X68Y191        FDCE                                         r  dbg_hub/inst/BSCANID.u_xsdbm_id/CORE_XSDB.UUT_MASTER/U_ICON_INTERFACE/U_CMD6_WR/shift_reg_in_reg[12]/C
                         clock pessimism             -0.936     3.548    
    SLICE_X68Y191        FDCE (Remov_FFF_SLICEL_C_CLR)
                                                      0.005     3.553    dbg_hub/inst/BSCANID.u_xsdbm_id/CORE_XSDB.UUT_MASTER/U_ICON_INTERFACE/U_CMD6_WR/shift_reg_in_reg[12]
  -------------------------------------------------------------------
                         required time                         -3.553    
                         arrival time                           3.708    
  -------------------------------------------------------------------
                         slack                                  0.155    

Slack (MET) :             0.155ns  (arrival time - required time)
  Source:                 dbg_hub/inst/BSCANID.u_xsdbm_id/CORE_XSDB.UUT_MASTER/U_ICON_INTERFACE/wrdata_rst_reg/C
                            (rising edge-triggered cell FDRE clocked by dbg_hub/inst/BSCANID.u_xsdbm_id/SWITCH_N_EXT_BSCAN.bscan_inst/SERIES7_BSCAN.bscan_inst/TCK  {rise@0.000ns fall@16.500ns period=33.000ns})
  Destination:            dbg_hub/inst/BSCANID.u_xsdbm_id/CORE_XSDB.UUT_MASTER/U_ICON_INTERFACE/U_CMD6_WR/shift_reg_in_reg[13]/CLR
                            (removal check against rising-edge clock dbg_hub/inst/BSCANID.u_xsdbm_id/SWITCH_N_EXT_BSCAN.bscan_inst/SERIES7_BSCAN.bscan_inst/TCK  {rise@0.000ns fall@16.500ns period=33.000ns})
  Path Group:             **async_default**
  Path Type:              Removal (Min at Fast Process Corner)
  Requirement:            0.000ns  (dbg_hub/inst/BSCANID.u_xsdbm_id/SWITCH_N_EXT_BSCAN.bscan_inst/SERIES7_BSCAN.bscan_inst/TCK rise@0.000ns - dbg_hub/inst/BSCANID.u_xsdbm_id/SWITCH_N_EXT_BSCAN.bscan_inst/SERIES7_BSCAN.bscan_inst/TCK rise@0.000ns)
  Data Path Delay:        0.245ns  (logic 0.049ns (20.000%)  route 0.196ns (80.000%))
  Logic Levels:           0  
  Clock Path Skew:        0.085ns (DCD - SCD - CPR)
    Destination Clock Delay (DCD):    4.484ns
    Source Clock Delay      (SCD):    3.463ns
    Clock Pessimism Removal (CPR):    0.936ns
  Clock Net Delay (Source):      0.953ns (routing 0.447ns, distribution 0.506ns)
  Clock Net Delay (Destination): 1.130ns (routing 0.495ns, distribution 0.635ns)

    Location             Delay type                Incr(ns)  Path(ns)    Netlist Resource(s)
  -------------------------------------------------------------------    -------------------
                         (clock dbg_hub/inst/BSCANID.u_xsdbm_id/SWITCH_N_EXT_BSCAN.bscan_inst/SERIES7_BSCAN.bscan_inst/TCK rise edge)
                                                      0.000     0.000 r  
    CONFIG_SITE_X0Y0     BSCANE2                      0.000     0.000 r  dbg_hub/inst/BSCANID.u_xsdbm_id/SWITCH_N_EXT_BSCAN.bscan_inst/SERIES7_BSCAN.bscan_inst/TCK
                         net (fo=1, routed)           2.483     2.483    dbg_hub/inst/BSCANID.u_xsdbm_id/tck_bs
    BUFGCE_X1Y119        BUFGCE (Prop_BUFCE_BUFGCE_I_O)
                                                      0.027     2.510 r  dbg_hub/inst/BSCANID.u_xsdbm_id/SWITCH_N_EXT_BSCAN.u_bufg_icon_tck/O
    X2Y3 (CLOCK_ROOT)    net (fo=478, routed)         0.953     3.463    dbg_hub/inst/BSCANID.u_xsdbm_id/CORE_XSDB.UUT_MASTER/U_ICON_INTERFACE/m_bscan_tck[0]
    SLICE_X69Y191        FDRE                                         r  dbg_hub/inst/BSCANID.u_xsdbm_id/CORE_XSDB.UUT_MASTER/U_ICON_INTERFACE/wrdata_rst_reg/C
  -------------------------------------------------------------------    -------------------
    SLICE_X69Y191        FDRE (Prop_DFF_SLICEL_C_Q)
                                                      0.049     3.512 f  dbg_hub/inst/BSCANID.u_xsdbm_id/CORE_XSDB.UUT_MASTER/U_ICON_INTERFACE/wrdata_rst_reg/Q
                         net (fo=20, routed)          0.196     3.708    dbg_hub/inst/BSCANID.u_xsdbm_id/CORE_XSDB.UUT_MASTER/U_ICON_INTERFACE/U_CMD6_WR/RST_I
    SLICE_X68Y191        FDCE                                         f  dbg_hub/inst/BSCANID.u_xsdbm_id/CORE_XSDB.UUT_MASTER/U_ICON_INTERFACE/U_CMD6_WR/shift_reg_in_reg[13]/CLR
  -------------------------------------------------------------------    -------------------

                         (clock dbg_hub/inst/BSCANID.u_xsdbm_id/SWITCH_N_EXT_BSCAN.bscan_inst/SERIES7_BSCAN.bscan_inst/TCK rise edge)
                                                      0.000     0.000 r  
    CONFIG_SITE_X0Y0     BSCANE2                      0.000     0.000 r  dbg_hub/inst/BSCANID.u_xsdbm_id/SWITCH_N_EXT_BSCAN.bscan_inst/SERIES7_BSCAN.bscan_inst/TCK
                         net (fo=1, routed)           3.323     3.323    dbg_hub/inst/BSCANID.u_xsdbm_id/tck_bs
    BUFGCE_X1Y119        BUFGCE (Prop_BUFCE_BUFGCE_I_O)
                                                      0.031     3.354 r  dbg_hub/inst/BSCANID.u_xsdbm_id/SWITCH_N_EXT_BSCAN.u_bufg_icon_tck/O
    X2Y3 (CLOCK_ROOT)    net (fo=478, routed)         1.130     4.484    dbg_hub/inst/BSCANID.u_xsdbm_id/CORE_XSDB.UUT_MASTER/U_ICON_INTERFACE/U_CMD6_WR/m_bscan_tck[0]
    SLICE_X68Y191        FDCE                                         r  dbg_hub/inst/BSCANID.u_xsdbm_id/CORE_XSDB.UUT_MASTER/U_ICON_INTERFACE/U_CMD6_WR/shift_reg_in_reg[13]/C
                         clock pessimism             -0.936     3.548    
    SLICE_X68Y191        FDCE (Remov_FFF2_SLICEL_C_CLR)
                                                      0.005     3.553    dbg_hub/inst/BSCANID.u_xsdbm_id/CORE_XSDB.UUT_MASTER/U_ICON_INTERFACE/U_CMD6_WR/shift_reg_in_reg[13]
  -------------------------------------------------------------------
                         required time                         -3.553    
                         arrival time                           3.708    
  -------------------------------------------------------------------
                         slack                                  0.155    

Slack (MET) :             0.155ns  (arrival time - required time)
  Source:                 dbg_hub/inst/BSCANID.u_xsdbm_id/CORE_XSDB.UUT_MASTER/U_ICON_INTERFACE/wrdata_rst_reg/C
                            (rising edge-triggered cell FDRE clocked by dbg_hub/inst/BSCANID.u_xsdbm_id/SWITCH_N_EXT_BSCAN.bscan_inst/SERIES7_BSCAN.bscan_inst/TCK  {rise@0.000ns fall@16.500ns period=33.000ns})
  Destination:            dbg_hub/inst/BSCANID.u_xsdbm_id/CORE_XSDB.UUT_MASTER/U_ICON_INTERFACE/U_CMD6_WR/shift_reg_in_reg[6]/CLR
                            (removal check against rising-edge clock dbg_hub/inst/BSCANID.u_xsdbm_id/SWITCH_N_EXT_BSCAN.bscan_inst/SERIES7_BSCAN.bscan_inst/TCK  {rise@0.000ns fall@16.500ns period=33.000ns})
  Path Group:             **async_default**
  Path Type:              Removal (Min at Fast Process Corner)
  Requirement:            0.000ns  (dbg_hub/inst/BSCANID.u_xsdbm_id/SWITCH_N_EXT_BSCAN.bscan_inst/SERIES7_BSCAN.bscan_inst/TCK rise@0.000ns - dbg_hub/inst/BSCANID.u_xsdbm_id/SWITCH_N_EXT_BSCAN.bscan_inst/SERIES7_BSCAN.bscan_inst/TCK rise@0.000ns)
  Data Path Delay:        0.245ns  (logic 0.049ns (20.000%)  route 0.196ns (80.000%))
  Logic Levels:           0  
  Clock Path Skew:        0.085ns (DCD - SCD - CPR)
    Destination Clock Delay (DCD):    4.484ns
    Source Clock Delay      (SCD):    3.463ns
    Clock Pessimism Removal (CPR):    0.936ns
  Clock Net Delay (Source):      0.953ns (routing 0.447ns, distribution 0.506ns)
  Clock Net Delay (Destination): 1.130ns (routing 0.495ns, distribution 0.635ns)

    Location             Delay type                Incr(ns)  Path(ns)    Netlist Resource(s)
  -------------------------------------------------------------------    -------------------
                         (clock dbg_hub/inst/BSCANID.u_xsdbm_id/SWITCH_N_EXT_BSCAN.bscan_inst/SERIES7_BSCAN.bscan_inst/TCK rise edge)
                                                      0.000     0.000 r  
    CONFIG_SITE_X0Y0     BSCANE2                      0.000     0.000 r  dbg_hub/inst/BSCANID.u_xsdbm_id/SWITCH_N_EXT_BSCAN.bscan_inst/SERIES7_BSCAN.bscan_inst/TCK
                         net (fo=1, routed)           2.483     2.483    dbg_hub/inst/BSCANID.u_xsdbm_id/tck_bs
    BUFGCE_X1Y119        BUFGCE (Prop_BUFCE_BUFGCE_I_O)
                                                      0.027     2.510 r  dbg_hub/inst/BSCANID.u_xsdbm_id/SWITCH_N_EXT_BSCAN.u_bufg_icon_tck/O
    X2Y3 (CLOCK_ROOT)    net (fo=478, routed)         0.953     3.463    dbg_hub/inst/BSCANID.u_xsdbm_id/CORE_XSDB.UUT_MASTER/U_ICON_INTERFACE/m_bscan_tck[0]
    SLICE_X69Y191        FDRE                                         r  dbg_hub/inst/BSCANID.u_xsdbm_id/CORE_XSDB.UUT_MASTER/U_ICON_INTERFACE/wrdata_rst_reg/C
  -------------------------------------------------------------------    -------------------
    SLICE_X69Y191        FDRE (Prop_DFF_SLICEL_C_Q)
                                                      0.049     3.512 f  dbg_hub/inst/BSCANID.u_xsdbm_id/CORE_XSDB.UUT_MASTER/U_ICON_INTERFACE/wrdata_rst_reg/Q
                         net (fo=20, routed)          0.196     3.708    dbg_hub/inst/BSCANID.u_xsdbm_id/CORE_XSDB.UUT_MASTER/U_ICON_INTERFACE/U_CMD6_WR/RST_I
    SLICE_X68Y191        FDCE                                         f  dbg_hub/inst/BSCANID.u_xsdbm_id/CORE_XSDB.UUT_MASTER/U_ICON_INTERFACE/U_CMD6_WR/shift_reg_in_reg[6]/CLR
  -------------------------------------------------------------------    -------------------

                         (clock dbg_hub/inst/BSCANID.u_xsdbm_id/SWITCH_N_EXT_BSCAN.bscan_inst/SERIES7_BSCAN.bscan_inst/TCK rise edge)
                                                      0.000     0.000 r  
    CONFIG_SITE_X0Y0     BSCANE2                      0.000     0.000 r  dbg_hub/inst/BSCANID.u_xsdbm_id/SWITCH_N_EXT_BSCAN.bscan_inst/SERIES7_BSCAN.bscan_inst/TCK
                         net (fo=1, routed)           3.323     3.323    dbg_hub/inst/BSCANID.u_xsdbm_id/tck_bs
    BUFGCE_X1Y119        BUFGCE (Prop_BUFCE_BUFGCE_I_O)
                                                      0.031     3.354 r  dbg_hub/inst/BSCANID.u_xsdbm_id/SWITCH_N_EXT_BSCAN.u_bufg_icon_tck/O
    X2Y3 (CLOCK_ROOT)    net (fo=478, routed)         1.130     4.484    dbg_hub/inst/BSCANID.u_xsdbm_id/CORE_XSDB.UUT_MASTER/U_ICON_INTERFACE/U_CMD6_WR/m_bscan_tck[0]
    SLICE_X68Y191        FDCE                                         r  dbg_hub/inst/BSCANID.u_xsdbm_id/CORE_XSDB.UUT_MASTER/U_ICON_INTERFACE/U_CMD6_WR/shift_reg_in_reg[6]/C
                         clock pessimism             -0.936     3.548    
    SLICE_X68Y191        FDCE (Remov_GFF_SLICEL_C_CLR)
                                                      0.005     3.553    dbg_hub/inst/BSCANID.u_xsdbm_id/CORE_XSDB.UUT_MASTER/U_ICON_INTERFACE/U_CMD6_WR/shift_reg_in_reg[6]
  -------------------------------------------------------------------
                         required time                         -3.553    
                         arrival time                           3.708    
  -------------------------------------------------------------------
                         slack                                  0.155    





--------------------------------------------------------------------------------------
Path Group:  (none)
From Clock:  clk_out1_clk_wiz_0
  To Clock:  clk_out1_clk_wiz_0

Max Delay            99 Endpoints
Min Delay            99 Endpoints
--------------------------------------------------------------------------------------


Max Delay Paths
--------------------------------------------------------------------------------------
Slack:                    inf
  Source:                 u_ila_0/inst/ila_core_inst/u_trig/N_DDR_TC.N_DDR_TC_INST[0].U_TC/allx_typeA_match_detection.ltlib_v1_0_0_allx_typeA_inst/DUT/I_WHOLE_SLICE.G_SLICE_IDX[0].U_ALL_SRL_SLICE/u_srlD/S2/CLK
                            (rising edge-triggered cell SRL16E clocked by clk_out1_clk_wiz_0  {rise@0.000ns fall@1.600ns period=3.200ns})
  Destination:            u_ila_0/inst/ila_core_inst/u_trig/N_DDR_TC.N_DDR_TC_INST[0].U_TC/allx_typeA_match_detection.ltlib_v1_0_0_allx_typeA_inst/DUT/I_WHOLE_SLICE.G_SLICE_IDX[0].U_ALL_SRL_SLICE/I_IS_TERMINATION_SLICE_W_OUTPUT_REG.DOUT_O_reg/D
                            (rising edge-triggered cell FDRE clocked by clk_out1_clk_wiz_0  {rise@0.000ns fall@1.600ns period=3.200ns})
  Path Group:             (none)
  Path Type:              Setup (Max at Slow Process Corner)
  Data Path Delay:        1.833ns  (logic 0.693ns (37.807%)  route 1.140ns (62.193%))
  Logic Levels:           1  (CARRY8=1)
  Clock Path Skew:        0.002ns (DCD - SCD + CPR)
    Destination Clock Delay (DCD):    4.081ns
    Source Clock Delay      (SCD):    4.079ns
    Clock Pessimism Removal (CPR):    0.000ns
  Clock Uncertainty:      0.095ns  ((TSJ^2 + DJ^2)^1/2) / 2 + PE
    Total System Jitter     (TSJ):    0.071ns
    Discrete Jitter          (DJ):    0.176ns
    Phase Error              (PE):    0.000ns
  Clock Net Delay (Source):      2.670ns (routing 0.921ns, distribution 1.749ns)
  Clock Net Delay (Destination): 2.266ns (routing 0.846ns, distribution 1.420ns)
  Timing Exception:       False Path

    Location             Delay type                Incr(ns)  Path(ns)    Netlist Resource(s)
  -------------------------------------------------------------------    -------------------
                         (clock clk_out1_clk_wiz_0 rise edge)
                                                      0.000     0.000 r  
    BUFGCE_X1Y24         BUFGCE                       0.000     0.000 r  sys_clk_BUFGCE_inst/O
                         net (fo=1, routed)           1.010     1.010    clk_wiz_0_inst/inst/clk_in1
    MMCME3_ADV_X1Y1      MMCME3_ADV (Prop_MMCME3_ADV_CLKIN1_CLKOUT0)
                                                     -0.121     0.889 r  clk_wiz_0_inst/inst/mmcme3_adv_inst/CLKOUT0
                         net (fo=1, routed)           0.437     1.326    clk_wiz_0_inst/inst/clk_out1_clk_wiz_0
    BUFGCE_X1Y25         BUFGCE (Prop_BUFCE_BUFGCE_I_O)
                                                      0.083     1.409 r  clk_wiz_0_inst/inst/clkout1_buf/O
    X1Y2 (CLOCK_ROOT)    net (fo=1528, routed)        2.670     4.079    u_ila_0/inst/ila_core_inst/u_trig/N_DDR_TC.N_DDR_TC_INST[0].U_TC/allx_typeA_match_detection.ltlib_v1_0_0_allx_typeA_inst/DUT/I_WHOLE_SLICE.G_SLICE_IDX[0].U_ALL_SRL_SLICE/u_srlD/CLK
    SLICE_X71Y179        SRL16E                                       r  u_ila_0/inst/ila_core_inst/u_trig/N_DDR_TC.N_DDR_TC_INST[0].U_TC/allx_typeA_match_detection.ltlib_v1_0_0_allx_typeA_inst/DUT/I_WHOLE_SLICE.G_SLICE_IDX[0].U_ALL_SRL_SLICE/u_srlD/S2/CLK
  -------------------------------------------------------------------    -------------------
    SLICE_X71Y179        SRL16E (Prop_D5LUT_SLICEM_CLK_Q)
                                                      0.541     4.620 r  u_ila_0/inst/ila_core_inst/u_trig/N_DDR_TC.N_DDR_TC_INST[0].U_TC/allx_typeA_match_detection.ltlib_v1_0_0_allx_typeA_inst/DUT/I_WHOLE_SLICE.G_SLICE_IDX[0].U_ALL_SRL_SLICE/u_srlD/S2/Q
                         net (fo=1, routed)           0.557     5.177    u_ila_0/inst/ila_core_inst/u_trig/N_DDR_TC.N_DDR_TC_INST[0].U_TC/allx_typeA_match_detection.ltlib_v1_0_0_allx_typeA_inst/DUT/lopt_1
    SLICE_X71Y178        CARRY8 (Prop_CARRY8_SLICEM_DI[7]_CO[7])
                                                      0.152     5.329 r  u_ila_0/inst/ila_core_inst/u_trig/N_DDR_TC.N_DDR_TC_INST[0].U_TC/allx_typeA_match_detection.ltlib_v1_0_0_allx_typeA_inst/DUT/u_carry4_inst_CARRY8/CO[7]
                         net (fo=1, routed)           0.583     5.912    u_ila_0/inst/ila_core_inst/u_trig/N_DDR_TC.N_DDR_TC_INST[0].U_TC/allx_typeA_match_detection.ltlib_v1_0_0_allx_typeA_inst/DUT/I_WHOLE_SLICE.G_SLICE_IDX[0].U_ALL_SRL_SLICE/muxcy_lo[3]
    SLICE_X68Y173        FDRE                                         r  u_ila_0/inst/ila_core_inst/u_trig/N_DDR_TC.N_DDR_TC_INST[0].U_TC/allx_typeA_match_detection.ltlib_v1_0_0_allx_typeA_inst/DUT/I_WHOLE_SLICE.G_SLICE_IDX[0].U_ALL_SRL_SLICE/I_IS_TERMINATION_SLICE_W_OUTPUT_REG.DOUT_O_reg/D
  -------------------------------------------------------------------    -------------------

                         (clock clk_out1_clk_wiz_0 rise edge)
                                                      0.000     0.000 r  
    BUFGCE_X1Y24         BUFGCE                       0.000     0.000 r  sys_clk_BUFGCE_inst/O
                         net (fo=1, routed)           0.923     0.923    clk_wiz_0_inst/inst/clk_in1
    MMCME3_ADV_X1Y1      MMCME3_ADV (Prop_MMCME3_ADV_CLKIN1_CLKOUT0)
                                                      0.445     1.368 r  clk_wiz_0_inst/inst/mmcme3_adv_inst/CLKOUT0
                         net (fo=1, routed)           0.372     1.740    clk_wiz_0_inst/inst/clk_out1_clk_wiz_0
    BUFGCE_X1Y25         BUFGCE (Prop_BUFCE_BUFGCE_I_O)
                                                      0.075     1.815 r  clk_wiz_0_inst/inst/clkout1_buf/O
    X1Y2 (CLOCK_ROOT)    net (fo=1528, routed)        2.266     4.081    u_ila_0/inst/ila_core_inst/u_trig/N_DDR_TC.N_DDR_TC_INST[0].U_TC/allx_typeA_match_detection.ltlib_v1_0_0_allx_typeA_inst/DUT/I_WHOLE_SLICE.G_SLICE_IDX[0].U_ALL_SRL_SLICE/CLK_I
    SLICE_X68Y173        FDRE                                         r  u_ila_0/inst/ila_core_inst/u_trig/N_DDR_TC.N_DDR_TC_INST[0].U_TC/allx_typeA_match_detection.ltlib_v1_0_0_allx_typeA_inst/DUT/I_WHOLE_SLICE.G_SLICE_IDX[0].U_ALL_SRL_SLICE/I_IS_TERMINATION_SLICE_W_OUTPUT_REG.DOUT_O_reg/C

Slack:                    inf
  Source:                 u_ila_0/inst/ila_core_inst/u_trig/U_TM/N_DDR_MODE.G_NMU[0].U_M/allx_typeA_match_detection.ltlib_v1_0_0_allx_typeA_inst/DUT/I_WHOLE_SLICE.G_SLICE_IDX[0].U_ALL_SRL_SLICE/u_srlB/S1/CLK
                            (rising edge-triggered cell SRLC32E clocked by clk_out1_clk_wiz_0  {rise@0.000ns fall@1.600ns period=3.200ns})
  Destination:            u_ila_0/inst/ila_core_inst/u_trig/U_TM/N_DDR_MODE.G_NMU[0].U_M/allx_typeA_match_detection.ltlib_v1_0_0_allx_typeA_inst/DUT/I_WHOLE_SLICE.G_SLICE_IDX[1].U_ALL_SRL_SLICE/I_IS_TERMINATION_SLICE_W_OUTPUT_REG.DOUT_O_reg/D
                            (rising edge-triggered cell FDRE clocked by clk_out1_clk_wiz_0  {rise@0.000ns fall@1.600ns period=3.200ns})
  Path Group:             (none)
  Path Type:              Setup (Max at Slow Process Corner)
  Data Path Delay:        1.933ns  (logic 0.873ns (45.163%)  route 1.060ns (54.837%))
  Logic Levels:           2  (CARRY8=2)
  Clock Path Skew:        0.107ns (DCD - SCD + CPR)
    Destination Clock Delay (DCD):    4.076ns
    Source Clock Delay      (SCD):    3.969ns
    Clock Pessimism Removal (CPR):    0.000ns
  Clock Uncertainty:      0.095ns  ((TSJ^2 + DJ^2)^1/2) / 2 + PE
    Total System Jitter     (TSJ):    0.071ns
    Discrete Jitter          (DJ):    0.176ns
    Phase Error              (PE):    0.000ns
  Clock Net Delay (Source):      2.560ns (routing 0.921ns, distribution 1.639ns)
  Clock Net Delay (Destination): 2.261ns (routing 0.846ns, distribution 1.415ns)
  Timing Exception:       False Path

    Location             Delay type                Incr(ns)  Path(ns)    Netlist Resource(s)
  -------------------------------------------------------------------    -------------------
                         (clock clk_out1_clk_wiz_0 rise edge)
                                                      0.000     0.000 r  
    BUFGCE_X1Y24         BUFGCE                       0.000     0.000 r  sys_clk_BUFGCE_inst/O
                         net (fo=1, routed)           1.010     1.010    clk_wiz_0_inst/inst/clk_in1
    MMCME3_ADV_X1Y1      MMCME3_ADV (Prop_MMCME3_ADV_CLKIN1_CLKOUT0)
                                                     -0.121     0.889 r  clk_wiz_0_inst/inst/mmcme3_adv_inst/CLKOUT0
                         net (fo=1, routed)           0.437     1.326    clk_wiz_0_inst/inst/clk_out1_clk_wiz_0
    BUFGCE_X1Y25         BUFGCE (Prop_BUFCE_BUFGCE_I_O)
                                                      0.083     1.409 r  clk_wiz_0_inst/inst/clkout1_buf/O
    X1Y2 (CLOCK_ROOT)    net (fo=1528, routed)        2.560     3.969    u_ila_0/inst/ila_core_inst/u_trig/U_TM/N_DDR_MODE.G_NMU[0].U_M/allx_typeA_match_detection.ltlib_v1_0_0_allx_typeA_inst/DUT/I_WHOLE_SLICE.G_SLICE_IDX[0].U_ALL_SRL_SLICE/u_srlB/CLK
    SLICE_X67Y179        SRLC32E                                      r  u_ila_0/inst/ila_core_inst/u_trig/U_TM/N_DDR_MODE.G_NMU[0].U_M/allx_typeA_match_detection.ltlib_v1_0_0_allx_typeA_inst/DUT/I_WHOLE_SLICE.G_SLICE_IDX[0].U_ALL_SRL_SLICE/u_srlB/S1/CLK
  -------------------------------------------------------------------    -------------------
    SLICE_X67Y179        SRLC32E (Prop_B6LUT_SLICEM_CLK_Q)
                                                      0.547     4.516 r  u_ila_0/inst/ila_core_inst/u_trig/U_TM/N_DDR_MODE.G_NMU[0].U_M/allx_typeA_match_detection.ltlib_v1_0_0_allx_typeA_inst/DUT/I_WHOLE_SLICE.G_SLICE_IDX[0].U_ALL_SRL_SLICE/u_srlB/S1/Q
                         net (fo=1, routed)           0.413     4.929    u_ila_0/inst/ila_core_inst/u_trig/U_TM/N_DDR_MODE.G_NMU[0].U_M/allx_typeA_match_detection.ltlib_v1_0_0_allx_typeA_inst/DUT/lopt_7
    SLICE_X67Y180        CARRY8 (Prop_CARRY8_SLICEM_S[5]_CO[7])
                                                      0.253     5.182 r  u_ila_0/inst/ila_core_inst/u_trig/U_TM/N_DDR_MODE.G_NMU[0].U_M/allx_typeA_match_detection.ltlib_v1_0_0_allx_typeA_inst/DUT/u_carry4_inst_CARRY8/CO[7]
                         net (fo=1, routed)           0.094     5.276    u_ila_0/inst/ila_core_inst/u_trig/U_TM/N_DDR_MODE.G_NMU[0].U_M/allx_typeA_match_detection.ltlib_v1_0_0_allx_typeA_inst/DUT/I_WHOLE_SLICE.G_SLICE_IDX[1].U_ALL_SRL_SLICE/DOUT_O
    SLICE_X67Y181        CARRY8 (Prop_CARRY8_SLICEM_CI_CO[3])
                                                      0.073     5.349 r  u_ila_0/inst/ila_core_inst/u_trig/U_TM/N_DDR_MODE.G_NMU[0].U_M/allx_typeA_match_detection.ltlib_v1_0_0_allx_typeA_inst/DUT/I_WHOLE_SLICE.G_SLICE_IDX[1].U_ALL_SRL_SLICE/u_carry4_inst_CARRY8/CO[3]
                         net (fo=1, routed)           0.553     5.902    u_ila_0/inst/ila_core_inst/u_trig/U_TM/N_DDR_MODE.G_NMU[0].U_M/allx_typeA_match_detection.ltlib_v1_0_0_allx_typeA_inst/DUT/I_WHOLE_SLICE.G_SLICE_IDX[1].U_ALL_SRL_SLICE/muxcy_lo[3]
    SLICE_X70Y178        FDRE                                         r  u_ila_0/inst/ila_core_inst/u_trig/U_TM/N_DDR_MODE.G_NMU[0].U_M/allx_typeA_match_detection.ltlib_v1_0_0_allx_typeA_inst/DUT/I_WHOLE_SLICE.G_SLICE_IDX[1].U_ALL_SRL_SLICE/I_IS_TERMINATION_SLICE_W_OUTPUT_REG.DOUT_O_reg/D
  -------------------------------------------------------------------    -------------------

                         (clock clk_out1_clk_wiz_0 rise edge)
                                                      0.000     0.000 r  
    BUFGCE_X1Y24         BUFGCE                       0.000     0.000 r  sys_clk_BUFGCE_inst/O
                         net (fo=1, routed)           0.923     0.923    clk_wiz_0_inst/inst/clk_in1
    MMCME3_ADV_X1Y1      MMCME3_ADV (Prop_MMCME3_ADV_CLKIN1_CLKOUT0)
                                                      0.445     1.368 r  clk_wiz_0_inst/inst/mmcme3_adv_inst/CLKOUT0
                         net (fo=1, routed)           0.372     1.740    clk_wiz_0_inst/inst/clk_out1_clk_wiz_0
    BUFGCE_X1Y25         BUFGCE (Prop_BUFCE_BUFGCE_I_O)
                                                      0.075     1.815 r  clk_wiz_0_inst/inst/clkout1_buf/O
    X1Y2 (CLOCK_ROOT)    net (fo=1528, routed)        2.261     4.076    u_ila_0/inst/ila_core_inst/u_trig/U_TM/N_DDR_MODE.G_NMU[0].U_M/allx_typeA_match_detection.ltlib_v1_0_0_allx_typeA_inst/DUT/I_WHOLE_SLICE.G_SLICE_IDX[1].U_ALL_SRL_SLICE/CLK_I
    SLICE_X70Y178        FDRE                                         r  u_ila_0/inst/ila_core_inst/u_trig/U_TM/N_DDR_MODE.G_NMU[0].U_M/allx_typeA_match_detection.ltlib_v1_0_0_allx_typeA_inst/DUT/I_WHOLE_SLICE.G_SLICE_IDX[1].U_ALL_SRL_SLICE/I_IS_TERMINATION_SLICE_W_OUTPUT_REG.DOUT_O_reg/C

Slack:                    inf
  Source:                 u_ila_0/inst/ila_core_inst/u_ila_cap_ctrl/u_cap_addrgen/u_cap_window_counter/u_wcnt_lcmp/allx_typeA_match_detection.ltlib_v1_0_0_allx_typeA_inst/DUT/I_WHOLE_SLICE.G_SLICE_IDX[0].U_ALL_SRL_SLICE/u_srlB/S2/CLK
                            (rising edge-triggered cell SRL16E clocked by clk_out1_clk_wiz_0  {rise@0.000ns fall@1.600ns period=3.200ns})
  Destination:            u_ila_0/inst/ila_core_inst/u_ila_cap_ctrl/u_cap_addrgen/u_cap_window_counter/u_wcnt_lcmp_q/D
                            (rising edge-triggered cell FDRE clocked by clk_out1_clk_wiz_0  {rise@0.000ns fall@1.600ns period=3.200ns})
  Path Group:             (none)
  Path Type:              Setup (Max at Slow Process Corner)
  Data Path Delay:        1.898ns  (logic 0.934ns (49.210%)  route 0.964ns (50.790%))
  Logic Levels:           3  (CARRY8=2 LUT2=1)
  Clock Path Skew:        0.152ns (DCD - SCD + CPR)
    Destination Clock Delay (DCD):    4.086ns
    Source Clock Delay      (SCD):    3.934ns
    Clock Pessimism Removal (CPR):    0.000ns
  Clock Uncertainty:      0.095ns  ((TSJ^2 + DJ^2)^1/2) / 2 + PE
    Total System Jitter     (TSJ):    0.071ns
    Discrete Jitter          (DJ):    0.176ns
    Phase Error              (PE):    0.000ns
  Clock Net Delay (Source):      2.525ns (routing 0.921ns, distribution 1.604ns)
  Clock Net Delay (Destination): 2.271ns (routing 0.846ns, distribution 1.425ns)
  Timing Exception:       False Path

    Location             Delay type                Incr(ns)  Path(ns)    Netlist Resource(s)
  -------------------------------------------------------------------    -------------------
                         (clock clk_out1_clk_wiz_0 rise edge)
                                                      0.000     0.000 r  
    BUFGCE_X1Y24         BUFGCE                       0.000     0.000 r  sys_clk_BUFGCE_inst/O
                         net (fo=1, routed)           1.010     1.010    clk_wiz_0_inst/inst/clk_in1
    MMCME3_ADV_X1Y1      MMCME3_ADV (Prop_MMCME3_ADV_CLKIN1_CLKOUT0)
                                                     -0.121     0.889 r  clk_wiz_0_inst/inst/mmcme3_adv_inst/CLKOUT0
                         net (fo=1, routed)           0.437     1.326    clk_wiz_0_inst/inst/clk_out1_clk_wiz_0
    BUFGCE_X1Y25         BUFGCE (Prop_BUFCE_BUFGCE_I_O)
                                                      0.083     1.409 r  clk_wiz_0_inst/inst/clkout1_buf/O
    X1Y2 (CLOCK_ROOT)    net (fo=1528, routed)        2.525     3.934    u_ila_0/inst/ila_core_inst/u_ila_cap_ctrl/u_cap_addrgen/u_cap_window_counter/u_wcnt_lcmp/allx_typeA_match_detection.ltlib_v1_0_0_allx_typeA_inst/DUT/I_WHOLE_SLICE.G_SLICE_IDX[0].U_ALL_SRL_SLICE/u_srlB/CLK
    SLICE_X64Y172        SRL16E                                       r  u_ila_0/inst/ila_core_inst/u_ila_cap_ctrl/u_cap_addrgen/u_cap_window_counter/u_wcnt_lcmp/allx_typeA_match_detection.ltlib_v1_0_0_allx_typeA_inst/DUT/I_WHOLE_SLICE.G_SLICE_IDX[0].U_ALL_SRL_SLICE/u_srlB/S2/CLK
  -------------------------------------------------------------------    -------------------
    SLICE_X64Y172        SRL16E (Prop_B5LUT_SLICEM_CLK_Q)
                                                      0.546     4.480 r  u_ila_0/inst/ila_core_inst/u_ila_cap_ctrl/u_cap_addrgen/u_cap_window_counter/u_wcnt_lcmp/allx_typeA_match_detection.ltlib_v1_0_0_allx_typeA_inst/DUT/I_WHOLE_SLICE.G_SLICE_IDX[0].U_ALL_SRL_SLICE/u_srlB/S2/Q
                         net (fo=1, routed)           0.463     4.943    u_ila_0/inst/ila_core_inst/u_ila_cap_ctrl/u_cap_addrgen/u_cap_window_counter/u_wcnt_lcmp/allx_typeA_match_detection.ltlib_v1_0_0_allx_typeA_inst/DUT/lopt_3
    SLICE_X64Y173        CARRY8 (Prop_CARRY8_SLICEM_DI[5]_CO[7])
                                                      0.182     5.125 r  u_ila_0/inst/ila_core_inst/u_ila_cap_ctrl/u_cap_addrgen/u_cap_window_counter/u_wcnt_lcmp/allx_typeA_match_detection.ltlib_v1_0_0_allx_typeA_inst/DUT/u_carry4_inst_CARRY8/CO[7]
                         net (fo=1, routed)           0.094     5.219    u_ila_0/inst/ila_core_inst/u_ila_cap_ctrl/u_cap_addrgen/u_cap_window_counter/u_wcnt_lcmp/allx_typeA_match_detection.ltlib_v1_0_0_allx_typeA_inst/DUT/I_WHOLE_SLICE.G_SLICE_IDX[1].U_ALL_SRL_SLICE/CI_I
    SLICE_X64Y174        CARRY8 (Prop_CARRY8_SLICEM_CI_CO[3])
                                                      0.073     5.292 r  u_ila_0/inst/ila_core_inst/u_ila_cap_ctrl/u_cap_addrgen/u_cap_window_counter/u_wcnt_lcmp/allx_typeA_match_detection.ltlib_v1_0_0_allx_typeA_inst/DUT/I_WHOLE_SLICE.G_SLICE_IDX[1].U_ALL_SRL_SLICE/u_carry4_inst_CARRY8/CO[3]
                         net (fo=1, routed)           0.372     5.664    u_ila_0/inst/ila_core_inst/u_ila_regs/u_wcnt_lcmp_q
    SLICE_X66Y174        LUT2 (Prop_D5LUT_SLICEL_I1_O)
                                                      0.133     5.797 r  u_ila_0/inst/ila_core_inst/u_ila_regs/u_wcnt_lcmp_q_i_1/O
                         net (fo=1, routed)           0.035     5.832    u_ila_0/inst/ila_core_inst/u_ila_cap_ctrl/u_cap_addrgen/u_cap_window_counter/wcnt_lcmp_temp
    SLICE_X66Y174        FDRE                                         r  u_ila_0/inst/ila_core_inst/u_ila_cap_ctrl/u_cap_addrgen/u_cap_window_counter/u_wcnt_lcmp_q/D
  -------------------------------------------------------------------    -------------------

                         (clock clk_out1_clk_wiz_0 rise edge)
                                                      0.000     0.000 r  
    BUFGCE_X1Y24         BUFGCE                       0.000     0.000 r  sys_clk_BUFGCE_inst/O
                         net (fo=1, routed)           0.923     0.923    clk_wiz_0_inst/inst/clk_in1
    MMCME3_ADV_X1Y1      MMCME3_ADV (Prop_MMCME3_ADV_CLKIN1_CLKOUT0)
                                                      0.445     1.368 r  clk_wiz_0_inst/inst/mmcme3_adv_inst/CLKOUT0
                         net (fo=1, routed)           0.372     1.740    clk_wiz_0_inst/inst/clk_out1_clk_wiz_0
    BUFGCE_X1Y25         BUFGCE (Prop_BUFCE_BUFGCE_I_O)
                                                      0.075     1.815 r  clk_wiz_0_inst/inst/clkout1_buf/O
    X1Y2 (CLOCK_ROOT)    net (fo=1528, routed)        2.271     4.086    u_ila_0/inst/ila_core_inst/u_ila_cap_ctrl/u_cap_addrgen/u_cap_window_counter/DESIGN_CLK_I
    SLICE_X66Y174        FDRE                                         r  u_ila_0/inst/ila_core_inst/u_ila_cap_ctrl/u_cap_addrgen/u_cap_window_counter/u_wcnt_lcmp_q/C

Slack:                    inf
  Source:                 u_ila_0/inst/ila_core_inst/u_ila_cap_ctrl/u_cap_addrgen/u_cap_window_counter/u_wcnt_hcmp/allx_typeA_match_detection.ltlib_v1_0_0_allx_typeA_inst/DUT/I_WHOLE_SLICE.G_SLICE_IDX[0].U_ALL_SRL_SLICE/u_srlD/S2/CLK
                            (rising edge-triggered cell SRL16E clocked by clk_out1_clk_wiz_0  {rise@0.000ns fall@1.600ns period=3.200ns})
  Destination:            u_ila_0/inst/ila_core_inst/u_ila_cap_ctrl/u_cap_addrgen/u_cap_window_counter/u_wcnt_hcmp_q/D
                            (rising edge-triggered cell FDRE clocked by clk_out1_clk_wiz_0  {rise@0.000ns fall@1.600ns period=3.200ns})
  Path Group:             (none)
  Path Type:              Setup (Max at Slow Process Corner)
  Data Path Delay:        1.767ns  (logic 0.852ns (48.217%)  route 0.915ns (51.783%))
  Logic Levels:           3  (CARRY8=2 LUT2=1)
  Clock Path Skew:        0.146ns (DCD - SCD + CPR)
    Destination Clock Delay (DCD):    4.080ns
    Source Clock Delay      (SCD):    3.934ns
    Clock Pessimism Removal (CPR):    0.000ns
  Clock Uncertainty:      0.095ns  ((TSJ^2 + DJ^2)^1/2) / 2 + PE
    Total System Jitter     (TSJ):    0.071ns
    Discrete Jitter          (DJ):    0.176ns
    Phase Error              (PE):    0.000ns
  Clock Net Delay (Source):      2.525ns (routing 0.921ns, distribution 1.604ns)
  Clock Net Delay (Destination): 2.265ns (routing 0.846ns, distribution 1.419ns)
  Timing Exception:       False Path

    Location             Delay type                Incr(ns)  Path(ns)    Netlist Resource(s)
  -------------------------------------------------------------------    -------------------
                         (clock clk_out1_clk_wiz_0 rise edge)
                                                      0.000     0.000 r  
    BUFGCE_X1Y24         BUFGCE                       0.000     0.000 r  sys_clk_BUFGCE_inst/O
                         net (fo=1, routed)           1.010     1.010    clk_wiz_0_inst/inst/clk_in1
    MMCME3_ADV_X1Y1      MMCME3_ADV (Prop_MMCME3_ADV_CLKIN1_CLKOUT0)
                                                     -0.121     0.889 r  clk_wiz_0_inst/inst/mmcme3_adv_inst/CLKOUT0
                         net (fo=1, routed)           0.437     1.326    clk_wiz_0_inst/inst/clk_out1_clk_wiz_0
    BUFGCE_X1Y25         BUFGCE (Prop_BUFCE_BUFGCE_I_O)
                                                      0.083     1.409 r  clk_wiz_0_inst/inst/clkout1_buf/O
    X1Y2 (CLOCK_ROOT)    net (fo=1528, routed)        2.525     3.934    u_ila_0/inst/ila_core_inst/u_ila_cap_ctrl/u_cap_addrgen/u_cap_window_counter/u_wcnt_hcmp/allx_typeA_match_detection.ltlib_v1_0_0_allx_typeA_inst/DUT/I_WHOLE_SLICE.G_SLICE_IDX[0].U_ALL_SRL_SLICE/u_srlD/CLK
    SLICE_X64Y171        SRL16E                                       r  u_ila_0/inst/ila_core_inst/u_ila_cap_ctrl/u_cap_addrgen/u_cap_window_counter/u_wcnt_hcmp/allx_typeA_match_detection.ltlib_v1_0_0_allx_typeA_inst/DUT/I_WHOLE_SLICE.G_SLICE_IDX[0].U_ALL_SRL_SLICE/u_srlD/S2/CLK
  -------------------------------------------------------------------    -------------------
    SLICE_X64Y171        SRL16E (Prop_D5LUT_SLICEM_CLK_Q)
                                                      0.541     4.475 r  u_ila_0/inst/ila_core_inst/u_ila_cap_ctrl/u_cap_addrgen/u_cap_window_counter/u_wcnt_hcmp/allx_typeA_match_detection.ltlib_v1_0_0_allx_typeA_inst/DUT/I_WHOLE_SLICE.G_SLICE_IDX[0].U_ALL_SRL_SLICE/u_srlD/S2/Q
                         net (fo=1, routed)           0.525     5.000    u_ila_0/inst/ila_core_inst/u_ila_cap_ctrl/u_cap_addrgen/u_cap_window_counter/u_wcnt_hcmp/allx_typeA_match_detection.ltlib_v1_0_0_allx_typeA_inst/DUT/lopt_1
    SLICE_X65Y171        CARRY8 (Prop_CARRY8_SLICEM_DI[7]_CO[7])
                                                      0.143     5.143 r  u_ila_0/inst/ila_core_inst/u_ila_cap_ctrl/u_cap_addrgen/u_cap_window_counter/u_wcnt_hcmp/allx_typeA_match_detection.ltlib_v1_0_0_allx_typeA_inst/DUT/u_carry4_inst_CARRY8/CO[7]
                         net (fo=1, routed)           0.094     5.237    u_ila_0/inst/ila_core_inst/u_ila_cap_ctrl/u_cap_addrgen/u_cap_window_counter/u_wcnt_hcmp/allx_typeA_match_detection.ltlib_v1_0_0_allx_typeA_inst/DUT/I_WHOLE_SLICE.G_SLICE_IDX[1].U_ALL_SRL_SLICE/CI_I
    SLICE_X65Y172        CARRY8 (Prop_CARRY8_SLICEM_CI_CO[3])
                                                      0.073     5.310 r  u_ila_0/inst/ila_core_inst/u_ila_cap_ctrl/u_cap_addrgen/u_cap_window_counter/u_wcnt_hcmp/allx_typeA_match_detection.ltlib_v1_0_0_allx_typeA_inst/DUT/I_WHOLE_SLICE.G_SLICE_IDX[1].U_ALL_SRL_SLICE/u_carry4_inst_CARRY8/CO[3]
                         net (fo=1, routed)           0.261     5.571    u_ila_0/inst/ila_core_inst/u_ila_regs/u_wcnt_hcmp_q
    SLICE_X67Y173        LUT2 (Prop_D5LUT_SLICEM_I1_O)
                                                      0.095     5.666 r  u_ila_0/inst/ila_core_inst/u_ila_regs/u_wcnt_hcmp_q_i_1/O
                         net (fo=1, routed)           0.035     5.701    u_ila_0/inst/ila_core_inst/u_ila_cap_ctrl/u_cap_addrgen/u_cap_window_counter/wcnt_hcmp_temp
    SLICE_X67Y173        FDRE                                         r  u_ila_0/inst/ila_core_inst/u_ila_cap_ctrl/u_cap_addrgen/u_cap_window_counter/u_wcnt_hcmp_q/D
  -------------------------------------------------------------------    -------------------

                         (clock clk_out1_clk_wiz_0 rise edge)
                                                      0.000     0.000 r  
    BUFGCE_X1Y24         BUFGCE                       0.000     0.000 r  sys_clk_BUFGCE_inst/O
                         net (fo=1, routed)           0.923     0.923    clk_wiz_0_inst/inst/clk_in1
    MMCME3_ADV_X1Y1      MMCME3_ADV (Prop_MMCME3_ADV_CLKIN1_CLKOUT0)
                                                      0.445     1.368 r  clk_wiz_0_inst/inst/mmcme3_adv_inst/CLKOUT0
                         net (fo=1, routed)           0.372     1.740    clk_wiz_0_inst/inst/clk_out1_clk_wiz_0
    BUFGCE_X1Y25         BUFGCE (Prop_BUFCE_BUFGCE_I_O)
                                                      0.075     1.815 r  clk_wiz_0_inst/inst/clkout1_buf/O
    X1Y2 (CLOCK_ROOT)    net (fo=1528, routed)        2.265     4.080    u_ila_0/inst/ila_core_inst/u_ila_cap_ctrl/u_cap_addrgen/u_cap_window_counter/DESIGN_CLK_I
    SLICE_X67Y173        FDRE                                         r  u_ila_0/inst/ila_core_inst/u_ila_cap_ctrl/u_cap_addrgen/u_cap_window_counter/u_wcnt_hcmp_q/C

Slack:                    inf
  Source:                 u_ila_0/inst/ila_core_inst/u_ila_cap_ctrl/u_cap_addrgen/u_cap_sample_counter/u_scnt_cmp/allx_typeA_match_detection.ltlib_v1_0_0_allx_typeA_inst/DUT/I_WHOLE_SLICE.G_SLICE_IDX[0].U_ALL_SRL_SLICE/u_srlB/S2/CLK
                            (rising edge-triggered cell SRL16E clocked by clk_out1_clk_wiz_0  {rise@0.000ns fall@1.600ns period=3.200ns})
  Destination:            u_ila_0/inst/ila_core_inst/u_ila_cap_ctrl/u_cap_addrgen/u_cap_sample_counter/u_scnt_cmp_q/D
                            (rising edge-triggered cell FDRE clocked by clk_out1_clk_wiz_0  {rise@0.000ns fall@1.600ns period=3.200ns})
  Path Group:             (none)
  Path Type:              Setup (Max at Slow Process Corner)
  Data Path Delay:        1.699ns  (logic 0.872ns (51.324%)  route 0.827ns (48.676%))
  Logic Levels:           3  (CARRY8=2 LUT2=1)
  Clock Path Skew:        0.151ns (DCD - SCD + CPR)
    Destination Clock Delay (DCD):    4.086ns
    Source Clock Delay      (SCD):    3.935ns
    Clock Pessimism Removal (CPR):    0.000ns
  Clock Uncertainty:      0.095ns  ((TSJ^2 + DJ^2)^1/2) / 2 + PE
    Total System Jitter     (TSJ):    0.071ns
    Discrete Jitter          (DJ):    0.176ns
    Phase Error              (PE):    0.000ns
  Clock Net Delay (Source):      2.526ns (routing 0.921ns, distribution 1.605ns)
  Clock Net Delay (Destination): 2.271ns (routing 0.846ns, distribution 1.425ns)
  Timing Exception:       False Path

    Location             Delay type                Incr(ns)  Path(ns)    Netlist Resource(s)
  -------------------------------------------------------------------    -------------------
                         (clock clk_out1_clk_wiz_0 rise edge)
                                                      0.000     0.000 r  
    BUFGCE_X1Y24         BUFGCE                       0.000     0.000 r  sys_clk_BUFGCE_inst/O
                         net (fo=1, routed)           1.010     1.010    clk_wiz_0_inst/inst/clk_in1
    MMCME3_ADV_X1Y1      MMCME3_ADV (Prop_MMCME3_ADV_CLKIN1_CLKOUT0)
                                                     -0.121     0.889 r  clk_wiz_0_inst/inst/mmcme3_adv_inst/CLKOUT0
                         net (fo=1, routed)           0.437     1.326    clk_wiz_0_inst/inst/clk_out1_clk_wiz_0
    BUFGCE_X1Y25         BUFGCE (Prop_BUFCE_BUFGCE_I_O)
                                                      0.083     1.409 r  clk_wiz_0_inst/inst/clkout1_buf/O
    X1Y2 (CLOCK_ROOT)    net (fo=1528, routed)        2.526     3.935    u_ila_0/inst/ila_core_inst/u_ila_cap_ctrl/u_cap_addrgen/u_cap_sample_counter/u_scnt_cmp/allx_typeA_match_detection.ltlib_v1_0_0_allx_typeA_inst/DUT/I_WHOLE_SLICE.G_SLICE_IDX[0].U_ALL_SRL_SLICE/u_srlB/CLK
    SLICE_X64Y175        SRL16E                                       r  u_ila_0/inst/ila_core_inst/u_ila_cap_ctrl/u_cap_addrgen/u_cap_sample_counter/u_scnt_cmp/allx_typeA_match_detection.ltlib_v1_0_0_allx_typeA_inst/DUT/I_WHOLE_SLICE.G_SLICE_IDX[0].U_ALL_SRL_SLICE/u_srlB/S2/CLK
  -------------------------------------------------------------------    -------------------
    SLICE_X64Y175        SRL16E (Prop_B5LUT_SLICEM_CLK_Q)
                                                      0.546     4.481 r  u_ila_0/inst/ila_core_inst/u_ila_cap_ctrl/u_cap_addrgen/u_cap_sample_counter/u_scnt_cmp/allx_typeA_match_detection.ltlib_v1_0_0_allx_typeA_inst/DUT/I_WHOLE_SLICE.G_SLICE_IDX[0].U_ALL_SRL_SLICE/u_srlB/S2/Q
                         net (fo=1, routed)           0.442     4.923    u_ila_0/inst/ila_core_inst/u_ila_cap_ctrl/u_cap_addrgen/u_cap_sample_counter/u_scnt_cmp/allx_typeA_match_detection.ltlib_v1_0_0_allx_typeA_inst/DUT/lopt_3
    SLICE_X65Y175        CARRY8 (Prop_CARRY8_SLICEM_DI[5]_CO[7])
                                                      0.182     5.105 r  u_ila_0/inst/ila_core_inst/u_ila_cap_ctrl/u_cap_addrgen/u_cap_sample_counter/u_scnt_cmp/allx_typeA_match_detection.ltlib_v1_0_0_allx_typeA_inst/DUT/u_carry4_inst_CARRY8/CO[7]
                         net (fo=1, routed)           0.094     5.199    u_ila_0/inst/ila_core_inst/u_ila_cap_ctrl/u_cap_addrgen/u_cap_sample_counter/u_scnt_cmp/allx_typeA_match_detection.ltlib_v1_0_0_allx_typeA_inst/DUT/I_WHOLE_SLICE.G_SLICE_IDX[1].U_ALL_SRL_SLICE/CI_I
    SLICE_X65Y176        CARRY8 (Prop_CARRY8_SLICEM_CI_CO[3])
                                                      0.073     5.272 r  u_ila_0/inst/ila_core_inst/u_ila_cap_ctrl/u_cap_addrgen/u_cap_sample_counter/u_scnt_cmp/allx_typeA_match_detection.ltlib_v1_0_0_allx_typeA_inst/DUT/I_WHOLE_SLICE.G_SLICE_IDX[1].U_ALL_SRL_SLICE/u_carry4_inst_CARRY8/CO[3]
                         net (fo=1, routed)           0.264     5.536    u_ila_0/inst/ila_core_inst/u_ila_regs/u_scnt_cmp_q
    SLICE_X66Y174        LUT2 (Prop_D6LUT_SLICEL_I1_O)
                                                      0.071     5.607 r  u_ila_0/inst/ila_core_inst/u_ila_regs/u_scnt_cmp_q_i_1/O
                         net (fo=1, routed)           0.027     5.634    u_ila_0/inst/ila_core_inst/u_ila_cap_ctrl/u_cap_addrgen/u_cap_sample_counter/scnt_cmp_temp
    SLICE_X66Y174        FDRE                                         r  u_ila_0/inst/ila_core_inst/u_ila_cap_ctrl/u_cap_addrgen/u_cap_sample_counter/u_scnt_cmp_q/D
  -------------------------------------------------------------------    -------------------

                         (clock clk_out1_clk_wiz_0 rise edge)
                                                      0.000     0.000 r  
    BUFGCE_X1Y24         BUFGCE                       0.000     0.000 r  sys_clk_BUFGCE_inst/O
                         net (fo=1, routed)           0.923     0.923    clk_wiz_0_inst/inst/clk_in1
    MMCME3_ADV_X1Y1      MMCME3_ADV (Prop_MMCME3_ADV_CLKIN1_CLKOUT0)
                                                      0.445     1.368 r  clk_wiz_0_inst/inst/mmcme3_adv_inst/CLKOUT0
                         net (fo=1, routed)           0.372     1.740    clk_wiz_0_inst/inst/clk_out1_clk_wiz_0
    BUFGCE_X1Y25         BUFGCE (Prop_BUFCE_BUFGCE_I_O)
                                                      0.075     1.815 r  clk_wiz_0_inst/inst/clkout1_buf/O
    X1Y2 (CLOCK_ROOT)    net (fo=1528, routed)        2.271     4.086    u_ila_0/inst/ila_core_inst/u_ila_cap_ctrl/u_cap_addrgen/u_cap_sample_counter/DESIGN_CLK_I
    SLICE_X66Y174        FDRE                                         r  u_ila_0/inst/ila_core_inst/u_ila_cap_ctrl/u_cap_addrgen/u_cap_sample_counter/u_scnt_cmp_q/C

Slack:                    inf
  Source:                 u_ila_0/inst/ila_core_inst/u_ila_cap_ctrl/u_cap_addrgen/u_cap_sample_counter/U_SCRST/I_YESLUT6.U_SRL32_B/CLK
                            (rising edge-triggered cell SRLC32E clocked by clk_out1_clk_wiz_0  {rise@0.000ns fall@1.600ns period=3.200ns})
  Destination:            u_ila_0/inst/ila_core_inst/u_ila_cap_ctrl/u_cap_addrgen/u_cap_sample_counter/iscnt_reg[6]/R
                            (rising edge-triggered cell FDRE clocked by clk_out1_clk_wiz_0  {rise@0.000ns fall@1.600ns period=3.200ns})
  Path Group:             (none)
  Path Type:              Setup (Max at Slow Process Corner)
  Data Path Delay:        1.481ns  (logic 0.685ns (46.253%)  route 0.796ns (53.747%))
  Logic Levels:           1  (LUT3=1)
  Clock Path Skew:        0.120ns (DCD - SCD + CPR)
    Destination Clock Delay (DCD):    4.062ns
    Source Clock Delay      (SCD):    3.942ns
    Clock Pessimism Removal (CPR):    0.000ns
  Clock Uncertainty:      0.095ns  ((TSJ^2 + DJ^2)^1/2) / 2 + PE
    Total System Jitter     (TSJ):    0.071ns
    Discrete Jitter          (DJ):    0.176ns
    Phase Error              (PE):    0.000ns
  Clock Net Delay (Source):      2.533ns (routing 0.921ns, distribution 1.612ns)
  Clock Net Delay (Destination): 2.247ns (routing 0.846ns, distribution 1.401ns)
  Timing Exception:       False Path

    Location             Delay type                Incr(ns)  Path(ns)    Netlist Resource(s)
  -------------------------------------------------------------------    -------------------
                         (clock clk_out1_clk_wiz_0 rise edge)
                                                      0.000     0.000 r  
    BUFGCE_X1Y24         BUFGCE                       0.000     0.000 r  sys_clk_BUFGCE_inst/O
                         net (fo=1, routed)           1.010     1.010    clk_wiz_0_inst/inst/clk_in1
    MMCME3_ADV_X1Y1      MMCME3_ADV (Prop_MMCME3_ADV_CLKIN1_CLKOUT0)
                                                     -0.121     0.889 r  clk_wiz_0_inst/inst/mmcme3_adv_inst/CLKOUT0
                         net (fo=1, routed)           0.437     1.326    clk_wiz_0_inst/inst/clk_out1_clk_wiz_0
    BUFGCE_X1Y25         BUFGCE (Prop_BUFCE_BUFGCE_I_O)
                                                      0.083     1.409 r  clk_wiz_0_inst/inst/clkout1_buf/O
    X1Y2 (CLOCK_ROOT)    net (fo=1528, routed)        2.533     3.942    u_ila_0/inst/ila_core_inst/u_ila_cap_ctrl/u_cap_addrgen/u_cap_sample_counter/U_SCRST/CFG_CLK_I
    SLICE_X67Y174        SRLC32E                                      r  u_ila_0/inst/ila_core_inst/u_ila_cap_ctrl/u_cap_addrgen/u_cap_sample_counter/U_SCRST/I_YESLUT6.U_SRL32_B/CLK
  -------------------------------------------------------------------    -------------------
    SLICE_X67Y174        SRLC32E (Prop_B6LUT_SLICEM_CLK_Q)
                                                      0.547     4.489 r  u_ila_0/inst/ila_core_inst/u_ila_cap_ctrl/u_cap_addrgen/u_cap_sample_counter/U_SCRST/I_YESLUT6.U_SRL32_B/Q
                         net (fo=1, routed)           0.129     4.618    u_ila_0/inst/ila_core_inst/u_ila_cap_ctrl/u_cap_addrgen/u_cap_sample_counter/U_SCRST/I_YESLUT6.SRL_Q_0
    SLICE_X67Y174        LUT3 (Prop_H5LUT_SLICEM_I2_O)
                                                      0.138     4.756 r  u_ila_0/inst/ila_core_inst/u_ila_cap_ctrl/u_cap_addrgen/u_cap_sample_counter/U_SCRST/O_INST_0/O
                         net (fo=10, routed)          0.667     5.423    u_ila_0/inst/ila_core_inst/u_ila_cap_ctrl/u_cap_addrgen/u_cap_sample_counter/U_SCRST_n_1
    SLICE_X63Y176        FDRE                                         r  u_ila_0/inst/ila_core_inst/u_ila_cap_ctrl/u_cap_addrgen/u_cap_sample_counter/iscnt_reg[6]/R
  -------------------------------------------------------------------    -------------------

                         (clock clk_out1_clk_wiz_0 rise edge)
                                                      0.000     0.000 r  
    BUFGCE_X1Y24         BUFGCE                       0.000     0.000 r  sys_clk_BUFGCE_inst/O
                         net (fo=1, routed)           0.923     0.923    clk_wiz_0_inst/inst/clk_in1
    MMCME3_ADV_X1Y1      MMCME3_ADV (Prop_MMCME3_ADV_CLKIN1_CLKOUT0)
                                                      0.445     1.368 r  clk_wiz_0_inst/inst/mmcme3_adv_inst/CLKOUT0
                         net (fo=1, routed)           0.372     1.740    clk_wiz_0_inst/inst/clk_out1_clk_wiz_0
    BUFGCE_X1Y25         BUFGCE (Prop_BUFCE_BUFGCE_I_O)
                                                      0.075     1.815 r  clk_wiz_0_inst/inst/clkout1_buf/O
    X1Y2 (CLOCK_ROOT)    net (fo=1528, routed)        2.247     4.062    u_ila_0/inst/ila_core_inst/u_ila_cap_ctrl/u_cap_addrgen/u_cap_sample_counter/DESIGN_CLK_I
    SLICE_X63Y176        FDRE                                         r  u_ila_0/inst/ila_core_inst/u_ila_cap_ctrl/u_cap_addrgen/u_cap_sample_counter/iscnt_reg[6]/C

Slack:                    inf
  Source:                 u_ila_0/inst/ila_core_inst/u_ila_cap_ctrl/u_cap_addrgen/u_cap_sample_counter/U_SCRST/I_YESLUT6.U_SRL32_B/CLK
                            (rising edge-triggered cell SRLC32E clocked by clk_out1_clk_wiz_0  {rise@0.000ns fall@1.600ns period=3.200ns})
  Destination:            u_ila_0/inst/ila_core_inst/u_ila_cap_ctrl/u_cap_addrgen/u_cap_sample_counter/iscnt_reg[7]/R
                            (rising edge-triggered cell FDRE clocked by clk_out1_clk_wiz_0  {rise@0.000ns fall@1.600ns period=3.200ns})
  Path Group:             (none)
  Path Type:              Setup (Max at Slow Process Corner)
  Data Path Delay:        1.481ns  (logic 0.685ns (46.253%)  route 0.796ns (53.747%))
  Logic Levels:           1  (LUT3=1)
  Clock Path Skew:        0.120ns (DCD - SCD + CPR)
    Destination Clock Delay (DCD):    4.062ns
    Source Clock Delay      (SCD):    3.942ns
    Clock Pessimism Removal (CPR):    0.000ns
  Clock Uncertainty:      0.095ns  ((TSJ^2 + DJ^2)^1/2) / 2 + PE
    Total System Jitter     (TSJ):    0.071ns
    Discrete Jitter          (DJ):    0.176ns
    Phase Error              (PE):    0.000ns
  Clock Net Delay (Source):      2.533ns (routing 0.921ns, distribution 1.612ns)
  Clock Net Delay (Destination): 2.247ns (routing 0.846ns, distribution 1.401ns)
  Timing Exception:       False Path

    Location             Delay type                Incr(ns)  Path(ns)    Netlist Resource(s)
  -------------------------------------------------------------------    -------------------
                         (clock clk_out1_clk_wiz_0 rise edge)
                                                      0.000     0.000 r  
    BUFGCE_X1Y24         BUFGCE                       0.000     0.000 r  sys_clk_BUFGCE_inst/O
                         net (fo=1, routed)           1.010     1.010    clk_wiz_0_inst/inst/clk_in1
    MMCME3_ADV_X1Y1      MMCME3_ADV (Prop_MMCME3_ADV_CLKIN1_CLKOUT0)
                                                     -0.121     0.889 r  clk_wiz_0_inst/inst/mmcme3_adv_inst/CLKOUT0
                         net (fo=1, routed)           0.437     1.326    clk_wiz_0_inst/inst/clk_out1_clk_wiz_0
    BUFGCE_X1Y25         BUFGCE (Prop_BUFCE_BUFGCE_I_O)
                                                      0.083     1.409 r  clk_wiz_0_inst/inst/clkout1_buf/O
    X1Y2 (CLOCK_ROOT)    net (fo=1528, routed)        2.533     3.942    u_ila_0/inst/ila_core_inst/u_ila_cap_ctrl/u_cap_addrgen/u_cap_sample_counter/U_SCRST/CFG_CLK_I
    SLICE_X67Y174        SRLC32E                                      r  u_ila_0/inst/ila_core_inst/u_ila_cap_ctrl/u_cap_addrgen/u_cap_sample_counter/U_SCRST/I_YESLUT6.U_SRL32_B/CLK
  -------------------------------------------------------------------    -------------------
    SLICE_X67Y174        SRLC32E (Prop_B6LUT_SLICEM_CLK_Q)
                                                      0.547     4.489 r  u_ila_0/inst/ila_core_inst/u_ila_cap_ctrl/u_cap_addrgen/u_cap_sample_counter/U_SCRST/I_YESLUT6.U_SRL32_B/Q
                         net (fo=1, routed)           0.129     4.618    u_ila_0/inst/ila_core_inst/u_ila_cap_ctrl/u_cap_addrgen/u_cap_sample_counter/U_SCRST/I_YESLUT6.SRL_Q_0
    SLICE_X67Y174        LUT3 (Prop_H5LUT_SLICEM_I2_O)
                                                      0.138     4.756 r  u_ila_0/inst/ila_core_inst/u_ila_cap_ctrl/u_cap_addrgen/u_cap_sample_counter/U_SCRST/O_INST_0/O
                         net (fo=10, routed)          0.667     5.423    u_ila_0/inst/ila_core_inst/u_ila_cap_ctrl/u_cap_addrgen/u_cap_sample_counter/U_SCRST_n_1
    SLICE_X63Y176        FDRE                                         r  u_ila_0/inst/ila_core_inst/u_ila_cap_ctrl/u_cap_addrgen/u_cap_sample_counter/iscnt_reg[7]/R
  -------------------------------------------------------------------    -------------------

                         (clock clk_out1_clk_wiz_0 rise edge)
                                                      0.000     0.000 r  
    BUFGCE_X1Y24         BUFGCE                       0.000     0.000 r  sys_clk_BUFGCE_inst/O
                         net (fo=1, routed)           0.923     0.923    clk_wiz_0_inst/inst/clk_in1
    MMCME3_ADV_X1Y1      MMCME3_ADV (Prop_MMCME3_ADV_CLKIN1_CLKOUT0)
                                                      0.445     1.368 r  clk_wiz_0_inst/inst/mmcme3_adv_inst/CLKOUT0
                         net (fo=1, routed)           0.372     1.740    clk_wiz_0_inst/inst/clk_out1_clk_wiz_0
    BUFGCE_X1Y25         BUFGCE (Prop_BUFCE_BUFGCE_I_O)
                                                      0.075     1.815 r  clk_wiz_0_inst/inst/clkout1_buf/O
    X1Y2 (CLOCK_ROOT)    net (fo=1528, routed)        2.247     4.062    u_ila_0/inst/ila_core_inst/u_ila_cap_ctrl/u_cap_addrgen/u_cap_sample_counter/DESIGN_CLK_I
    SLICE_X63Y176        FDRE                                         r  u_ila_0/inst/ila_core_inst/u_ila_cap_ctrl/u_cap_addrgen/u_cap_sample_counter/iscnt_reg[7]/C

Slack:                    inf
  Source:                 u_ila_0/inst/ila_core_inst/u_ila_cap_ctrl/u_cap_addrgen/u_cap_sample_counter/U_SCRST/I_YESLUT6.U_SRL32_B/CLK
                            (rising edge-triggered cell SRLC32E clocked by clk_out1_clk_wiz_0  {rise@0.000ns fall@1.600ns period=3.200ns})
  Destination:            u_ila_0/inst/ila_core_inst/u_ila_cap_ctrl/u_cap_addrgen/u_cap_sample_counter/iscnt_reg[0]/R
                            (rising edge-triggered cell FDRE clocked by clk_out1_clk_wiz_0  {rise@0.000ns fall@1.600ns period=3.200ns})
  Path Group:             (none)
  Path Type:              Setup (Max at Slow Process Corner)
  Data Path Delay:        1.432ns  (logic 0.685ns (47.835%)  route 0.747ns (52.165%))
  Logic Levels:           1  (LUT3=1)
  Clock Path Skew:        0.132ns (DCD - SCD + CPR)
    Destination Clock Delay (DCD):    4.074ns
    Source Clock Delay      (SCD):    3.942ns
    Clock Pessimism Removal (CPR):    0.000ns
  Clock Uncertainty:      0.095ns  ((TSJ^2 + DJ^2)^1/2) / 2 + PE
    Total System Jitter     (TSJ):    0.071ns
    Discrete Jitter          (DJ):    0.176ns
    Phase Error              (PE):    0.000ns
  Clock Net Delay (Source):      2.533ns (routing 0.921ns, distribution 1.612ns)
  Clock Net Delay (Destination): 2.259ns (routing 0.846ns, distribution 1.413ns)
  Timing Exception:       False Path

    Location             Delay type                Incr(ns)  Path(ns)    Netlist Resource(s)
  -------------------------------------------------------------------    -------------------
                         (clock clk_out1_clk_wiz_0 rise edge)
                                                      0.000     0.000 r  
    BUFGCE_X1Y24         BUFGCE                       0.000     0.000 r  sys_clk_BUFGCE_inst/O
                         net (fo=1, routed)           1.010     1.010    clk_wiz_0_inst/inst/clk_in1
    MMCME3_ADV_X1Y1      MMCME3_ADV (Prop_MMCME3_ADV_CLKIN1_CLKOUT0)
                                                     -0.121     0.889 r  clk_wiz_0_inst/inst/mmcme3_adv_inst/CLKOUT0
                         net (fo=1, routed)           0.437     1.326    clk_wiz_0_inst/inst/clk_out1_clk_wiz_0
    BUFGCE_X1Y25         BUFGCE (Prop_BUFCE_BUFGCE_I_O)
                                                      0.083     1.409 r  clk_wiz_0_inst/inst/clkout1_buf/O
    X1Y2 (CLOCK_ROOT)    net (fo=1528, routed)        2.533     3.942    u_ila_0/inst/ila_core_inst/u_ila_cap_ctrl/u_cap_addrgen/u_cap_sample_counter/U_SCRST/CFG_CLK_I
    SLICE_X67Y174        SRLC32E                                      r  u_ila_0/inst/ila_core_inst/u_ila_cap_ctrl/u_cap_addrgen/u_cap_sample_counter/U_SCRST/I_YESLUT6.U_SRL32_B/CLK
  -------------------------------------------------------------------    -------------------
    SLICE_X67Y174        SRLC32E (Prop_B6LUT_SLICEM_CLK_Q)
                                                      0.547     4.489 r  u_ila_0/inst/ila_core_inst/u_ila_cap_ctrl/u_cap_addrgen/u_cap_sample_counter/U_SCRST/I_YESLUT6.U_SRL32_B/Q
                         net (fo=1, routed)           0.129     4.618    u_ila_0/inst/ila_core_inst/u_ila_cap_ctrl/u_cap_addrgen/u_cap_sample_counter/U_SCRST/I_YESLUT6.SRL_Q_0
    SLICE_X67Y174        LUT3 (Prop_H5LUT_SLICEM_I2_O)
                                                      0.138     4.756 r  u_ila_0/inst/ila_core_inst/u_ila_cap_ctrl/u_cap_addrgen/u_cap_sample_counter/U_SCRST/O_INST_0/O
                         net (fo=10, routed)          0.618     5.374    u_ila_0/inst/ila_core_inst/u_ila_cap_ctrl/u_cap_addrgen/u_cap_sample_counter/U_SCRST_n_1
    SLICE_X66Y175        FDRE                                         r  u_ila_0/inst/ila_core_inst/u_ila_cap_ctrl/u_cap_addrgen/u_cap_sample_counter/iscnt_reg[0]/R
  -------------------------------------------------------------------    -------------------

                         (clock clk_out1_clk_wiz_0 rise edge)
                                                      0.000     0.000 r  
    BUFGCE_X1Y24         BUFGCE                       0.000     0.000 r  sys_clk_BUFGCE_inst/O
                         net (fo=1, routed)           0.923     0.923    clk_wiz_0_inst/inst/clk_in1
    MMCME3_ADV_X1Y1      MMCME3_ADV (Prop_MMCME3_ADV_CLKIN1_CLKOUT0)
                                                      0.445     1.368 r  clk_wiz_0_inst/inst/mmcme3_adv_inst/CLKOUT0
                         net (fo=1, routed)           0.372     1.740    clk_wiz_0_inst/inst/clk_out1_clk_wiz_0
    BUFGCE_X1Y25         BUFGCE (Prop_BUFCE_BUFGCE_I_O)
                                                      0.075     1.815 r  clk_wiz_0_inst/inst/clkout1_buf/O
    X1Y2 (CLOCK_ROOT)    net (fo=1528, routed)        2.259     4.074    u_ila_0/inst/ila_core_inst/u_ila_cap_ctrl/u_cap_addrgen/u_cap_sample_counter/DESIGN_CLK_I
    SLICE_X66Y175        FDRE                                         r  u_ila_0/inst/ila_core_inst/u_ila_cap_ctrl/u_cap_addrgen/u_cap_sample_counter/iscnt_reg[0]/C

Slack:                    inf
  Source:                 u_ila_0/inst/ila_core_inst/u_ila_cap_ctrl/u_cap_addrgen/U_CMPRESET/I_YESLUT6.U_SRL32_A/CLK
                            (rising edge-triggered cell SRLC32E clocked by clk_out1_clk_wiz_0  {rise@0.000ns fall@1.600ns period=3.200ns})
  Destination:            u_ila_0/inst/ila_core_inst/u_ila_cap_ctrl/u_cap_addrgen/u_cap_window_counter/u_wcnt_hcmp_q/R
                            (rising edge-triggered cell FDRE clocked by clk_out1_clk_wiz_0  {rise@0.000ns fall@1.600ns period=3.200ns})
  Path Group:             (none)
  Path Type:              Setup (Max at Slow Process Corner)
  Data Path Delay:        1.392ns  (logic 0.725ns (52.083%)  route 0.667ns (47.917%))
  Logic Levels:           1  (LUT3=1)
  Clock Path Skew:        0.112ns (DCD - SCD + CPR)
    Destination Clock Delay (DCD):    4.080ns
    Source Clock Delay      (SCD):    3.968ns
    Clock Pessimism Removal (CPR):    0.000ns
  Clock Uncertainty:      0.095ns  ((TSJ^2 + DJ^2)^1/2) / 2 + PE
    Total System Jitter     (TSJ):    0.071ns
    Discrete Jitter          (DJ):    0.176ns
    Phase Error              (PE):    0.000ns
  Clock Net Delay (Source):      2.559ns (routing 0.921ns, distribution 1.638ns)
  Clock Net Delay (Destination): 2.265ns (routing 0.846ns, distribution 1.419ns)
  Timing Exception:       False Path

    Location             Delay type                Incr(ns)  Path(ns)    Netlist Resource(s)
  -------------------------------------------------------------------    -------------------
                         (clock clk_out1_clk_wiz_0 rise edge)
                                                      0.000     0.000 r  
    BUFGCE_X1Y24         BUFGCE                       0.000     0.000 r  sys_clk_BUFGCE_inst/O
                         net (fo=1, routed)           1.010     1.010    clk_wiz_0_inst/inst/clk_in1
    MMCME3_ADV_X1Y1      MMCME3_ADV (Prop_MMCME3_ADV_CLKIN1_CLKOUT0)
                                                     -0.121     0.889 r  clk_wiz_0_inst/inst/mmcme3_adv_inst/CLKOUT0
                         net (fo=1, routed)           0.437     1.326    clk_wiz_0_inst/inst/clk_out1_clk_wiz_0
    BUFGCE_X1Y25         BUFGCE (Prop_BUFCE_BUFGCE_I_O)
                                                      0.083     1.409 r  clk_wiz_0_inst/inst/clkout1_buf/O
    X1Y2 (CLOCK_ROOT)    net (fo=1528, routed)        2.559     3.968    u_ila_0/inst/ila_core_inst/u_ila_cap_ctrl/u_cap_addrgen/U_CMPRESET/CFG_CLK_I
    SLICE_X67Y173        SRLC32E                                      r  u_ila_0/inst/ila_core_inst/u_ila_cap_ctrl/u_cap_addrgen/U_CMPRESET/I_YESLUT6.U_SRL32_A/CLK
  -------------------------------------------------------------------    -------------------
    SLICE_X67Y173        SRLC32E (Prop_A6LUT_SLICEM_CLK_Q)
                                                      0.548     4.516 r  u_ila_0/inst/ila_core_inst/u_ila_cap_ctrl/u_cap_addrgen/U_CMPRESET/I_YESLUT6.U_SRL32_A/Q
                         net (fo=1, routed)           0.218     4.734    u_ila_0/inst/ila_core_inst/u_ila_cap_ctrl/u_cap_addrgen/U_CMPRESET/I_YESLUT6.SRL_Q_1
    SLICE_X67Y174        LUT3 (Prop_H6LUT_SLICEM_I0_O)
                                                      0.177     4.911 r  u_ila_0/inst/ila_core_inst/u_ila_cap_ctrl/u_cap_addrgen/U_CMPRESET/O_INST_0/O
                         net (fo=3, routed)           0.449     5.360    u_ila_0/inst/ila_core_inst/u_ila_cap_ctrl/u_cap_addrgen/u_cap_window_counter/O
    SLICE_X67Y173        FDRE                                         r  u_ila_0/inst/ila_core_inst/u_ila_cap_ctrl/u_cap_addrgen/u_cap_window_counter/u_wcnt_hcmp_q/R
  -------------------------------------------------------------------    -------------------

                         (clock clk_out1_clk_wiz_0 rise edge)
                                                      0.000     0.000 r  
    BUFGCE_X1Y24         BUFGCE                       0.000     0.000 r  sys_clk_BUFGCE_inst/O
                         net (fo=1, routed)           0.923     0.923    clk_wiz_0_inst/inst/clk_in1
    MMCME3_ADV_X1Y1      MMCME3_ADV (Prop_MMCME3_ADV_CLKIN1_CLKOUT0)
                                                      0.445     1.368 r  clk_wiz_0_inst/inst/mmcme3_adv_inst/CLKOUT0
                         net (fo=1, routed)           0.372     1.740    clk_wiz_0_inst/inst/clk_out1_clk_wiz_0
    BUFGCE_X1Y25         BUFGCE (Prop_BUFCE_BUFGCE_I_O)
                                                      0.075     1.815 r  clk_wiz_0_inst/inst/clkout1_buf/O
    X1Y2 (CLOCK_ROOT)    net (fo=1528, routed)        2.265     4.080    u_ila_0/inst/ila_core_inst/u_ila_cap_ctrl/u_cap_addrgen/u_cap_window_counter/DESIGN_CLK_I
    SLICE_X67Y173        FDRE                                         r  u_ila_0/inst/ila_core_inst/u_ila_cap_ctrl/u_cap_addrgen/u_cap_window_counter/u_wcnt_hcmp_q/C

Slack:                    inf
  Source:                 u_ila_0/inst/ila_core_inst/u_ila_cap_ctrl/u_cap_addrgen/u_cap_sample_counter/U_SCRST/I_YESLUT6.U_SRL32_B/CLK
                            (rising edge-triggered cell SRLC32E clocked by clk_out1_clk_wiz_0  {rise@0.000ns fall@1.600ns period=3.200ns})
  Destination:            u_ila_0/inst/ila_core_inst/u_ila_cap_ctrl/u_cap_addrgen/u_cap_sample_counter/iscnt_reg[1]/R
                            (rising edge-triggered cell FDRE clocked by clk_out1_clk_wiz_0  {rise@0.000ns fall@1.600ns period=3.200ns})
  Path Group:             (none)
  Path Type:              Setup (Max at Slow Process Corner)
  Data Path Delay:        1.416ns  (logic 0.685ns (48.376%)  route 0.731ns (51.624%))
  Logic Levels:           1  (LUT3=1)
  Clock Path Skew:        0.121ns (DCD - SCD + CPR)
    Destination Clock Delay (DCD):    4.063ns
    Source Clock Delay      (SCD):    3.942ns
    Clock Pessimism Removal (CPR):    0.000ns
  Clock Uncertainty:      0.095ns  ((TSJ^2 + DJ^2)^1/2) / 2 + PE
    Total System Jitter     (TSJ):    0.071ns
    Discrete Jitter          (DJ):    0.176ns
    Phase Error              (PE):    0.000ns
  Clock Net Delay (Source):      2.533ns (routing 0.921ns, distribution 1.612ns)
  Clock Net Delay (Destination): 2.248ns (routing 0.846ns, distribution 1.402ns)
  Timing Exception:       False Path

    Location             Delay type                Incr(ns)  Path(ns)    Netlist Resource(s)
  -------------------------------------------------------------------    -------------------
                         (clock clk_out1_clk_wiz_0 rise edge)
                                                      0.000     0.000 r  
    BUFGCE_X1Y24         BUFGCE                       0.000     0.000 r  sys_clk_BUFGCE_inst/O
                         net (fo=1, routed)           1.010     1.010    clk_wiz_0_inst/inst/clk_in1
    MMCME3_ADV_X1Y1      MMCME3_ADV (Prop_MMCME3_ADV_CLKIN1_CLKOUT0)
                                                     -0.121     0.889 r  clk_wiz_0_inst/inst/mmcme3_adv_inst/CLKOUT0
                         net (fo=1, routed)           0.437     1.326    clk_wiz_0_inst/inst/clk_out1_clk_wiz_0
    BUFGCE_X1Y25         BUFGCE (Prop_BUFCE_BUFGCE_I_O)
                                                      0.083     1.409 r  clk_wiz_0_inst/inst/clkout1_buf/O
    X1Y2 (CLOCK_ROOT)    net (fo=1528, routed)        2.533     3.942    u_ila_0/inst/ila_core_inst/u_ila_cap_ctrl/u_cap_addrgen/u_cap_sample_counter/U_SCRST/CFG_CLK_I
    SLICE_X67Y174        SRLC32E                                      r  u_ila_0/inst/ila_core_inst/u_ila_cap_ctrl/u_cap_addrgen/u_cap_sample_counter/U_SCRST/I_YESLUT6.U_SRL32_B/CLK
  -------------------------------------------------------------------    -------------------
    SLICE_X67Y174        SRLC32E (Prop_B6LUT_SLICEM_CLK_Q)
                                                      0.547     4.489 r  u_ila_0/inst/ila_core_inst/u_ila_cap_ctrl/u_cap_addrgen/u_cap_sample_counter/U_SCRST/I_YESLUT6.U_SRL32_B/Q
                         net (fo=1, routed)           0.129     4.618    u_ila_0/inst/ila_core_inst/u_ila_cap_ctrl/u_cap_addrgen/u_cap_sample_counter/U_SCRST/I_YESLUT6.SRL_Q_0
    SLICE_X67Y174        LUT3 (Prop_H5LUT_SLICEM_I2_O)
                                                      0.138     4.756 r  u_ila_0/inst/ila_core_inst/u_ila_cap_ctrl/u_cap_addrgen/u_cap_sample_counter/U_SCRST/O_INST_0/O
                         net (fo=10, routed)          0.602     5.358    u_ila_0/inst/ila_core_inst/u_ila_cap_ctrl/u_cap_addrgen/u_cap_sample_counter/U_SCRST_n_1
    SLICE_X64Y176        FDRE                                         r  u_ila_0/inst/ila_core_inst/u_ila_cap_ctrl/u_cap_addrgen/u_cap_sample_counter/iscnt_reg[1]/R
  -------------------------------------------------------------------    -------------------

                         (clock clk_out1_clk_wiz_0 rise edge)
                                                      0.000     0.000 r  
    BUFGCE_X1Y24         BUFGCE                       0.000     0.000 r  sys_clk_BUFGCE_inst/O
                         net (fo=1, routed)           0.923     0.923    clk_wiz_0_inst/inst/clk_in1
    MMCME3_ADV_X1Y1      MMCME3_ADV (Prop_MMCME3_ADV_CLKIN1_CLKOUT0)
                                                      0.445     1.368 r  clk_wiz_0_inst/inst/mmcme3_adv_inst/CLKOUT0
                         net (fo=1, routed)           0.372     1.740    clk_wiz_0_inst/inst/clk_out1_clk_wiz_0
    BUFGCE_X1Y25         BUFGCE (Prop_BUFCE_BUFGCE_I_O)
                                                      0.075     1.815 r  clk_wiz_0_inst/inst/clkout1_buf/O
    X1Y2 (CLOCK_ROOT)    net (fo=1528, routed)        2.248     4.063    u_ila_0/inst/ila_core_inst/u_ila_cap_ctrl/u_cap_addrgen/u_cap_sample_counter/DESIGN_CLK_I
    SLICE_X64Y176        FDRE                                         r  u_ila_0/inst/ila_core_inst/u_ila_cap_ctrl/u_cap_addrgen/u_cap_sample_counter/iscnt_reg[1]/C





Min Delay Paths
--------------------------------------------------------------------------------------
Slack:                    inf
  Source:                 u_ila_0/inst/ila_core_inst/u_ila_regs/reg_1a/I_EN_CTL_EQ1.U_CTL/xsdb_reg_reg[3]/C
                            (rising edge-triggered cell FDRE clocked by clk_out1_clk_wiz_0  {rise@0.000ns fall@1.600ns period=3.200ns})
  Destination:            u_ila_0/inst/ila_core_inst/en_adv_trigger_2_reg/D
                            (rising edge-triggered cell FDRE clocked by clk_out1_clk_wiz_0  {rise@0.000ns fall@1.600ns period=3.200ns})
  Path Group:             (none)
  Path Type:              Hold (Min at Fast Process Corner)
  Data Path Delay:        0.149ns  (logic 0.048ns (32.215%)  route 0.101ns (67.785%))
  Logic Levels:           0  
  Clock Path Skew:        -0.186ns (DCD - SCD - CPR)
    Destination Clock Delay (DCD):    1.843ns
    Source Clock Delay      (SCD):    2.029ns
    Clock Pessimism Removal (CPR):    -0.000ns
  Clock Uncertainty:      0.095ns  ((TSJ^2 + DJ^2)^1/2) / 2 + PE
    Total System Jitter     (TSJ):    0.071ns
    Discrete Jitter          (DJ):    0.176ns
    Phase Error              (PE):    0.000ns
  Clock Net Delay (Source):      1.161ns (routing 0.449ns, distribution 0.712ns)
  Clock Net Delay (Destination): 1.353ns (routing 0.499ns, distribution 0.854ns)
  Timing Exception:       False Path

    Location             Delay type                Incr(ns)  Path(ns)    Netlist Resource(s)
  -------------------------------------------------------------------    -------------------
                         (clock clk_out1_clk_wiz_0 rise edge)
                                                      0.000     0.000 r  
    BUFGCE_X1Y24         BUFGCE                       0.000     0.000 r  sys_clk_BUFGCE_inst/O
                         net (fo=1, routed)           0.404     0.404    clk_wiz_0_inst/inst/clk_in1
    MMCME3_ADV_X1Y1      MMCME3_ADV (Prop_MMCME3_ADV_CLKIN1_CLKOUT0)
                                                      0.270     0.674 r  clk_wiz_0_inst/inst/mmcme3_adv_inst/CLKOUT0
                         net (fo=1, routed)           0.167     0.841    clk_wiz_0_inst/inst/clk_out1_clk_wiz_0
    BUFGCE_X1Y25         BUFGCE (Prop_BUFCE_BUFGCE_I_O)
                                                      0.027     0.868 r  clk_wiz_0_inst/inst/clkout1_buf/O
    X1Y2 (CLOCK_ROOT)    net (fo=1528, routed)        1.161     2.029    u_ila_0/inst/ila_core_inst/u_ila_regs/reg_1a/I_EN_CTL_EQ1.U_CTL/s_dclk_i
    SLICE_X69Y172        FDRE                                         r  u_ila_0/inst/ila_core_inst/u_ila_regs/reg_1a/I_EN_CTL_EQ1.U_CTL/xsdb_reg_reg[3]/C
  -------------------------------------------------------------------    -------------------
    SLICE_X69Y172        FDRE (Prop_CFF_SLICEL_C_Q)
                                                      0.048     2.077 r  u_ila_0/inst/ila_core_inst/u_ila_regs/reg_1a/I_EN_CTL_EQ1.U_CTL/xsdb_reg_reg[3]/Q
                         net (fo=2, routed)           0.101     2.178    u_ila_0/inst/ila_core_inst/en_adv_trigger_1
    SLICE_X69Y174        FDRE                                         r  u_ila_0/inst/ila_core_inst/en_adv_trigger_2_reg/D
  -------------------------------------------------------------------    -------------------

                         (clock clk_out1_clk_wiz_0 rise edge)
                                                      0.000     0.000 r  
    BUFGCE_X1Y24         BUFGCE                       0.000     0.000 r  sys_clk_BUFGCE_inst/O
                         net (fo=1, routed)           0.457     0.457    clk_wiz_0_inst/inst/clk_in1
    MMCME3_ADV_X1Y1      MMCME3_ADV (Prop_MMCME3_ADV_CLKIN1_CLKOUT0)
                                                     -0.207     0.250 r  clk_wiz_0_inst/inst/mmcme3_adv_inst/CLKOUT0
                         net (fo=1, routed)           0.209     0.459    clk_wiz_0_inst/inst/clk_out1_clk_wiz_0
    BUFGCE_X1Y25         BUFGCE (Prop_BUFCE_BUFGCE_I_O)
                                                      0.031     0.490 r  clk_wiz_0_inst/inst/clkout1_buf/O
    X1Y2 (CLOCK_ROOT)    net (fo=1528, routed)        1.353     1.843    u_ila_0/inst/ila_core_inst/DESIGN_CLK_I
    SLICE_X69Y174        FDRE                                         r  u_ila_0/inst/ila_core_inst/en_adv_trigger_2_reg/C

Slack:                    inf
  Source:                 u_ila_0/inst/ila_core_inst/u_ila_cap_ctrl/u_cap_addrgen/i_o_to_64k.cfg_data_vec_reg[6]/C
                            (rising edge-triggered cell FDRE clocked by clk_out1_clk_wiz_0  {rise@0.000ns fall@1.600ns period=3.200ns})
  Destination:            u_ila_0/inst/ila_core_inst/u_ila_cap_ctrl/u_cap_addrgen/cfg_data_vec_sync1_reg[6]/D
                            (rising edge-triggered cell FDRE clocked by clk_out1_clk_wiz_0  {rise@0.000ns fall@1.600ns period=3.200ns})
  Path Group:             (none)
  Path Type:              Hold (Min at Fast Process Corner)
  Data Path Delay:        0.171ns  (logic 0.049ns (28.655%)  route 0.122ns (71.345%))
  Logic Levels:           0  
  Clock Path Skew:        -0.185ns (DCD - SCD - CPR)
    Destination Clock Delay (DCD):    1.833ns
    Source Clock Delay      (SCD):    2.018ns
    Clock Pessimism Removal (CPR):    -0.000ns
  Clock Uncertainty:      0.095ns  ((TSJ^2 + DJ^2)^1/2) / 2 + PE
    Total System Jitter     (TSJ):    0.071ns
    Discrete Jitter          (DJ):    0.176ns
    Phase Error              (PE):    0.000ns
  Clock Net Delay (Source):      1.150ns (routing 0.449ns, distribution 0.701ns)
  Clock Net Delay (Destination): 1.343ns (routing 0.499ns, distribution 0.844ns)
  Timing Exception:       False Path

    Location             Delay type                Incr(ns)  Path(ns)    Netlist Resource(s)
  -------------------------------------------------------------------    -------------------
                         (clock clk_out1_clk_wiz_0 rise edge)
                                                      0.000     0.000 r  
    BUFGCE_X1Y24         BUFGCE                       0.000     0.000 r  sys_clk_BUFGCE_inst/O
                         net (fo=1, routed)           0.404     0.404    clk_wiz_0_inst/inst/clk_in1
    MMCME3_ADV_X1Y1      MMCME3_ADV (Prop_MMCME3_ADV_CLKIN1_CLKOUT0)
                                                      0.270     0.674 r  clk_wiz_0_inst/inst/mmcme3_adv_inst/CLKOUT0
                         net (fo=1, routed)           0.167     0.841    clk_wiz_0_inst/inst/clk_out1_clk_wiz_0
    BUFGCE_X1Y25         BUFGCE (Prop_BUFCE_BUFGCE_I_O)
                                                      0.027     0.868 r  clk_wiz_0_inst/inst/clkout1_buf/O
    X1Y2 (CLOCK_ROOT)    net (fo=1528, routed)        1.150     2.018    u_ila_0/inst/ila_core_inst/u_ila_cap_ctrl/u_cap_addrgen/s_dclk_o
    SLICE_X63Y177        FDRE                                         r  u_ila_0/inst/ila_core_inst/u_ila_cap_ctrl/u_cap_addrgen/i_o_to_64k.cfg_data_vec_reg[6]/C
  -------------------------------------------------------------------    -------------------
    SLICE_X63Y177        FDRE (Prop_EFF_SLICEL_C_Q)
                                                      0.049     2.067 r  u_ila_0/inst/ila_core_inst/u_ila_cap_ctrl/u_cap_addrgen/i_o_to_64k.cfg_data_vec_reg[6]/Q
                         net (fo=2, routed)           0.122     2.189    u_ila_0/inst/ila_core_inst/u_ila_cap_ctrl/u_cap_addrgen/cfg_data_vec[6]
    SLICE_X63Y177        FDRE                                         r  u_ila_0/inst/ila_core_inst/u_ila_cap_ctrl/u_cap_addrgen/cfg_data_vec_sync1_reg[6]/D
  -------------------------------------------------------------------    -------------------

                         (clock clk_out1_clk_wiz_0 rise edge)
                                                      0.000     0.000 r  
    BUFGCE_X1Y24         BUFGCE                       0.000     0.000 r  sys_clk_BUFGCE_inst/O
                         net (fo=1, routed)           0.457     0.457    clk_wiz_0_inst/inst/clk_in1
    MMCME3_ADV_X1Y1      MMCME3_ADV (Prop_MMCME3_ADV_CLKIN1_CLKOUT0)
                                                     -0.207     0.250 r  clk_wiz_0_inst/inst/mmcme3_adv_inst/CLKOUT0
                         net (fo=1, routed)           0.209     0.459    clk_wiz_0_inst/inst/clk_out1_clk_wiz_0
    BUFGCE_X1Y25         BUFGCE (Prop_BUFCE_BUFGCE_I_O)
                                                      0.031     0.490 r  clk_wiz_0_inst/inst/clkout1_buf/O
    X1Y2 (CLOCK_ROOT)    net (fo=1528, routed)        1.343     1.833    u_ila_0/inst/ila_core_inst/u_ila_cap_ctrl/u_cap_addrgen/DESIGN_CLK_I
    SLICE_X63Y177        FDRE                                         r  u_ila_0/inst/ila_core_inst/u_ila_cap_ctrl/u_cap_addrgen/cfg_data_vec_sync1_reg[6]/C

Slack:                    inf
  Source:                 u_ila_0/inst/ila_core_inst/u_ila_cap_ctrl/u_cap_addrgen/captured_samples_reg[2]/C
                            (rising edge-triggered cell FDRE clocked by clk_out1_clk_wiz_0  {rise@0.000ns fall@1.600ns period=3.200ns})
  Destination:            u_ila_0/inst/ila_core_inst/u_ila_regs/reg_9/I_EN_STAT_EQ1.U_STAT/xsdb_reg_reg[2]/D
                            (rising edge-triggered cell FDRE clocked by clk_out1_clk_wiz_0  {rise@0.000ns fall@1.600ns period=3.200ns})
  Path Group:             (none)
  Path Type:              Hold (Min at Fast Process Corner)
  Data Path Delay:        0.163ns  (logic 0.048ns (29.448%)  route 0.115ns (70.552%))
  Logic Levels:           0  
  Clock Path Skew:        -0.166ns (DCD - SCD - CPR)
    Destination Clock Delay (DCD):    1.860ns
    Source Clock Delay      (SCD):    2.026ns
    Clock Pessimism Removal (CPR):    -0.000ns
  Clock Uncertainty:      0.095ns  ((TSJ^2 + DJ^2)^1/2) / 2 + PE
    Total System Jitter     (TSJ):    0.071ns
    Discrete Jitter          (DJ):    0.176ns
    Phase Error              (PE):    0.000ns
  Clock Net Delay (Source):      1.158ns (routing 0.449ns, distribution 0.709ns)
  Clock Net Delay (Destination): 1.370ns (routing 0.499ns, distribution 0.871ns)
  Timing Exception:       False Path

    Location             Delay type                Incr(ns)  Path(ns)    Netlist Resource(s)
  -------------------------------------------------------------------    -------------------
                         (clock clk_out1_clk_wiz_0 rise edge)
                                                      0.000     0.000 r  
    BUFGCE_X1Y24         BUFGCE                       0.000     0.000 r  sys_clk_BUFGCE_inst/O
                         net (fo=1, routed)           0.404     0.404    clk_wiz_0_inst/inst/clk_in1
    MMCME3_ADV_X1Y1      MMCME3_ADV (Prop_MMCME3_ADV_CLKIN1_CLKOUT0)
                                                      0.270     0.674 r  clk_wiz_0_inst/inst/mmcme3_adv_inst/CLKOUT0
                         net (fo=1, routed)           0.167     0.841    clk_wiz_0_inst/inst/clk_out1_clk_wiz_0
    BUFGCE_X1Y25         BUFGCE (Prop_BUFCE_BUFGCE_I_O)
                                                      0.027     0.868 r  clk_wiz_0_inst/inst/clkout1_buf/O
    X1Y2 (CLOCK_ROOT)    net (fo=1528, routed)        1.158     2.026    u_ila_0/inst/ila_core_inst/u_ila_cap_ctrl/u_cap_addrgen/DESIGN_CLK_I
    SLICE_X66Y175        FDRE                                         r  u_ila_0/inst/ila_core_inst/u_ila_cap_ctrl/u_cap_addrgen/captured_samples_reg[2]/C
  -------------------------------------------------------------------    -------------------
    SLICE_X66Y175        FDRE (Prop_GFF_SLICEL_C_Q)
                                                      0.048     2.074 r  u_ila_0/inst/ila_core_inst/u_ila_cap_ctrl/u_cap_addrgen/captured_samples_reg[2]/Q
                         net (fo=1, routed)           0.115     2.189    u_ila_0/inst/ila_core_inst/u_ila_regs/reg_9/I_EN_STAT_EQ1.U_STAT/din_i[2]
    SLICE_X68Y175        FDRE                                         r  u_ila_0/inst/ila_core_inst/u_ila_regs/reg_9/I_EN_STAT_EQ1.U_STAT/xsdb_reg_reg[2]/D
  -------------------------------------------------------------------    -------------------

                         (clock clk_out1_clk_wiz_0 rise edge)
                                                      0.000     0.000 r  
    BUFGCE_X1Y24         BUFGCE                       0.000     0.000 r  sys_clk_BUFGCE_inst/O
                         net (fo=1, routed)           0.457     0.457    clk_wiz_0_inst/inst/clk_in1
    MMCME3_ADV_X1Y1      MMCME3_ADV (Prop_MMCME3_ADV_CLKIN1_CLKOUT0)
                                                     -0.207     0.250 r  clk_wiz_0_inst/inst/mmcme3_adv_inst/CLKOUT0
                         net (fo=1, routed)           0.209     0.459    clk_wiz_0_inst/inst/clk_out1_clk_wiz_0
    BUFGCE_X1Y25         BUFGCE (Prop_BUFCE_BUFGCE_I_O)
                                                      0.031     0.490 r  clk_wiz_0_inst/inst/clkout1_buf/O
    X1Y2 (CLOCK_ROOT)    net (fo=1528, routed)        1.370     1.860    u_ila_0/inst/ila_core_inst/u_ila_regs/reg_9/I_EN_STAT_EQ1.U_STAT/s_dclk_i
    SLICE_X68Y175        FDRE                                         r  u_ila_0/inst/ila_core_inst/u_ila_regs/reg_9/I_EN_STAT_EQ1.U_STAT/xsdb_reg_reg[2]/C

Slack:                    inf
  Source:                 u_ila_0/inst/ila_core_inst/u_ila_cap_ctrl/u_cap_addrgen/i_o_to_64k.cfg_data_vec_reg[5]/C
                            (rising edge-triggered cell FDRE clocked by clk_out1_clk_wiz_0  {rise@0.000ns fall@1.600ns period=3.200ns})
  Destination:            u_ila_0/inst/ila_core_inst/u_ila_cap_ctrl/u_cap_addrgen/cfg_data_vec_sync1_reg[5]/D
                            (rising edge-triggered cell FDRE clocked by clk_out1_clk_wiz_0  {rise@0.000ns fall@1.600ns period=3.200ns})
  Path Group:             (none)
  Path Type:              Hold (Min at Fast Process Corner)
  Data Path Delay:        0.176ns  (logic 0.048ns (27.273%)  route 0.128ns (72.727%))
  Logic Levels:           0  
  Clock Path Skew:        -0.186ns (DCD - SCD - CPR)
    Destination Clock Delay (DCD):    1.832ns
    Source Clock Delay      (SCD):    2.018ns
    Clock Pessimism Removal (CPR):    -0.000ns
  Clock Uncertainty:      0.095ns  ((TSJ^2 + DJ^2)^1/2) / 2 + PE
    Total System Jitter     (TSJ):    0.071ns
    Discrete Jitter          (DJ):    0.176ns
    Phase Error              (PE):    0.000ns
  Clock Net Delay (Source):      1.150ns (routing 0.449ns, distribution 0.701ns)
  Clock Net Delay (Destination): 1.342ns (routing 0.499ns, distribution 0.843ns)
  Timing Exception:       False Path

    Location             Delay type                Incr(ns)  Path(ns)    Netlist Resource(s)
  -------------------------------------------------------------------    -------------------
                         (clock clk_out1_clk_wiz_0 rise edge)
                                                      0.000     0.000 r  
    BUFGCE_X1Y24         BUFGCE                       0.000     0.000 r  sys_clk_BUFGCE_inst/O
                         net (fo=1, routed)           0.404     0.404    clk_wiz_0_inst/inst/clk_in1
    MMCME3_ADV_X1Y1      MMCME3_ADV (Prop_MMCME3_ADV_CLKIN1_CLKOUT0)
                                                      0.270     0.674 r  clk_wiz_0_inst/inst/mmcme3_adv_inst/CLKOUT0
                         net (fo=1, routed)           0.167     0.841    clk_wiz_0_inst/inst/clk_out1_clk_wiz_0
    BUFGCE_X1Y25         BUFGCE (Prop_BUFCE_BUFGCE_I_O)
                                                      0.027     0.868 r  clk_wiz_0_inst/inst/clkout1_buf/O
    X1Y2 (CLOCK_ROOT)    net (fo=1528, routed)        1.150     2.018    u_ila_0/inst/ila_core_inst/u_ila_cap_ctrl/u_cap_addrgen/s_dclk_o
    SLICE_X63Y174        FDRE                                         r  u_ila_0/inst/ila_core_inst/u_ila_cap_ctrl/u_cap_addrgen/i_o_to_64k.cfg_data_vec_reg[5]/C
  -------------------------------------------------------------------    -------------------
    SLICE_X63Y174        FDRE (Prop_GFF_SLICEL_C_Q)
                                                      0.048     2.066 r  u_ila_0/inst/ila_core_inst/u_ila_cap_ctrl/u_cap_addrgen/i_o_to_64k.cfg_data_vec_reg[5]/Q
                         net (fo=2, routed)           0.128     2.194    u_ila_0/inst/ila_core_inst/u_ila_cap_ctrl/u_cap_addrgen/cfg_data_vec[5]
    SLICE_X63Y176        FDRE                                         r  u_ila_0/inst/ila_core_inst/u_ila_cap_ctrl/u_cap_addrgen/cfg_data_vec_sync1_reg[5]/D
  -------------------------------------------------------------------    -------------------

                         (clock clk_out1_clk_wiz_0 rise edge)
                                                      0.000     0.000 r  
    BUFGCE_X1Y24         BUFGCE                       0.000     0.000 r  sys_clk_BUFGCE_inst/O
                         net (fo=1, routed)           0.457     0.457    clk_wiz_0_inst/inst/clk_in1
    MMCME3_ADV_X1Y1      MMCME3_ADV (Prop_MMCME3_ADV_CLKIN1_CLKOUT0)
                                                     -0.207     0.250 r  clk_wiz_0_inst/inst/mmcme3_adv_inst/CLKOUT0
                         net (fo=1, routed)           0.209     0.459    clk_wiz_0_inst/inst/clk_out1_clk_wiz_0
    BUFGCE_X1Y25         BUFGCE (Prop_BUFCE_BUFGCE_I_O)
                                                      0.031     0.490 r  clk_wiz_0_inst/inst/clkout1_buf/O
    X1Y2 (CLOCK_ROOT)    net (fo=1528, routed)        1.342     1.832    u_ila_0/inst/ila_core_inst/u_ila_cap_ctrl/u_cap_addrgen/DESIGN_CLK_I
    SLICE_X63Y176        FDRE                                         r  u_ila_0/inst/ila_core_inst/u_ila_cap_ctrl/u_cap_addrgen/cfg_data_vec_sync1_reg[5]/C

Slack:                    inf
  Source:                 u_ila_0/inst/ila_core_inst/u_ila_regs/s_dclk_flag_reg/C
                            (rising edge-triggered cell FDRE clocked by clk_out1_clk_wiz_0  {rise@0.000ns fall@1.600ns period=3.200ns})
  Destination:            u_ila_0/inst/ila_core_inst/u_ila_regs/s_dclk_flag_sync1_reg/D
                            (rising edge-triggered cell FDRE clocked by clk_out1_clk_wiz_0  {rise@0.000ns fall@1.600ns period=3.200ns})
  Path Group:             (none)
  Path Type:              Hold (Min at Fast Process Corner)
  Data Path Delay:        0.143ns  (logic 0.048ns (33.566%)  route 0.095ns (66.434%))
  Logic Levels:           0  
  Clock Path Skew:        -0.192ns (DCD - SCD - CPR)
    Destination Clock Delay (DCD):    1.865ns
    Source Clock Delay      (SCD):    2.057ns
    Clock Pessimism Removal (CPR):    -0.000ns
  Clock Uncertainty:      0.095ns  ((TSJ^2 + DJ^2)^1/2) / 2 + PE
    Total System Jitter     (TSJ):    0.071ns
    Discrete Jitter          (DJ):    0.176ns
    Phase Error              (PE):    0.000ns
  Clock Net Delay (Source):      1.189ns (routing 0.449ns, distribution 0.740ns)
  Clock Net Delay (Destination): 1.375ns (routing 0.499ns, distribution 0.876ns)
  Timing Exception:       False Path

    Location             Delay type                Incr(ns)  Path(ns)    Netlist Resource(s)
  -------------------------------------------------------------------    -------------------
                         (clock clk_out1_clk_wiz_0 rise edge)
                                                      0.000     0.000 r  
    BUFGCE_X1Y24         BUFGCE                       0.000     0.000 r  sys_clk_BUFGCE_inst/O
                         net (fo=1, routed)           0.404     0.404    clk_wiz_0_inst/inst/clk_in1
    MMCME3_ADV_X1Y1      MMCME3_ADV (Prop_MMCME3_ADV_CLKIN1_CLKOUT0)
                                                      0.270     0.674 r  clk_wiz_0_inst/inst/mmcme3_adv_inst/CLKOUT0
                         net (fo=1, routed)           0.167     0.841    clk_wiz_0_inst/inst/clk_out1_clk_wiz_0
    BUFGCE_X1Y25         BUFGCE (Prop_BUFCE_BUFGCE_I_O)
                                                      0.027     0.868 r  clk_wiz_0_inst/inst/clkout1_buf/O
    X1Y2 (CLOCK_ROOT)    net (fo=1528, routed)        1.189     2.057    u_ila_0/inst/ila_core_inst/u_ila_regs/s_dclk_o
    SLICE_X68Y182        FDRE                                         r  u_ila_0/inst/ila_core_inst/u_ila_regs/s_dclk_flag_reg/C
  -------------------------------------------------------------------    -------------------
    SLICE_X68Y182        FDRE (Prop_HFF2_SLICEL_C_Q)
                                                      0.048     2.105 r  u_ila_0/inst/ila_core_inst/u_ila_regs/s_dclk_flag_reg/Q
                         net (fo=2, routed)           0.095     2.200    u_ila_0/inst/ila_core_inst/u_ila_regs/s_dclk_flag
    SLICE_X68Y183        FDRE                                         r  u_ila_0/inst/ila_core_inst/u_ila_regs/s_dclk_flag_sync1_reg/D
  -------------------------------------------------------------------    -------------------

                         (clock clk_out1_clk_wiz_0 rise edge)
                                                      0.000     0.000 r  
    BUFGCE_X1Y24         BUFGCE                       0.000     0.000 r  sys_clk_BUFGCE_inst/O
                         net (fo=1, routed)           0.457     0.457    clk_wiz_0_inst/inst/clk_in1
    MMCME3_ADV_X1Y1      MMCME3_ADV (Prop_MMCME3_ADV_CLKIN1_CLKOUT0)
                                                     -0.207     0.250 r  clk_wiz_0_inst/inst/mmcme3_adv_inst/CLKOUT0
                         net (fo=1, routed)           0.209     0.459    clk_wiz_0_inst/inst/clk_out1_clk_wiz_0
    BUFGCE_X1Y25         BUFGCE (Prop_BUFCE_BUFGCE_I_O)
                                                      0.031     0.490 r  clk_wiz_0_inst/inst/clkout1_buf/O
    X1Y2 (CLOCK_ROOT)    net (fo=1528, routed)        1.375     1.865    u_ila_0/inst/ila_core_inst/u_ila_regs/DESIGN_CLK_I
    SLICE_X68Y183        FDRE                                         r  u_ila_0/inst/ila_core_inst/u_ila_regs/s_dclk_flag_sync1_reg/C

Slack:                    inf
  Source:                 u_ila_0/inst/ila_core_inst/u_ila_reset_ctrl/asyncrounous_transfer.arm_in_transfer_inst/dout_reg1_reg/C
                            (rising edge-triggered cell FDRE clocked by clk_out1_clk_wiz_0  {rise@0.000ns fall@1.600ns period=3.200ns})
  Destination:            u_ila_0/inst/ila_core_inst/u_ila_reset_ctrl/asyncrounous_transfer.arm_in_transfer_inst/temp_reg0_reg/D
                            (rising edge-triggered cell FDRE clocked by clk_out1_clk_wiz_0  {rise@0.000ns fall@1.600ns period=3.200ns})
  Path Group:             (none)
  Path Type:              Hold (Min at Fast Process Corner)
  Data Path Delay:        0.182ns  (logic 0.049ns (26.923%)  route 0.133ns (73.077%))
  Logic Levels:           0  
  Clock Path Skew:        -0.184ns (DCD - SCD - CPR)
    Destination Clock Delay (DCD):    1.843ns
    Source Clock Delay      (SCD):    2.027ns
    Clock Pessimism Removal (CPR):    -0.000ns
  Clock Uncertainty:      0.095ns  ((TSJ^2 + DJ^2)^1/2) / 2 + PE
    Total System Jitter     (TSJ):    0.071ns
    Discrete Jitter          (DJ):    0.176ns
    Phase Error              (PE):    0.000ns
  Clock Net Delay (Source):      1.159ns (routing 0.449ns, distribution 0.710ns)
  Clock Net Delay (Destination): 1.353ns (routing 0.499ns, distribution 0.854ns)
  Timing Exception:       False Path

    Location             Delay type                Incr(ns)  Path(ns)    Netlist Resource(s)
  -------------------------------------------------------------------    -------------------
                         (clock clk_out1_clk_wiz_0 rise edge)
                                                      0.000     0.000 r  
    BUFGCE_X1Y24         BUFGCE                       0.000     0.000 r  sys_clk_BUFGCE_inst/O
                         net (fo=1, routed)           0.404     0.404    clk_wiz_0_inst/inst/clk_in1
    MMCME3_ADV_X1Y1      MMCME3_ADV (Prop_MMCME3_ADV_CLKIN1_CLKOUT0)
                                                      0.270     0.674 r  clk_wiz_0_inst/inst/mmcme3_adv_inst/CLKOUT0
                         net (fo=1, routed)           0.167     0.841    clk_wiz_0_inst/inst/clk_out1_clk_wiz_0
    BUFGCE_X1Y25         BUFGCE (Prop_BUFCE_BUFGCE_I_O)
                                                      0.027     0.868 r  clk_wiz_0_inst/inst/clkout1_buf/O
    X1Y2 (CLOCK_ROOT)    net (fo=1528, routed)        1.159     2.027    u_ila_0/inst/ila_core_inst/u_ila_reset_ctrl/asyncrounous_transfer.arm_in_transfer_inst/RCLK_I
    SLICE_X66Y171        FDRE                                         r  u_ila_0/inst/ila_core_inst/u_ila_reset_ctrl/asyncrounous_transfer.arm_in_transfer_inst/dout_reg1_reg/C
  -------------------------------------------------------------------    -------------------
    SLICE_X66Y171        FDRE (Prop_AFF2_SLICEL_C_Q)
                                                      0.049     2.076 r  u_ila_0/inst/ila_core_inst/u_ila_reset_ctrl/asyncrounous_transfer.arm_in_transfer_inst/dout_reg1_reg/Q
                         net (fo=4, routed)           0.133     2.209    u_ila_0/inst/ila_core_inst/u_ila_reset_ctrl/asyncrounous_transfer.arm_in_transfer_inst/dout_reg1
    SLICE_X66Y171        FDRE                                         r  u_ila_0/inst/ila_core_inst/u_ila_reset_ctrl/asyncrounous_transfer.arm_in_transfer_inst/temp_reg0_reg/D
  -------------------------------------------------------------------    -------------------

                         (clock clk_out1_clk_wiz_0 rise edge)
                                                      0.000     0.000 r  
    BUFGCE_X1Y24         BUFGCE                       0.000     0.000 r  sys_clk_BUFGCE_inst/O
                         net (fo=1, routed)           0.457     0.457    clk_wiz_0_inst/inst/clk_in1
    MMCME3_ADV_X1Y1      MMCME3_ADV (Prop_MMCME3_ADV_CLKIN1_CLKOUT0)
                                                     -0.207     0.250 r  clk_wiz_0_inst/inst/mmcme3_adv_inst/CLKOUT0
                         net (fo=1, routed)           0.209     0.459    clk_wiz_0_inst/inst/clk_out1_clk_wiz_0
    BUFGCE_X1Y25         BUFGCE (Prop_BUFCE_BUFGCE_I_O)
                                                      0.031     0.490 r  clk_wiz_0_inst/inst/clkout1_buf/O
    X1Y2 (CLOCK_ROOT)    net (fo=1528, routed)        1.353     1.843    u_ila_0/inst/ila_core_inst/u_ila_reset_ctrl/asyncrounous_transfer.arm_in_transfer_inst/TCLK_I
    SLICE_X66Y171        FDRE                                         r  u_ila_0/inst/ila_core_inst/u_ila_reset_ctrl/asyncrounous_transfer.arm_in_transfer_inst/temp_reg0_reg/C

Slack:                    inf
  Source:                 u_ila_0/inst/ila_core_inst/u_ila_cap_ctrl/CAP_DONE_O_reg/C
                            (rising edge-triggered cell FDRE clocked by clk_out1_clk_wiz_0  {rise@0.000ns fall@1.600ns period=3.200ns})
  Destination:            u_ila_0/inst/ila_core_inst/u_ila_regs/reg_8/I_EN_STAT_EQ1.U_STAT/xsdb_reg_reg[3]/D
                            (rising edge-triggered cell FDRE clocked by clk_out1_clk_wiz_0  {rise@0.000ns fall@1.600ns period=3.200ns})
  Path Group:             (none)
  Path Type:              Hold (Min at Fast Process Corner)
  Data Path Delay:        0.174ns  (logic 0.048ns (27.586%)  route 0.126ns (72.414%))
  Logic Levels:           0  
  Clock Path Skew:        -0.178ns (DCD - SCD - CPR)
    Destination Clock Delay (DCD):    1.860ns
    Source Clock Delay      (SCD):    2.038ns
    Clock Pessimism Removal (CPR):    -0.000ns
  Clock Uncertainty:      0.095ns  ((TSJ^2 + DJ^2)^1/2) / 2 + PE
    Total System Jitter     (TSJ):    0.071ns
    Discrete Jitter          (DJ):    0.176ns
    Phase Error              (PE):    0.000ns
  Clock Net Delay (Source):      1.170ns (routing 0.449ns, distribution 0.721ns)
  Clock Net Delay (Destination): 1.370ns (routing 0.499ns, distribution 0.871ns)
  Timing Exception:       False Path

    Location             Delay type                Incr(ns)  Path(ns)    Netlist Resource(s)
  -------------------------------------------------------------------    -------------------
                         (clock clk_out1_clk_wiz_0 rise edge)
                                                      0.000     0.000 r  
    BUFGCE_X1Y24         BUFGCE                       0.000     0.000 r  sys_clk_BUFGCE_inst/O
                         net (fo=1, routed)           0.404     0.404    clk_wiz_0_inst/inst/clk_in1
    MMCME3_ADV_X1Y1      MMCME3_ADV (Prop_MMCME3_ADV_CLKIN1_CLKOUT0)
                                                      0.270     0.674 r  clk_wiz_0_inst/inst/mmcme3_adv_inst/CLKOUT0
                         net (fo=1, routed)           0.167     0.841    clk_wiz_0_inst/inst/clk_out1_clk_wiz_0
    BUFGCE_X1Y25         BUFGCE (Prop_BUFCE_BUFGCE_I_O)
                                                      0.027     0.868 r  clk_wiz_0_inst/inst/clkout1_buf/O
    X1Y2 (CLOCK_ROOT)    net (fo=1528, routed)        1.170     2.038    u_ila_0/inst/ila_core_inst/u_ila_cap_ctrl/DESIGN_CLK_I
    SLICE_X67Y172        FDRE                                         r  u_ila_0/inst/ila_core_inst/u_ila_cap_ctrl/CAP_DONE_O_reg/C
  -------------------------------------------------------------------    -------------------
    SLICE_X67Y172        FDRE (Prop_HFF_SLICEM_C_Q)
                                                      0.048     2.086 r  u_ila_0/inst/ila_core_inst/u_ila_cap_ctrl/CAP_DONE_O_reg/Q
                         net (fo=4, routed)           0.126     2.212    u_ila_0/inst/ila_core_inst/u_ila_regs/reg_8/I_EN_STAT_EQ1.U_STAT/din_i[3]
    SLICE_X68Y172        FDRE                                         r  u_ila_0/inst/ila_core_inst/u_ila_regs/reg_8/I_EN_STAT_EQ1.U_STAT/xsdb_reg_reg[3]/D
  -------------------------------------------------------------------    -------------------

                         (clock clk_out1_clk_wiz_0 rise edge)
                                                      0.000     0.000 r  
    BUFGCE_X1Y24         BUFGCE                       0.000     0.000 r  sys_clk_BUFGCE_inst/O
                         net (fo=1, routed)           0.457     0.457    clk_wiz_0_inst/inst/clk_in1
    MMCME3_ADV_X1Y1      MMCME3_ADV (Prop_MMCME3_ADV_CLKIN1_CLKOUT0)
                                                     -0.207     0.250 r  clk_wiz_0_inst/inst/mmcme3_adv_inst/CLKOUT0
                         net (fo=1, routed)           0.209     0.459    clk_wiz_0_inst/inst/clk_out1_clk_wiz_0
    BUFGCE_X1Y25         BUFGCE (Prop_BUFCE_BUFGCE_I_O)
                                                      0.031     0.490 r  clk_wiz_0_inst/inst/clkout1_buf/O
    X1Y2 (CLOCK_ROOT)    net (fo=1528, routed)        1.370     1.860    u_ila_0/inst/ila_core_inst/u_ila_regs/reg_8/I_EN_STAT_EQ1.U_STAT/s_dclk_i
    SLICE_X68Y172        FDRE                                         r  u_ila_0/inst/ila_core_inst/u_ila_regs/reg_8/I_EN_STAT_EQ1.U_STAT/xsdb_reg_reg[3]/C

Slack:                    inf
  Source:                 u_ila_0/inst/ila_core_inst/u_ila_regs/reg_stream_ffd/I_EN_CTL_EQ1.U_CTL/xsdb_reg_reg[14]/C
                            (rising edge-triggered cell FDRE clocked by clk_out1_clk_wiz_0  {rise@0.000ns fall@1.600ns period=3.200ns})
  Destination:            u_ila_0/inst/ila_core_inst/debug_data_in_sync1_reg[14]/D
                            (rising edge-triggered cell FDRE clocked by clk_out1_clk_wiz_0  {rise@0.000ns fall@1.600ns period=3.200ns})
  Path Group:             (none)
  Path Type:              Hold (Min at Fast Process Corner)
  Data Path Delay:        0.162ns  (logic 0.048ns (29.630%)  route 0.114ns (70.370%))
  Logic Levels:           0  
  Clock Path Skew:        -0.179ns (DCD - SCD - CPR)
    Destination Clock Delay (DCD):    1.874ns
    Source Clock Delay      (SCD):    2.053ns
    Clock Pessimism Removal (CPR):    -0.000ns
  Clock Uncertainty:      0.095ns  ((TSJ^2 + DJ^2)^1/2) / 2 + PE
    Total System Jitter     (TSJ):    0.071ns
    Discrete Jitter          (DJ):    0.176ns
    Phase Error              (PE):    0.000ns
  Clock Net Delay (Source):      1.185ns (routing 0.449ns, distribution 0.736ns)
  Clock Net Delay (Destination): 1.384ns (routing 0.499ns, distribution 0.885ns)
  Timing Exception:       False Path

    Location             Delay type                Incr(ns)  Path(ns)    Netlist Resource(s)
  -------------------------------------------------------------------    -------------------
                         (clock clk_out1_clk_wiz_0 rise edge)
                                                      0.000     0.000 r  
    BUFGCE_X1Y24         BUFGCE                       0.000     0.000 r  sys_clk_BUFGCE_inst/O
                         net (fo=1, routed)           0.404     0.404    clk_wiz_0_inst/inst/clk_in1
    MMCME3_ADV_X1Y1      MMCME3_ADV (Prop_MMCME3_ADV_CLKIN1_CLKOUT0)
                                                      0.270     0.674 r  clk_wiz_0_inst/inst/mmcme3_adv_inst/CLKOUT0
                         net (fo=1, routed)           0.167     0.841    clk_wiz_0_inst/inst/clk_out1_clk_wiz_0
    BUFGCE_X1Y25         BUFGCE (Prop_BUFCE_BUFGCE_I_O)
                                                      0.027     0.868 r  clk_wiz_0_inst/inst/clkout1_buf/O
    X1Y2 (CLOCK_ROOT)    net (fo=1528, routed)        1.185     2.053    u_ila_0/inst/ila_core_inst/u_ila_regs/reg_stream_ffd/I_EN_CTL_EQ1.U_CTL/s_dclk_i
    SLICE_X69Y180        FDRE                                         r  u_ila_0/inst/ila_core_inst/u_ila_regs/reg_stream_ffd/I_EN_CTL_EQ1.U_CTL/xsdb_reg_reg[14]/C
  -------------------------------------------------------------------    -------------------
    SLICE_X69Y180        FDRE (Prop_GFF2_SLICEL_C_Q)
                                                      0.048     2.101 r  u_ila_0/inst/ila_core_inst/u_ila_regs/reg_stream_ffd/I_EN_CTL_EQ1.U_CTL/xsdb_reg_reg[14]/Q
                         net (fo=2, routed)           0.114     2.215    u_ila_0/inst/ila_core_inst/debug_data_in[14]
    SLICE_X70Y180        FDRE                                         r  u_ila_0/inst/ila_core_inst/debug_data_in_sync1_reg[14]/D
  -------------------------------------------------------------------    -------------------

                         (clock clk_out1_clk_wiz_0 rise edge)
                                                      0.000     0.000 r  
    BUFGCE_X1Y24         BUFGCE                       0.000     0.000 r  sys_clk_BUFGCE_inst/O
                         net (fo=1, routed)           0.457     0.457    clk_wiz_0_inst/inst/clk_in1
    MMCME3_ADV_X1Y1      MMCME3_ADV (Prop_MMCME3_ADV_CLKIN1_CLKOUT0)
                                                     -0.207     0.250 r  clk_wiz_0_inst/inst/mmcme3_adv_inst/CLKOUT0
                         net (fo=1, routed)           0.209     0.459    clk_wiz_0_inst/inst/clk_out1_clk_wiz_0
    BUFGCE_X1Y25         BUFGCE (Prop_BUFCE_BUFGCE_I_O)
                                                      0.031     0.490 r  clk_wiz_0_inst/inst/clkout1_buf/O
    X1Y2 (CLOCK_ROOT)    net (fo=1528, routed)        1.384     1.874    u_ila_0/inst/ila_core_inst/DESIGN_CLK_I
    SLICE_X70Y180        FDRE                                         r  u_ila_0/inst/ila_core_inst/debug_data_in_sync1_reg[14]/C

Slack:                    inf
  Source:                 u_ila_0/inst/ila_core_inst/u_ila_reset_ctrl/asyncrounous_transfer.halt_in_transfer_inst/dout_reg1_reg/C
                            (rising edge-triggered cell FDRE clocked by clk_out1_clk_wiz_0  {rise@0.000ns fall@1.600ns period=3.200ns})
  Destination:            u_ila_0/inst/ila_core_inst/u_ila_reset_ctrl/asyncrounous_transfer.halt_in_transfer_inst/temp_reg0_reg/D
                            (rising edge-triggered cell FDRE clocked by clk_out1_clk_wiz_0  {rise@0.000ns fall@1.600ns period=3.200ns})
  Path Group:             (none)
  Path Type:              Hold (Min at Fast Process Corner)
  Data Path Delay:        0.180ns  (logic 0.049ns (27.222%)  route 0.131ns (72.778%))
  Logic Levels:           0  
  Clock Path Skew:        -0.175ns (DCD - SCD - CPR)
    Destination Clock Delay (DCD):    1.860ns
    Source Clock Delay      (SCD):    2.035ns
    Clock Pessimism Removal (CPR):    -0.000ns
  Clock Uncertainty:      0.095ns  ((TSJ^2 + DJ^2)^1/2) / 2 + PE
    Total System Jitter     (TSJ):    0.071ns
    Discrete Jitter          (DJ):    0.176ns
    Phase Error              (PE):    0.000ns
  Clock Net Delay (Source):      1.167ns (routing 0.449ns, distribution 0.718ns)
  Clock Net Delay (Destination): 1.370ns (routing 0.499ns, distribution 0.871ns)
  Timing Exception:       False Path

    Location             Delay type                Incr(ns)  Path(ns)    Netlist Resource(s)
  -------------------------------------------------------------------    -------------------
                         (clock clk_out1_clk_wiz_0 rise edge)
                                                      0.000     0.000 r  
    BUFGCE_X1Y24         BUFGCE                       0.000     0.000 r  sys_clk_BUFGCE_inst/O
                         net (fo=1, routed)           0.404     0.404    clk_wiz_0_inst/inst/clk_in1
    MMCME3_ADV_X1Y1      MMCME3_ADV (Prop_MMCME3_ADV_CLKIN1_CLKOUT0)
                                                      0.270     0.674 r  clk_wiz_0_inst/inst/mmcme3_adv_inst/CLKOUT0
                         net (fo=1, routed)           0.167     0.841    clk_wiz_0_inst/inst/clk_out1_clk_wiz_0
    BUFGCE_X1Y25         BUFGCE (Prop_BUFCE_BUFGCE_I_O)
                                                      0.027     0.868 r  clk_wiz_0_inst/inst/clkout1_buf/O
    X1Y2 (CLOCK_ROOT)    net (fo=1528, routed)        1.167     2.035    u_ila_0/inst/ila_core_inst/u_ila_reset_ctrl/asyncrounous_transfer.halt_in_transfer_inst/RCLK_I
    SLICE_X66Y172        FDRE                                         r  u_ila_0/inst/ila_core_inst/u_ila_reset_ctrl/asyncrounous_transfer.halt_in_transfer_inst/dout_reg1_reg/C
  -------------------------------------------------------------------    -------------------
    SLICE_X66Y172        FDRE (Prop_AFF2_SLICEL_C_Q)
                                                      0.049     2.084 r  u_ila_0/inst/ila_core_inst/u_ila_reset_ctrl/asyncrounous_transfer.halt_in_transfer_inst/dout_reg1_reg/Q
                         net (fo=4, routed)           0.131     2.215    u_ila_0/inst/ila_core_inst/u_ila_reset_ctrl/asyncrounous_transfer.halt_in_transfer_inst/dout_reg1
    SLICE_X66Y172        FDRE                                         r  u_ila_0/inst/ila_core_inst/u_ila_reset_ctrl/asyncrounous_transfer.halt_in_transfer_inst/temp_reg0_reg/D
  -------------------------------------------------------------------    -------------------

                         (clock clk_out1_clk_wiz_0 rise edge)
                                                      0.000     0.000 r  
    BUFGCE_X1Y24         BUFGCE                       0.000     0.000 r  sys_clk_BUFGCE_inst/O
                         net (fo=1, routed)           0.457     0.457    clk_wiz_0_inst/inst/clk_in1
    MMCME3_ADV_X1Y1      MMCME3_ADV (Prop_MMCME3_ADV_CLKIN1_CLKOUT0)
                                                     -0.207     0.250 r  clk_wiz_0_inst/inst/mmcme3_adv_inst/CLKOUT0
                         net (fo=1, routed)           0.209     0.459    clk_wiz_0_inst/inst/clk_out1_clk_wiz_0
    BUFGCE_X1Y25         BUFGCE (Prop_BUFCE_BUFGCE_I_O)
                                                      0.031     0.490 r  clk_wiz_0_inst/inst/clkout1_buf/O
    X1Y2 (CLOCK_ROOT)    net (fo=1528, routed)        1.370     1.860    u_ila_0/inst/ila_core_inst/u_ila_reset_ctrl/asyncrounous_transfer.halt_in_transfer_inst/TCLK_I
    SLICE_X66Y172        FDRE                                         r  u_ila_0/inst/ila_core_inst/u_ila_reset_ctrl/asyncrounous_transfer.halt_in_transfer_inst/temp_reg0_reg/C

Slack:                    inf
  Source:                 u_ila_0/inst/ila_core_inst/u_ila_reset_ctrl/asyncrounous_transfer.arm_out_transfer_inst/dout_reg1_reg/C
                            (rising edge-triggered cell FDRE clocked by clk_out1_clk_wiz_0  {rise@0.000ns fall@1.600ns period=3.200ns})
  Destination:            u_ila_0/inst/ila_core_inst/u_ila_reset_ctrl/asyncrounous_transfer.arm_out_transfer_inst/temp_reg0_reg/D
                            (rising edge-triggered cell FDRE clocked by clk_out1_clk_wiz_0  {rise@0.000ns fall@1.600ns period=3.200ns})
  Path Group:             (none)
  Path Type:              Hold (Min at Fast Process Corner)
  Data Path Delay:        0.179ns  (logic 0.049ns (27.374%)  route 0.130ns (72.626%))
  Logic Levels:           0  
  Clock Path Skew:        -0.176ns (DCD - SCD - CPR)
    Destination Clock Delay (DCD):    1.863ns
    Source Clock Delay      (SCD):    2.039ns
    Clock Pessimism Removal (CPR):    -0.000ns
  Clock Uncertainty:      0.095ns  ((TSJ^2 + DJ^2)^1/2) / 2 + PE
    Total System Jitter     (TSJ):    0.071ns
    Discrete Jitter          (DJ):    0.176ns
    Phase Error              (PE):    0.000ns
  Clock Net Delay (Source):      1.171ns (routing 0.449ns, distribution 0.722ns)
  Clock Net Delay (Destination): 1.373ns (routing 0.499ns, distribution 0.874ns)
  Timing Exception:       False Path

    Location             Delay type                Incr(ns)  Path(ns)    Netlist Resource(s)
  -------------------------------------------------------------------    -------------------
                         (clock clk_out1_clk_wiz_0 rise edge)
                                                      0.000     0.000 r  
    BUFGCE_X1Y24         BUFGCE                       0.000     0.000 r  sys_clk_BUFGCE_inst/O
                         net (fo=1, routed)           0.404     0.404    clk_wiz_0_inst/inst/clk_in1
    MMCME3_ADV_X1Y1      MMCME3_ADV (Prop_MMCME3_ADV_CLKIN1_CLKOUT0)
                                                      0.270     0.674 r  clk_wiz_0_inst/inst/mmcme3_adv_inst/CLKOUT0
                         net (fo=1, routed)           0.167     0.841    clk_wiz_0_inst/inst/clk_out1_clk_wiz_0
    BUFGCE_X1Y25         BUFGCE (Prop_BUFCE_BUFGCE_I_O)
                                                      0.027     0.868 r  clk_wiz_0_inst/inst/clkout1_buf/O
    X1Y2 (CLOCK_ROOT)    net (fo=1528, routed)        1.171     2.039    u_ila_0/inst/ila_core_inst/u_ila_reset_ctrl/asyncrounous_transfer.arm_out_transfer_inst/RCLK_I
    SLICE_X68Y175        FDRE                                         r  u_ila_0/inst/ila_core_inst/u_ila_reset_ctrl/asyncrounous_transfer.arm_out_transfer_inst/dout_reg1_reg/C
  -------------------------------------------------------------------    -------------------
    SLICE_X68Y175        FDRE (Prop_AFF2_SLICEL_C_Q)
                                                      0.049     2.088 r  u_ila_0/inst/ila_core_inst/u_ila_reset_ctrl/asyncrounous_transfer.arm_out_transfer_inst/dout_reg1_reg/Q
                         net (fo=2, routed)           0.130     2.218    u_ila_0/inst/ila_core_inst/u_ila_reset_ctrl/asyncrounous_transfer.arm_out_transfer_inst/dout_reg1
    SLICE_X68Y175        FDRE                                         r  u_ila_0/inst/ila_core_inst/u_ila_reset_ctrl/asyncrounous_transfer.arm_out_transfer_inst/temp_reg0_reg/D
  -------------------------------------------------------------------    -------------------

                         (clock clk_out1_clk_wiz_0 rise edge)
                                                      0.000     0.000 r  
    BUFGCE_X1Y24         BUFGCE                       0.000     0.000 r  sys_clk_BUFGCE_inst/O
                         net (fo=1, routed)           0.457     0.457    clk_wiz_0_inst/inst/clk_in1
    MMCME3_ADV_X1Y1      MMCME3_ADV (Prop_MMCME3_ADV_CLKIN1_CLKOUT0)
                                                     -0.207     0.250 r  clk_wiz_0_inst/inst/mmcme3_adv_inst/CLKOUT0
                         net (fo=1, routed)           0.209     0.459    clk_wiz_0_inst/inst/clk_out1_clk_wiz_0
    BUFGCE_X1Y25         BUFGCE (Prop_BUFCE_BUFGCE_I_O)
                                                      0.031     0.490 r  clk_wiz_0_inst/inst/clkout1_buf/O
    X1Y2 (CLOCK_ROOT)    net (fo=1528, routed)        1.373     1.863    u_ila_0/inst/ila_core_inst/u_ila_reset_ctrl/asyncrounous_transfer.arm_out_transfer_inst/TCLK_I
    SLICE_X68Y175        FDRE                                         r  u_ila_0/inst/ila_core_inst/u_ila_reset_ctrl/asyncrounous_transfer.arm_out_transfer_inst/temp_reg0_reg/C





--------------------------------------------------------------------------------------
Path Group:  (none)
From Clock:  dbg_hub/inst/BSCANID.u_xsdbm_id/SWITCH_N_EXT_BSCAN.bscan_inst/SERIES7_BSCAN.bscan_inst/TCK
  To Clock:  clk_out1_clk_wiz_0

Max Delay            78 Endpoints
Min Delay            86 Endpoints
--------------------------------------------------------------------------------------


Max Delay Paths
--------------------------------------------------------------------------------------
Slack:                    inf
  Source:                 dbg_hub/inst/BSCANID.u_xsdbm_id/CORE_XSDB.UUT_MASTER/U_ICON_INTERFACE/U_CMD6_WR/U_WR_FIFO/SUBCORE_FIFO.xsdbm_v3_0_0_wrfifo_inst/inst_fifo_gen/gconvfifo.rf/grf.rf/gntv_or_sync_fifo.mem/gdm.dm_gen.dm/RAM_reg_0_15_0_13/RAMG/CLK
                            (rising edge-triggered cell RAMD32 clocked by dbg_hub/inst/BSCANID.u_xsdbm_id/SWITCH_N_EXT_BSCAN.bscan_inst/SERIES7_BSCAN.bscan_inst/TCK  {rise@0.000ns fall@16.500ns period=33.000ns})
  Destination:            dbg_hub/inst/BSCANID.u_xsdbm_id/CORE_XSDB.UUT_MASTER/U_ICON_INTERFACE/U_CMD6_WR/U_WR_FIFO/SUBCORE_FIFO.xsdbm_v3_0_0_wrfifo_inst/inst_fifo_gen/gconvfifo.rf/grf.rf/gntv_or_sync_fifo.mem/gdm.dm_gen.dm/gpr1.dout_i_reg[12]/D
                            (rising edge-triggered cell FDRE clocked by clk_out1_clk_wiz_0  {rise@0.000ns fall@1.600ns period=3.200ns})
  Path Group:             (none)
  Path Type:              Setup (Max at Slow Process Corner)
  Data Path Delay:        1.116ns  (logic 0.422ns (37.814%)  route 0.694ns (62.186%))
  Logic Levels:           0  
  Clock Path Skew:        -3.033ns (DCD - SCD + CPR)
    Destination Clock Delay (DCD):    4.109ns
    Source Clock Delay      (SCD):    7.142ns
    Clock Pessimism Removal (CPR):    0.000ns
  Clock Uncertainty:      0.328ns  ((TSJ^2 + DJ^2)^1/2) / 2 + PE
    Total System Jitter     (TSJ):    0.071ns
    Discrete Jitter          (DJ):    0.176ns
    Phase Error              (PE):    0.233ns
  Clock Net Delay (Source):      2.241ns (routing 0.957ns, distribution 1.284ns)
  Clock Net Delay (Destination): 2.294ns (routing 0.846ns, distribution 1.448ns)
  Timing Exception:       False Path

    Location             Delay type                Incr(ns)  Path(ns)    Netlist Resource(s)
  -------------------------------------------------------------------    -------------------
                         (clock dbg_hub/inst/BSCANID.u_xsdbm_id/SWITCH_N_EXT_BSCAN.bscan_inst/SERIES7_BSCAN.bscan_inst/TCK rise edge)
                                                      0.000     0.000 r  
    CONFIG_SITE_X0Y0     BSCANE2                      0.000     0.000 r  dbg_hub/inst/BSCANID.u_xsdbm_id/SWITCH_N_EXT_BSCAN.bscan_inst/SERIES7_BSCAN.bscan_inst/TCK
                         net (fo=1, routed)           4.818     4.818    dbg_hub/inst/BSCANID.u_xsdbm_id/tck_bs
    BUFGCE_X1Y119        BUFGCE (Prop_BUFCE_BUFGCE_I_O)
                                                      0.083     4.901 r  dbg_hub/inst/BSCANID.u_xsdbm_id/SWITCH_N_EXT_BSCAN.u_bufg_icon_tck/O
    X2Y3 (CLOCK_ROOT)    net (fo=478, routed)         2.241     7.142    dbg_hub/inst/BSCANID.u_xsdbm_id/CORE_XSDB.UUT_MASTER/U_ICON_INTERFACE/U_CMD6_WR/U_WR_FIFO/SUBCORE_FIFO.xsdbm_v3_0_0_wrfifo_inst/inst_fifo_gen/gconvfifo.rf/grf.rf/gntv_or_sync_fifo.mem/gdm.dm_gen.dm/RAM_reg_0_15_0_13/WCLK
    SLICE_X67Y191        RAMD32                                       r  dbg_hub/inst/BSCANID.u_xsdbm_id/CORE_XSDB.UUT_MASTER/U_ICON_INTERFACE/U_CMD6_WR/U_WR_FIFO/SUBCORE_FIFO.xsdbm_v3_0_0_wrfifo_inst/inst_fifo_gen/gconvfifo.rf/grf.rf/gntv_or_sync_fifo.mem/gdm.dm_gen.dm/RAM_reg_0_15_0_13/RAMG/CLK
  -------------------------------------------------------------------    -------------------
    SLICE_X67Y191        RAMD32 (Prop_G5LUT_SLICEM_CLK_O)
                                                      0.422     7.564 r  dbg_hub/inst/BSCANID.u_xsdbm_id/CORE_XSDB.UUT_MASTER/U_ICON_INTERFACE/U_CMD6_WR/U_WR_FIFO/SUBCORE_FIFO.xsdbm_v3_0_0_wrfifo_inst/inst_fifo_gen/gconvfifo.rf/grf.rf/gntv_or_sync_fifo.mem/gdm.dm_gen.dm/RAM_reg_0_15_0_13/RAMG/O
                         net (fo=1, routed)           0.694     8.258    dbg_hub/inst/BSCANID.u_xsdbm_id/CORE_XSDB.UUT_MASTER/U_ICON_INTERFACE/U_CMD6_WR/U_WR_FIFO/SUBCORE_FIFO.xsdbm_v3_0_0_wrfifo_inst/inst_fifo_gen/gconvfifo.rf/grf.rf/gntv_or_sync_fifo.mem/gdm.dm_gen.dm/dout_i0[12]
    SLICE_X68Y188        FDRE                                         r  dbg_hub/inst/BSCANID.u_xsdbm_id/CORE_XSDB.UUT_MASTER/U_ICON_INTERFACE/U_CMD6_WR/U_WR_FIFO/SUBCORE_FIFO.xsdbm_v3_0_0_wrfifo_inst/inst_fifo_gen/gconvfifo.rf/grf.rf/gntv_or_sync_fifo.mem/gdm.dm_gen.dm/gpr1.dout_i_reg[12]/D
  -------------------------------------------------------------------    -------------------

                         (clock clk_out1_clk_wiz_0 rise edge)
                                                      0.000     0.000 r  
    BUFGCE_X1Y24         BUFGCE                       0.000     0.000 r  sys_clk_BUFGCE_inst/O
                         net (fo=1, routed)           0.923     0.923    clk_wiz_0_inst/inst/clk_in1
    MMCME3_ADV_X1Y1      MMCME3_ADV (Prop_MMCME3_ADV_CLKIN1_CLKOUT0)
                                                      0.445     1.368 r  clk_wiz_0_inst/inst/mmcme3_adv_inst/CLKOUT0
                         net (fo=1, routed)           0.372     1.740    clk_wiz_0_inst/inst/clk_out1_clk_wiz_0
    BUFGCE_X1Y25         BUFGCE (Prop_BUFCE_BUFGCE_I_O)
                                                      0.075     1.815 r  clk_wiz_0_inst/inst/clkout1_buf/O
    X1Y2 (CLOCK_ROOT)    net (fo=1528, routed)        2.294     4.109    dbg_hub/inst/BSCANID.u_xsdbm_id/CORE_XSDB.UUT_MASTER/U_ICON_INTERFACE/U_CMD6_WR/U_WR_FIFO/SUBCORE_FIFO.xsdbm_v3_0_0_wrfifo_inst/inst_fifo_gen/gconvfifo.rf/grf.rf/gntv_or_sync_fifo.mem/gdm.dm_gen.dm/rd_clk
    SLICE_X68Y188        FDRE                                         r  dbg_hub/inst/BSCANID.u_xsdbm_id/CORE_XSDB.UUT_MASTER/U_ICON_INTERFACE/U_CMD6_WR/U_WR_FIFO/SUBCORE_FIFO.xsdbm_v3_0_0_wrfifo_inst/inst_fifo_gen/gconvfifo.rf/grf.rf/gntv_or_sync_fifo.mem/gdm.dm_gen.dm/gpr1.dout_i_reg[12]/C

Slack:                    inf
  Source:                 dbg_hub/inst/BSCANID.u_xsdbm_id/CORE_XSDB.UUT_MASTER/U_ICON_INTERFACE/icn_cmd_en_reg[5]/C
                            (rising edge-triggered cell FDRE clocked by dbg_hub/inst/BSCANID.u_xsdbm_id/SWITCH_N_EXT_BSCAN.bscan_inst/SERIES7_BSCAN.bscan_inst/TCK  {rise@0.000ns fall@16.500ns period=33.000ns})
  Destination:            dbg_hub/inst/BSCANID.u_xsdbm_id/CORE_XSDB.UUT_MASTER/U_ICON_INTERFACE/icn_cmd_en_5_temp_reg/D
                            (rising edge-triggered cell FDRE clocked by clk_out1_clk_wiz_0  {rise@0.000ns fall@1.600ns period=3.200ns})
  Path Group:             (none)
  Path Type:              Setup (Max at Slow Process Corner)
  Data Path Delay:        1.020ns  (logic 0.116ns (11.373%)  route 0.904ns (88.627%))
  Logic Levels:           0  
  Clock Path Skew:        -3.103ns (DCD - SCD + CPR)
    Destination Clock Delay (DCD):    4.101ns
    Source Clock Delay      (SCD):    7.204ns
    Clock Pessimism Removal (CPR):    0.000ns
  Clock Uncertainty:      0.328ns  ((TSJ^2 + DJ^2)^1/2) / 2 + PE
    Total System Jitter     (TSJ):    0.071ns
    Discrete Jitter          (DJ):    0.176ns
    Phase Error              (PE):    0.233ns
  Clock Net Delay (Source):      2.303ns (routing 0.957ns, distribution 1.346ns)
  Clock Net Delay (Destination): 2.286ns (routing 0.846ns, distribution 1.440ns)
  Timing Exception:       False Path

    Location             Delay type                Incr(ns)  Path(ns)    Netlist Resource(s)
  -------------------------------------------------------------------    -------------------
                         (clock dbg_hub/inst/BSCANID.u_xsdbm_id/SWITCH_N_EXT_BSCAN.bscan_inst/SERIES7_BSCAN.bscan_inst/TCK rise edge)
                                                      0.000     0.000 r  
    CONFIG_SITE_X0Y0     BSCANE2                      0.000     0.000 r  dbg_hub/inst/BSCANID.u_xsdbm_id/SWITCH_N_EXT_BSCAN.bscan_inst/SERIES7_BSCAN.bscan_inst/TCK
                         net (fo=1, routed)           4.818     4.818    dbg_hub/inst/BSCANID.u_xsdbm_id/tck_bs
    BUFGCE_X1Y119        BUFGCE (Prop_BUFCE_BUFGCE_I_O)
                                                      0.083     4.901 r  dbg_hub/inst/BSCANID.u_xsdbm_id/SWITCH_N_EXT_BSCAN.u_bufg_icon_tck/O
    X2Y3 (CLOCK_ROOT)    net (fo=478, routed)         2.303     7.204    dbg_hub/inst/BSCANID.u_xsdbm_id/CORE_XSDB.UUT_MASTER/U_ICON_INTERFACE/m_bscan_tck[0]
    SLICE_X71Y198        FDRE                                         r  dbg_hub/inst/BSCANID.u_xsdbm_id/CORE_XSDB.UUT_MASTER/U_ICON_INTERFACE/icn_cmd_en_reg[5]/C
  -------------------------------------------------------------------    -------------------
    SLICE_X71Y198        FDRE (Prop_EFF2_SLICEM_C_Q)
                                                      0.116     7.320 r  dbg_hub/inst/BSCANID.u_xsdbm_id/CORE_XSDB.UUT_MASTER/U_ICON_INTERFACE/icn_cmd_en_reg[5]/Q
                         net (fo=6, routed)           0.904     8.224    dbg_hub/inst/BSCANID.u_xsdbm_id/CORE_XSDB.UUT_MASTER/U_ICON_INTERFACE/p_1_in1_in
    SLICE_X68Y196        FDRE                                         r  dbg_hub/inst/BSCANID.u_xsdbm_id/CORE_XSDB.UUT_MASTER/U_ICON_INTERFACE/icn_cmd_en_5_temp_reg/D
  -------------------------------------------------------------------    -------------------

                         (clock clk_out1_clk_wiz_0 rise edge)
                                                      0.000     0.000 r  
    BUFGCE_X1Y24         BUFGCE                       0.000     0.000 r  sys_clk_BUFGCE_inst/O
                         net (fo=1, routed)           0.923     0.923    clk_wiz_0_inst/inst/clk_in1
    MMCME3_ADV_X1Y1      MMCME3_ADV (Prop_MMCME3_ADV_CLKIN1_CLKOUT0)
                                                      0.445     1.368 r  clk_wiz_0_inst/inst/mmcme3_adv_inst/CLKOUT0
                         net (fo=1, routed)           0.372     1.740    clk_wiz_0_inst/inst/clk_out1_clk_wiz_0
    BUFGCE_X1Y25         BUFGCE (Prop_BUFCE_BUFGCE_I_O)
                                                      0.075     1.815 r  clk_wiz_0_inst/inst/clkout1_buf/O
    X1Y2 (CLOCK_ROOT)    net (fo=1528, routed)        2.286     4.101    dbg_hub/inst/BSCANID.u_xsdbm_id/CORE_XSDB.UUT_MASTER/U_ICON_INTERFACE/clk
    SLICE_X68Y196        FDRE                                         r  dbg_hub/inst/BSCANID.u_xsdbm_id/CORE_XSDB.UUT_MASTER/U_ICON_INTERFACE/icn_cmd_en_5_temp_reg/C

Slack:                    inf
  Source:                 dbg_hub/inst/BSCANID.u_xsdbm_id/CORE_XSDB.UUT_MASTER/U_ICON_INTERFACE/U_CMD6_WR/U_WR_FIFO/SUBCORE_FIFO.xsdbm_v3_0_0_wrfifo_inst/inst_fifo_gen/gconvfifo.rf/grf.rf/gntv_or_sync_fifo.mem/gdm.dm_gen.dm/RAM_reg_0_15_0_13/RAMF/CLK
                            (rising edge-triggered cell RAMD32 clocked by dbg_hub/inst/BSCANID.u_xsdbm_id/SWITCH_N_EXT_BSCAN.bscan_inst/SERIES7_BSCAN.bscan_inst/TCK  {rise@0.000ns fall@16.500ns period=33.000ns})
  Destination:            dbg_hub/inst/BSCANID.u_xsdbm_id/CORE_XSDB.UUT_MASTER/U_ICON_INTERFACE/U_CMD6_WR/U_WR_FIFO/SUBCORE_FIFO.xsdbm_v3_0_0_wrfifo_inst/inst_fifo_gen/gconvfifo.rf/grf.rf/gntv_or_sync_fifo.mem/gdm.dm_gen.dm/gpr1.dout_i_reg[10]/D
                            (rising edge-triggered cell FDRE clocked by clk_out1_clk_wiz_0  {rise@0.000ns fall@1.600ns period=3.200ns})
  Path Group:             (none)
  Path Type:              Setup (Max at Slow Process Corner)
  Data Path Delay:        1.065ns  (logic 0.419ns (39.343%)  route 0.646ns (60.657%))
  Logic Levels:           0  
  Clock Path Skew:        -3.033ns (DCD - SCD + CPR)
    Destination Clock Delay (DCD):    4.109ns
    Source Clock Delay      (SCD):    7.142ns
    Clock Pessimism Removal (CPR):    0.000ns
  Clock Uncertainty:      0.328ns  ((TSJ^2 + DJ^2)^1/2) / 2 + PE
    Total System Jitter     (TSJ):    0.071ns
    Discrete Jitter          (DJ):    0.176ns
    Phase Error              (PE):    0.233ns
  Clock Net Delay (Source):      2.241ns (routing 0.957ns, distribution 1.284ns)
  Clock Net Delay (Destination): 2.294ns (routing 0.846ns, distribution 1.448ns)
  Timing Exception:       False Path

    Location             Delay type                Incr(ns)  Path(ns)    Netlist Resource(s)
  -------------------------------------------------------------------    -------------------
                         (clock dbg_hub/inst/BSCANID.u_xsdbm_id/SWITCH_N_EXT_BSCAN.bscan_inst/SERIES7_BSCAN.bscan_inst/TCK rise edge)
                                                      0.000     0.000 r  
    CONFIG_SITE_X0Y0     BSCANE2                      0.000     0.000 r  dbg_hub/inst/BSCANID.u_xsdbm_id/SWITCH_N_EXT_BSCAN.bscan_inst/SERIES7_BSCAN.bscan_inst/TCK
                         net (fo=1, routed)           4.818     4.818    dbg_hub/inst/BSCANID.u_xsdbm_id/tck_bs
    BUFGCE_X1Y119        BUFGCE (Prop_BUFCE_BUFGCE_I_O)
                                                      0.083     4.901 r  dbg_hub/inst/BSCANID.u_xsdbm_id/SWITCH_N_EXT_BSCAN.u_bufg_icon_tck/O
    X2Y3 (CLOCK_ROOT)    net (fo=478, routed)         2.241     7.142    dbg_hub/inst/BSCANID.u_xsdbm_id/CORE_XSDB.UUT_MASTER/U_ICON_INTERFACE/U_CMD6_WR/U_WR_FIFO/SUBCORE_FIFO.xsdbm_v3_0_0_wrfifo_inst/inst_fifo_gen/gconvfifo.rf/grf.rf/gntv_or_sync_fifo.mem/gdm.dm_gen.dm/RAM_reg_0_15_0_13/WCLK
    SLICE_X67Y191        RAMD32                                       r  dbg_hub/inst/BSCANID.u_xsdbm_id/CORE_XSDB.UUT_MASTER/U_ICON_INTERFACE/U_CMD6_WR/U_WR_FIFO/SUBCORE_FIFO.xsdbm_v3_0_0_wrfifo_inst/inst_fifo_gen/gconvfifo.rf/grf.rf/gntv_or_sync_fifo.mem/gdm.dm_gen.dm/RAM_reg_0_15_0_13/RAMF/CLK
  -------------------------------------------------------------------    -------------------
    SLICE_X67Y191        RAMD32 (Prop_F5LUT_SLICEM_CLK_O)
                                                      0.419     7.561 r  dbg_hub/inst/BSCANID.u_xsdbm_id/CORE_XSDB.UUT_MASTER/U_ICON_INTERFACE/U_CMD6_WR/U_WR_FIFO/SUBCORE_FIFO.xsdbm_v3_0_0_wrfifo_inst/inst_fifo_gen/gconvfifo.rf/grf.rf/gntv_or_sync_fifo.mem/gdm.dm_gen.dm/RAM_reg_0_15_0_13/RAMF/O
                         net (fo=1, routed)           0.646     8.207    dbg_hub/inst/BSCANID.u_xsdbm_id/CORE_XSDB.UUT_MASTER/U_ICON_INTERFACE/U_CMD6_WR/U_WR_FIFO/SUBCORE_FIFO.xsdbm_v3_0_0_wrfifo_inst/inst_fifo_gen/gconvfifo.rf/grf.rf/gntv_or_sync_fifo.mem/gdm.dm_gen.dm/dout_i0[10]
    SLICE_X68Y188        FDRE                                         r  dbg_hub/inst/BSCANID.u_xsdbm_id/CORE_XSDB.UUT_MASTER/U_ICON_INTERFACE/U_CMD6_WR/U_WR_FIFO/SUBCORE_FIFO.xsdbm_v3_0_0_wrfifo_inst/inst_fifo_gen/gconvfifo.rf/grf.rf/gntv_or_sync_fifo.mem/gdm.dm_gen.dm/gpr1.dout_i_reg[10]/D
  -------------------------------------------------------------------    -------------------

                         (clock clk_out1_clk_wiz_0 rise edge)
                                                      0.000     0.000 r  
    BUFGCE_X1Y24         BUFGCE                       0.000     0.000 r  sys_clk_BUFGCE_inst/O
                         net (fo=1, routed)           0.923     0.923    clk_wiz_0_inst/inst/clk_in1
    MMCME3_ADV_X1Y1      MMCME3_ADV (Prop_MMCME3_ADV_CLKIN1_CLKOUT0)
                                                      0.445     1.368 r  clk_wiz_0_inst/inst/mmcme3_adv_inst/CLKOUT0
                         net (fo=1, routed)           0.372     1.740    clk_wiz_0_inst/inst/clk_out1_clk_wiz_0
    BUFGCE_X1Y25         BUFGCE (Prop_BUFCE_BUFGCE_I_O)
                                                      0.075     1.815 r  clk_wiz_0_inst/inst/clkout1_buf/O
    X1Y2 (CLOCK_ROOT)    net (fo=1528, routed)        2.294     4.109    dbg_hub/inst/BSCANID.u_xsdbm_id/CORE_XSDB.UUT_MASTER/U_ICON_INTERFACE/U_CMD6_WR/U_WR_FIFO/SUBCORE_FIFO.xsdbm_v3_0_0_wrfifo_inst/inst_fifo_gen/gconvfifo.rf/grf.rf/gntv_or_sync_fifo.mem/gdm.dm_gen.dm/rd_clk
    SLICE_X68Y188        FDRE                                         r  dbg_hub/inst/BSCANID.u_xsdbm_id/CORE_XSDB.UUT_MASTER/U_ICON_INTERFACE/U_CMD6_WR/U_WR_FIFO/SUBCORE_FIFO.xsdbm_v3_0_0_wrfifo_inst/inst_fifo_gen/gconvfifo.rf/grf.rf/gntv_or_sync_fifo.mem/gdm.dm_gen.dm/gpr1.dout_i_reg[10]/C

Slack:                    inf
  Source:                 dbg_hub/inst/BSCANID.u_xsdbm_id/CORE_XSDB.UUT_MASTER/U_ICON_INTERFACE/U_CMD6_WR/U_WR_FIFO/SUBCORE_FIFO.xsdbm_v3_0_0_wrfifo_inst/inst_fifo_gen/gconvfifo.rf/grf.rf/gntv_or_sync_fifo.mem/gdm.dm_gen.dm/RAM_reg_0_15_0_13/RAMG_D1/CLK
                            (rising edge-triggered cell RAMD32 clocked by dbg_hub/inst/BSCANID.u_xsdbm_id/SWITCH_N_EXT_BSCAN.bscan_inst/SERIES7_BSCAN.bscan_inst/TCK  {rise@0.000ns fall@16.500ns period=33.000ns})
  Destination:            dbg_hub/inst/BSCANID.u_xsdbm_id/CORE_XSDB.UUT_MASTER/U_ICON_INTERFACE/U_CMD6_WR/U_WR_FIFO/SUBCORE_FIFO.xsdbm_v3_0_0_wrfifo_inst/inst_fifo_gen/gconvfifo.rf/grf.rf/gntv_or_sync_fifo.mem/gdm.dm_gen.dm/gpr1.dout_i_reg[13]/D
                            (rising edge-triggered cell FDRE clocked by clk_out1_clk_wiz_0  {rise@0.000ns fall@1.600ns period=3.200ns})
  Path Group:             (none)
  Path Type:              Setup (Max at Slow Process Corner)
  Data Path Delay:        1.047ns  (logic 0.458ns (43.744%)  route 0.589ns (56.256%))
  Logic Levels:           0  
  Clock Path Skew:        -3.033ns (DCD - SCD + CPR)
    Destination Clock Delay (DCD):    4.109ns
    Source Clock Delay      (SCD):    7.142ns
    Clock Pessimism Removal (CPR):    0.000ns
  Clock Uncertainty:      0.328ns  ((TSJ^2 + DJ^2)^1/2) / 2 + PE
    Total System Jitter     (TSJ):    0.071ns
    Discrete Jitter          (DJ):    0.176ns
    Phase Error              (PE):    0.233ns
  Clock Net Delay (Source):      2.241ns (routing 0.957ns, distribution 1.284ns)
  Clock Net Delay (Destination): 2.294ns (routing 0.846ns, distribution 1.448ns)
  Timing Exception:       False Path

    Location             Delay type                Incr(ns)  Path(ns)    Netlist Resource(s)
  -------------------------------------------------------------------    -------------------
                         (clock dbg_hub/inst/BSCANID.u_xsdbm_id/SWITCH_N_EXT_BSCAN.bscan_inst/SERIES7_BSCAN.bscan_inst/TCK rise edge)
                                                      0.000     0.000 r  
    CONFIG_SITE_X0Y0     BSCANE2                      0.000     0.000 r  dbg_hub/inst/BSCANID.u_xsdbm_id/SWITCH_N_EXT_BSCAN.bscan_inst/SERIES7_BSCAN.bscan_inst/TCK
                         net (fo=1, routed)           4.818     4.818    dbg_hub/inst/BSCANID.u_xsdbm_id/tck_bs
    BUFGCE_X1Y119        BUFGCE (Prop_BUFCE_BUFGCE_I_O)
                                                      0.083     4.901 r  dbg_hub/inst/BSCANID.u_xsdbm_id/SWITCH_N_EXT_BSCAN.u_bufg_icon_tck/O
    X2Y3 (CLOCK_ROOT)    net (fo=478, routed)         2.241     7.142    dbg_hub/inst/BSCANID.u_xsdbm_id/CORE_XSDB.UUT_MASTER/U_ICON_INTERFACE/U_CMD6_WR/U_WR_FIFO/SUBCORE_FIFO.xsdbm_v3_0_0_wrfifo_inst/inst_fifo_gen/gconvfifo.rf/grf.rf/gntv_or_sync_fifo.mem/gdm.dm_gen.dm/RAM_reg_0_15_0_13/WCLK
    SLICE_X67Y191        RAMD32                                       r  dbg_hub/inst/BSCANID.u_xsdbm_id/CORE_XSDB.UUT_MASTER/U_ICON_INTERFACE/U_CMD6_WR/U_WR_FIFO/SUBCORE_FIFO.xsdbm_v3_0_0_wrfifo_inst/inst_fifo_gen/gconvfifo.rf/grf.rf/gntv_or_sync_fifo.mem/gdm.dm_gen.dm/RAM_reg_0_15_0_13/RAMG_D1/CLK
  -------------------------------------------------------------------    -------------------
    SLICE_X67Y191        RAMD32 (Prop_G6LUT_SLICEM_CLK_O)
                                                      0.458     7.600 r  dbg_hub/inst/BSCANID.u_xsdbm_id/CORE_XSDB.UUT_MASTER/U_ICON_INTERFACE/U_CMD6_WR/U_WR_FIFO/SUBCORE_FIFO.xsdbm_v3_0_0_wrfifo_inst/inst_fifo_gen/gconvfifo.rf/grf.rf/gntv_or_sync_fifo.mem/gdm.dm_gen.dm/RAM_reg_0_15_0_13/RAMG_D1/O
                         net (fo=1, routed)           0.589     8.189    dbg_hub/inst/BSCANID.u_xsdbm_id/CORE_XSDB.UUT_MASTER/U_ICON_INTERFACE/U_CMD6_WR/U_WR_FIFO/SUBCORE_FIFO.xsdbm_v3_0_0_wrfifo_inst/inst_fifo_gen/gconvfifo.rf/grf.rf/gntv_or_sync_fifo.mem/gdm.dm_gen.dm/dout_i0[13]
    SLICE_X68Y188        FDRE                                         r  dbg_hub/inst/BSCANID.u_xsdbm_id/CORE_XSDB.UUT_MASTER/U_ICON_INTERFACE/U_CMD6_WR/U_WR_FIFO/SUBCORE_FIFO.xsdbm_v3_0_0_wrfifo_inst/inst_fifo_gen/gconvfifo.rf/grf.rf/gntv_or_sync_fifo.mem/gdm.dm_gen.dm/gpr1.dout_i_reg[13]/D
  -------------------------------------------------------------------    -------------------

                         (clock clk_out1_clk_wiz_0 rise edge)
                                                      0.000     0.000 r  
    BUFGCE_X1Y24         BUFGCE                       0.000     0.000 r  sys_clk_BUFGCE_inst/O
                         net (fo=1, routed)           0.923     0.923    clk_wiz_0_inst/inst/clk_in1
    MMCME3_ADV_X1Y1      MMCME3_ADV (Prop_MMCME3_ADV_CLKIN1_CLKOUT0)
                                                      0.445     1.368 r  clk_wiz_0_inst/inst/mmcme3_adv_inst/CLKOUT0
                         net (fo=1, routed)           0.372     1.740    clk_wiz_0_inst/inst/clk_out1_clk_wiz_0
    BUFGCE_X1Y25         BUFGCE (Prop_BUFCE_BUFGCE_I_O)
                                                      0.075     1.815 r  clk_wiz_0_inst/inst/clkout1_buf/O
    X1Y2 (CLOCK_ROOT)    net (fo=1528, routed)        2.294     4.109    dbg_hub/inst/BSCANID.u_xsdbm_id/CORE_XSDB.UUT_MASTER/U_ICON_INTERFACE/U_CMD6_WR/U_WR_FIFO/SUBCORE_FIFO.xsdbm_v3_0_0_wrfifo_inst/inst_fifo_gen/gconvfifo.rf/grf.rf/gntv_or_sync_fifo.mem/gdm.dm_gen.dm/rd_clk
    SLICE_X68Y188        FDRE                                         r  dbg_hub/inst/BSCANID.u_xsdbm_id/CORE_XSDB.UUT_MASTER/U_ICON_INTERFACE/U_CMD6_WR/U_WR_FIFO/SUBCORE_FIFO.xsdbm_v3_0_0_wrfifo_inst/inst_fifo_gen/gconvfifo.rf/grf.rf/gntv_or_sync_fifo.mem/gdm.dm_gen.dm/gpr1.dout_i_reg[13]/C

Slack:                    inf
  Source:                 dbg_hub/inst/BSCANID.u_xsdbm_id/CORE_XSDB.UUT_MASTER/U_ICON_INTERFACE/U_CMD6_WR/U_WR_FIFO/SUBCORE_FIFO.xsdbm_v3_0_0_wrfifo_inst/inst_fifo_gen/gconvfifo.rf/grf.rf/gntv_or_sync_fifo.mem/gdm.dm_gen.dm/RAM_reg_0_15_0_13/RAME/CLK
                            (rising edge-triggered cell RAMD32 clocked by dbg_hub/inst/BSCANID.u_xsdbm_id/SWITCH_N_EXT_BSCAN.bscan_inst/SERIES7_BSCAN.bscan_inst/TCK  {rise@0.000ns fall@16.500ns period=33.000ns})
  Destination:            dbg_hub/inst/BSCANID.u_xsdbm_id/CORE_XSDB.UUT_MASTER/U_ICON_INTERFACE/U_CMD6_WR/U_WR_FIFO/SUBCORE_FIFO.xsdbm_v3_0_0_wrfifo_inst/inst_fifo_gen/gconvfifo.rf/grf.rf/gntv_or_sync_fifo.mem/gdm.dm_gen.dm/gpr1.dout_i_reg[8]/D
                            (rising edge-triggered cell FDRE clocked by clk_out1_clk_wiz_0  {rise@0.000ns fall@1.600ns period=3.200ns})
  Path Group:             (none)
  Path Type:              Setup (Max at Slow Process Corner)
  Data Path Delay:        0.994ns  (logic 0.413ns (41.549%)  route 0.581ns (58.451%))
  Logic Levels:           0  
  Clock Path Skew:        -3.037ns (DCD - SCD + CPR)
    Destination Clock Delay (DCD):    4.105ns
    Source Clock Delay      (SCD):    7.142ns
    Clock Pessimism Removal (CPR):    0.000ns
  Clock Uncertainty:      0.328ns  ((TSJ^2 + DJ^2)^1/2) / 2 + PE
    Total System Jitter     (TSJ):    0.071ns
    Discrete Jitter          (DJ):    0.176ns
    Phase Error              (PE):    0.233ns
  Clock Net Delay (Source):      2.241ns (routing 0.957ns, distribution 1.284ns)
  Clock Net Delay (Destination): 2.290ns (routing 0.846ns, distribution 1.444ns)
  Timing Exception:       False Path

    Location             Delay type                Incr(ns)  Path(ns)    Netlist Resource(s)
  -------------------------------------------------------------------    -------------------
                         (clock dbg_hub/inst/BSCANID.u_xsdbm_id/SWITCH_N_EXT_BSCAN.bscan_inst/SERIES7_BSCAN.bscan_inst/TCK rise edge)
                                                      0.000     0.000 r  
    CONFIG_SITE_X0Y0     BSCANE2                      0.000     0.000 r  dbg_hub/inst/BSCANID.u_xsdbm_id/SWITCH_N_EXT_BSCAN.bscan_inst/SERIES7_BSCAN.bscan_inst/TCK
                         net (fo=1, routed)           4.818     4.818    dbg_hub/inst/BSCANID.u_xsdbm_id/tck_bs
    BUFGCE_X1Y119        BUFGCE (Prop_BUFCE_BUFGCE_I_O)
                                                      0.083     4.901 r  dbg_hub/inst/BSCANID.u_xsdbm_id/SWITCH_N_EXT_BSCAN.u_bufg_icon_tck/O
    X2Y3 (CLOCK_ROOT)    net (fo=478, routed)         2.241     7.142    dbg_hub/inst/BSCANID.u_xsdbm_id/CORE_XSDB.UUT_MASTER/U_ICON_INTERFACE/U_CMD6_WR/U_WR_FIFO/SUBCORE_FIFO.xsdbm_v3_0_0_wrfifo_inst/inst_fifo_gen/gconvfifo.rf/grf.rf/gntv_or_sync_fifo.mem/gdm.dm_gen.dm/RAM_reg_0_15_0_13/WCLK
    SLICE_X67Y191        RAMD32                                       r  dbg_hub/inst/BSCANID.u_xsdbm_id/CORE_XSDB.UUT_MASTER/U_ICON_INTERFACE/U_CMD6_WR/U_WR_FIFO/SUBCORE_FIFO.xsdbm_v3_0_0_wrfifo_inst/inst_fifo_gen/gconvfifo.rf/grf.rf/gntv_or_sync_fifo.mem/gdm.dm_gen.dm/RAM_reg_0_15_0_13/RAME/CLK
  -------------------------------------------------------------------    -------------------
    SLICE_X67Y191        RAMD32 (Prop_E5LUT_SLICEM_CLK_O)
                                                      0.413     7.555 r  dbg_hub/inst/BSCANID.u_xsdbm_id/CORE_XSDB.UUT_MASTER/U_ICON_INTERFACE/U_CMD6_WR/U_WR_FIFO/SUBCORE_FIFO.xsdbm_v3_0_0_wrfifo_inst/inst_fifo_gen/gconvfifo.rf/grf.rf/gntv_or_sync_fifo.mem/gdm.dm_gen.dm/RAM_reg_0_15_0_13/RAME/O
                         net (fo=1, routed)           0.581     8.136    dbg_hub/inst/BSCANID.u_xsdbm_id/CORE_XSDB.UUT_MASTER/U_ICON_INTERFACE/U_CMD6_WR/U_WR_FIFO/SUBCORE_FIFO.xsdbm_v3_0_0_wrfifo_inst/inst_fifo_gen/gconvfifo.rf/grf.rf/gntv_or_sync_fifo.mem/gdm.dm_gen.dm/dout_i0[8]
    SLICE_X70Y188        FDRE                                         r  dbg_hub/inst/BSCANID.u_xsdbm_id/CORE_XSDB.UUT_MASTER/U_ICON_INTERFACE/U_CMD6_WR/U_WR_FIFO/SUBCORE_FIFO.xsdbm_v3_0_0_wrfifo_inst/inst_fifo_gen/gconvfifo.rf/grf.rf/gntv_or_sync_fifo.mem/gdm.dm_gen.dm/gpr1.dout_i_reg[8]/D
  -------------------------------------------------------------------    -------------------

                         (clock clk_out1_clk_wiz_0 rise edge)
                                                      0.000     0.000 r  
    BUFGCE_X1Y24         BUFGCE                       0.000     0.000 r  sys_clk_BUFGCE_inst/O
                         net (fo=1, routed)           0.923     0.923    clk_wiz_0_inst/inst/clk_in1
    MMCME3_ADV_X1Y1      MMCME3_ADV (Prop_MMCME3_ADV_CLKIN1_CLKOUT0)
                                                      0.445     1.368 r  clk_wiz_0_inst/inst/mmcme3_adv_inst/CLKOUT0
                         net (fo=1, routed)           0.372     1.740    clk_wiz_0_inst/inst/clk_out1_clk_wiz_0
    BUFGCE_X1Y25         BUFGCE (Prop_BUFCE_BUFGCE_I_O)
                                                      0.075     1.815 r  clk_wiz_0_inst/inst/clkout1_buf/O
    X1Y2 (CLOCK_ROOT)    net (fo=1528, routed)        2.290     4.105    dbg_hub/inst/BSCANID.u_xsdbm_id/CORE_XSDB.UUT_MASTER/U_ICON_INTERFACE/U_CMD6_WR/U_WR_FIFO/SUBCORE_FIFO.xsdbm_v3_0_0_wrfifo_inst/inst_fifo_gen/gconvfifo.rf/grf.rf/gntv_or_sync_fifo.mem/gdm.dm_gen.dm/rd_clk
    SLICE_X70Y188        FDRE                                         r  dbg_hub/inst/BSCANID.u_xsdbm_id/CORE_XSDB.UUT_MASTER/U_ICON_INTERFACE/U_CMD6_WR/U_WR_FIFO/SUBCORE_FIFO.xsdbm_v3_0_0_wrfifo_inst/inst_fifo_gen/gconvfifo.rf/grf.rf/gntv_or_sync_fifo.mem/gdm.dm_gen.dm/gpr1.dout_i_reg[8]/C

Slack:                    inf
  Source:                 dbg_hub/inst/BSCANID.u_xsdbm_id/CORE_XSDB.UUT_MASTER/U_ICON_INTERFACE/U_CMD6_WR/U_WR_FIFO/SUBCORE_FIFO.xsdbm_v3_0_0_wrfifo_inst/inst_fifo_gen/gconvfifo.rf/grf.rf/gntv_or_sync_fifo.mem/gdm.dm_gen.dm/RAM_reg_0_15_0_13/RAMA/CLK
                            (rising edge-triggered cell RAMD32 clocked by dbg_hub/inst/BSCANID.u_xsdbm_id/SWITCH_N_EXT_BSCAN.bscan_inst/SERIES7_BSCAN.bscan_inst/TCK  {rise@0.000ns fall@16.500ns period=33.000ns})
  Destination:            dbg_hub/inst/BSCANID.u_xsdbm_id/CORE_XSDB.UUT_MASTER/U_ICON_INTERFACE/U_CMD6_WR/U_WR_FIFO/SUBCORE_FIFO.xsdbm_v3_0_0_wrfifo_inst/inst_fifo_gen/gconvfifo.rf/grf.rf/gntv_or_sync_fifo.mem/gdm.dm_gen.dm/gpr1.dout_i_reg[0]/D
                            (rising edge-triggered cell FDRE clocked by clk_out1_clk_wiz_0  {rise@0.000ns fall@1.600ns period=3.200ns})
  Path Group:             (none)
  Path Type:              Setup (Max at Slow Process Corner)
  Data Path Delay:        0.969ns  (logic 0.413ns (42.621%)  route 0.556ns (57.379%))
  Logic Levels:           0  
  Clock Path Skew:        -3.048ns (DCD - SCD + CPR)
    Destination Clock Delay (DCD):    4.094ns
    Source Clock Delay      (SCD):    7.142ns
    Clock Pessimism Removal (CPR):    0.000ns
  Clock Uncertainty:      0.328ns  ((TSJ^2 + DJ^2)^1/2) / 2 + PE
    Total System Jitter     (TSJ):    0.071ns
    Discrete Jitter          (DJ):    0.176ns
    Phase Error              (PE):    0.233ns
  Clock Net Delay (Source):      2.241ns (routing 0.957ns, distribution 1.284ns)
  Clock Net Delay (Destination): 2.279ns (routing 0.846ns, distribution 1.433ns)
  Timing Exception:       False Path

    Location             Delay type                Incr(ns)  Path(ns)    Netlist Resource(s)
  -------------------------------------------------------------------    -------------------
                         (clock dbg_hub/inst/BSCANID.u_xsdbm_id/SWITCH_N_EXT_BSCAN.bscan_inst/SERIES7_BSCAN.bscan_inst/TCK rise edge)
                                                      0.000     0.000 r  
    CONFIG_SITE_X0Y0     BSCANE2                      0.000     0.000 r  dbg_hub/inst/BSCANID.u_xsdbm_id/SWITCH_N_EXT_BSCAN.bscan_inst/SERIES7_BSCAN.bscan_inst/TCK
                         net (fo=1, routed)           4.818     4.818    dbg_hub/inst/BSCANID.u_xsdbm_id/tck_bs
    BUFGCE_X1Y119        BUFGCE (Prop_BUFCE_BUFGCE_I_O)
                                                      0.083     4.901 r  dbg_hub/inst/BSCANID.u_xsdbm_id/SWITCH_N_EXT_BSCAN.u_bufg_icon_tck/O
    X2Y3 (CLOCK_ROOT)    net (fo=478, routed)         2.241     7.142    dbg_hub/inst/BSCANID.u_xsdbm_id/CORE_XSDB.UUT_MASTER/U_ICON_INTERFACE/U_CMD6_WR/U_WR_FIFO/SUBCORE_FIFO.xsdbm_v3_0_0_wrfifo_inst/inst_fifo_gen/gconvfifo.rf/grf.rf/gntv_or_sync_fifo.mem/gdm.dm_gen.dm/RAM_reg_0_15_0_13/WCLK
    SLICE_X67Y191        RAMD32                                       r  dbg_hub/inst/BSCANID.u_xsdbm_id/CORE_XSDB.UUT_MASTER/U_ICON_INTERFACE/U_CMD6_WR/U_WR_FIFO/SUBCORE_FIFO.xsdbm_v3_0_0_wrfifo_inst/inst_fifo_gen/gconvfifo.rf/grf.rf/gntv_or_sync_fifo.mem/gdm.dm_gen.dm/RAM_reg_0_15_0_13/RAMA/CLK
  -------------------------------------------------------------------    -------------------
    SLICE_X67Y191        RAMD32 (Prop_A5LUT_SLICEM_CLK_O)
                                                      0.413     7.555 r  dbg_hub/inst/BSCANID.u_xsdbm_id/CORE_XSDB.UUT_MASTER/U_ICON_INTERFACE/U_CMD6_WR/U_WR_FIFO/SUBCORE_FIFO.xsdbm_v3_0_0_wrfifo_inst/inst_fifo_gen/gconvfifo.rf/grf.rf/gntv_or_sync_fifo.mem/gdm.dm_gen.dm/RAM_reg_0_15_0_13/RAMA/O
                         net (fo=1, routed)           0.556     8.111    dbg_hub/inst/BSCANID.u_xsdbm_id/CORE_XSDB.UUT_MASTER/U_ICON_INTERFACE/U_CMD6_WR/U_WR_FIFO/SUBCORE_FIFO.xsdbm_v3_0_0_wrfifo_inst/inst_fifo_gen/gconvfifo.rf/grf.rf/gntv_or_sync_fifo.mem/gdm.dm_gen.dm/dout_i0[0]
    SLICE_X69Y190        FDRE                                         r  dbg_hub/inst/BSCANID.u_xsdbm_id/CORE_XSDB.UUT_MASTER/U_ICON_INTERFACE/U_CMD6_WR/U_WR_FIFO/SUBCORE_FIFO.xsdbm_v3_0_0_wrfifo_inst/inst_fifo_gen/gconvfifo.rf/grf.rf/gntv_or_sync_fifo.mem/gdm.dm_gen.dm/gpr1.dout_i_reg[0]/D
  -------------------------------------------------------------------    -------------------

                         (clock clk_out1_clk_wiz_0 rise edge)
                                                      0.000     0.000 r  
    BUFGCE_X1Y24         BUFGCE                       0.000     0.000 r  sys_clk_BUFGCE_inst/O
                         net (fo=1, routed)           0.923     0.923    clk_wiz_0_inst/inst/clk_in1
    MMCME3_ADV_X1Y1      MMCME3_ADV (Prop_MMCME3_ADV_CLKIN1_CLKOUT0)
                                                      0.445     1.368 r  clk_wiz_0_inst/inst/mmcme3_adv_inst/CLKOUT0
                         net (fo=1, routed)           0.372     1.740    clk_wiz_0_inst/inst/clk_out1_clk_wiz_0
    BUFGCE_X1Y25         BUFGCE (Prop_BUFCE_BUFGCE_I_O)
                                                      0.075     1.815 r  clk_wiz_0_inst/inst/clkout1_buf/O
    X1Y2 (CLOCK_ROOT)    net (fo=1528, routed)        2.279     4.094    dbg_hub/inst/BSCANID.u_xsdbm_id/CORE_XSDB.UUT_MASTER/U_ICON_INTERFACE/U_CMD6_WR/U_WR_FIFO/SUBCORE_FIFO.xsdbm_v3_0_0_wrfifo_inst/inst_fifo_gen/gconvfifo.rf/grf.rf/gntv_or_sync_fifo.mem/gdm.dm_gen.dm/rd_clk
    SLICE_X69Y190        FDRE                                         r  dbg_hub/inst/BSCANID.u_xsdbm_id/CORE_XSDB.UUT_MASTER/U_ICON_INTERFACE/U_CMD6_WR/U_WR_FIFO/SUBCORE_FIFO.xsdbm_v3_0_0_wrfifo_inst/inst_fifo_gen/gconvfifo.rf/grf.rf/gntv_or_sync_fifo.mem/gdm.dm_gen.dm/gpr1.dout_i_reg[0]/C

Slack:                    inf
  Source:                 dbg_hub/inst/BSCANID.u_xsdbm_id/CORE_XSDB.UUT_MASTER/U_ICON_INTERFACE/U_CMD6_WR/U_WR_FIFO/SUBCORE_FIFO.xsdbm_v3_0_0_wrfifo_inst/inst_fifo_gen/gconvfifo.rf/grf.rf/gntv_or_sync_fifo.mem/gdm.dm_gen.dm/RAM_reg_0_15_0_13/RAMD_D1/CLK
                            (rising edge-triggered cell RAMD32 clocked by dbg_hub/inst/BSCANID.u_xsdbm_id/SWITCH_N_EXT_BSCAN.bscan_inst/SERIES7_BSCAN.bscan_inst/TCK  {rise@0.000ns fall@16.500ns period=33.000ns})
  Destination:            dbg_hub/inst/BSCANID.u_xsdbm_id/CORE_XSDB.UUT_MASTER/U_ICON_INTERFACE/U_CMD6_WR/U_WR_FIFO/SUBCORE_FIFO.xsdbm_v3_0_0_wrfifo_inst/inst_fifo_gen/gconvfifo.rf/grf.rf/gntv_or_sync_fifo.mem/gdm.dm_gen.dm/gpr1.dout_i_reg[7]/D
                            (rising edge-triggered cell FDRE clocked by clk_out1_clk_wiz_0  {rise@0.000ns fall@1.600ns period=3.200ns})
  Path Group:             (none)
  Path Type:              Setup (Max at Slow Process Corner)
  Data Path Delay:        0.953ns  (logic 0.448ns (47.009%)  route 0.505ns (52.991%))
  Logic Levels:           0  
  Clock Path Skew:        -3.048ns (DCD - SCD + CPR)
    Destination Clock Delay (DCD):    4.094ns
    Source Clock Delay      (SCD):    7.142ns
    Clock Pessimism Removal (CPR):    0.000ns
  Clock Uncertainty:      0.328ns  ((TSJ^2 + DJ^2)^1/2) / 2 + PE
    Total System Jitter     (TSJ):    0.071ns
    Discrete Jitter          (DJ):    0.176ns
    Phase Error              (PE):    0.233ns
  Clock Net Delay (Source):      2.241ns (routing 0.957ns, distribution 1.284ns)
  Clock Net Delay (Destination): 2.279ns (routing 0.846ns, distribution 1.433ns)
  Timing Exception:       False Path

    Location             Delay type                Incr(ns)  Path(ns)    Netlist Resource(s)
  -------------------------------------------------------------------    -------------------
                         (clock dbg_hub/inst/BSCANID.u_xsdbm_id/SWITCH_N_EXT_BSCAN.bscan_inst/SERIES7_BSCAN.bscan_inst/TCK rise edge)
                                                      0.000     0.000 r  
    CONFIG_SITE_X0Y0     BSCANE2                      0.000     0.000 r  dbg_hub/inst/BSCANID.u_xsdbm_id/SWITCH_N_EXT_BSCAN.bscan_inst/SERIES7_BSCAN.bscan_inst/TCK
                         net (fo=1, routed)           4.818     4.818    dbg_hub/inst/BSCANID.u_xsdbm_id/tck_bs
    BUFGCE_X1Y119        BUFGCE (Prop_BUFCE_BUFGCE_I_O)
                                                      0.083     4.901 r  dbg_hub/inst/BSCANID.u_xsdbm_id/SWITCH_N_EXT_BSCAN.u_bufg_icon_tck/O
    X2Y3 (CLOCK_ROOT)    net (fo=478, routed)         2.241     7.142    dbg_hub/inst/BSCANID.u_xsdbm_id/CORE_XSDB.UUT_MASTER/U_ICON_INTERFACE/U_CMD6_WR/U_WR_FIFO/SUBCORE_FIFO.xsdbm_v3_0_0_wrfifo_inst/inst_fifo_gen/gconvfifo.rf/grf.rf/gntv_or_sync_fifo.mem/gdm.dm_gen.dm/RAM_reg_0_15_0_13/WCLK
    SLICE_X67Y191        RAMD32                                       r  dbg_hub/inst/BSCANID.u_xsdbm_id/CORE_XSDB.UUT_MASTER/U_ICON_INTERFACE/U_CMD6_WR/U_WR_FIFO/SUBCORE_FIFO.xsdbm_v3_0_0_wrfifo_inst/inst_fifo_gen/gconvfifo.rf/grf.rf/gntv_or_sync_fifo.mem/gdm.dm_gen.dm/RAM_reg_0_15_0_13/RAMD_D1/CLK
  -------------------------------------------------------------------    -------------------
    SLICE_X67Y191        RAMD32 (Prop_D6LUT_SLICEM_CLK_O)
                                                      0.448     7.590 r  dbg_hub/inst/BSCANID.u_xsdbm_id/CORE_XSDB.UUT_MASTER/U_ICON_INTERFACE/U_CMD6_WR/U_WR_FIFO/SUBCORE_FIFO.xsdbm_v3_0_0_wrfifo_inst/inst_fifo_gen/gconvfifo.rf/grf.rf/gntv_or_sync_fifo.mem/gdm.dm_gen.dm/RAM_reg_0_15_0_13/RAMD_D1/O
                         net (fo=1, routed)           0.505     8.095    dbg_hub/inst/BSCANID.u_xsdbm_id/CORE_XSDB.UUT_MASTER/U_ICON_INTERFACE/U_CMD6_WR/U_WR_FIFO/SUBCORE_FIFO.xsdbm_v3_0_0_wrfifo_inst/inst_fifo_gen/gconvfifo.rf/grf.rf/gntv_or_sync_fifo.mem/gdm.dm_gen.dm/dout_i0[7]
    SLICE_X69Y190        FDRE                                         r  dbg_hub/inst/BSCANID.u_xsdbm_id/CORE_XSDB.UUT_MASTER/U_ICON_INTERFACE/U_CMD6_WR/U_WR_FIFO/SUBCORE_FIFO.xsdbm_v3_0_0_wrfifo_inst/inst_fifo_gen/gconvfifo.rf/grf.rf/gntv_or_sync_fifo.mem/gdm.dm_gen.dm/gpr1.dout_i_reg[7]/D
  -------------------------------------------------------------------    -------------------

                         (clock clk_out1_clk_wiz_0 rise edge)
                                                      0.000     0.000 r  
    BUFGCE_X1Y24         BUFGCE                       0.000     0.000 r  sys_clk_BUFGCE_inst/O
                         net (fo=1, routed)           0.923     0.923    clk_wiz_0_inst/inst/clk_in1
    MMCME3_ADV_X1Y1      MMCME3_ADV (Prop_MMCME3_ADV_CLKIN1_CLKOUT0)
                                                      0.445     1.368 r  clk_wiz_0_inst/inst/mmcme3_adv_inst/CLKOUT0
                         net (fo=1, routed)           0.372     1.740    clk_wiz_0_inst/inst/clk_out1_clk_wiz_0
    BUFGCE_X1Y25         BUFGCE (Prop_BUFCE_BUFGCE_I_O)
                                                      0.075     1.815 r  clk_wiz_0_inst/inst/clkout1_buf/O
    X1Y2 (CLOCK_ROOT)    net (fo=1528, routed)        2.279     4.094    dbg_hub/inst/BSCANID.u_xsdbm_id/CORE_XSDB.UUT_MASTER/U_ICON_INTERFACE/U_CMD6_WR/U_WR_FIFO/SUBCORE_FIFO.xsdbm_v3_0_0_wrfifo_inst/inst_fifo_gen/gconvfifo.rf/grf.rf/gntv_or_sync_fifo.mem/gdm.dm_gen.dm/rd_clk
    SLICE_X69Y190        FDRE                                         r  dbg_hub/inst/BSCANID.u_xsdbm_id/CORE_XSDB.UUT_MASTER/U_ICON_INTERFACE/U_CMD6_WR/U_WR_FIFO/SUBCORE_FIFO.xsdbm_v3_0_0_wrfifo_inst/inst_fifo_gen/gconvfifo.rf/grf.rf/gntv_or_sync_fifo.mem/gdm.dm_gen.dm/gpr1.dout_i_reg[7]/C

Slack:                    inf
  Source:                 dbg_hub/inst/BSCANID.u_xsdbm_id/CORE_XSDB.UUT_MASTER/U_ICON_INTERFACE/U_CMD6_WR/U_WR_FIFO/SUBCORE_FIFO.xsdbm_v3_0_0_wrfifo_inst/inst_fifo_gen/gconvfifo.rf/grf.rf/gntv_or_sync_fifo.mem/gdm.dm_gen.dm/RAM_reg_0_15_0_13/RAMB/CLK
                            (rising edge-triggered cell RAMD32 clocked by dbg_hub/inst/BSCANID.u_xsdbm_id/SWITCH_N_EXT_BSCAN.bscan_inst/SERIES7_BSCAN.bscan_inst/TCK  {rise@0.000ns fall@16.500ns period=33.000ns})
  Destination:            dbg_hub/inst/BSCANID.u_xsdbm_id/CORE_XSDB.UUT_MASTER/U_ICON_INTERFACE/U_CMD6_WR/U_WR_FIFO/SUBCORE_FIFO.xsdbm_v3_0_0_wrfifo_inst/inst_fifo_gen/gconvfifo.rf/grf.rf/gntv_or_sync_fifo.mem/gdm.dm_gen.dm/gpr1.dout_i_reg[2]/D
                            (rising edge-triggered cell FDRE clocked by clk_out1_clk_wiz_0  {rise@0.000ns fall@1.600ns period=3.200ns})
  Path Group:             (none)
  Path Type:              Setup (Max at Slow Process Corner)
  Data Path Delay:        0.942ns  (logic 0.419ns (44.480%)  route 0.523ns (55.520%))
  Logic Levels:           0  
  Clock Path Skew:        -3.048ns (DCD - SCD + CPR)
    Destination Clock Delay (DCD):    4.094ns
    Source Clock Delay      (SCD):    7.142ns
    Clock Pessimism Removal (CPR):    0.000ns
  Clock Uncertainty:      0.328ns  ((TSJ^2 + DJ^2)^1/2) / 2 + PE
    Total System Jitter     (TSJ):    0.071ns
    Discrete Jitter          (DJ):    0.176ns
    Phase Error              (PE):    0.233ns
  Clock Net Delay (Source):      2.241ns (routing 0.957ns, distribution 1.284ns)
  Clock Net Delay (Destination): 2.279ns (routing 0.846ns, distribution 1.433ns)
  Timing Exception:       False Path

    Location             Delay type                Incr(ns)  Path(ns)    Netlist Resource(s)
  -------------------------------------------------------------------    -------------------
                         (clock dbg_hub/inst/BSCANID.u_xsdbm_id/SWITCH_N_EXT_BSCAN.bscan_inst/SERIES7_BSCAN.bscan_inst/TCK rise edge)
                                                      0.000     0.000 r  
    CONFIG_SITE_X0Y0     BSCANE2                      0.000     0.000 r  dbg_hub/inst/BSCANID.u_xsdbm_id/SWITCH_N_EXT_BSCAN.bscan_inst/SERIES7_BSCAN.bscan_inst/TCK
                         net (fo=1, routed)           4.818     4.818    dbg_hub/inst/BSCANID.u_xsdbm_id/tck_bs
    BUFGCE_X1Y119        BUFGCE (Prop_BUFCE_BUFGCE_I_O)
                                                      0.083     4.901 r  dbg_hub/inst/BSCANID.u_xsdbm_id/SWITCH_N_EXT_BSCAN.u_bufg_icon_tck/O
    X2Y3 (CLOCK_ROOT)    net (fo=478, routed)         2.241     7.142    dbg_hub/inst/BSCANID.u_xsdbm_id/CORE_XSDB.UUT_MASTER/U_ICON_INTERFACE/U_CMD6_WR/U_WR_FIFO/SUBCORE_FIFO.xsdbm_v3_0_0_wrfifo_inst/inst_fifo_gen/gconvfifo.rf/grf.rf/gntv_or_sync_fifo.mem/gdm.dm_gen.dm/RAM_reg_0_15_0_13/WCLK
    SLICE_X67Y191        RAMD32                                       r  dbg_hub/inst/BSCANID.u_xsdbm_id/CORE_XSDB.UUT_MASTER/U_ICON_INTERFACE/U_CMD6_WR/U_WR_FIFO/SUBCORE_FIFO.xsdbm_v3_0_0_wrfifo_inst/inst_fifo_gen/gconvfifo.rf/grf.rf/gntv_or_sync_fifo.mem/gdm.dm_gen.dm/RAM_reg_0_15_0_13/RAMB/CLK
  -------------------------------------------------------------------    -------------------
    SLICE_X67Y191        RAMD32 (Prop_B5LUT_SLICEM_CLK_O)
                                                      0.419     7.561 r  dbg_hub/inst/BSCANID.u_xsdbm_id/CORE_XSDB.UUT_MASTER/U_ICON_INTERFACE/U_CMD6_WR/U_WR_FIFO/SUBCORE_FIFO.xsdbm_v3_0_0_wrfifo_inst/inst_fifo_gen/gconvfifo.rf/grf.rf/gntv_or_sync_fifo.mem/gdm.dm_gen.dm/RAM_reg_0_15_0_13/RAMB/O
                         net (fo=1, routed)           0.523     8.084    dbg_hub/inst/BSCANID.u_xsdbm_id/CORE_XSDB.UUT_MASTER/U_ICON_INTERFACE/U_CMD6_WR/U_WR_FIFO/SUBCORE_FIFO.xsdbm_v3_0_0_wrfifo_inst/inst_fifo_gen/gconvfifo.rf/grf.rf/gntv_or_sync_fifo.mem/gdm.dm_gen.dm/dout_i0[2]
    SLICE_X69Y190        FDRE                                         r  dbg_hub/inst/BSCANID.u_xsdbm_id/CORE_XSDB.UUT_MASTER/U_ICON_INTERFACE/U_CMD6_WR/U_WR_FIFO/SUBCORE_FIFO.xsdbm_v3_0_0_wrfifo_inst/inst_fifo_gen/gconvfifo.rf/grf.rf/gntv_or_sync_fifo.mem/gdm.dm_gen.dm/gpr1.dout_i_reg[2]/D
  -------------------------------------------------------------------    -------------------

                         (clock clk_out1_clk_wiz_0 rise edge)
                                                      0.000     0.000 r  
    BUFGCE_X1Y24         BUFGCE                       0.000     0.000 r  sys_clk_BUFGCE_inst/O
                         net (fo=1, routed)           0.923     0.923    clk_wiz_0_inst/inst/clk_in1
    MMCME3_ADV_X1Y1      MMCME3_ADV (Prop_MMCME3_ADV_CLKIN1_CLKOUT0)
                                                      0.445     1.368 r  clk_wiz_0_inst/inst/mmcme3_adv_inst/CLKOUT0
                         net (fo=1, routed)           0.372     1.740    clk_wiz_0_inst/inst/clk_out1_clk_wiz_0
    BUFGCE_X1Y25         BUFGCE (Prop_BUFCE_BUFGCE_I_O)
                                                      0.075     1.815 r  clk_wiz_0_inst/inst/clkout1_buf/O
    X1Y2 (CLOCK_ROOT)    net (fo=1528, routed)        2.279     4.094    dbg_hub/inst/BSCANID.u_xsdbm_id/CORE_XSDB.UUT_MASTER/U_ICON_INTERFACE/U_CMD6_WR/U_WR_FIFO/SUBCORE_FIFO.xsdbm_v3_0_0_wrfifo_inst/inst_fifo_gen/gconvfifo.rf/grf.rf/gntv_or_sync_fifo.mem/gdm.dm_gen.dm/rd_clk
    SLICE_X69Y190        FDRE                                         r  dbg_hub/inst/BSCANID.u_xsdbm_id/CORE_XSDB.UUT_MASTER/U_ICON_INTERFACE/U_CMD6_WR/U_WR_FIFO/SUBCORE_FIFO.xsdbm_v3_0_0_wrfifo_inst/inst_fifo_gen/gconvfifo.rf/grf.rf/gntv_or_sync_fifo.mem/gdm.dm_gen.dm/gpr1.dout_i_reg[2]/C

Slack:                    inf
  Source:                 dbg_hub/inst/BSCANID.u_xsdbm_id/CORE_XSDB.UUT_MASTER/U_ICON_INTERFACE/U_CMD6_WR/U_WR_FIFO/SUBCORE_FIFO.xsdbm_v3_0_0_wrfifo_inst/inst_fifo_gen/gconvfifo.rf/grf.rf/gntv_or_sync_fifo.mem/gdm.dm_gen.dm/RAM_reg_0_15_14_15__0/DP/CLK
                            (rising edge-triggered cell RAMD32 clocked by dbg_hub/inst/BSCANID.u_xsdbm_id/SWITCH_N_EXT_BSCAN.bscan_inst/SERIES7_BSCAN.bscan_inst/TCK  {rise@0.000ns fall@16.500ns period=33.000ns})
  Destination:            dbg_hub/inst/BSCANID.u_xsdbm_id/CORE_XSDB.UUT_MASTER/U_ICON_INTERFACE/U_CMD6_WR/U_WR_FIFO/SUBCORE_FIFO.xsdbm_v3_0_0_wrfifo_inst/inst_fifo_gen/gconvfifo.rf/grf.rf/gntv_or_sync_fifo.mem/gdm.dm_gen.dm/gpr1.dout_i_reg[15]/D
                            (rising edge-triggered cell FDRE clocked by clk_out1_clk_wiz_0  {rise@0.000ns fall@1.600ns period=3.200ns})
  Path Group:             (none)
  Path Type:              Setup (Max at Slow Process Corner)
  Data Path Delay:        0.915ns  (logic 0.422ns (46.120%)  route 0.493ns (53.880%))
  Logic Levels:           0  
  Clock Path Skew:        -3.048ns (DCD - SCD + CPR)
    Destination Clock Delay (DCD):    4.094ns
    Source Clock Delay      (SCD):    7.142ns
    Clock Pessimism Removal (CPR):    0.000ns
  Clock Uncertainty:      0.328ns  ((TSJ^2 + DJ^2)^1/2) / 2 + PE
    Total System Jitter     (TSJ):    0.071ns
    Discrete Jitter          (DJ):    0.176ns
    Phase Error              (PE):    0.233ns
  Clock Net Delay (Source):      2.241ns (routing 0.957ns, distribution 1.284ns)
  Clock Net Delay (Destination): 2.279ns (routing 0.846ns, distribution 1.433ns)
  Timing Exception:       False Path

    Location             Delay type                Incr(ns)  Path(ns)    Netlist Resource(s)
  -------------------------------------------------------------------    -------------------
                         (clock dbg_hub/inst/BSCANID.u_xsdbm_id/SWITCH_N_EXT_BSCAN.bscan_inst/SERIES7_BSCAN.bscan_inst/TCK rise edge)
                                                      0.000     0.000 r  
    CONFIG_SITE_X0Y0     BSCANE2                      0.000     0.000 r  dbg_hub/inst/BSCANID.u_xsdbm_id/SWITCH_N_EXT_BSCAN.bscan_inst/SERIES7_BSCAN.bscan_inst/TCK
                         net (fo=1, routed)           4.818     4.818    dbg_hub/inst/BSCANID.u_xsdbm_id/tck_bs
    BUFGCE_X1Y119        BUFGCE (Prop_BUFCE_BUFGCE_I_O)
                                                      0.083     4.901 r  dbg_hub/inst/BSCANID.u_xsdbm_id/SWITCH_N_EXT_BSCAN.u_bufg_icon_tck/O
    X2Y3 (CLOCK_ROOT)    net (fo=478, routed)         2.241     7.142    dbg_hub/inst/BSCANID.u_xsdbm_id/CORE_XSDB.UUT_MASTER/U_ICON_INTERFACE/U_CMD6_WR/U_WR_FIFO/SUBCORE_FIFO.xsdbm_v3_0_0_wrfifo_inst/inst_fifo_gen/gconvfifo.rf/grf.rf/gntv_or_sync_fifo.mem/gdm.dm_gen.dm/RAM_reg_0_15_14_15__0/WCLK
    SLICE_X67Y192        RAMD32                                       r  dbg_hub/inst/BSCANID.u_xsdbm_id/CORE_XSDB.UUT_MASTER/U_ICON_INTERFACE/U_CMD6_WR/U_WR_FIFO/SUBCORE_FIFO.xsdbm_v3_0_0_wrfifo_inst/inst_fifo_gen/gconvfifo.rf/grf.rf/gntv_or_sync_fifo.mem/gdm.dm_gen.dm/RAM_reg_0_15_14_15__0/DP/CLK
  -------------------------------------------------------------------    -------------------
    SLICE_X67Y192        RAMD32 (Prop_G5LUT_SLICEM_CLK_O)
                                                      0.422     7.564 r  dbg_hub/inst/BSCANID.u_xsdbm_id/CORE_XSDB.UUT_MASTER/U_ICON_INTERFACE/U_CMD6_WR/U_WR_FIFO/SUBCORE_FIFO.xsdbm_v3_0_0_wrfifo_inst/inst_fifo_gen/gconvfifo.rf/grf.rf/gntv_or_sync_fifo.mem/gdm.dm_gen.dm/RAM_reg_0_15_14_15__0/DP/O
                         net (fo=1, routed)           0.493     8.057    dbg_hub/inst/BSCANID.u_xsdbm_id/CORE_XSDB.UUT_MASTER/U_ICON_INTERFACE/U_CMD6_WR/U_WR_FIFO/SUBCORE_FIFO.xsdbm_v3_0_0_wrfifo_inst/inst_fifo_gen/gconvfifo.rf/grf.rf/gntv_or_sync_fifo.mem/gdm.dm_gen.dm/dout_i0[15]
    SLICE_X69Y190        FDRE                                         r  dbg_hub/inst/BSCANID.u_xsdbm_id/CORE_XSDB.UUT_MASTER/U_ICON_INTERFACE/U_CMD6_WR/U_WR_FIFO/SUBCORE_FIFO.xsdbm_v3_0_0_wrfifo_inst/inst_fifo_gen/gconvfifo.rf/grf.rf/gntv_or_sync_fifo.mem/gdm.dm_gen.dm/gpr1.dout_i_reg[15]/D
  -------------------------------------------------------------------    -------------------

                         (clock clk_out1_clk_wiz_0 rise edge)
                                                      0.000     0.000 r  
    BUFGCE_X1Y24         BUFGCE                       0.000     0.000 r  sys_clk_BUFGCE_inst/O
                         net (fo=1, routed)           0.923     0.923    clk_wiz_0_inst/inst/clk_in1
    MMCME3_ADV_X1Y1      MMCME3_ADV (Prop_MMCME3_ADV_CLKIN1_CLKOUT0)
                                                      0.445     1.368 r  clk_wiz_0_inst/inst/mmcme3_adv_inst/CLKOUT0
                         net (fo=1, routed)           0.372     1.740    clk_wiz_0_inst/inst/clk_out1_clk_wiz_0
    BUFGCE_X1Y25         BUFGCE (Prop_BUFCE_BUFGCE_I_O)
                                                      0.075     1.815 r  clk_wiz_0_inst/inst/clkout1_buf/O
    X1Y2 (CLOCK_ROOT)    net (fo=1528, routed)        2.279     4.094    dbg_hub/inst/BSCANID.u_xsdbm_id/CORE_XSDB.UUT_MASTER/U_ICON_INTERFACE/U_CMD6_WR/U_WR_FIFO/SUBCORE_FIFO.xsdbm_v3_0_0_wrfifo_inst/inst_fifo_gen/gconvfifo.rf/grf.rf/gntv_or_sync_fifo.mem/gdm.dm_gen.dm/rd_clk
    SLICE_X69Y190        FDRE                                         r  dbg_hub/inst/BSCANID.u_xsdbm_id/CORE_XSDB.UUT_MASTER/U_ICON_INTERFACE/U_CMD6_WR/U_WR_FIFO/SUBCORE_FIFO.xsdbm_v3_0_0_wrfifo_inst/inst_fifo_gen/gconvfifo.rf/grf.rf/gntv_or_sync_fifo.mem/gdm.dm_gen.dm/gpr1.dout_i_reg[15]/C

Slack:                    inf
  Source:                 dbg_hub/inst/BSCANID.u_xsdbm_id/CORE_XSDB.UUT_MASTER/U_ICON_INTERFACE/U_CMD6_WR/U_WR_FIFO/SUBCORE_FIFO.xsdbm_v3_0_0_wrfifo_inst/inst_fifo_gen/gconvfifo.rf/grf.rf/gntv_or_sync_fifo.mem/gdm.dm_gen.dm/RAM_reg_0_15_0_13/RAMC_D1/CLK
                            (rising edge-triggered cell RAMD32 clocked by dbg_hub/inst/BSCANID.u_xsdbm_id/SWITCH_N_EXT_BSCAN.bscan_inst/SERIES7_BSCAN.bscan_inst/TCK  {rise@0.000ns fall@16.500ns period=33.000ns})
  Destination:            dbg_hub/inst/BSCANID.u_xsdbm_id/CORE_XSDB.UUT_MASTER/U_ICON_INTERFACE/U_CMD6_WR/U_WR_FIFO/SUBCORE_FIFO.xsdbm_v3_0_0_wrfifo_inst/inst_fifo_gen/gconvfifo.rf/grf.rf/gntv_or_sync_fifo.mem/gdm.dm_gen.dm/gpr1.dout_i_reg[5]/D
                            (rising edge-triggered cell FDRE clocked by clk_out1_clk_wiz_0  {rise@0.000ns fall@1.600ns period=3.200ns})
  Path Group:             (none)
  Path Type:              Setup (Max at Slow Process Corner)
  Data Path Delay:        0.912ns  (logic 0.449ns (49.232%)  route 0.463ns (50.768%))
  Logic Levels:           0  
  Clock Path Skew:        -3.032ns (DCD - SCD + CPR)
    Destination Clock Delay (DCD):    4.110ns
    Source Clock Delay      (SCD):    7.142ns
    Clock Pessimism Removal (CPR):    0.000ns
  Clock Uncertainty:      0.328ns  ((TSJ^2 + DJ^2)^1/2) / 2 + PE
    Total System Jitter     (TSJ):    0.071ns
    Discrete Jitter          (DJ):    0.176ns
    Phase Error              (PE):    0.233ns
  Clock Net Delay (Source):      2.241ns (routing 0.957ns, distribution 1.284ns)
  Clock Net Delay (Destination): 2.295ns (routing 0.846ns, distribution 1.449ns)
  Timing Exception:       False Path

    Location             Delay type                Incr(ns)  Path(ns)    Netlist Resource(s)
  -------------------------------------------------------------------    -------------------
                         (clock dbg_hub/inst/BSCANID.u_xsdbm_id/SWITCH_N_EXT_BSCAN.bscan_inst/SERIES7_BSCAN.bscan_inst/TCK rise edge)
                                                      0.000     0.000 r  
    CONFIG_SITE_X0Y0     BSCANE2                      0.000     0.000 r  dbg_hub/inst/BSCANID.u_xsdbm_id/SWITCH_N_EXT_BSCAN.bscan_inst/SERIES7_BSCAN.bscan_inst/TCK
                         net (fo=1, routed)           4.818     4.818    dbg_hub/inst/BSCANID.u_xsdbm_id/tck_bs
    BUFGCE_X1Y119        BUFGCE (Prop_BUFCE_BUFGCE_I_O)
                                                      0.083     4.901 r  dbg_hub/inst/BSCANID.u_xsdbm_id/SWITCH_N_EXT_BSCAN.u_bufg_icon_tck/O
    X2Y3 (CLOCK_ROOT)    net (fo=478, routed)         2.241     7.142    dbg_hub/inst/BSCANID.u_xsdbm_id/CORE_XSDB.UUT_MASTER/U_ICON_INTERFACE/U_CMD6_WR/U_WR_FIFO/SUBCORE_FIFO.xsdbm_v3_0_0_wrfifo_inst/inst_fifo_gen/gconvfifo.rf/grf.rf/gntv_or_sync_fifo.mem/gdm.dm_gen.dm/RAM_reg_0_15_0_13/WCLK
    SLICE_X67Y191        RAMD32                                       r  dbg_hub/inst/BSCANID.u_xsdbm_id/CORE_XSDB.UUT_MASTER/U_ICON_INTERFACE/U_CMD6_WR/U_WR_FIFO/SUBCORE_FIFO.xsdbm_v3_0_0_wrfifo_inst/inst_fifo_gen/gconvfifo.rf/grf.rf/gntv_or_sync_fifo.mem/gdm.dm_gen.dm/RAM_reg_0_15_0_13/RAMC_D1/CLK
  -------------------------------------------------------------------    -------------------
    SLICE_X67Y191        RAMD32 (Prop_C6LUT_SLICEM_CLK_O)
                                                      0.449     7.591 r  dbg_hub/inst/BSCANID.u_xsdbm_id/CORE_XSDB.UUT_MASTER/U_ICON_INTERFACE/U_CMD6_WR/U_WR_FIFO/SUBCORE_FIFO.xsdbm_v3_0_0_wrfifo_inst/inst_fifo_gen/gconvfifo.rf/grf.rf/gntv_or_sync_fifo.mem/gdm.dm_gen.dm/RAM_reg_0_15_0_13/RAMC_D1/O
                         net (fo=1, routed)           0.463     8.054    dbg_hub/inst/BSCANID.u_xsdbm_id/CORE_XSDB.UUT_MASTER/U_ICON_INTERFACE/U_CMD6_WR/U_WR_FIFO/SUBCORE_FIFO.xsdbm_v3_0_0_wrfifo_inst/inst_fifo_gen/gconvfifo.rf/grf.rf/gntv_or_sync_fifo.mem/gdm.dm_gen.dm/dout_i0[5]
    SLICE_X67Y188        FDRE                                         r  dbg_hub/inst/BSCANID.u_xsdbm_id/CORE_XSDB.UUT_MASTER/U_ICON_INTERFACE/U_CMD6_WR/U_WR_FIFO/SUBCORE_FIFO.xsdbm_v3_0_0_wrfifo_inst/inst_fifo_gen/gconvfifo.rf/grf.rf/gntv_or_sync_fifo.mem/gdm.dm_gen.dm/gpr1.dout_i_reg[5]/D
  -------------------------------------------------------------------    -------------------

                         (clock clk_out1_clk_wiz_0 rise edge)
                                                      0.000     0.000 r  
    BUFGCE_X1Y24         BUFGCE                       0.000     0.000 r  sys_clk_BUFGCE_inst/O
                         net (fo=1, routed)           0.923     0.923    clk_wiz_0_inst/inst/clk_in1
    MMCME3_ADV_X1Y1      MMCME3_ADV (Prop_MMCME3_ADV_CLKIN1_CLKOUT0)
                                                      0.445     1.368 r  clk_wiz_0_inst/inst/mmcme3_adv_inst/CLKOUT0
                         net (fo=1, routed)           0.372     1.740    clk_wiz_0_inst/inst/clk_out1_clk_wiz_0
    BUFGCE_X1Y25         BUFGCE (Prop_BUFCE_BUFGCE_I_O)
                                                      0.075     1.815 r  clk_wiz_0_inst/inst/clkout1_buf/O
    X1Y2 (CLOCK_ROOT)    net (fo=1528, routed)        2.295     4.110    dbg_hub/inst/BSCANID.u_xsdbm_id/CORE_XSDB.UUT_MASTER/U_ICON_INTERFACE/U_CMD6_WR/U_WR_FIFO/SUBCORE_FIFO.xsdbm_v3_0_0_wrfifo_inst/inst_fifo_gen/gconvfifo.rf/grf.rf/gntv_or_sync_fifo.mem/gdm.dm_gen.dm/rd_clk
    SLICE_X67Y188        FDRE                                         r  dbg_hub/inst/BSCANID.u_xsdbm_id/CORE_XSDB.UUT_MASTER/U_ICON_INTERFACE/U_CMD6_WR/U_WR_FIFO/SUBCORE_FIFO.xsdbm_v3_0_0_wrfifo_inst/inst_fifo_gen/gconvfifo.rf/grf.rf/gntv_or_sync_fifo.mem/gdm.dm_gen.dm/gpr1.dout_i_reg[5]/C





Min Delay Paths
--------------------------------------------------------------------------------------
Slack:                    inf
  Source:                 dbg_hub/inst/BSCANID.u_xsdbm_id/CORE_XSDB.UUT_MASTER/U_ICON_INTERFACE/U_CMD7_CTL/shift_reg_in_reg[1]/C
                            (rising edge-triggered cell FDRE clocked by dbg_hub/inst/BSCANID.u_xsdbm_id/SWITCH_N_EXT_BSCAN.bscan_inst/SERIES7_BSCAN.bscan_inst/TCK  {rise@0.000ns fall@16.500ns period=33.000ns})
  Destination:            dbg_hub/inst/BSCANID.u_xsdbm_id/CORE_XSDB.UUT_MASTER/U_ICON_INTERFACE/U_CMD7_CTL/ctl_reg_reg[1]/D
                            (rising edge-triggered cell FDRE clocked by clk_out1_clk_wiz_0  {rise@0.000ns fall@1.600ns period=3.200ns})
  Path Group:             (none)
  Path Type:              Hold (Min at Fast Process Corner)
  Data Path Delay:        0.178ns  (logic 0.048ns (26.966%)  route 0.130ns (73.034%))
  Logic Levels:           0  
  Clock Path Skew:        -1.607ns (DCD - SCD - CPR)
    Destination Clock Delay (DCD):    1.857ns
    Source Clock Delay      (SCD):    3.464ns
    Clock Pessimism Removal (CPR):    -0.000ns
  Clock Uncertainty:      0.328ns  ((TSJ^2 + DJ^2)^1/2) / 2 + PE
    Total System Jitter     (TSJ):    0.071ns
    Discrete Jitter          (DJ):    0.176ns
    Phase Error              (PE):    0.233ns
  Clock Net Delay (Source):      0.954ns (routing 0.447ns, distribution 0.507ns)
  Clock Net Delay (Destination): 1.367ns (routing 0.499ns, distribution 0.868ns)
  Timing Exception:       False Path

    Location             Delay type                Incr(ns)  Path(ns)    Netlist Resource(s)
  -------------------------------------------------------------------    -------------------
                         (clock dbg_hub/inst/BSCANID.u_xsdbm_id/SWITCH_N_EXT_BSCAN.bscan_inst/SERIES7_BSCAN.bscan_inst/TCK rise edge)
                                                      0.000     0.000 r  
    CONFIG_SITE_X0Y0     BSCANE2                      0.000     0.000 r  dbg_hub/inst/BSCANID.u_xsdbm_id/SWITCH_N_EXT_BSCAN.bscan_inst/SERIES7_BSCAN.bscan_inst/TCK
                         net (fo=1, routed)           2.483     2.483    dbg_hub/inst/BSCANID.u_xsdbm_id/tck_bs
    BUFGCE_X1Y119        BUFGCE (Prop_BUFCE_BUFGCE_I_O)
                                                      0.027     2.510 r  dbg_hub/inst/BSCANID.u_xsdbm_id/SWITCH_N_EXT_BSCAN.u_bufg_icon_tck/O
    X2Y3 (CLOCK_ROOT)    net (fo=478, routed)         0.954     3.464    dbg_hub/inst/BSCANID.u_xsdbm_id/CORE_XSDB.UUT_MASTER/U_ICON_INTERFACE/U_CMD7_CTL/m_bscan_tck[0]
    SLICE_X68Y198        FDRE                                         r  dbg_hub/inst/BSCANID.u_xsdbm_id/CORE_XSDB.UUT_MASTER/U_ICON_INTERFACE/U_CMD7_CTL/shift_reg_in_reg[1]/C
  -------------------------------------------------------------------    -------------------
    SLICE_X68Y198        FDRE (Prop_BFF2_SLICEL_C_Q)
                                                      0.048     3.512 r  dbg_hub/inst/BSCANID.u_xsdbm_id/CORE_XSDB.UUT_MASTER/U_ICON_INTERFACE/U_CMD7_CTL/shift_reg_in_reg[1]/Q
                         net (fo=2, routed)           0.130     3.642    dbg_hub/inst/BSCANID.u_xsdbm_id/CORE_XSDB.UUT_MASTER/U_ICON_INTERFACE/U_CMD7_CTL/shift_reg_in[1]
    SLICE_X67Y198        FDRE                                         r  dbg_hub/inst/BSCANID.u_xsdbm_id/CORE_XSDB.UUT_MASTER/U_ICON_INTERFACE/U_CMD7_CTL/ctl_reg_reg[1]/D
  -------------------------------------------------------------------    -------------------

                         (clock clk_out1_clk_wiz_0 rise edge)
                                                      0.000     0.000 r  
    BUFGCE_X1Y24         BUFGCE                       0.000     0.000 r  sys_clk_BUFGCE_inst/O
                         net (fo=1, routed)           0.457     0.457    clk_wiz_0_inst/inst/clk_in1
    MMCME3_ADV_X1Y1      MMCME3_ADV (Prop_MMCME3_ADV_CLKIN1_CLKOUT0)
                                                     -0.207     0.250 r  clk_wiz_0_inst/inst/mmcme3_adv_inst/CLKOUT0
                         net (fo=1, routed)           0.209     0.459    clk_wiz_0_inst/inst/clk_out1_clk_wiz_0
    BUFGCE_X1Y25         BUFGCE (Prop_BUFCE_BUFGCE_I_O)
                                                      0.031     0.490 r  clk_wiz_0_inst/inst/clkout1_buf/O
    X1Y2 (CLOCK_ROOT)    net (fo=1528, routed)        1.367     1.857    dbg_hub/inst/BSCANID.u_xsdbm_id/CORE_XSDB.UUT_MASTER/U_ICON_INTERFACE/U_CMD7_CTL/clk
    SLICE_X67Y198        FDRE                                         r  dbg_hub/inst/BSCANID.u_xsdbm_id/CORE_XSDB.UUT_MASTER/U_ICON_INTERFACE/U_CMD7_CTL/ctl_reg_reg[1]/C

Slack:                    inf
  Source:                 dbg_hub/inst/BSCANID.u_xsdbm_id/CORE_XSDB.UUT_MASTER/U_ICON_INTERFACE/U_CMD7_CTL/icn_cmd_en_temp_reg/C
                            (rising edge-triggered cell FDRE clocked by dbg_hub/inst/BSCANID.u_xsdbm_id/SWITCH_N_EXT_BSCAN.bscan_inst/SERIES7_BSCAN.bscan_inst/TCK  {rise@0.000ns fall@16.500ns period=33.000ns})
  Destination:            dbg_hub/inst/BSCANID.u_xsdbm_id/CORE_XSDB.UUT_MASTER/U_ICON_INTERFACE/U_CMD7_CTL/ctl_reg_en_1_reg[0]/D
                            (rising edge-triggered cell FDRE clocked by clk_out1_clk_wiz_0  {rise@0.000ns fall@1.600ns period=3.200ns})
  Path Group:             (none)
  Path Type:              Hold (Min at Fast Process Corner)
  Data Path Delay:        0.188ns  (logic 0.048ns (25.532%)  route 0.140ns (74.468%))
  Logic Levels:           0  
  Clock Path Skew:        -1.598ns (DCD - SCD - CPR)
    Destination Clock Delay (DCD):    1.859ns
    Source Clock Delay      (SCD):    3.457ns
    Clock Pessimism Removal (CPR):    -0.000ns
  Clock Uncertainty:      0.328ns  ((TSJ^2 + DJ^2)^1/2) / 2 + PE
    Total System Jitter     (TSJ):    0.071ns
    Discrete Jitter          (DJ):    0.176ns
    Phase Error              (PE):    0.233ns
  Clock Net Delay (Source):      0.947ns (routing 0.447ns, distribution 0.500ns)
  Clock Net Delay (Destination): 1.369ns (routing 0.499ns, distribution 0.870ns)
  Timing Exception:       False Path

    Location             Delay type                Incr(ns)  Path(ns)    Netlist Resource(s)
  -------------------------------------------------------------------    -------------------
                         (clock dbg_hub/inst/BSCANID.u_xsdbm_id/SWITCH_N_EXT_BSCAN.bscan_inst/SERIES7_BSCAN.bscan_inst/TCK rise edge)
                                                      0.000     0.000 r  
    CONFIG_SITE_X0Y0     BSCANE2                      0.000     0.000 r  dbg_hub/inst/BSCANID.u_xsdbm_id/SWITCH_N_EXT_BSCAN.bscan_inst/SERIES7_BSCAN.bscan_inst/TCK
                         net (fo=1, routed)           2.483     2.483    dbg_hub/inst/BSCANID.u_xsdbm_id/tck_bs
    BUFGCE_X1Y119        BUFGCE (Prop_BUFCE_BUFGCE_I_O)
                                                      0.027     2.510 r  dbg_hub/inst/BSCANID.u_xsdbm_id/SWITCH_N_EXT_BSCAN.u_bufg_icon_tck/O
    X2Y3 (CLOCK_ROOT)    net (fo=478, routed)         0.947     3.457    dbg_hub/inst/BSCANID.u_xsdbm_id/CORE_XSDB.UUT_MASTER/U_ICON_INTERFACE/U_CMD7_CTL/m_bscan_tck[0]
    SLICE_X68Y199        FDRE                                         r  dbg_hub/inst/BSCANID.u_xsdbm_id/CORE_XSDB.UUT_MASTER/U_ICON_INTERFACE/U_CMD7_CTL/icn_cmd_en_temp_reg/C
  -------------------------------------------------------------------    -------------------
    SLICE_X68Y199        FDRE (Prop_GFF2_SLICEL_C_Q)
                                                      0.048     3.505 r  dbg_hub/inst/BSCANID.u_xsdbm_id/CORE_XSDB.UUT_MASTER/U_ICON_INTERFACE/U_CMD7_CTL/icn_cmd_en_temp_reg/Q
                         net (fo=4, routed)           0.140     3.645    dbg_hub/inst/BSCANID.u_xsdbm_id/CORE_XSDB.UUT_MASTER/U_ICON_INTERFACE/U_CMD7_CTL/icn_cmd_en_temp
    SLICE_X67Y198        FDRE                                         r  dbg_hub/inst/BSCANID.u_xsdbm_id/CORE_XSDB.UUT_MASTER/U_ICON_INTERFACE/U_CMD7_CTL/ctl_reg_en_1_reg[0]/D
  -------------------------------------------------------------------    -------------------

                         (clock clk_out1_clk_wiz_0 rise edge)
                                                      0.000     0.000 r  
    BUFGCE_X1Y24         BUFGCE                       0.000     0.000 r  sys_clk_BUFGCE_inst/O
                         net (fo=1, routed)           0.457     0.457    clk_wiz_0_inst/inst/clk_in1
    MMCME3_ADV_X1Y1      MMCME3_ADV (Prop_MMCME3_ADV_CLKIN1_CLKOUT0)
                                                     -0.207     0.250 r  clk_wiz_0_inst/inst/mmcme3_adv_inst/CLKOUT0
                         net (fo=1, routed)           0.209     0.459    clk_wiz_0_inst/inst/clk_out1_clk_wiz_0
    BUFGCE_X1Y25         BUFGCE (Prop_BUFCE_BUFGCE_I_O)
                                                      0.031     0.490 r  clk_wiz_0_inst/inst/clkout1_buf/O
    X1Y2 (CLOCK_ROOT)    net (fo=1528, routed)        1.369     1.859    dbg_hub/inst/BSCANID.u_xsdbm_id/CORE_XSDB.UUT_MASTER/U_ICON_INTERFACE/U_CMD7_CTL/clk
    SLICE_X67Y198        FDRE                                         r  dbg_hub/inst/BSCANID.u_xsdbm_id/CORE_XSDB.UUT_MASTER/U_ICON_INTERFACE/U_CMD7_CTL/ctl_reg_en_1_reg[0]/C

Slack:                    inf
  Source:                 dbg_hub/inst/BSCANID.u_xsdbm_id/CORE_XSDB.UUT_MASTER/U_ICON_INTERFACE/U_CMD7_STAT/icn_cmd_en_temp_reg/C
                            (rising edge-triggered cell FDRE clocked by dbg_hub/inst/BSCANID.u_xsdbm_id/SWITCH_N_EXT_BSCAN.bscan_inst/SERIES7_BSCAN.bscan_inst/TCK  {rise@0.000ns fall@16.500ns period=33.000ns})
  Destination:            dbg_hub/inst/BSCANID.u_xsdbm_id/CORE_XSDB.UUT_MASTER/U_ICON_INTERFACE/U_CMD7_STAT/stat_reg_ld_reg[0]/D
                            (rising edge-triggered cell FDRE clocked by clk_out1_clk_wiz_0  {rise@0.000ns fall@1.600ns period=3.200ns})
  Path Group:             (none)
  Path Type:              Hold (Min at Fast Process Corner)
  Data Path Delay:        0.189ns  (logic 0.048ns (25.397%)  route 0.141ns (74.603%))
  Logic Levels:           0  
  Clock Path Skew:        -1.591ns (DCD - SCD - CPR)
    Destination Clock Delay (DCD):    1.866ns
    Source Clock Delay      (SCD):    3.457ns
    Clock Pessimism Removal (CPR):    -0.000ns
  Clock Uncertainty:      0.328ns  ((TSJ^2 + DJ^2)^1/2) / 2 + PE
    Total System Jitter     (TSJ):    0.071ns
    Discrete Jitter          (DJ):    0.176ns
    Phase Error              (PE):    0.233ns
  Clock Net Delay (Source):      0.947ns (routing 0.447ns, distribution 0.500ns)
  Clock Net Delay (Destination): 1.376ns (routing 0.499ns, distribution 0.877ns)
  Timing Exception:       False Path

    Location             Delay type                Incr(ns)  Path(ns)    Netlist Resource(s)
  -------------------------------------------------------------------    -------------------
                         (clock dbg_hub/inst/BSCANID.u_xsdbm_id/SWITCH_N_EXT_BSCAN.bscan_inst/SERIES7_BSCAN.bscan_inst/TCK rise edge)
                                                      0.000     0.000 r  
    CONFIG_SITE_X0Y0     BSCANE2                      0.000     0.000 r  dbg_hub/inst/BSCANID.u_xsdbm_id/SWITCH_N_EXT_BSCAN.bscan_inst/SERIES7_BSCAN.bscan_inst/TCK
                         net (fo=1, routed)           2.483     2.483    dbg_hub/inst/BSCANID.u_xsdbm_id/tck_bs
    BUFGCE_X1Y119        BUFGCE (Prop_BUFCE_BUFGCE_I_O)
                                                      0.027     2.510 r  dbg_hub/inst/BSCANID.u_xsdbm_id/SWITCH_N_EXT_BSCAN.u_bufg_icon_tck/O
    X2Y3 (CLOCK_ROOT)    net (fo=478, routed)         0.947     3.457    dbg_hub/inst/BSCANID.u_xsdbm_id/CORE_XSDB.UUT_MASTER/U_ICON_INTERFACE/U_CMD7_STAT/m_bscan_tck[0]
    SLICE_X68Y199        FDRE                                         r  dbg_hub/inst/BSCANID.u_xsdbm_id/CORE_XSDB.UUT_MASTER/U_ICON_INTERFACE/U_CMD7_STAT/icn_cmd_en_temp_reg/C
  -------------------------------------------------------------------    -------------------
    SLICE_X68Y199        FDRE (Prop_EFF2_SLICEL_C_Q)
                                                      0.048     3.505 r  dbg_hub/inst/BSCANID.u_xsdbm_id/CORE_XSDB.UUT_MASTER/U_ICON_INTERFACE/U_CMD7_STAT/icn_cmd_en_temp_reg/Q
                         net (fo=5, routed)           0.141     3.646    dbg_hub/inst/BSCANID.u_xsdbm_id/CORE_XSDB.UUT_MASTER/U_ICON_INTERFACE/U_CMD7_STAT/icn_cmd_en_temp
    SLICE_X67Y199        FDRE                                         r  dbg_hub/inst/BSCANID.u_xsdbm_id/CORE_XSDB.UUT_MASTER/U_ICON_INTERFACE/U_CMD7_STAT/stat_reg_ld_reg[0]/D
  -------------------------------------------------------------------    -------------------

                         (clock clk_out1_clk_wiz_0 rise edge)
                                                      0.000     0.000 r  
    BUFGCE_X1Y24         BUFGCE                       0.000     0.000 r  sys_clk_BUFGCE_inst/O
                         net (fo=1, routed)           0.457     0.457    clk_wiz_0_inst/inst/clk_in1
    MMCME3_ADV_X1Y1      MMCME3_ADV (Prop_MMCME3_ADV_CLKIN1_CLKOUT0)
                                                     -0.207     0.250 r  clk_wiz_0_inst/inst/mmcme3_adv_inst/CLKOUT0
                         net (fo=1, routed)           0.209     0.459    clk_wiz_0_inst/inst/clk_out1_clk_wiz_0
    BUFGCE_X1Y25         BUFGCE (Prop_BUFCE_BUFGCE_I_O)
                                                      0.031     0.490 r  clk_wiz_0_inst/inst/clkout1_buf/O
    X1Y2 (CLOCK_ROOT)    net (fo=1528, routed)        1.376     1.866    dbg_hub/inst/BSCANID.u_xsdbm_id/CORE_XSDB.UUT_MASTER/U_ICON_INTERFACE/U_CMD7_STAT/clk
    SLICE_X67Y199        FDRE                                         r  dbg_hub/inst/BSCANID.u_xsdbm_id/CORE_XSDB.UUT_MASTER/U_ICON_INTERFACE/U_CMD7_STAT/stat_reg_ld_reg[0]/C

Slack:                    inf
  Source:                 dbg_hub/inst/BSCANID.u_xsdbm_id/CORE_XSDB.UUT_MASTER/U_ICON_INTERFACE/U_CMD5/shift_reg_in_reg[16]/C
                            (rising edge-triggered cell FDRE clocked by dbg_hub/inst/BSCANID.u_xsdbm_id/SWITCH_N_EXT_BSCAN.bscan_inst/SERIES7_BSCAN.bscan_inst/TCK  {rise@0.000ns fall@16.500ns period=33.000ns})
  Destination:            dbg_hub/inst/BSCANID.u_xsdbm_id/CORE_XSDB.UUT_MASTER/U_ICON_INTERFACE/U_CMD5/ctl_reg_reg[16]/D
                            (rising edge-triggered cell FDRE clocked by clk_out1_clk_wiz_0  {rise@0.000ns fall@1.600ns period=3.200ns})
  Path Group:             (none)
  Path Type:              Hold (Min at Fast Process Corner)
  Data Path Delay:        0.145ns  (logic 0.048ns (33.103%)  route 0.097ns (66.897%))
  Logic Levels:           0  
  Clock Path Skew:        -1.603ns (DCD - SCD - CPR)
    Destination Clock Delay (DCD):    1.904ns
    Source Clock Delay      (SCD):    3.507ns
    Clock Pessimism Removal (CPR):    -0.000ns
  Clock Uncertainty:      0.328ns  ((TSJ^2 + DJ^2)^1/2) / 2 + PE
    Total System Jitter     (TSJ):    0.071ns
    Discrete Jitter          (DJ):    0.176ns
    Phase Error              (PE):    0.233ns
  Clock Net Delay (Source):      0.997ns (routing 0.447ns, distribution 0.550ns)
  Clock Net Delay (Destination): 1.414ns (routing 0.499ns, distribution 0.915ns)
  Timing Exception:       False Path

    Location             Delay type                Incr(ns)  Path(ns)    Netlist Resource(s)
  -------------------------------------------------------------------    -------------------
                         (clock dbg_hub/inst/BSCANID.u_xsdbm_id/SWITCH_N_EXT_BSCAN.bscan_inst/SERIES7_BSCAN.bscan_inst/TCK rise edge)
                                                      0.000     0.000 r  
    CONFIG_SITE_X0Y0     BSCANE2                      0.000     0.000 r  dbg_hub/inst/BSCANID.u_xsdbm_id/SWITCH_N_EXT_BSCAN.bscan_inst/SERIES7_BSCAN.bscan_inst/TCK
                         net (fo=1, routed)           2.483     2.483    dbg_hub/inst/BSCANID.u_xsdbm_id/tck_bs
    BUFGCE_X1Y119        BUFGCE (Prop_BUFCE_BUFGCE_I_O)
                                                      0.027     2.510 r  dbg_hub/inst/BSCANID.u_xsdbm_id/SWITCH_N_EXT_BSCAN.u_bufg_icon_tck/O
    X2Y3 (CLOCK_ROOT)    net (fo=478, routed)         0.997     3.507    dbg_hub/inst/BSCANID.u_xsdbm_id/CORE_XSDB.UUT_MASTER/U_ICON_INTERFACE/U_CMD5/m_bscan_tck[0]
    SLICE_X73Y191        FDRE                                         r  dbg_hub/inst/BSCANID.u_xsdbm_id/CORE_XSDB.UUT_MASTER/U_ICON_INTERFACE/U_CMD5/shift_reg_in_reg[16]/C
  -------------------------------------------------------------------    -------------------
    SLICE_X73Y191        FDRE (Prop_GFF2_SLICEM_C_Q)
                                                      0.048     3.555 r  dbg_hub/inst/BSCANID.u_xsdbm_id/CORE_XSDB.UUT_MASTER/U_ICON_INTERFACE/U_CMD5/shift_reg_in_reg[16]/Q
                         net (fo=2, routed)           0.097     3.652    dbg_hub/inst/BSCANID.u_xsdbm_id/CORE_XSDB.UUT_MASTER/U_ICON_INTERFACE/U_CMD5/shift_reg_in[16]
    SLICE_X74Y191        FDRE                                         r  dbg_hub/inst/BSCANID.u_xsdbm_id/CORE_XSDB.UUT_MASTER/U_ICON_INTERFACE/U_CMD5/ctl_reg_reg[16]/D
  -------------------------------------------------------------------    -------------------

                         (clock clk_out1_clk_wiz_0 rise edge)
                                                      0.000     0.000 r  
    BUFGCE_X1Y24         BUFGCE                       0.000     0.000 r  sys_clk_BUFGCE_inst/O
                         net (fo=1, routed)           0.457     0.457    clk_wiz_0_inst/inst/clk_in1
    MMCME3_ADV_X1Y1      MMCME3_ADV (Prop_MMCME3_ADV_CLKIN1_CLKOUT0)
                                                     -0.207     0.250 r  clk_wiz_0_inst/inst/mmcme3_adv_inst/CLKOUT0
                         net (fo=1, routed)           0.209     0.459    clk_wiz_0_inst/inst/clk_out1_clk_wiz_0
    BUFGCE_X1Y25         BUFGCE (Prop_BUFCE_BUFGCE_I_O)
                                                      0.031     0.490 r  clk_wiz_0_inst/inst/clkout1_buf/O
    X1Y2 (CLOCK_ROOT)    net (fo=1528, routed)        1.414     1.904    dbg_hub/inst/BSCANID.u_xsdbm_id/CORE_XSDB.UUT_MASTER/U_ICON_INTERFACE/U_CMD5/clk
    SLICE_X74Y191        FDRE                                         r  dbg_hub/inst/BSCANID.u_xsdbm_id/CORE_XSDB.UUT_MASTER/U_ICON_INTERFACE/U_CMD5/ctl_reg_reg[16]/C

Slack:                    inf
  Source:                 dbg_hub/inst/BSCANID.u_xsdbm_id/CORE_XSDB.UUT_MASTER/U_ICON_INTERFACE/U_CMD5/shift_reg_in_reg[10]/C
                            (rising edge-triggered cell FDRE clocked by dbg_hub/inst/BSCANID.u_xsdbm_id/SWITCH_N_EXT_BSCAN.bscan_inst/SERIES7_BSCAN.bscan_inst/TCK  {rise@0.000ns fall@16.500ns period=33.000ns})
  Destination:            dbg_hub/inst/BSCANID.u_xsdbm_id/CORE_XSDB.UUT_MASTER/U_ICON_INTERFACE/U_CMD5/ctl_reg_reg[10]/D
                            (rising edge-triggered cell FDRE clocked by clk_out1_clk_wiz_0  {rise@0.000ns fall@1.600ns period=3.200ns})
  Path Group:             (none)
  Path Type:              Hold (Min at Fast Process Corner)
  Data Path Delay:        0.145ns  (logic 0.049ns (33.793%)  route 0.096ns (66.207%))
  Logic Levels:           0  
  Clock Path Skew:        -1.604ns (DCD - SCD - CPR)
    Destination Clock Delay (DCD):    1.904ns
    Source Clock Delay      (SCD):    3.508ns
    Clock Pessimism Removal (CPR):    -0.000ns
  Clock Uncertainty:      0.328ns  ((TSJ^2 + DJ^2)^1/2) / 2 + PE
    Total System Jitter     (TSJ):    0.071ns
    Discrete Jitter          (DJ):    0.176ns
    Phase Error              (PE):    0.233ns
  Clock Net Delay (Source):      0.998ns (routing 0.447ns, distribution 0.551ns)
  Clock Net Delay (Destination): 1.414ns (routing 0.499ns, distribution 0.915ns)
  Timing Exception:       False Path

    Location             Delay type                Incr(ns)  Path(ns)    Netlist Resource(s)
  -------------------------------------------------------------------    -------------------
                         (clock dbg_hub/inst/BSCANID.u_xsdbm_id/SWITCH_N_EXT_BSCAN.bscan_inst/SERIES7_BSCAN.bscan_inst/TCK rise edge)
                                                      0.000     0.000 r  
    CONFIG_SITE_X0Y0     BSCANE2                      0.000     0.000 r  dbg_hub/inst/BSCANID.u_xsdbm_id/SWITCH_N_EXT_BSCAN.bscan_inst/SERIES7_BSCAN.bscan_inst/TCK
                         net (fo=1, routed)           2.483     2.483    dbg_hub/inst/BSCANID.u_xsdbm_id/tck_bs
    BUFGCE_X1Y119        BUFGCE (Prop_BUFCE_BUFGCE_I_O)
                                                      0.027     2.510 r  dbg_hub/inst/BSCANID.u_xsdbm_id/SWITCH_N_EXT_BSCAN.u_bufg_icon_tck/O
    X2Y3 (CLOCK_ROOT)    net (fo=478, routed)         0.998     3.508    dbg_hub/inst/BSCANID.u_xsdbm_id/CORE_XSDB.UUT_MASTER/U_ICON_INTERFACE/U_CMD5/m_bscan_tck[0]
    SLICE_X73Y191        FDRE                                         r  dbg_hub/inst/BSCANID.u_xsdbm_id/CORE_XSDB.UUT_MASTER/U_ICON_INTERFACE/U_CMD5/shift_reg_in_reg[10]/C
  -------------------------------------------------------------------    -------------------
    SLICE_X73Y191        FDRE (Prop_AFF2_SLICEM_C_Q)
                                                      0.049     3.557 r  dbg_hub/inst/BSCANID.u_xsdbm_id/CORE_XSDB.UUT_MASTER/U_ICON_INTERFACE/U_CMD5/shift_reg_in_reg[10]/Q
                         net (fo=2, routed)           0.096     3.653    dbg_hub/inst/BSCANID.u_xsdbm_id/CORE_XSDB.UUT_MASTER/U_ICON_INTERFACE/U_CMD5/shift_reg_in[10]
    SLICE_X74Y191        FDRE                                         r  dbg_hub/inst/BSCANID.u_xsdbm_id/CORE_XSDB.UUT_MASTER/U_ICON_INTERFACE/U_CMD5/ctl_reg_reg[10]/D
  -------------------------------------------------------------------    -------------------

                         (clock clk_out1_clk_wiz_0 rise edge)
                                                      0.000     0.000 r  
    BUFGCE_X1Y24         BUFGCE                       0.000     0.000 r  sys_clk_BUFGCE_inst/O
                         net (fo=1, routed)           0.457     0.457    clk_wiz_0_inst/inst/clk_in1
    MMCME3_ADV_X1Y1      MMCME3_ADV (Prop_MMCME3_ADV_CLKIN1_CLKOUT0)
                                                     -0.207     0.250 r  clk_wiz_0_inst/inst/mmcme3_adv_inst/CLKOUT0
                         net (fo=1, routed)           0.209     0.459    clk_wiz_0_inst/inst/clk_out1_clk_wiz_0
    BUFGCE_X1Y25         BUFGCE (Prop_BUFCE_BUFGCE_I_O)
                                                      0.031     0.490 r  clk_wiz_0_inst/inst/clkout1_buf/O
    X1Y2 (CLOCK_ROOT)    net (fo=1528, routed)        1.414     1.904    dbg_hub/inst/BSCANID.u_xsdbm_id/CORE_XSDB.UUT_MASTER/U_ICON_INTERFACE/U_CMD5/clk
    SLICE_X74Y191        FDRE                                         r  dbg_hub/inst/BSCANID.u_xsdbm_id/CORE_XSDB.UUT_MASTER/U_ICON_INTERFACE/U_CMD5/ctl_reg_reg[10]/C

Slack:                    inf
  Source:                 dbg_hub/inst/BSCANID.u_xsdbm_id/CORE_XSDB.UUT_MASTER/U_ICON_INTERFACE/U_CMD7_CTL/shift_reg_in_reg[0]/C
                            (rising edge-triggered cell FDRE clocked by dbg_hub/inst/BSCANID.u_xsdbm_id/SWITCH_N_EXT_BSCAN.bscan_inst/SERIES7_BSCAN.bscan_inst/TCK  {rise@0.000ns fall@16.500ns period=33.000ns})
  Destination:            dbg_hub/inst/BSCANID.u_xsdbm_id/CORE_XSDB.UUT_MASTER/U_ICON_INTERFACE/U_CMD7_CTL/ctl_reg_reg[0]/D
                            (rising edge-triggered cell FDRE clocked by clk_out1_clk_wiz_0  {rise@0.000ns fall@1.600ns period=3.200ns})
  Path Group:             (none)
  Path Type:              Hold (Min at Fast Process Corner)
  Data Path Delay:        0.190ns  (logic 0.049ns (25.789%)  route 0.141ns (74.211%))
  Logic Levels:           0  
  Clock Path Skew:        -1.607ns (DCD - SCD - CPR)
    Destination Clock Delay (DCD):    1.857ns
    Source Clock Delay      (SCD):    3.464ns
    Clock Pessimism Removal (CPR):    -0.000ns
  Clock Uncertainty:      0.328ns  ((TSJ^2 + DJ^2)^1/2) / 2 + PE
    Total System Jitter     (TSJ):    0.071ns
    Discrete Jitter          (DJ):    0.176ns
    Phase Error              (PE):    0.233ns
  Clock Net Delay (Source):      0.954ns (routing 0.447ns, distribution 0.507ns)
  Clock Net Delay (Destination): 1.367ns (routing 0.499ns, distribution 0.868ns)
  Timing Exception:       False Path

    Location             Delay type                Incr(ns)  Path(ns)    Netlist Resource(s)
  -------------------------------------------------------------------    -------------------
                         (clock dbg_hub/inst/BSCANID.u_xsdbm_id/SWITCH_N_EXT_BSCAN.bscan_inst/SERIES7_BSCAN.bscan_inst/TCK rise edge)
                                                      0.000     0.000 r  
    CONFIG_SITE_X0Y0     BSCANE2                      0.000     0.000 r  dbg_hub/inst/BSCANID.u_xsdbm_id/SWITCH_N_EXT_BSCAN.bscan_inst/SERIES7_BSCAN.bscan_inst/TCK
                         net (fo=1, routed)           2.483     2.483    dbg_hub/inst/BSCANID.u_xsdbm_id/tck_bs
    BUFGCE_X1Y119        BUFGCE (Prop_BUFCE_BUFGCE_I_O)
                                                      0.027     2.510 r  dbg_hub/inst/BSCANID.u_xsdbm_id/SWITCH_N_EXT_BSCAN.u_bufg_icon_tck/O
    X2Y3 (CLOCK_ROOT)    net (fo=478, routed)         0.954     3.464    dbg_hub/inst/BSCANID.u_xsdbm_id/CORE_XSDB.UUT_MASTER/U_ICON_INTERFACE/U_CMD7_CTL/m_bscan_tck[0]
    SLICE_X68Y198        FDRE                                         r  dbg_hub/inst/BSCANID.u_xsdbm_id/CORE_XSDB.UUT_MASTER/U_ICON_INTERFACE/U_CMD7_CTL/shift_reg_in_reg[0]/C
  -------------------------------------------------------------------    -------------------
    SLICE_X68Y198        FDRE (Prop_AFF2_SLICEL_C_Q)
                                                      0.049     3.513 r  dbg_hub/inst/BSCANID.u_xsdbm_id/CORE_XSDB.UUT_MASTER/U_ICON_INTERFACE/U_CMD7_CTL/shift_reg_in_reg[0]/Q
                         net (fo=2, routed)           0.141     3.654    dbg_hub/inst/BSCANID.u_xsdbm_id/CORE_XSDB.UUT_MASTER/U_ICON_INTERFACE/U_CMD7_CTL/shift_reg_in[0]
    SLICE_X67Y198        FDRE                                         r  dbg_hub/inst/BSCANID.u_xsdbm_id/CORE_XSDB.UUT_MASTER/U_ICON_INTERFACE/U_CMD7_CTL/ctl_reg_reg[0]/D
  -------------------------------------------------------------------    -------------------

                         (clock clk_out1_clk_wiz_0 rise edge)
                                                      0.000     0.000 r  
    BUFGCE_X1Y24         BUFGCE                       0.000     0.000 r  sys_clk_BUFGCE_inst/O
                         net (fo=1, routed)           0.457     0.457    clk_wiz_0_inst/inst/clk_in1
    MMCME3_ADV_X1Y1      MMCME3_ADV (Prop_MMCME3_ADV_CLKIN1_CLKOUT0)
                                                     -0.207     0.250 r  clk_wiz_0_inst/inst/mmcme3_adv_inst/CLKOUT0
                         net (fo=1, routed)           0.209     0.459    clk_wiz_0_inst/inst/clk_out1_clk_wiz_0
    BUFGCE_X1Y25         BUFGCE (Prop_BUFCE_BUFGCE_I_O)
                                                      0.031     0.490 r  clk_wiz_0_inst/inst/clkout1_buf/O
    X1Y2 (CLOCK_ROOT)    net (fo=1528, routed)        1.367     1.857    dbg_hub/inst/BSCANID.u_xsdbm_id/CORE_XSDB.UUT_MASTER/U_ICON_INTERFACE/U_CMD7_CTL/clk
    SLICE_X67Y198        FDRE                                         r  dbg_hub/inst/BSCANID.u_xsdbm_id/CORE_XSDB.UUT_MASTER/U_ICON_INTERFACE/U_CMD7_CTL/ctl_reg_reg[0]/C

Slack:                    inf
  Source:                 dbg_hub/inst/BSCANID.u_xsdbm_id/CORE_XSDB.UUT_MASTER/U_ICON_INTERFACE/U_CMD7_CTL/shift_reg_in_reg[0]/C
                            (rising edge-triggered cell FDRE clocked by dbg_hub/inst/BSCANID.u_xsdbm_id/SWITCH_N_EXT_BSCAN.bscan_inst/SERIES7_BSCAN.bscan_inst/TCK  {rise@0.000ns fall@16.500ns period=33.000ns})
  Destination:            dbg_hub/inst/BSCANID.u_xsdbm_id/CORE_XSDB.UUT_MASTER/U_ICON_INTERFACE/U_CMD7_STAT/stat_reg_reg[0]/D
                            (rising edge-triggered cell FDRE clocked by clk_out1_clk_wiz_0  {rise@0.000ns fall@1.600ns period=3.200ns})
  Path Group:             (none)
  Path Type:              Hold (Min at Fast Process Corner)
  Data Path Delay:        0.193ns  (logic 0.049ns (25.389%)  route 0.144ns (74.611%))
  Logic Levels:           0  
  Clock Path Skew:        -1.599ns (DCD - SCD - CPR)
    Destination Clock Delay (DCD):    1.865ns
    Source Clock Delay      (SCD):    3.464ns
    Clock Pessimism Removal (CPR):    -0.000ns
  Clock Uncertainty:      0.328ns  ((TSJ^2 + DJ^2)^1/2) / 2 + PE
    Total System Jitter     (TSJ):    0.071ns
    Discrete Jitter          (DJ):    0.176ns
    Phase Error              (PE):    0.233ns
  Clock Net Delay (Source):      0.954ns (routing 0.447ns, distribution 0.507ns)
  Clock Net Delay (Destination): 1.375ns (routing 0.499ns, distribution 0.876ns)
  Timing Exception:       False Path

    Location             Delay type                Incr(ns)  Path(ns)    Netlist Resource(s)
  -------------------------------------------------------------------    -------------------
                         (clock dbg_hub/inst/BSCANID.u_xsdbm_id/SWITCH_N_EXT_BSCAN.bscan_inst/SERIES7_BSCAN.bscan_inst/TCK rise edge)
                                                      0.000     0.000 r  
    CONFIG_SITE_X0Y0     BSCANE2                      0.000     0.000 r  dbg_hub/inst/BSCANID.u_xsdbm_id/SWITCH_N_EXT_BSCAN.bscan_inst/SERIES7_BSCAN.bscan_inst/TCK
                         net (fo=1, routed)           2.483     2.483    dbg_hub/inst/BSCANID.u_xsdbm_id/tck_bs
    BUFGCE_X1Y119        BUFGCE (Prop_BUFCE_BUFGCE_I_O)
                                                      0.027     2.510 r  dbg_hub/inst/BSCANID.u_xsdbm_id/SWITCH_N_EXT_BSCAN.u_bufg_icon_tck/O
    X2Y3 (CLOCK_ROOT)    net (fo=478, routed)         0.954     3.464    dbg_hub/inst/BSCANID.u_xsdbm_id/CORE_XSDB.UUT_MASTER/U_ICON_INTERFACE/U_CMD7_CTL/m_bscan_tck[0]
    SLICE_X68Y198        FDRE                                         r  dbg_hub/inst/BSCANID.u_xsdbm_id/CORE_XSDB.UUT_MASTER/U_ICON_INTERFACE/U_CMD7_CTL/shift_reg_in_reg[0]/C
  -------------------------------------------------------------------    -------------------
    SLICE_X68Y198        FDRE (Prop_AFF2_SLICEL_C_Q)
                                                      0.049     3.513 r  dbg_hub/inst/BSCANID.u_xsdbm_id/CORE_XSDB.UUT_MASTER/U_ICON_INTERFACE/U_CMD7_CTL/shift_reg_in_reg[0]/Q
                         net (fo=2, routed)           0.144     3.657    dbg_hub/inst/BSCANID.u_xsdbm_id/CORE_XSDB.UUT_MASTER/U_ICON_INTERFACE/U_CMD7_STAT/stat_reg_reg[2]_0[0]
    SLICE_X68Y199        FDRE                                         r  dbg_hub/inst/BSCANID.u_xsdbm_id/CORE_XSDB.UUT_MASTER/U_ICON_INTERFACE/U_CMD7_STAT/stat_reg_reg[0]/D
  -------------------------------------------------------------------    -------------------

                         (clock clk_out1_clk_wiz_0 rise edge)
                                                      0.000     0.000 r  
    BUFGCE_X1Y24         BUFGCE                       0.000     0.000 r  sys_clk_BUFGCE_inst/O
                         net (fo=1, routed)           0.457     0.457    clk_wiz_0_inst/inst/clk_in1
    MMCME3_ADV_X1Y1      MMCME3_ADV (Prop_MMCME3_ADV_CLKIN1_CLKOUT0)
                                                     -0.207     0.250 r  clk_wiz_0_inst/inst/mmcme3_adv_inst/CLKOUT0
                         net (fo=1, routed)           0.209     0.459    clk_wiz_0_inst/inst/clk_out1_clk_wiz_0
    BUFGCE_X1Y25         BUFGCE (Prop_BUFCE_BUFGCE_I_O)
                                                      0.031     0.490 r  clk_wiz_0_inst/inst/clkout1_buf/O
    X1Y2 (CLOCK_ROOT)    net (fo=1528, routed)        1.375     1.865    dbg_hub/inst/BSCANID.u_xsdbm_id/CORE_XSDB.UUT_MASTER/U_ICON_INTERFACE/U_CMD7_STAT/clk
    SLICE_X68Y199        FDRE                                         r  dbg_hub/inst/BSCANID.u_xsdbm_id/CORE_XSDB.UUT_MASTER/U_ICON_INTERFACE/U_CMD7_STAT/stat_reg_reg[0]/C

Slack:                    inf
  Source:                 dbg_hub/inst/BSCANID.u_xsdbm_id/CORE_XSDB.UUT_MASTER/U_ICON_INTERFACE/U_CMD1/shift_reg_in_reg[1]/C
                            (rising edge-triggered cell FDRE clocked by dbg_hub/inst/BSCANID.u_xsdbm_id/SWITCH_N_EXT_BSCAN.bscan_inst/SERIES7_BSCAN.bscan_inst/TCK  {rise@0.000ns fall@16.500ns period=33.000ns})
  Destination:            dbg_hub/inst/BSCANID.u_xsdbm_id/CORE_XSDB.UUT_MASTER/U_ICON_INTERFACE/U_CMD1/ctl_reg_reg[1]/D
                            (rising edge-triggered cell FDRE clocked by clk_out1_clk_wiz_0  {rise@0.000ns fall@1.600ns period=3.200ns})
  Path Group:             (none)
  Path Type:              Hold (Min at Fast Process Corner)
  Data Path Delay:        0.196ns  (logic 0.049ns (25.000%)  route 0.147ns (75.000%))
  Logic Levels:           0  
  Clock Path Skew:        -1.552ns (DCD - SCD - CPR)
    Destination Clock Delay (DCD):    1.911ns
    Source Clock Delay      (SCD):    3.463ns
    Clock Pessimism Removal (CPR):    -0.000ns
  Clock Uncertainty:      0.328ns  ((TSJ^2 + DJ^2)^1/2) / 2 + PE
    Total System Jitter     (TSJ):    0.071ns
    Discrete Jitter          (DJ):    0.176ns
    Phase Error              (PE):    0.233ns
  Clock Net Delay (Source):      0.953ns (routing 0.447ns, distribution 0.506ns)
  Clock Net Delay (Destination): 1.421ns (routing 0.499ns, distribution 0.922ns)
  Timing Exception:       False Path

    Location             Delay type                Incr(ns)  Path(ns)    Netlist Resource(s)
  -------------------------------------------------------------------    -------------------
                         (clock dbg_hub/inst/BSCANID.u_xsdbm_id/SWITCH_N_EXT_BSCAN.bscan_inst/SERIES7_BSCAN.bscan_inst/TCK rise edge)
                                                      0.000     0.000 r  
    CONFIG_SITE_X0Y0     BSCANE2                      0.000     0.000 r  dbg_hub/inst/BSCANID.u_xsdbm_id/SWITCH_N_EXT_BSCAN.bscan_inst/SERIES7_BSCAN.bscan_inst/TCK
                         net (fo=1, routed)           2.483     2.483    dbg_hub/inst/BSCANID.u_xsdbm_id/tck_bs
    BUFGCE_X1Y119        BUFGCE (Prop_BUFCE_BUFGCE_I_O)
                                                      0.027     2.510 r  dbg_hub/inst/BSCANID.u_xsdbm_id/SWITCH_N_EXT_BSCAN.u_bufg_icon_tck/O
    X2Y3 (CLOCK_ROOT)    net (fo=478, routed)         0.953     3.463    dbg_hub/inst/BSCANID.u_xsdbm_id/CORE_XSDB.UUT_MASTER/U_ICON_INTERFACE/U_CMD1/m_bscan_tck[0]
    SLICE_X70Y197        FDRE                                         r  dbg_hub/inst/BSCANID.u_xsdbm_id/CORE_XSDB.UUT_MASTER/U_ICON_INTERFACE/U_CMD1/shift_reg_in_reg[1]/C
  -------------------------------------------------------------------    -------------------
    SLICE_X70Y197        FDRE (Prop_AFF2_SLICEM_C_Q)
                                                      0.049     3.512 r  dbg_hub/inst/BSCANID.u_xsdbm_id/CORE_XSDB.UUT_MASTER/U_ICON_INTERFACE/U_CMD1/shift_reg_in_reg[1]/Q
                         net (fo=2, routed)           0.147     3.659    dbg_hub/inst/BSCANID.u_xsdbm_id/CORE_XSDB.UUT_MASTER/U_ICON_INTERFACE/U_CMD1/shift_reg_in[1]
    SLICE_X71Y196        FDRE                                         r  dbg_hub/inst/BSCANID.u_xsdbm_id/CORE_XSDB.UUT_MASTER/U_ICON_INTERFACE/U_CMD1/ctl_reg_reg[1]/D
  -------------------------------------------------------------------    -------------------

                         (clock clk_out1_clk_wiz_0 rise edge)
                                                      0.000     0.000 r  
    BUFGCE_X1Y24         BUFGCE                       0.000     0.000 r  sys_clk_BUFGCE_inst/O
                         net (fo=1, routed)           0.457     0.457    clk_wiz_0_inst/inst/clk_in1
    MMCME3_ADV_X1Y1      MMCME3_ADV (Prop_MMCME3_ADV_CLKIN1_CLKOUT0)
                                                     -0.207     0.250 r  clk_wiz_0_inst/inst/mmcme3_adv_inst/CLKOUT0
                         net (fo=1, routed)           0.209     0.459    clk_wiz_0_inst/inst/clk_out1_clk_wiz_0
    BUFGCE_X1Y25         BUFGCE (Prop_BUFCE_BUFGCE_I_O)
                                                      0.031     0.490 r  clk_wiz_0_inst/inst/clkout1_buf/O
    X1Y2 (CLOCK_ROOT)    net (fo=1528, routed)        1.421     1.911    dbg_hub/inst/BSCANID.u_xsdbm_id/CORE_XSDB.UUT_MASTER/U_ICON_INTERFACE/U_CMD1/clk
    SLICE_X71Y196        FDRE                                         r  dbg_hub/inst/BSCANID.u_xsdbm_id/CORE_XSDB.UUT_MASTER/U_ICON_INTERFACE/U_CMD1/ctl_reg_reg[1]/C

Slack:                    inf
  Source:                 dbg_hub/inst/BSCANID.u_xsdbm_id/CORE_XSDB.UUT_MASTER/U_ICON_INTERFACE/U_CMD5/shift_reg_in_reg[5]/C
                            (rising edge-triggered cell FDRE clocked by dbg_hub/inst/BSCANID.u_xsdbm_id/SWITCH_N_EXT_BSCAN.bscan_inst/SERIES7_BSCAN.bscan_inst/TCK  {rise@0.000ns fall@16.500ns period=33.000ns})
  Destination:            dbg_hub/inst/BSCANID.u_xsdbm_id/CORE_XSDB.UUT_MASTER/U_ICON_INTERFACE/U_CMD5/ctl_reg_reg[5]/D
                            (rising edge-triggered cell FDRE clocked by clk_out1_clk_wiz_0  {rise@0.000ns fall@1.600ns period=3.200ns})
  Path Group:             (none)
  Path Type:              Hold (Min at Fast Process Corner)
  Data Path Delay:        0.152ns  (logic 0.049ns (32.237%)  route 0.103ns (67.763%))
  Logic Levels:           0  
  Clock Path Skew:        -1.596ns (DCD - SCD - CPR)
    Destination Clock Delay (DCD):    1.912ns
    Source Clock Delay      (SCD):    3.508ns
    Clock Pessimism Removal (CPR):    -0.000ns
  Clock Uncertainty:      0.328ns  ((TSJ^2 + DJ^2)^1/2) / 2 + PE
    Total System Jitter     (TSJ):    0.071ns
    Discrete Jitter          (DJ):    0.176ns
    Phase Error              (PE):    0.233ns
  Clock Net Delay (Source):      0.998ns (routing 0.447ns, distribution 0.551ns)
  Clock Net Delay (Destination): 1.422ns (routing 0.499ns, distribution 0.923ns)
  Timing Exception:       False Path

    Location             Delay type                Incr(ns)  Path(ns)    Netlist Resource(s)
  -------------------------------------------------------------------    -------------------
                         (clock dbg_hub/inst/BSCANID.u_xsdbm_id/SWITCH_N_EXT_BSCAN.bscan_inst/SERIES7_BSCAN.bscan_inst/TCK rise edge)
                                                      0.000     0.000 r  
    CONFIG_SITE_X0Y0     BSCANE2                      0.000     0.000 r  dbg_hub/inst/BSCANID.u_xsdbm_id/SWITCH_N_EXT_BSCAN.bscan_inst/SERIES7_BSCAN.bscan_inst/TCK
                         net (fo=1, routed)           2.483     2.483    dbg_hub/inst/BSCANID.u_xsdbm_id/tck_bs
    BUFGCE_X1Y119        BUFGCE (Prop_BUFCE_BUFGCE_I_O)
                                                      0.027     2.510 r  dbg_hub/inst/BSCANID.u_xsdbm_id/SWITCH_N_EXT_BSCAN.u_bufg_icon_tck/O
    X2Y3 (CLOCK_ROOT)    net (fo=478, routed)         0.998     3.508    dbg_hub/inst/BSCANID.u_xsdbm_id/CORE_XSDB.UUT_MASTER/U_ICON_INTERFACE/U_CMD5/m_bscan_tck[0]
    SLICE_X73Y191        FDRE                                         r  dbg_hub/inst/BSCANID.u_xsdbm_id/CORE_XSDB.UUT_MASTER/U_ICON_INTERFACE/U_CMD5/shift_reg_in_reg[5]/C
  -------------------------------------------------------------------    -------------------
    SLICE_X73Y191        FDRE (Prop_DFF_SLICEM_C_Q)
                                                      0.049     3.557 r  dbg_hub/inst/BSCANID.u_xsdbm_id/CORE_XSDB.UUT_MASTER/U_ICON_INTERFACE/U_CMD5/shift_reg_in_reg[5]/Q
                         net (fo=2, routed)           0.103     3.660    dbg_hub/inst/BSCANID.u_xsdbm_id/CORE_XSDB.UUT_MASTER/U_ICON_INTERFACE/U_CMD5/shift_reg_in[5]
    SLICE_X73Y189        FDRE                                         r  dbg_hub/inst/BSCANID.u_xsdbm_id/CORE_XSDB.UUT_MASTER/U_ICON_INTERFACE/U_CMD5/ctl_reg_reg[5]/D
  -------------------------------------------------------------------    -------------------

                         (clock clk_out1_clk_wiz_0 rise edge)
                                                      0.000     0.000 r  
    BUFGCE_X1Y24         BUFGCE                       0.000     0.000 r  sys_clk_BUFGCE_inst/O
                         net (fo=1, routed)           0.457     0.457    clk_wiz_0_inst/inst/clk_in1
    MMCME3_ADV_X1Y1      MMCME3_ADV (Prop_MMCME3_ADV_CLKIN1_CLKOUT0)
                                                     -0.207     0.250 r  clk_wiz_0_inst/inst/mmcme3_adv_inst/CLKOUT0
                         net (fo=1, routed)           0.209     0.459    clk_wiz_0_inst/inst/clk_out1_clk_wiz_0
    BUFGCE_X1Y25         BUFGCE (Prop_BUFCE_BUFGCE_I_O)
                                                      0.031     0.490 r  clk_wiz_0_inst/inst/clkout1_buf/O
    X1Y2 (CLOCK_ROOT)    net (fo=1528, routed)        1.422     1.912    dbg_hub/inst/BSCANID.u_xsdbm_id/CORE_XSDB.UUT_MASTER/U_ICON_INTERFACE/U_CMD5/clk
    SLICE_X73Y189        FDRE                                         r  dbg_hub/inst/BSCANID.u_xsdbm_id/CORE_XSDB.UUT_MASTER/U_ICON_INTERFACE/U_CMD5/ctl_reg_reg[5]/C

Slack:                    inf
  Source:                 dbg_hub/inst/BSCANID.u_xsdbm_id/CORE_XSDB.UUT_MASTER/U_ICON_INTERFACE/U_CMD7_CTL/shift_reg_in_reg[2]/C
                            (rising edge-triggered cell FDRE clocked by dbg_hub/inst/BSCANID.u_xsdbm_id/SWITCH_N_EXT_BSCAN.bscan_inst/SERIES7_BSCAN.bscan_inst/TCK  {rise@0.000ns fall@16.500ns period=33.000ns})
  Destination:            dbg_hub/inst/BSCANID.u_xsdbm_id/CORE_XSDB.UUT_MASTER/U_ICON_INTERFACE/U_CMD7_CTL/ctl_reg_reg[2]/D
                            (rising edge-triggered cell FDRE clocked by clk_out1_clk_wiz_0  {rise@0.000ns fall@1.600ns period=3.200ns})
  Path Group:             (none)
  Path Type:              Hold (Min at Fast Process Corner)
  Data Path Delay:        0.196ns  (logic 0.048ns (24.490%)  route 0.148ns (75.510%))
  Logic Levels:           0  
  Clock Path Skew:        -1.607ns (DCD - SCD - CPR)
    Destination Clock Delay (DCD):    1.857ns
    Source Clock Delay      (SCD):    3.464ns
    Clock Pessimism Removal (CPR):    -0.000ns
  Clock Uncertainty:      0.328ns  ((TSJ^2 + DJ^2)^1/2) / 2 + PE
    Total System Jitter     (TSJ):    0.071ns
    Discrete Jitter          (DJ):    0.176ns
    Phase Error              (PE):    0.233ns
  Clock Net Delay (Source):      0.954ns (routing 0.447ns, distribution 0.507ns)
  Clock Net Delay (Destination): 1.367ns (routing 0.499ns, distribution 0.868ns)
  Timing Exception:       False Path

    Location             Delay type                Incr(ns)  Path(ns)    Netlist Resource(s)
  -------------------------------------------------------------------    -------------------
                         (clock dbg_hub/inst/BSCANID.u_xsdbm_id/SWITCH_N_EXT_BSCAN.bscan_inst/SERIES7_BSCAN.bscan_inst/TCK rise edge)
                                                      0.000     0.000 r  
    CONFIG_SITE_X0Y0     BSCANE2                      0.000     0.000 r  dbg_hub/inst/BSCANID.u_xsdbm_id/SWITCH_N_EXT_BSCAN.bscan_inst/SERIES7_BSCAN.bscan_inst/TCK
                         net (fo=1, routed)           2.483     2.483    dbg_hub/inst/BSCANID.u_xsdbm_id/tck_bs
    BUFGCE_X1Y119        BUFGCE (Prop_BUFCE_BUFGCE_I_O)
                                                      0.027     2.510 r  dbg_hub/inst/BSCANID.u_xsdbm_id/SWITCH_N_EXT_BSCAN.u_bufg_icon_tck/O
    X2Y3 (CLOCK_ROOT)    net (fo=478, routed)         0.954     3.464    dbg_hub/inst/BSCANID.u_xsdbm_id/CORE_XSDB.UUT_MASTER/U_ICON_INTERFACE/U_CMD7_CTL/m_bscan_tck[0]
    SLICE_X68Y198        FDRE                                         r  dbg_hub/inst/BSCANID.u_xsdbm_id/CORE_XSDB.UUT_MASTER/U_ICON_INTERFACE/U_CMD7_CTL/shift_reg_in_reg[2]/C
  -------------------------------------------------------------------    -------------------
    SLICE_X68Y198        FDRE (Prop_CFF2_SLICEL_C_Q)
                                                      0.048     3.512 r  dbg_hub/inst/BSCANID.u_xsdbm_id/CORE_XSDB.UUT_MASTER/U_ICON_INTERFACE/U_CMD7_CTL/shift_reg_in_reg[2]/Q
                         net (fo=2, routed)           0.148     3.660    dbg_hub/inst/BSCANID.u_xsdbm_id/CORE_XSDB.UUT_MASTER/U_ICON_INTERFACE/U_CMD7_CTL/shift_reg_in[2]
    SLICE_X67Y198        FDRE                                         r  dbg_hub/inst/BSCANID.u_xsdbm_id/CORE_XSDB.UUT_MASTER/U_ICON_INTERFACE/U_CMD7_CTL/ctl_reg_reg[2]/D
  -------------------------------------------------------------------    -------------------

                         (clock clk_out1_clk_wiz_0 rise edge)
                                                      0.000     0.000 r  
    BUFGCE_X1Y24         BUFGCE                       0.000     0.000 r  sys_clk_BUFGCE_inst/O
                         net (fo=1, routed)           0.457     0.457    clk_wiz_0_inst/inst/clk_in1
    MMCME3_ADV_X1Y1      MMCME3_ADV (Prop_MMCME3_ADV_CLKIN1_CLKOUT0)
                                                     -0.207     0.250 r  clk_wiz_0_inst/inst/mmcme3_adv_inst/CLKOUT0
                         net (fo=1, routed)           0.209     0.459    clk_wiz_0_inst/inst/clk_out1_clk_wiz_0
    BUFGCE_X1Y25         BUFGCE (Prop_BUFCE_BUFGCE_I_O)
                                                      0.031     0.490 r  clk_wiz_0_inst/inst/clkout1_buf/O
    X1Y2 (CLOCK_ROOT)    net (fo=1528, routed)        1.367     1.857    dbg_hub/inst/BSCANID.u_xsdbm_id/CORE_XSDB.UUT_MASTER/U_ICON_INTERFACE/U_CMD7_CTL/clk
    SLICE_X67Y198        FDRE                                         r  dbg_hub/inst/BSCANID.u_xsdbm_id/CORE_XSDB.UUT_MASTER/U_ICON_INTERFACE/U_CMD7_CTL/ctl_reg_reg[2]/C





--------------------------------------------------------------------------------------
Path Group:  (none)
From Clock:  clk_out1_clk_wiz_0
  To Clock:  dbg_hub/inst/BSCANID.u_xsdbm_id/SWITCH_N_EXT_BSCAN.bscan_inst/SERIES7_BSCAN.bscan_inst/TCK

Max Delay            94 Endpoints
Min Delay           102 Endpoints
--------------------------------------------------------------------------------------


Max Delay Paths
--------------------------------------------------------------------------------------
Slack:                    inf
  Source:                 dbg_hub/inst/BSCANID.u_xsdbm_id/CORE_XSDB.UUT_MASTER/U_ICON_INTERFACE/U_CMD1/ctl_reg_reg[0]/C
                            (rising edge-triggered cell FDRE clocked by clk_out1_clk_wiz_0  {rise@0.000ns fall@1.600ns period=3.200ns})
  Destination:            dbg_hub/inst/BSCANID.u_xsdbm_id/CORE_XSDB.UUT_MASTER/U_ICON_INTERFACE/U_CMD5/shift_reg_in_reg[10]/R
                            (rising edge-triggered cell FDRE clocked by dbg_hub/inst/BSCANID.u_xsdbm_id/SWITCH_N_EXT_BSCAN.bscan_inst/SERIES7_BSCAN.bscan_inst/TCK  {rise@0.000ns fall@16.500ns period=33.000ns})
  Path Group:             (none)
  Path Type:              Setup (Max at Slow Process Corner)
  Data Path Delay:        1.085ns  (logic 0.114ns (10.507%)  route 0.971ns (89.493%))
  Logic Levels:           0  
  Clock Path Skew:        1.857ns (DCD - SCD + CPR)
    Destination Clock Delay (DCD):    5.956ns
    Source Clock Delay      (SCD):    4.099ns
    Clock Pessimism Removal (CPR):    0.000ns
  Clock Uncertainty:      0.328ns  ((TSJ^2 + DJ^2)^1/2) / 2 + PE
    Total System Jitter     (TSJ):    0.071ns
    Discrete Jitter          (DJ):    0.176ns
    Phase Error              (PE):    0.233ns
  Clock Net Delay (Source):      2.690ns (routing 0.921ns, distribution 1.769ns)
  Clock Net Delay (Destination): 2.044ns (routing 0.878ns, distribution 1.166ns)
  Timing Exception:       False Path

    Location             Delay type                Incr(ns)  Path(ns)    Netlist Resource(s)
  -------------------------------------------------------------------    -------------------
                         (clock clk_out1_clk_wiz_0 rise edge)
                                                      0.000     0.000 r  
    BUFGCE_X1Y24         BUFGCE                       0.000     0.000 r  sys_clk_BUFGCE_inst/O
                         net (fo=1, routed)           1.010     1.010    clk_wiz_0_inst/inst/clk_in1
    MMCME3_ADV_X1Y1      MMCME3_ADV (Prop_MMCME3_ADV_CLKIN1_CLKOUT0)
                                                     -0.121     0.889 r  clk_wiz_0_inst/inst/mmcme3_adv_inst/CLKOUT0
                         net (fo=1, routed)           0.437     1.326    clk_wiz_0_inst/inst/clk_out1_clk_wiz_0
    BUFGCE_X1Y25         BUFGCE (Prop_BUFCE_BUFGCE_I_O)
                                                      0.083     1.409 r  clk_wiz_0_inst/inst/clkout1_buf/O
    X1Y2 (CLOCK_ROOT)    net (fo=1528, routed)        2.690     4.099    dbg_hub/inst/BSCANID.u_xsdbm_id/CORE_XSDB.UUT_MASTER/U_ICON_INTERFACE/U_CMD1/clk
    SLICE_X71Y196        FDRE                                         r  dbg_hub/inst/BSCANID.u_xsdbm_id/CORE_XSDB.UUT_MASTER/U_ICON_INTERFACE/U_CMD1/ctl_reg_reg[0]/C
  -------------------------------------------------------------------    -------------------
    SLICE_X71Y196        FDRE (Prop_EFF_SLICEM_C_Q)
                                                      0.114     4.213 r  dbg_hub/inst/BSCANID.u_xsdbm_id/CORE_XSDB.UUT_MASTER/U_ICON_INTERFACE/U_CMD1/ctl_reg_reg[0]/Q
                         net (fo=176, routed)         0.971     5.184    dbg_hub/inst/BSCANID.u_xsdbm_id/CORE_XSDB.UUT_MASTER/U_ICON_INTERFACE/U_CMD5/ctl_reg_reg[0]_0
    SLICE_X73Y191        FDRE                                         r  dbg_hub/inst/BSCANID.u_xsdbm_id/CORE_XSDB.UUT_MASTER/U_ICON_INTERFACE/U_CMD5/shift_reg_in_reg[10]/R
  -------------------------------------------------------------------    -------------------

                         (clock dbg_hub/inst/BSCANID.u_xsdbm_id/SWITCH_N_EXT_BSCAN.bscan_inst/SERIES7_BSCAN.bscan_inst/TCK rise edge)
                                                      0.000     0.000 r  
    CONFIG_SITE_X0Y0     BSCANE2                      0.000     0.000 r  dbg_hub/inst/BSCANID.u_xsdbm_id/SWITCH_N_EXT_BSCAN.bscan_inst/SERIES7_BSCAN.bscan_inst/TCK
                         net (fo=1, routed)           3.837     3.837    dbg_hub/inst/BSCANID.u_xsdbm_id/tck_bs
    BUFGCE_X1Y119        BUFGCE (Prop_BUFCE_BUFGCE_I_O)
                                                      0.075     3.912 r  dbg_hub/inst/BSCANID.u_xsdbm_id/SWITCH_N_EXT_BSCAN.u_bufg_icon_tck/O
    X2Y3 (CLOCK_ROOT)    net (fo=478, routed)         2.044     5.956    dbg_hub/inst/BSCANID.u_xsdbm_id/CORE_XSDB.UUT_MASTER/U_ICON_INTERFACE/U_CMD5/m_bscan_tck[0]
    SLICE_X73Y191        FDRE                                         r  dbg_hub/inst/BSCANID.u_xsdbm_id/CORE_XSDB.UUT_MASTER/U_ICON_INTERFACE/U_CMD5/shift_reg_in_reg[10]/C

Slack:                    inf
  Source:                 dbg_hub/inst/BSCANID.u_xsdbm_id/CORE_XSDB.UUT_MASTER/U_ICON_INTERFACE/U_CMD1/ctl_reg_reg[0]/C
                            (rising edge-triggered cell FDRE clocked by clk_out1_clk_wiz_0  {rise@0.000ns fall@1.600ns period=3.200ns})
  Destination:            dbg_hub/inst/BSCANID.u_xsdbm_id/CORE_XSDB.UUT_MASTER/U_ICON_INTERFACE/U_CMD5/shift_reg_in_reg[11]/R
                            (rising edge-triggered cell FDRE clocked by dbg_hub/inst/BSCANID.u_xsdbm_id/SWITCH_N_EXT_BSCAN.bscan_inst/SERIES7_BSCAN.bscan_inst/TCK  {rise@0.000ns fall@16.500ns period=33.000ns})
  Path Group:             (none)
  Path Type:              Setup (Max at Slow Process Corner)
  Data Path Delay:        1.085ns  (logic 0.114ns (10.507%)  route 0.971ns (89.493%))
  Logic Levels:           0  
  Clock Path Skew:        1.857ns (DCD - SCD + CPR)
    Destination Clock Delay (DCD):    5.956ns
    Source Clock Delay      (SCD):    4.099ns
    Clock Pessimism Removal (CPR):    0.000ns
  Clock Uncertainty:      0.328ns  ((TSJ^2 + DJ^2)^1/2) / 2 + PE
    Total System Jitter     (TSJ):    0.071ns
    Discrete Jitter          (DJ):    0.176ns
    Phase Error              (PE):    0.233ns
  Clock Net Delay (Source):      2.690ns (routing 0.921ns, distribution 1.769ns)
  Clock Net Delay (Destination): 2.044ns (routing 0.878ns, distribution 1.166ns)
  Timing Exception:       False Path

    Location             Delay type                Incr(ns)  Path(ns)    Netlist Resource(s)
  -------------------------------------------------------------------    -------------------
                         (clock clk_out1_clk_wiz_0 rise edge)
                                                      0.000     0.000 r  
    BUFGCE_X1Y24         BUFGCE                       0.000     0.000 r  sys_clk_BUFGCE_inst/O
                         net (fo=1, routed)           1.010     1.010    clk_wiz_0_inst/inst/clk_in1
    MMCME3_ADV_X1Y1      MMCME3_ADV (Prop_MMCME3_ADV_CLKIN1_CLKOUT0)
                                                     -0.121     0.889 r  clk_wiz_0_inst/inst/mmcme3_adv_inst/CLKOUT0
                         net (fo=1, routed)           0.437     1.326    clk_wiz_0_inst/inst/clk_out1_clk_wiz_0
    BUFGCE_X1Y25         BUFGCE (Prop_BUFCE_BUFGCE_I_O)
                                                      0.083     1.409 r  clk_wiz_0_inst/inst/clkout1_buf/O
    X1Y2 (CLOCK_ROOT)    net (fo=1528, routed)        2.690     4.099    dbg_hub/inst/BSCANID.u_xsdbm_id/CORE_XSDB.UUT_MASTER/U_ICON_INTERFACE/U_CMD1/clk
    SLICE_X71Y196        FDRE                                         r  dbg_hub/inst/BSCANID.u_xsdbm_id/CORE_XSDB.UUT_MASTER/U_ICON_INTERFACE/U_CMD1/ctl_reg_reg[0]/C
  -------------------------------------------------------------------    -------------------
    SLICE_X71Y196        FDRE (Prop_EFF_SLICEM_C_Q)
                                                      0.114     4.213 r  dbg_hub/inst/BSCANID.u_xsdbm_id/CORE_XSDB.UUT_MASTER/U_ICON_INTERFACE/U_CMD1/ctl_reg_reg[0]/Q
                         net (fo=176, routed)         0.971     5.184    dbg_hub/inst/BSCANID.u_xsdbm_id/CORE_XSDB.UUT_MASTER/U_ICON_INTERFACE/U_CMD5/ctl_reg_reg[0]_0
    SLICE_X73Y191        FDRE                                         r  dbg_hub/inst/BSCANID.u_xsdbm_id/CORE_XSDB.UUT_MASTER/U_ICON_INTERFACE/U_CMD5/shift_reg_in_reg[11]/R
  -------------------------------------------------------------------    -------------------

                         (clock dbg_hub/inst/BSCANID.u_xsdbm_id/SWITCH_N_EXT_BSCAN.bscan_inst/SERIES7_BSCAN.bscan_inst/TCK rise edge)
                                                      0.000     0.000 r  
    CONFIG_SITE_X0Y0     BSCANE2                      0.000     0.000 r  dbg_hub/inst/BSCANID.u_xsdbm_id/SWITCH_N_EXT_BSCAN.bscan_inst/SERIES7_BSCAN.bscan_inst/TCK
                         net (fo=1, routed)           3.837     3.837    dbg_hub/inst/BSCANID.u_xsdbm_id/tck_bs
    BUFGCE_X1Y119        BUFGCE (Prop_BUFCE_BUFGCE_I_O)
                                                      0.075     3.912 r  dbg_hub/inst/BSCANID.u_xsdbm_id/SWITCH_N_EXT_BSCAN.u_bufg_icon_tck/O
    X2Y3 (CLOCK_ROOT)    net (fo=478, routed)         2.044     5.956    dbg_hub/inst/BSCANID.u_xsdbm_id/CORE_XSDB.UUT_MASTER/U_ICON_INTERFACE/U_CMD5/m_bscan_tck[0]
    SLICE_X73Y191        FDRE                                         r  dbg_hub/inst/BSCANID.u_xsdbm_id/CORE_XSDB.UUT_MASTER/U_ICON_INTERFACE/U_CMD5/shift_reg_in_reg[11]/C

Slack:                    inf
  Source:                 dbg_hub/inst/BSCANID.u_xsdbm_id/CORE_XSDB.UUT_MASTER/U_ICON_INTERFACE/U_CMD1/ctl_reg_reg[0]/C
                            (rising edge-triggered cell FDRE clocked by clk_out1_clk_wiz_0  {rise@0.000ns fall@1.600ns period=3.200ns})
  Destination:            dbg_hub/inst/BSCANID.u_xsdbm_id/CORE_XSDB.UUT_MASTER/U_ICON_INTERFACE/U_CMD5/shift_reg_in_reg[12]/R
                            (rising edge-triggered cell FDRE clocked by dbg_hub/inst/BSCANID.u_xsdbm_id/SWITCH_N_EXT_BSCAN.bscan_inst/SERIES7_BSCAN.bscan_inst/TCK  {rise@0.000ns fall@16.500ns period=33.000ns})
  Path Group:             (none)
  Path Type:              Setup (Max at Slow Process Corner)
  Data Path Delay:        1.085ns  (logic 0.114ns (10.507%)  route 0.971ns (89.493%))
  Logic Levels:           0  
  Clock Path Skew:        1.857ns (DCD - SCD + CPR)
    Destination Clock Delay (DCD):    5.956ns
    Source Clock Delay      (SCD):    4.099ns
    Clock Pessimism Removal (CPR):    0.000ns
  Clock Uncertainty:      0.328ns  ((TSJ^2 + DJ^2)^1/2) / 2 + PE
    Total System Jitter     (TSJ):    0.071ns
    Discrete Jitter          (DJ):    0.176ns
    Phase Error              (PE):    0.233ns
  Clock Net Delay (Source):      2.690ns (routing 0.921ns, distribution 1.769ns)
  Clock Net Delay (Destination): 2.044ns (routing 0.878ns, distribution 1.166ns)
  Timing Exception:       False Path

    Location             Delay type                Incr(ns)  Path(ns)    Netlist Resource(s)
  -------------------------------------------------------------------    -------------------
                         (clock clk_out1_clk_wiz_0 rise edge)
                                                      0.000     0.000 r  
    BUFGCE_X1Y24         BUFGCE                       0.000     0.000 r  sys_clk_BUFGCE_inst/O
                         net (fo=1, routed)           1.010     1.010    clk_wiz_0_inst/inst/clk_in1
    MMCME3_ADV_X1Y1      MMCME3_ADV (Prop_MMCME3_ADV_CLKIN1_CLKOUT0)
                                                     -0.121     0.889 r  clk_wiz_0_inst/inst/mmcme3_adv_inst/CLKOUT0
                         net (fo=1, routed)           0.437     1.326    clk_wiz_0_inst/inst/clk_out1_clk_wiz_0
    BUFGCE_X1Y25         BUFGCE (Prop_BUFCE_BUFGCE_I_O)
                                                      0.083     1.409 r  clk_wiz_0_inst/inst/clkout1_buf/O
    X1Y2 (CLOCK_ROOT)    net (fo=1528, routed)        2.690     4.099    dbg_hub/inst/BSCANID.u_xsdbm_id/CORE_XSDB.UUT_MASTER/U_ICON_INTERFACE/U_CMD1/clk
    SLICE_X71Y196        FDRE                                         r  dbg_hub/inst/BSCANID.u_xsdbm_id/CORE_XSDB.UUT_MASTER/U_ICON_INTERFACE/U_CMD1/ctl_reg_reg[0]/C
  -------------------------------------------------------------------    -------------------
    SLICE_X71Y196        FDRE (Prop_EFF_SLICEM_C_Q)
                                                      0.114     4.213 r  dbg_hub/inst/BSCANID.u_xsdbm_id/CORE_XSDB.UUT_MASTER/U_ICON_INTERFACE/U_CMD1/ctl_reg_reg[0]/Q
                         net (fo=176, routed)         0.971     5.184    dbg_hub/inst/BSCANID.u_xsdbm_id/CORE_XSDB.UUT_MASTER/U_ICON_INTERFACE/U_CMD5/ctl_reg_reg[0]_0
    SLICE_X73Y191        FDRE                                         r  dbg_hub/inst/BSCANID.u_xsdbm_id/CORE_XSDB.UUT_MASTER/U_ICON_INTERFACE/U_CMD5/shift_reg_in_reg[12]/R
  -------------------------------------------------------------------    -------------------

                         (clock dbg_hub/inst/BSCANID.u_xsdbm_id/SWITCH_N_EXT_BSCAN.bscan_inst/SERIES7_BSCAN.bscan_inst/TCK rise edge)
                                                      0.000     0.000 r  
    CONFIG_SITE_X0Y0     BSCANE2                      0.000     0.000 r  dbg_hub/inst/BSCANID.u_xsdbm_id/SWITCH_N_EXT_BSCAN.bscan_inst/SERIES7_BSCAN.bscan_inst/TCK
                         net (fo=1, routed)           3.837     3.837    dbg_hub/inst/BSCANID.u_xsdbm_id/tck_bs
    BUFGCE_X1Y119        BUFGCE (Prop_BUFCE_BUFGCE_I_O)
                                                      0.075     3.912 r  dbg_hub/inst/BSCANID.u_xsdbm_id/SWITCH_N_EXT_BSCAN.u_bufg_icon_tck/O
    X2Y3 (CLOCK_ROOT)    net (fo=478, routed)         2.044     5.956    dbg_hub/inst/BSCANID.u_xsdbm_id/CORE_XSDB.UUT_MASTER/U_ICON_INTERFACE/U_CMD5/m_bscan_tck[0]
    SLICE_X73Y191        FDRE                                         r  dbg_hub/inst/BSCANID.u_xsdbm_id/CORE_XSDB.UUT_MASTER/U_ICON_INTERFACE/U_CMD5/shift_reg_in_reg[12]/C

Slack:                    inf
  Source:                 dbg_hub/inst/BSCANID.u_xsdbm_id/CORE_XSDB.UUT_MASTER/U_ICON_INTERFACE/U_CMD1/ctl_reg_reg[0]/C
                            (rising edge-triggered cell FDRE clocked by clk_out1_clk_wiz_0  {rise@0.000ns fall@1.600ns period=3.200ns})
  Destination:            dbg_hub/inst/BSCANID.u_xsdbm_id/CORE_XSDB.UUT_MASTER/U_ICON_INTERFACE/U_CMD5/shift_reg_in_reg[13]/R
                            (rising edge-triggered cell FDRE clocked by dbg_hub/inst/BSCANID.u_xsdbm_id/SWITCH_N_EXT_BSCAN.bscan_inst/SERIES7_BSCAN.bscan_inst/TCK  {rise@0.000ns fall@16.500ns period=33.000ns})
  Path Group:             (none)
  Path Type:              Setup (Max at Slow Process Corner)
  Data Path Delay:        1.085ns  (logic 0.114ns (10.507%)  route 0.971ns (89.493%))
  Logic Levels:           0  
  Clock Path Skew:        1.857ns (DCD - SCD + CPR)
    Destination Clock Delay (DCD):    5.956ns
    Source Clock Delay      (SCD):    4.099ns
    Clock Pessimism Removal (CPR):    0.000ns
  Clock Uncertainty:      0.328ns  ((TSJ^2 + DJ^2)^1/2) / 2 + PE
    Total System Jitter     (TSJ):    0.071ns
    Discrete Jitter          (DJ):    0.176ns
    Phase Error              (PE):    0.233ns
  Clock Net Delay (Source):      2.690ns (routing 0.921ns, distribution 1.769ns)
  Clock Net Delay (Destination): 2.044ns (routing 0.878ns, distribution 1.166ns)
  Timing Exception:       False Path

    Location             Delay type                Incr(ns)  Path(ns)    Netlist Resource(s)
  -------------------------------------------------------------------    -------------------
                         (clock clk_out1_clk_wiz_0 rise edge)
                                                      0.000     0.000 r  
    BUFGCE_X1Y24         BUFGCE                       0.000     0.000 r  sys_clk_BUFGCE_inst/O
                         net (fo=1, routed)           1.010     1.010    clk_wiz_0_inst/inst/clk_in1
    MMCME3_ADV_X1Y1      MMCME3_ADV (Prop_MMCME3_ADV_CLKIN1_CLKOUT0)
                                                     -0.121     0.889 r  clk_wiz_0_inst/inst/mmcme3_adv_inst/CLKOUT0
                         net (fo=1, routed)           0.437     1.326    clk_wiz_0_inst/inst/clk_out1_clk_wiz_0
    BUFGCE_X1Y25         BUFGCE (Prop_BUFCE_BUFGCE_I_O)
                                                      0.083     1.409 r  clk_wiz_0_inst/inst/clkout1_buf/O
    X1Y2 (CLOCK_ROOT)    net (fo=1528, routed)        2.690     4.099    dbg_hub/inst/BSCANID.u_xsdbm_id/CORE_XSDB.UUT_MASTER/U_ICON_INTERFACE/U_CMD1/clk
    SLICE_X71Y196        FDRE                                         r  dbg_hub/inst/BSCANID.u_xsdbm_id/CORE_XSDB.UUT_MASTER/U_ICON_INTERFACE/U_CMD1/ctl_reg_reg[0]/C
  -------------------------------------------------------------------    -------------------
    SLICE_X71Y196        FDRE (Prop_EFF_SLICEM_C_Q)
                                                      0.114     4.213 r  dbg_hub/inst/BSCANID.u_xsdbm_id/CORE_XSDB.UUT_MASTER/U_ICON_INTERFACE/U_CMD1/ctl_reg_reg[0]/Q
                         net (fo=176, routed)         0.971     5.184    dbg_hub/inst/BSCANID.u_xsdbm_id/CORE_XSDB.UUT_MASTER/U_ICON_INTERFACE/U_CMD5/ctl_reg_reg[0]_0
    SLICE_X73Y191        FDRE                                         r  dbg_hub/inst/BSCANID.u_xsdbm_id/CORE_XSDB.UUT_MASTER/U_ICON_INTERFACE/U_CMD5/shift_reg_in_reg[13]/R
  -------------------------------------------------------------------    -------------------

                         (clock dbg_hub/inst/BSCANID.u_xsdbm_id/SWITCH_N_EXT_BSCAN.bscan_inst/SERIES7_BSCAN.bscan_inst/TCK rise edge)
                                                      0.000     0.000 r  
    CONFIG_SITE_X0Y0     BSCANE2                      0.000     0.000 r  dbg_hub/inst/BSCANID.u_xsdbm_id/SWITCH_N_EXT_BSCAN.bscan_inst/SERIES7_BSCAN.bscan_inst/TCK
                         net (fo=1, routed)           3.837     3.837    dbg_hub/inst/BSCANID.u_xsdbm_id/tck_bs
    BUFGCE_X1Y119        BUFGCE (Prop_BUFCE_BUFGCE_I_O)
                                                      0.075     3.912 r  dbg_hub/inst/BSCANID.u_xsdbm_id/SWITCH_N_EXT_BSCAN.u_bufg_icon_tck/O
    X2Y3 (CLOCK_ROOT)    net (fo=478, routed)         2.044     5.956    dbg_hub/inst/BSCANID.u_xsdbm_id/CORE_XSDB.UUT_MASTER/U_ICON_INTERFACE/U_CMD5/m_bscan_tck[0]
    SLICE_X73Y191        FDRE                                         r  dbg_hub/inst/BSCANID.u_xsdbm_id/CORE_XSDB.UUT_MASTER/U_ICON_INTERFACE/U_CMD5/shift_reg_in_reg[13]/C

Slack:                    inf
  Source:                 dbg_hub/inst/BSCANID.u_xsdbm_id/CORE_XSDB.UUT_MASTER/U_ICON_INTERFACE/U_CMD1/ctl_reg_reg[0]/C
                            (rising edge-triggered cell FDRE clocked by clk_out1_clk_wiz_0  {rise@0.000ns fall@1.600ns period=3.200ns})
  Destination:            dbg_hub/inst/BSCANID.u_xsdbm_id/CORE_XSDB.UUT_MASTER/U_ICON_INTERFACE/U_CMD5/shift_reg_in_reg[2]/R
                            (rising edge-triggered cell FDRE clocked by dbg_hub/inst/BSCANID.u_xsdbm_id/SWITCH_N_EXT_BSCAN.bscan_inst/SERIES7_BSCAN.bscan_inst/TCK  {rise@0.000ns fall@16.500ns period=33.000ns})
  Path Group:             (none)
  Path Type:              Setup (Max at Slow Process Corner)
  Data Path Delay:        1.085ns  (logic 0.114ns (10.507%)  route 0.971ns (89.493%))
  Logic Levels:           0  
  Clock Path Skew:        1.857ns (DCD - SCD + CPR)
    Destination Clock Delay (DCD):    5.956ns
    Source Clock Delay      (SCD):    4.099ns
    Clock Pessimism Removal (CPR):    0.000ns
  Clock Uncertainty:      0.328ns  ((TSJ^2 + DJ^2)^1/2) / 2 + PE
    Total System Jitter     (TSJ):    0.071ns
    Discrete Jitter          (DJ):    0.176ns
    Phase Error              (PE):    0.233ns
  Clock Net Delay (Source):      2.690ns (routing 0.921ns, distribution 1.769ns)
  Clock Net Delay (Destination): 2.044ns (routing 0.878ns, distribution 1.166ns)
  Timing Exception:       False Path

    Location             Delay type                Incr(ns)  Path(ns)    Netlist Resource(s)
  -------------------------------------------------------------------    -------------------
                         (clock clk_out1_clk_wiz_0 rise edge)
                                                      0.000     0.000 r  
    BUFGCE_X1Y24         BUFGCE                       0.000     0.000 r  sys_clk_BUFGCE_inst/O
                         net (fo=1, routed)           1.010     1.010    clk_wiz_0_inst/inst/clk_in1
    MMCME3_ADV_X1Y1      MMCME3_ADV (Prop_MMCME3_ADV_CLKIN1_CLKOUT0)
                                                     -0.121     0.889 r  clk_wiz_0_inst/inst/mmcme3_adv_inst/CLKOUT0
                         net (fo=1, routed)           0.437     1.326    clk_wiz_0_inst/inst/clk_out1_clk_wiz_0
    BUFGCE_X1Y25         BUFGCE (Prop_BUFCE_BUFGCE_I_O)
                                                      0.083     1.409 r  clk_wiz_0_inst/inst/clkout1_buf/O
    X1Y2 (CLOCK_ROOT)    net (fo=1528, routed)        2.690     4.099    dbg_hub/inst/BSCANID.u_xsdbm_id/CORE_XSDB.UUT_MASTER/U_ICON_INTERFACE/U_CMD1/clk
    SLICE_X71Y196        FDRE                                         r  dbg_hub/inst/BSCANID.u_xsdbm_id/CORE_XSDB.UUT_MASTER/U_ICON_INTERFACE/U_CMD1/ctl_reg_reg[0]/C
  -------------------------------------------------------------------    -------------------
    SLICE_X71Y196        FDRE (Prop_EFF_SLICEM_C_Q)
                                                      0.114     4.213 r  dbg_hub/inst/BSCANID.u_xsdbm_id/CORE_XSDB.UUT_MASTER/U_ICON_INTERFACE/U_CMD1/ctl_reg_reg[0]/Q
                         net (fo=176, routed)         0.971     5.184    dbg_hub/inst/BSCANID.u_xsdbm_id/CORE_XSDB.UUT_MASTER/U_ICON_INTERFACE/U_CMD5/ctl_reg_reg[0]_0
    SLICE_X73Y191        FDRE                                         r  dbg_hub/inst/BSCANID.u_xsdbm_id/CORE_XSDB.UUT_MASTER/U_ICON_INTERFACE/U_CMD5/shift_reg_in_reg[2]/R
  -------------------------------------------------------------------    -------------------

                         (clock dbg_hub/inst/BSCANID.u_xsdbm_id/SWITCH_N_EXT_BSCAN.bscan_inst/SERIES7_BSCAN.bscan_inst/TCK rise edge)
                                                      0.000     0.000 r  
    CONFIG_SITE_X0Y0     BSCANE2                      0.000     0.000 r  dbg_hub/inst/BSCANID.u_xsdbm_id/SWITCH_N_EXT_BSCAN.bscan_inst/SERIES7_BSCAN.bscan_inst/TCK
                         net (fo=1, routed)           3.837     3.837    dbg_hub/inst/BSCANID.u_xsdbm_id/tck_bs
    BUFGCE_X1Y119        BUFGCE (Prop_BUFCE_BUFGCE_I_O)
                                                      0.075     3.912 r  dbg_hub/inst/BSCANID.u_xsdbm_id/SWITCH_N_EXT_BSCAN.u_bufg_icon_tck/O
    X2Y3 (CLOCK_ROOT)    net (fo=478, routed)         2.044     5.956    dbg_hub/inst/BSCANID.u_xsdbm_id/CORE_XSDB.UUT_MASTER/U_ICON_INTERFACE/U_CMD5/m_bscan_tck[0]
    SLICE_X73Y191        FDRE                                         r  dbg_hub/inst/BSCANID.u_xsdbm_id/CORE_XSDB.UUT_MASTER/U_ICON_INTERFACE/U_CMD5/shift_reg_in_reg[2]/C

Slack:                    inf
  Source:                 dbg_hub/inst/BSCANID.u_xsdbm_id/CORE_XSDB.UUT_MASTER/U_ICON_INTERFACE/U_CMD1/ctl_reg_reg[0]/C
                            (rising edge-triggered cell FDRE clocked by clk_out1_clk_wiz_0  {rise@0.000ns fall@1.600ns period=3.200ns})
  Destination:            dbg_hub/inst/BSCANID.u_xsdbm_id/CORE_XSDB.UUT_MASTER/U_ICON_INTERFACE/U_CMD5/shift_reg_in_reg[3]/R
                            (rising edge-triggered cell FDRE clocked by dbg_hub/inst/BSCANID.u_xsdbm_id/SWITCH_N_EXT_BSCAN.bscan_inst/SERIES7_BSCAN.bscan_inst/TCK  {rise@0.000ns fall@16.500ns period=33.000ns})
  Path Group:             (none)
  Path Type:              Setup (Max at Slow Process Corner)
  Data Path Delay:        1.085ns  (logic 0.114ns (10.507%)  route 0.971ns (89.493%))
  Logic Levels:           0  
  Clock Path Skew:        1.857ns (DCD - SCD + CPR)
    Destination Clock Delay (DCD):    5.956ns
    Source Clock Delay      (SCD):    4.099ns
    Clock Pessimism Removal (CPR):    0.000ns
  Clock Uncertainty:      0.328ns  ((TSJ^2 + DJ^2)^1/2) / 2 + PE
    Total System Jitter     (TSJ):    0.071ns
    Discrete Jitter          (DJ):    0.176ns
    Phase Error              (PE):    0.233ns
  Clock Net Delay (Source):      2.690ns (routing 0.921ns, distribution 1.769ns)
  Clock Net Delay (Destination): 2.044ns (routing 0.878ns, distribution 1.166ns)
  Timing Exception:       False Path

    Location             Delay type                Incr(ns)  Path(ns)    Netlist Resource(s)
  -------------------------------------------------------------------    -------------------
                         (clock clk_out1_clk_wiz_0 rise edge)
                                                      0.000     0.000 r  
    BUFGCE_X1Y24         BUFGCE                       0.000     0.000 r  sys_clk_BUFGCE_inst/O
                         net (fo=1, routed)           1.010     1.010    clk_wiz_0_inst/inst/clk_in1
    MMCME3_ADV_X1Y1      MMCME3_ADV (Prop_MMCME3_ADV_CLKIN1_CLKOUT0)
                                                     -0.121     0.889 r  clk_wiz_0_inst/inst/mmcme3_adv_inst/CLKOUT0
                         net (fo=1, routed)           0.437     1.326    clk_wiz_0_inst/inst/clk_out1_clk_wiz_0
    BUFGCE_X1Y25         BUFGCE (Prop_BUFCE_BUFGCE_I_O)
                                                      0.083     1.409 r  clk_wiz_0_inst/inst/clkout1_buf/O
    X1Y2 (CLOCK_ROOT)    net (fo=1528, routed)        2.690     4.099    dbg_hub/inst/BSCANID.u_xsdbm_id/CORE_XSDB.UUT_MASTER/U_ICON_INTERFACE/U_CMD1/clk
    SLICE_X71Y196        FDRE                                         r  dbg_hub/inst/BSCANID.u_xsdbm_id/CORE_XSDB.UUT_MASTER/U_ICON_INTERFACE/U_CMD1/ctl_reg_reg[0]/C
  -------------------------------------------------------------------    -------------------
    SLICE_X71Y196        FDRE (Prop_EFF_SLICEM_C_Q)
                                                      0.114     4.213 r  dbg_hub/inst/BSCANID.u_xsdbm_id/CORE_XSDB.UUT_MASTER/U_ICON_INTERFACE/U_CMD1/ctl_reg_reg[0]/Q
                         net (fo=176, routed)         0.971     5.184    dbg_hub/inst/BSCANID.u_xsdbm_id/CORE_XSDB.UUT_MASTER/U_ICON_INTERFACE/U_CMD5/ctl_reg_reg[0]_0
    SLICE_X73Y191        FDRE                                         r  dbg_hub/inst/BSCANID.u_xsdbm_id/CORE_XSDB.UUT_MASTER/U_ICON_INTERFACE/U_CMD5/shift_reg_in_reg[3]/R
  -------------------------------------------------------------------    -------------------

                         (clock dbg_hub/inst/BSCANID.u_xsdbm_id/SWITCH_N_EXT_BSCAN.bscan_inst/SERIES7_BSCAN.bscan_inst/TCK rise edge)
                                                      0.000     0.000 r  
    CONFIG_SITE_X0Y0     BSCANE2                      0.000     0.000 r  dbg_hub/inst/BSCANID.u_xsdbm_id/SWITCH_N_EXT_BSCAN.bscan_inst/SERIES7_BSCAN.bscan_inst/TCK
                         net (fo=1, routed)           3.837     3.837    dbg_hub/inst/BSCANID.u_xsdbm_id/tck_bs
    BUFGCE_X1Y119        BUFGCE (Prop_BUFCE_BUFGCE_I_O)
                                                      0.075     3.912 r  dbg_hub/inst/BSCANID.u_xsdbm_id/SWITCH_N_EXT_BSCAN.u_bufg_icon_tck/O
    X2Y3 (CLOCK_ROOT)    net (fo=478, routed)         2.044     5.956    dbg_hub/inst/BSCANID.u_xsdbm_id/CORE_XSDB.UUT_MASTER/U_ICON_INTERFACE/U_CMD5/m_bscan_tck[0]
    SLICE_X73Y191        FDRE                                         r  dbg_hub/inst/BSCANID.u_xsdbm_id/CORE_XSDB.UUT_MASTER/U_ICON_INTERFACE/U_CMD5/shift_reg_in_reg[3]/C

Slack:                    inf
  Source:                 dbg_hub/inst/BSCANID.u_xsdbm_id/CORE_XSDB.UUT_MASTER/U_ICON_INTERFACE/U_CMD1/ctl_reg_reg[0]/C
                            (rising edge-triggered cell FDRE clocked by clk_out1_clk_wiz_0  {rise@0.000ns fall@1.600ns period=3.200ns})
  Destination:            dbg_hub/inst/BSCANID.u_xsdbm_id/CORE_XSDB.UUT_MASTER/U_ICON_INTERFACE/U_CMD5/shift_reg_in_reg[4]/R
                            (rising edge-triggered cell FDRE clocked by dbg_hub/inst/BSCANID.u_xsdbm_id/SWITCH_N_EXT_BSCAN.bscan_inst/SERIES7_BSCAN.bscan_inst/TCK  {rise@0.000ns fall@16.500ns period=33.000ns})
  Path Group:             (none)
  Path Type:              Setup (Max at Slow Process Corner)
  Data Path Delay:        1.085ns  (logic 0.114ns (10.507%)  route 0.971ns (89.493%))
  Logic Levels:           0  
  Clock Path Skew:        1.857ns (DCD - SCD + CPR)
    Destination Clock Delay (DCD):    5.956ns
    Source Clock Delay      (SCD):    4.099ns
    Clock Pessimism Removal (CPR):    0.000ns
  Clock Uncertainty:      0.328ns  ((TSJ^2 + DJ^2)^1/2) / 2 + PE
    Total System Jitter     (TSJ):    0.071ns
    Discrete Jitter          (DJ):    0.176ns
    Phase Error              (PE):    0.233ns
  Clock Net Delay (Source):      2.690ns (routing 0.921ns, distribution 1.769ns)
  Clock Net Delay (Destination): 2.044ns (routing 0.878ns, distribution 1.166ns)
  Timing Exception:       False Path

    Location             Delay type                Incr(ns)  Path(ns)    Netlist Resource(s)
  -------------------------------------------------------------------    -------------------
                         (clock clk_out1_clk_wiz_0 rise edge)
                                                      0.000     0.000 r  
    BUFGCE_X1Y24         BUFGCE                       0.000     0.000 r  sys_clk_BUFGCE_inst/O
                         net (fo=1, routed)           1.010     1.010    clk_wiz_0_inst/inst/clk_in1
    MMCME3_ADV_X1Y1      MMCME3_ADV (Prop_MMCME3_ADV_CLKIN1_CLKOUT0)
                                                     -0.121     0.889 r  clk_wiz_0_inst/inst/mmcme3_adv_inst/CLKOUT0
                         net (fo=1, routed)           0.437     1.326    clk_wiz_0_inst/inst/clk_out1_clk_wiz_0
    BUFGCE_X1Y25         BUFGCE (Prop_BUFCE_BUFGCE_I_O)
                                                      0.083     1.409 r  clk_wiz_0_inst/inst/clkout1_buf/O
    X1Y2 (CLOCK_ROOT)    net (fo=1528, routed)        2.690     4.099    dbg_hub/inst/BSCANID.u_xsdbm_id/CORE_XSDB.UUT_MASTER/U_ICON_INTERFACE/U_CMD1/clk
    SLICE_X71Y196        FDRE                                         r  dbg_hub/inst/BSCANID.u_xsdbm_id/CORE_XSDB.UUT_MASTER/U_ICON_INTERFACE/U_CMD1/ctl_reg_reg[0]/C
  -------------------------------------------------------------------    -------------------
    SLICE_X71Y196        FDRE (Prop_EFF_SLICEM_C_Q)
                                                      0.114     4.213 r  dbg_hub/inst/BSCANID.u_xsdbm_id/CORE_XSDB.UUT_MASTER/U_ICON_INTERFACE/U_CMD1/ctl_reg_reg[0]/Q
                         net (fo=176, routed)         0.971     5.184    dbg_hub/inst/BSCANID.u_xsdbm_id/CORE_XSDB.UUT_MASTER/U_ICON_INTERFACE/U_CMD5/ctl_reg_reg[0]_0
    SLICE_X73Y191        FDRE                                         r  dbg_hub/inst/BSCANID.u_xsdbm_id/CORE_XSDB.UUT_MASTER/U_ICON_INTERFACE/U_CMD5/shift_reg_in_reg[4]/R
  -------------------------------------------------------------------    -------------------

                         (clock dbg_hub/inst/BSCANID.u_xsdbm_id/SWITCH_N_EXT_BSCAN.bscan_inst/SERIES7_BSCAN.bscan_inst/TCK rise edge)
                                                      0.000     0.000 r  
    CONFIG_SITE_X0Y0     BSCANE2                      0.000     0.000 r  dbg_hub/inst/BSCANID.u_xsdbm_id/SWITCH_N_EXT_BSCAN.bscan_inst/SERIES7_BSCAN.bscan_inst/TCK
                         net (fo=1, routed)           3.837     3.837    dbg_hub/inst/BSCANID.u_xsdbm_id/tck_bs
    BUFGCE_X1Y119        BUFGCE (Prop_BUFCE_BUFGCE_I_O)
                                                      0.075     3.912 r  dbg_hub/inst/BSCANID.u_xsdbm_id/SWITCH_N_EXT_BSCAN.u_bufg_icon_tck/O
    X2Y3 (CLOCK_ROOT)    net (fo=478, routed)         2.044     5.956    dbg_hub/inst/BSCANID.u_xsdbm_id/CORE_XSDB.UUT_MASTER/U_ICON_INTERFACE/U_CMD5/m_bscan_tck[0]
    SLICE_X73Y191        FDRE                                         r  dbg_hub/inst/BSCANID.u_xsdbm_id/CORE_XSDB.UUT_MASTER/U_ICON_INTERFACE/U_CMD5/shift_reg_in_reg[4]/C

Slack:                    inf
  Source:                 dbg_hub/inst/BSCANID.u_xsdbm_id/CORE_XSDB.UUT_MASTER/U_ICON_INTERFACE/U_CMD1/ctl_reg_reg[0]/C
                            (rising edge-triggered cell FDRE clocked by clk_out1_clk_wiz_0  {rise@0.000ns fall@1.600ns period=3.200ns})
  Destination:            dbg_hub/inst/BSCANID.u_xsdbm_id/CORE_XSDB.UUT_MASTER/U_ICON_INTERFACE/U_CMD5/shift_reg_in_reg[5]/R
                            (rising edge-triggered cell FDRE clocked by dbg_hub/inst/BSCANID.u_xsdbm_id/SWITCH_N_EXT_BSCAN.bscan_inst/SERIES7_BSCAN.bscan_inst/TCK  {rise@0.000ns fall@16.500ns period=33.000ns})
  Path Group:             (none)
  Path Type:              Setup (Max at Slow Process Corner)
  Data Path Delay:        1.085ns  (logic 0.114ns (10.507%)  route 0.971ns (89.493%))
  Logic Levels:           0  
  Clock Path Skew:        1.857ns (DCD - SCD + CPR)
    Destination Clock Delay (DCD):    5.956ns
    Source Clock Delay      (SCD):    4.099ns
    Clock Pessimism Removal (CPR):    0.000ns
  Clock Uncertainty:      0.328ns  ((TSJ^2 + DJ^2)^1/2) / 2 + PE
    Total System Jitter     (TSJ):    0.071ns
    Discrete Jitter          (DJ):    0.176ns
    Phase Error              (PE):    0.233ns
  Clock Net Delay (Source):      2.690ns (routing 0.921ns, distribution 1.769ns)
  Clock Net Delay (Destination): 2.044ns (routing 0.878ns, distribution 1.166ns)
  Timing Exception:       False Path

    Location             Delay type                Incr(ns)  Path(ns)    Netlist Resource(s)
  -------------------------------------------------------------------    -------------------
                         (clock clk_out1_clk_wiz_0 rise edge)
                                                      0.000     0.000 r  
    BUFGCE_X1Y24         BUFGCE                       0.000     0.000 r  sys_clk_BUFGCE_inst/O
                         net (fo=1, routed)           1.010     1.010    clk_wiz_0_inst/inst/clk_in1
    MMCME3_ADV_X1Y1      MMCME3_ADV (Prop_MMCME3_ADV_CLKIN1_CLKOUT0)
                                                     -0.121     0.889 r  clk_wiz_0_inst/inst/mmcme3_adv_inst/CLKOUT0
                         net (fo=1, routed)           0.437     1.326    clk_wiz_0_inst/inst/clk_out1_clk_wiz_0
    BUFGCE_X1Y25         BUFGCE (Prop_BUFCE_BUFGCE_I_O)
                                                      0.083     1.409 r  clk_wiz_0_inst/inst/clkout1_buf/O
    X1Y2 (CLOCK_ROOT)    net (fo=1528, routed)        2.690     4.099    dbg_hub/inst/BSCANID.u_xsdbm_id/CORE_XSDB.UUT_MASTER/U_ICON_INTERFACE/U_CMD1/clk
    SLICE_X71Y196        FDRE                                         r  dbg_hub/inst/BSCANID.u_xsdbm_id/CORE_XSDB.UUT_MASTER/U_ICON_INTERFACE/U_CMD1/ctl_reg_reg[0]/C
  -------------------------------------------------------------------    -------------------
    SLICE_X71Y196        FDRE (Prop_EFF_SLICEM_C_Q)
                                                      0.114     4.213 r  dbg_hub/inst/BSCANID.u_xsdbm_id/CORE_XSDB.UUT_MASTER/U_ICON_INTERFACE/U_CMD1/ctl_reg_reg[0]/Q
                         net (fo=176, routed)         0.971     5.184    dbg_hub/inst/BSCANID.u_xsdbm_id/CORE_XSDB.UUT_MASTER/U_ICON_INTERFACE/U_CMD5/ctl_reg_reg[0]_0
    SLICE_X73Y191        FDRE                                         r  dbg_hub/inst/BSCANID.u_xsdbm_id/CORE_XSDB.UUT_MASTER/U_ICON_INTERFACE/U_CMD5/shift_reg_in_reg[5]/R
  -------------------------------------------------------------------    -------------------

                         (clock dbg_hub/inst/BSCANID.u_xsdbm_id/SWITCH_N_EXT_BSCAN.bscan_inst/SERIES7_BSCAN.bscan_inst/TCK rise edge)
                                                      0.000     0.000 r  
    CONFIG_SITE_X0Y0     BSCANE2                      0.000     0.000 r  dbg_hub/inst/BSCANID.u_xsdbm_id/SWITCH_N_EXT_BSCAN.bscan_inst/SERIES7_BSCAN.bscan_inst/TCK
                         net (fo=1, routed)           3.837     3.837    dbg_hub/inst/BSCANID.u_xsdbm_id/tck_bs
    BUFGCE_X1Y119        BUFGCE (Prop_BUFCE_BUFGCE_I_O)
                                                      0.075     3.912 r  dbg_hub/inst/BSCANID.u_xsdbm_id/SWITCH_N_EXT_BSCAN.u_bufg_icon_tck/O
    X2Y3 (CLOCK_ROOT)    net (fo=478, routed)         2.044     5.956    dbg_hub/inst/BSCANID.u_xsdbm_id/CORE_XSDB.UUT_MASTER/U_ICON_INTERFACE/U_CMD5/m_bscan_tck[0]
    SLICE_X73Y191        FDRE                                         r  dbg_hub/inst/BSCANID.u_xsdbm_id/CORE_XSDB.UUT_MASTER/U_ICON_INTERFACE/U_CMD5/shift_reg_in_reg[5]/C

Slack:                    inf
  Source:                 dbg_hub/inst/BSCANID.u_xsdbm_id/CORE_XSDB.UUT_MASTER/U_ICON_INTERFACE/U_CMD1/ctl_reg_reg[0]/C
                            (rising edge-triggered cell FDRE clocked by clk_out1_clk_wiz_0  {rise@0.000ns fall@1.600ns period=3.200ns})
  Destination:            dbg_hub/inst/BSCANID.u_xsdbm_id/CORE_XSDB.UUT_MASTER/U_ICON_INTERFACE/U_CMD5/shift_reg_in_reg[14]/R
                            (rising edge-triggered cell FDRE clocked by dbg_hub/inst/BSCANID.u_xsdbm_id/SWITCH_N_EXT_BSCAN.bscan_inst/SERIES7_BSCAN.bscan_inst/TCK  {rise@0.000ns fall@16.500ns period=33.000ns})
  Path Group:             (none)
  Path Type:              Setup (Max at Slow Process Corner)
  Data Path Delay:        1.079ns  (logic 0.114ns (10.565%)  route 0.965ns (89.435%))
  Logic Levels:           0  
  Clock Path Skew:        1.856ns (DCD - SCD + CPR)
    Destination Clock Delay (DCD):    5.955ns
    Source Clock Delay      (SCD):    4.099ns
    Clock Pessimism Removal (CPR):    0.000ns
  Clock Uncertainty:      0.328ns  ((TSJ^2 + DJ^2)^1/2) / 2 + PE
    Total System Jitter     (TSJ):    0.071ns
    Discrete Jitter          (DJ):    0.176ns
    Phase Error              (PE):    0.233ns
  Clock Net Delay (Source):      2.690ns (routing 0.921ns, distribution 1.769ns)
  Clock Net Delay (Destination): 2.043ns (routing 0.878ns, distribution 1.165ns)
  Timing Exception:       False Path

    Location             Delay type                Incr(ns)  Path(ns)    Netlist Resource(s)
  -------------------------------------------------------------------    -------------------
                         (clock clk_out1_clk_wiz_0 rise edge)
                                                      0.000     0.000 r  
    BUFGCE_X1Y24         BUFGCE                       0.000     0.000 r  sys_clk_BUFGCE_inst/O
                         net (fo=1, routed)           1.010     1.010    clk_wiz_0_inst/inst/clk_in1
    MMCME3_ADV_X1Y1      MMCME3_ADV (Prop_MMCME3_ADV_CLKIN1_CLKOUT0)
                                                     -0.121     0.889 r  clk_wiz_0_inst/inst/mmcme3_adv_inst/CLKOUT0
                         net (fo=1, routed)           0.437     1.326    clk_wiz_0_inst/inst/clk_out1_clk_wiz_0
    BUFGCE_X1Y25         BUFGCE (Prop_BUFCE_BUFGCE_I_O)
                                                      0.083     1.409 r  clk_wiz_0_inst/inst/clkout1_buf/O
    X1Y2 (CLOCK_ROOT)    net (fo=1528, routed)        2.690     4.099    dbg_hub/inst/BSCANID.u_xsdbm_id/CORE_XSDB.UUT_MASTER/U_ICON_INTERFACE/U_CMD1/clk
    SLICE_X71Y196        FDRE                                         r  dbg_hub/inst/BSCANID.u_xsdbm_id/CORE_XSDB.UUT_MASTER/U_ICON_INTERFACE/U_CMD1/ctl_reg_reg[0]/C
  -------------------------------------------------------------------    -------------------
    SLICE_X71Y196        FDRE (Prop_EFF_SLICEM_C_Q)
                                                      0.114     4.213 r  dbg_hub/inst/BSCANID.u_xsdbm_id/CORE_XSDB.UUT_MASTER/U_ICON_INTERFACE/U_CMD1/ctl_reg_reg[0]/Q
                         net (fo=176, routed)         0.965     5.178    dbg_hub/inst/BSCANID.u_xsdbm_id/CORE_XSDB.UUT_MASTER/U_ICON_INTERFACE/U_CMD5/ctl_reg_reg[0]_0
    SLICE_X73Y191        FDRE                                         r  dbg_hub/inst/BSCANID.u_xsdbm_id/CORE_XSDB.UUT_MASTER/U_ICON_INTERFACE/U_CMD5/shift_reg_in_reg[14]/R
  -------------------------------------------------------------------    -------------------

                         (clock dbg_hub/inst/BSCANID.u_xsdbm_id/SWITCH_N_EXT_BSCAN.bscan_inst/SERIES7_BSCAN.bscan_inst/TCK rise edge)
                                                      0.000     0.000 r  
    CONFIG_SITE_X0Y0     BSCANE2                      0.000     0.000 r  dbg_hub/inst/BSCANID.u_xsdbm_id/SWITCH_N_EXT_BSCAN.bscan_inst/SERIES7_BSCAN.bscan_inst/TCK
                         net (fo=1, routed)           3.837     3.837    dbg_hub/inst/BSCANID.u_xsdbm_id/tck_bs
    BUFGCE_X1Y119        BUFGCE (Prop_BUFCE_BUFGCE_I_O)
                                                      0.075     3.912 r  dbg_hub/inst/BSCANID.u_xsdbm_id/SWITCH_N_EXT_BSCAN.u_bufg_icon_tck/O
    X2Y3 (CLOCK_ROOT)    net (fo=478, routed)         2.043     5.955    dbg_hub/inst/BSCANID.u_xsdbm_id/CORE_XSDB.UUT_MASTER/U_ICON_INTERFACE/U_CMD5/m_bscan_tck[0]
    SLICE_X73Y191        FDRE                                         r  dbg_hub/inst/BSCANID.u_xsdbm_id/CORE_XSDB.UUT_MASTER/U_ICON_INTERFACE/U_CMD5/shift_reg_in_reg[14]/C

Slack:                    inf
  Source:                 dbg_hub/inst/BSCANID.u_xsdbm_id/CORE_XSDB.UUT_MASTER/U_ICON_INTERFACE/U_CMD1/ctl_reg_reg[0]/C
                            (rising edge-triggered cell FDRE clocked by clk_out1_clk_wiz_0  {rise@0.000ns fall@1.600ns period=3.200ns})
  Destination:            dbg_hub/inst/BSCANID.u_xsdbm_id/CORE_XSDB.UUT_MASTER/U_ICON_INTERFACE/U_CMD5/shift_reg_in_reg[15]/R
                            (rising edge-triggered cell FDRE clocked by dbg_hub/inst/BSCANID.u_xsdbm_id/SWITCH_N_EXT_BSCAN.bscan_inst/SERIES7_BSCAN.bscan_inst/TCK  {rise@0.000ns fall@16.500ns period=33.000ns})
  Path Group:             (none)
  Path Type:              Setup (Max at Slow Process Corner)
  Data Path Delay:        1.079ns  (logic 0.114ns (10.565%)  route 0.965ns (89.435%))
  Logic Levels:           0  
  Clock Path Skew:        1.856ns (DCD - SCD + CPR)
    Destination Clock Delay (DCD):    5.955ns
    Source Clock Delay      (SCD):    4.099ns
    Clock Pessimism Removal (CPR):    0.000ns
  Clock Uncertainty:      0.328ns  ((TSJ^2 + DJ^2)^1/2) / 2 + PE
    Total System Jitter     (TSJ):    0.071ns
    Discrete Jitter          (DJ):    0.176ns
    Phase Error              (PE):    0.233ns
  Clock Net Delay (Source):      2.690ns (routing 0.921ns, distribution 1.769ns)
  Clock Net Delay (Destination): 2.043ns (routing 0.878ns, distribution 1.165ns)
  Timing Exception:       False Path

    Location             Delay type                Incr(ns)  Path(ns)    Netlist Resource(s)
  -------------------------------------------------------------------    -------------------
                         (clock clk_out1_clk_wiz_0 rise edge)
                                                      0.000     0.000 r  
    BUFGCE_X1Y24         BUFGCE                       0.000     0.000 r  sys_clk_BUFGCE_inst/O
                         net (fo=1, routed)           1.010     1.010    clk_wiz_0_inst/inst/clk_in1
    MMCME3_ADV_X1Y1      MMCME3_ADV (Prop_MMCME3_ADV_CLKIN1_CLKOUT0)
                                                     -0.121     0.889 r  clk_wiz_0_inst/inst/mmcme3_adv_inst/CLKOUT0
                         net (fo=1, routed)           0.437     1.326    clk_wiz_0_inst/inst/clk_out1_clk_wiz_0
    BUFGCE_X1Y25         BUFGCE (Prop_BUFCE_BUFGCE_I_O)
                                                      0.083     1.409 r  clk_wiz_0_inst/inst/clkout1_buf/O
    X1Y2 (CLOCK_ROOT)    net (fo=1528, routed)        2.690     4.099    dbg_hub/inst/BSCANID.u_xsdbm_id/CORE_XSDB.UUT_MASTER/U_ICON_INTERFACE/U_CMD1/clk
    SLICE_X71Y196        FDRE                                         r  dbg_hub/inst/BSCANID.u_xsdbm_id/CORE_XSDB.UUT_MASTER/U_ICON_INTERFACE/U_CMD1/ctl_reg_reg[0]/C
  -------------------------------------------------------------------    -------------------
    SLICE_X71Y196        FDRE (Prop_EFF_SLICEM_C_Q)
                                                      0.114     4.213 r  dbg_hub/inst/BSCANID.u_xsdbm_id/CORE_XSDB.UUT_MASTER/U_ICON_INTERFACE/U_CMD1/ctl_reg_reg[0]/Q
                         net (fo=176, routed)         0.965     5.178    dbg_hub/inst/BSCANID.u_xsdbm_id/CORE_XSDB.UUT_MASTER/U_ICON_INTERFACE/U_CMD5/ctl_reg_reg[0]_0
    SLICE_X73Y191        FDRE                                         r  dbg_hub/inst/BSCANID.u_xsdbm_id/CORE_XSDB.UUT_MASTER/U_ICON_INTERFACE/U_CMD5/shift_reg_in_reg[15]/R
  -------------------------------------------------------------------    -------------------

                         (clock dbg_hub/inst/BSCANID.u_xsdbm_id/SWITCH_N_EXT_BSCAN.bscan_inst/SERIES7_BSCAN.bscan_inst/TCK rise edge)
                                                      0.000     0.000 r  
    CONFIG_SITE_X0Y0     BSCANE2                      0.000     0.000 r  dbg_hub/inst/BSCANID.u_xsdbm_id/SWITCH_N_EXT_BSCAN.bscan_inst/SERIES7_BSCAN.bscan_inst/TCK
                         net (fo=1, routed)           3.837     3.837    dbg_hub/inst/BSCANID.u_xsdbm_id/tck_bs
    BUFGCE_X1Y119        BUFGCE (Prop_BUFCE_BUFGCE_I_O)
                                                      0.075     3.912 r  dbg_hub/inst/BSCANID.u_xsdbm_id/SWITCH_N_EXT_BSCAN.u_bufg_icon_tck/O
    X2Y3 (CLOCK_ROOT)    net (fo=478, routed)         2.043     5.955    dbg_hub/inst/BSCANID.u_xsdbm_id/CORE_XSDB.UUT_MASTER/U_ICON_INTERFACE/U_CMD5/m_bscan_tck[0]
    SLICE_X73Y191        FDRE                                         r  dbg_hub/inst/BSCANID.u_xsdbm_id/CORE_XSDB.UUT_MASTER/U_ICON_INTERFACE/U_CMD5/shift_reg_in_reg[15]/C





Min Delay Paths
--------------------------------------------------------------------------------------
Slack:                    inf
  Source:                 dbg_hub/inst/BSCANID.u_xsdbm_id/CORE_XSDB.UUT_MASTER/U_ICON_INTERFACE/U_CMD7_STAT/stat_reg_reg[2]/C
                            (rising edge-triggered cell FDRE clocked by clk_out1_clk_wiz_0  {rise@0.000ns fall@1.600ns period=3.200ns})
  Destination:            dbg_hub/inst/BSCANID.u_xsdbm_id/CORE_XSDB.UUT_MASTER/U_ICON_INTERFACE/U_CMD7_STAT/stat_reg_1_reg[2]/D
                            (rising edge-triggered cell FDRE clocked by dbg_hub/inst/BSCANID.u_xsdbm_id/SWITCH_N_EXT_BSCAN.bscan_inst/SERIES7_BSCAN.bscan_inst/TCK  {rise@0.000ns fall@16.500ns period=33.000ns})
  Path Group:             (none)
  Path Type:              Hold (Min at Fast Process Corner)
  Data Path Delay:        0.188ns  (logic 0.049ns (26.064%)  route 0.139ns (73.936%))
  Logic Levels:           0  
  Clock Path Skew:        2.424ns (DCD - SCD - CPR)
    Destination Clock Delay (DCD):    4.462ns
    Source Clock Delay      (SCD):    2.038ns
    Clock Pessimism Removal (CPR):    -0.000ns
  Clock Uncertainty:      0.328ns  ((TSJ^2 + DJ^2)^1/2) / 2 + PE
    Total System Jitter     (TSJ):    0.071ns
    Discrete Jitter          (DJ):    0.176ns
    Phase Error              (PE):    0.233ns
  Clock Net Delay (Source):      1.170ns (routing 0.449ns, distribution 0.721ns)
  Clock Net Delay (Destination): 1.108ns (routing 0.495ns, distribution 0.613ns)
  Timing Exception:       False Path

    Location             Delay type                Incr(ns)  Path(ns)    Netlist Resource(s)
  -------------------------------------------------------------------    -------------------
                         (clock clk_out1_clk_wiz_0 rise edge)
                                                      0.000     0.000 r  
    BUFGCE_X1Y24         BUFGCE                       0.000     0.000 r  sys_clk_BUFGCE_inst/O
                         net (fo=1, routed)           0.404     0.404    clk_wiz_0_inst/inst/clk_in1
    MMCME3_ADV_X1Y1      MMCME3_ADV (Prop_MMCME3_ADV_CLKIN1_CLKOUT0)
                                                      0.270     0.674 r  clk_wiz_0_inst/inst/mmcme3_adv_inst/CLKOUT0
                         net (fo=1, routed)           0.167     0.841    clk_wiz_0_inst/inst/clk_out1_clk_wiz_0
    BUFGCE_X1Y25         BUFGCE (Prop_BUFCE_BUFGCE_I_O)
                                                      0.027     0.868 r  clk_wiz_0_inst/inst/clkout1_buf/O
    X1Y2 (CLOCK_ROOT)    net (fo=1528, routed)        1.170     2.038    dbg_hub/inst/BSCANID.u_xsdbm_id/CORE_XSDB.UUT_MASTER/U_ICON_INTERFACE/U_CMD7_STAT/clk
    SLICE_X68Y201        FDRE                                         r  dbg_hub/inst/BSCANID.u_xsdbm_id/CORE_XSDB.UUT_MASTER/U_ICON_INTERFACE/U_CMD7_STAT/stat_reg_reg[2]/C
  -------------------------------------------------------------------    -------------------
    SLICE_X68Y201        FDRE (Prop_AFF2_SLICEL_C_Q)
                                                      0.049     2.087 r  dbg_hub/inst/BSCANID.u_xsdbm_id/CORE_XSDB.UUT_MASTER/U_ICON_INTERFACE/U_CMD7_STAT/stat_reg_reg[2]/Q
                         net (fo=1, routed)           0.139     2.226    dbg_hub/inst/BSCANID.u_xsdbm_id/CORE_XSDB.UUT_MASTER/U_ICON_INTERFACE/U_CMD7_STAT/stat_reg[2]
    SLICE_X68Y202        FDRE                                         r  dbg_hub/inst/BSCANID.u_xsdbm_id/CORE_XSDB.UUT_MASTER/U_ICON_INTERFACE/U_CMD7_STAT/stat_reg_1_reg[2]/D
  -------------------------------------------------------------------    -------------------

                         (clock dbg_hub/inst/BSCANID.u_xsdbm_id/SWITCH_N_EXT_BSCAN.bscan_inst/SERIES7_BSCAN.bscan_inst/TCK rise edge)
                                                      0.000     0.000 r  
    CONFIG_SITE_X0Y0     BSCANE2                      0.000     0.000 r  dbg_hub/inst/BSCANID.u_xsdbm_id/SWITCH_N_EXT_BSCAN.bscan_inst/SERIES7_BSCAN.bscan_inst/TCK
                         net (fo=1, routed)           3.323     3.323    dbg_hub/inst/BSCANID.u_xsdbm_id/tck_bs
    BUFGCE_X1Y119        BUFGCE (Prop_BUFCE_BUFGCE_I_O)
                                                      0.031     3.354 r  dbg_hub/inst/BSCANID.u_xsdbm_id/SWITCH_N_EXT_BSCAN.u_bufg_icon_tck/O
    X2Y3 (CLOCK_ROOT)    net (fo=478, routed)         1.108     4.462    dbg_hub/inst/BSCANID.u_xsdbm_id/CORE_XSDB.UUT_MASTER/U_ICON_INTERFACE/U_CMD7_STAT/m_bscan_tck[0]
    SLICE_X68Y202        FDRE                                         r  dbg_hub/inst/BSCANID.u_xsdbm_id/CORE_XSDB.UUT_MASTER/U_ICON_INTERFACE/U_CMD7_STAT/stat_reg_1_reg[2]/C

Slack:                    inf
  Source:                 dbg_hub/inst/BSCANID.u_xsdbm_id/CORE_XSDB.UUT_MASTER/U_ICON_INTERFACE/U_CMD7_STAT/stat_reg_reg[1]/C
                            (rising edge-triggered cell FDRE clocked by clk_out1_clk_wiz_0  {rise@0.000ns fall@1.600ns period=3.200ns})
  Destination:            dbg_hub/inst/BSCANID.u_xsdbm_id/CORE_XSDB.UUT_MASTER/U_ICON_INTERFACE/U_CMD7_STAT/stat_reg_1_reg[1]/D
                            (rising edge-triggered cell FDRE clocked by dbg_hub/inst/BSCANID.u_xsdbm_id/SWITCH_N_EXT_BSCAN.bscan_inst/SERIES7_BSCAN.bscan_inst/TCK  {rise@0.000ns fall@16.500ns period=33.000ns})
  Path Group:             (none)
  Path Type:              Hold (Min at Fast Process Corner)
  Data Path Delay:        0.188ns  (logic 0.049ns (26.064%)  route 0.139ns (73.936%))
  Logic Levels:           0  
  Clock Path Skew:        2.420ns (DCD - SCD - CPR)
    Destination Clock Delay (DCD):    4.463ns
    Source Clock Delay      (SCD):    2.043ns
    Clock Pessimism Removal (CPR):    -0.000ns
  Clock Uncertainty:      0.328ns  ((TSJ^2 + DJ^2)^1/2) / 2 + PE
    Total System Jitter     (TSJ):    0.071ns
    Discrete Jitter          (DJ):    0.176ns
    Phase Error              (PE):    0.233ns
  Clock Net Delay (Source):      1.175ns (routing 0.449ns, distribution 0.726ns)
  Clock Net Delay (Destination): 1.109ns (routing 0.495ns, distribution 0.614ns)
  Timing Exception:       False Path

    Location             Delay type                Incr(ns)  Path(ns)    Netlist Resource(s)
  -------------------------------------------------------------------    -------------------
                         (clock clk_out1_clk_wiz_0 rise edge)
                                                      0.000     0.000 r  
    BUFGCE_X1Y24         BUFGCE                       0.000     0.000 r  sys_clk_BUFGCE_inst/O
                         net (fo=1, routed)           0.404     0.404    clk_wiz_0_inst/inst/clk_in1
    MMCME3_ADV_X1Y1      MMCME3_ADV (Prop_MMCME3_ADV_CLKIN1_CLKOUT0)
                                                      0.270     0.674 r  clk_wiz_0_inst/inst/mmcme3_adv_inst/CLKOUT0
                         net (fo=1, routed)           0.167     0.841    clk_wiz_0_inst/inst/clk_out1_clk_wiz_0
    BUFGCE_X1Y25         BUFGCE (Prop_BUFCE_BUFGCE_I_O)
                                                      0.027     0.868 r  clk_wiz_0_inst/inst/clkout1_buf/O
    X1Y2 (CLOCK_ROOT)    net (fo=1528, routed)        1.175     2.043    dbg_hub/inst/BSCANID.u_xsdbm_id/CORE_XSDB.UUT_MASTER/U_ICON_INTERFACE/U_CMD7_STAT/clk
    SLICE_X69Y199        FDRE                                         r  dbg_hub/inst/BSCANID.u_xsdbm_id/CORE_XSDB.UUT_MASTER/U_ICON_INTERFACE/U_CMD7_STAT/stat_reg_reg[1]/C
  -------------------------------------------------------------------    -------------------
    SLICE_X69Y199        FDRE (Prop_AFF2_SLICEL_C_Q)
                                                      0.049     2.092 r  dbg_hub/inst/BSCANID.u_xsdbm_id/CORE_XSDB.UUT_MASTER/U_ICON_INTERFACE/U_CMD7_STAT/stat_reg_reg[1]/Q
                         net (fo=1, routed)           0.139     2.231    dbg_hub/inst/BSCANID.u_xsdbm_id/CORE_XSDB.UUT_MASTER/U_ICON_INTERFACE/U_CMD7_STAT/stat_reg[1]
    SLICE_X69Y200        FDRE                                         r  dbg_hub/inst/BSCANID.u_xsdbm_id/CORE_XSDB.UUT_MASTER/U_ICON_INTERFACE/U_CMD7_STAT/stat_reg_1_reg[1]/D
  -------------------------------------------------------------------    -------------------

                         (clock dbg_hub/inst/BSCANID.u_xsdbm_id/SWITCH_N_EXT_BSCAN.bscan_inst/SERIES7_BSCAN.bscan_inst/TCK rise edge)
                                                      0.000     0.000 r  
    CONFIG_SITE_X0Y0     BSCANE2                      0.000     0.000 r  dbg_hub/inst/BSCANID.u_xsdbm_id/SWITCH_N_EXT_BSCAN.bscan_inst/SERIES7_BSCAN.bscan_inst/TCK
                         net (fo=1, routed)           3.323     3.323    dbg_hub/inst/BSCANID.u_xsdbm_id/tck_bs
    BUFGCE_X1Y119        BUFGCE (Prop_BUFCE_BUFGCE_I_O)
                                                      0.031     3.354 r  dbg_hub/inst/BSCANID.u_xsdbm_id/SWITCH_N_EXT_BSCAN.u_bufg_icon_tck/O
    X2Y3 (CLOCK_ROOT)    net (fo=478, routed)         1.109     4.463    dbg_hub/inst/BSCANID.u_xsdbm_id/CORE_XSDB.UUT_MASTER/U_ICON_INTERFACE/U_CMD7_STAT/m_bscan_tck[0]
    SLICE_X69Y200        FDRE                                         r  dbg_hub/inst/BSCANID.u_xsdbm_id/CORE_XSDB.UUT_MASTER/U_ICON_INTERFACE/U_CMD7_STAT/stat_reg_1_reg[1]/C

Slack:                    inf
  Source:                 dbg_hub/inst/BSCANID.u_xsdbm_id/CORE_XSDB.UUT_MASTER/U_ICON_INTERFACE/U_CMD7_STAT/stat_reg_reg[0]/C
                            (rising edge-triggered cell FDRE clocked by clk_out1_clk_wiz_0  {rise@0.000ns fall@1.600ns period=3.200ns})
  Destination:            dbg_hub/inst/BSCANID.u_xsdbm_id/CORE_XSDB.UUT_MASTER/U_ICON_INTERFACE/U_CMD7_STAT/stat_reg_1_reg[0]/D
                            (rising edge-triggered cell FDRE clocked by dbg_hub/inst/BSCANID.u_xsdbm_id/SWITCH_N_EXT_BSCAN.bscan_inst/SERIES7_BSCAN.bscan_inst/TCK  {rise@0.000ns fall@16.500ns period=33.000ns})
  Path Group:             (none)
  Path Type:              Hold (Min at Fast Process Corner)
  Data Path Delay:        0.188ns  (logic 0.049ns (26.064%)  route 0.139ns (73.936%))
  Logic Levels:           0  
  Clock Path Skew:        2.424ns (DCD - SCD - CPR)
    Destination Clock Delay (DCD):    4.472ns
    Source Clock Delay      (SCD):    2.048ns
    Clock Pessimism Removal (CPR):    -0.000ns
  Clock Uncertainty:      0.328ns  ((TSJ^2 + DJ^2)^1/2) / 2 + PE
    Total System Jitter     (TSJ):    0.071ns
    Discrete Jitter          (DJ):    0.176ns
    Phase Error              (PE):    0.233ns
  Clock Net Delay (Source):      1.180ns (routing 0.449ns, distribution 0.731ns)
  Clock Net Delay (Destination): 1.118ns (routing 0.495ns, distribution 0.623ns)
  Timing Exception:       False Path

    Location             Delay type                Incr(ns)  Path(ns)    Netlist Resource(s)
  -------------------------------------------------------------------    -------------------
                         (clock clk_out1_clk_wiz_0 rise edge)
                                                      0.000     0.000 r  
    BUFGCE_X1Y24         BUFGCE                       0.000     0.000 r  sys_clk_BUFGCE_inst/O
                         net (fo=1, routed)           0.404     0.404    clk_wiz_0_inst/inst/clk_in1
    MMCME3_ADV_X1Y1      MMCME3_ADV (Prop_MMCME3_ADV_CLKIN1_CLKOUT0)
                                                      0.270     0.674 r  clk_wiz_0_inst/inst/mmcme3_adv_inst/CLKOUT0
                         net (fo=1, routed)           0.167     0.841    clk_wiz_0_inst/inst/clk_out1_clk_wiz_0
    BUFGCE_X1Y25         BUFGCE (Prop_BUFCE_BUFGCE_I_O)
                                                      0.027     0.868 r  clk_wiz_0_inst/inst/clkout1_buf/O
    X1Y2 (CLOCK_ROOT)    net (fo=1528, routed)        1.180     2.048    dbg_hub/inst/BSCANID.u_xsdbm_id/CORE_XSDB.UUT_MASTER/U_ICON_INTERFACE/U_CMD7_STAT/clk
    SLICE_X68Y199        FDRE                                         r  dbg_hub/inst/BSCANID.u_xsdbm_id/CORE_XSDB.UUT_MASTER/U_ICON_INTERFACE/U_CMD7_STAT/stat_reg_reg[0]/C
  -------------------------------------------------------------------    -------------------
    SLICE_X68Y199        FDRE (Prop_AFF2_SLICEL_C_Q)
                                                      0.049     2.097 r  dbg_hub/inst/BSCANID.u_xsdbm_id/CORE_XSDB.UUT_MASTER/U_ICON_INTERFACE/U_CMD7_STAT/stat_reg_reg[0]/Q
                         net (fo=1, routed)           0.139     2.236    dbg_hub/inst/BSCANID.u_xsdbm_id/CORE_XSDB.UUT_MASTER/U_ICON_INTERFACE/U_CMD7_STAT/stat_reg[0]
    SLICE_X68Y200        FDRE                                         r  dbg_hub/inst/BSCANID.u_xsdbm_id/CORE_XSDB.UUT_MASTER/U_ICON_INTERFACE/U_CMD7_STAT/stat_reg_1_reg[0]/D
  -------------------------------------------------------------------    -------------------

                         (clock dbg_hub/inst/BSCANID.u_xsdbm_id/SWITCH_N_EXT_BSCAN.bscan_inst/SERIES7_BSCAN.bscan_inst/TCK rise edge)
                                                      0.000     0.000 r  
    CONFIG_SITE_X0Y0     BSCANE2                      0.000     0.000 r  dbg_hub/inst/BSCANID.u_xsdbm_id/SWITCH_N_EXT_BSCAN.bscan_inst/SERIES7_BSCAN.bscan_inst/TCK
                         net (fo=1, routed)           3.323     3.323    dbg_hub/inst/BSCANID.u_xsdbm_id/tck_bs
    BUFGCE_X1Y119        BUFGCE (Prop_BUFCE_BUFGCE_I_O)
                                                      0.031     3.354 r  dbg_hub/inst/BSCANID.u_xsdbm_id/SWITCH_N_EXT_BSCAN.u_bufg_icon_tck/O
    X2Y3 (CLOCK_ROOT)    net (fo=478, routed)         1.118     4.472    dbg_hub/inst/BSCANID.u_xsdbm_id/CORE_XSDB.UUT_MASTER/U_ICON_INTERFACE/U_CMD7_STAT/m_bscan_tck[0]
    SLICE_X68Y200        FDRE                                         r  dbg_hub/inst/BSCANID.u_xsdbm_id/CORE_XSDB.UUT_MASTER/U_ICON_INTERFACE/U_CMD7_STAT/stat_reg_1_reg[0]/C

Slack:                    inf
  Source:                 dbg_hub/inst/BSCANID.u_xsdbm_id/CORE_XSDB.UUT_MASTER/U_ICON_INTERFACE/U_CMD2/stat_reg_reg[2]/C
                            (rising edge-triggered cell FDRE clocked by clk_out1_clk_wiz_0  {rise@0.000ns fall@1.600ns period=3.200ns})
  Destination:            dbg_hub/inst/BSCANID.u_xsdbm_id/CORE_XSDB.UUT_MASTER/U_ICON_INTERFACE/U_CMD2/stat_reg_1_reg[2]/D
                            (rising edge-triggered cell FDRE clocked by dbg_hub/inst/BSCANID.u_xsdbm_id/SWITCH_N_EXT_BSCAN.bscan_inst/SERIES7_BSCAN.bscan_inst/TCK  {rise@0.000ns fall@16.500ns period=33.000ns})
  Path Group:             (none)
  Path Type:              Hold (Min at Fast Process Corner)
  Data Path Delay:        0.188ns  (logic 0.049ns (26.064%)  route 0.139ns (73.936%))
  Logic Levels:           0  
  Clock Path Skew:        2.431ns (DCD - SCD - CPR)
    Destination Clock Delay (DCD):    4.516ns
    Source Clock Delay      (SCD):    2.085ns
    Clock Pessimism Removal (CPR):    -0.000ns
  Clock Uncertainty:      0.328ns  ((TSJ^2 + DJ^2)^1/2) / 2 + PE
    Total System Jitter     (TSJ):    0.071ns
    Discrete Jitter          (DJ):    0.176ns
    Phase Error              (PE):    0.233ns
  Clock Net Delay (Source):      1.217ns (routing 0.449ns, distribution 0.768ns)
  Clock Net Delay (Destination): 1.162ns (routing 0.495ns, distribution 0.667ns)
  Timing Exception:       False Path

    Location             Delay type                Incr(ns)  Path(ns)    Netlist Resource(s)
  -------------------------------------------------------------------    -------------------
                         (clock clk_out1_clk_wiz_0 rise edge)
                                                      0.000     0.000 r  
    BUFGCE_X1Y24         BUFGCE                       0.000     0.000 r  sys_clk_BUFGCE_inst/O
                         net (fo=1, routed)           0.404     0.404    clk_wiz_0_inst/inst/clk_in1
    MMCME3_ADV_X1Y1      MMCME3_ADV (Prop_MMCME3_ADV_CLKIN1_CLKOUT0)
                                                      0.270     0.674 r  clk_wiz_0_inst/inst/mmcme3_adv_inst/CLKOUT0
                         net (fo=1, routed)           0.167     0.841    clk_wiz_0_inst/inst/clk_out1_clk_wiz_0
    BUFGCE_X1Y25         BUFGCE (Prop_BUFCE_BUFGCE_I_O)
                                                      0.027     0.868 r  clk_wiz_0_inst/inst/clkout1_buf/O
    X1Y2 (CLOCK_ROOT)    net (fo=1528, routed)        1.217     2.085    dbg_hub/inst/BSCANID.u_xsdbm_id/CORE_XSDB.UUT_MASTER/U_ICON_INTERFACE/U_CMD2/clk
    SLICE_X74Y197        FDRE                                         r  dbg_hub/inst/BSCANID.u_xsdbm_id/CORE_XSDB.UUT_MASTER/U_ICON_INTERFACE/U_CMD2/stat_reg_reg[2]/C
  -------------------------------------------------------------------    -------------------
    SLICE_X74Y197        FDRE (Prop_AFF2_SLICEL_C_Q)
                                                      0.049     2.134 r  dbg_hub/inst/BSCANID.u_xsdbm_id/CORE_XSDB.UUT_MASTER/U_ICON_INTERFACE/U_CMD2/stat_reg_reg[2]/Q
                         net (fo=1, routed)           0.139     2.273    dbg_hub/inst/BSCANID.u_xsdbm_id/CORE_XSDB.UUT_MASTER/U_ICON_INTERFACE/U_CMD2/stat_reg[2]
    SLICE_X74Y198        FDRE                                         r  dbg_hub/inst/BSCANID.u_xsdbm_id/CORE_XSDB.UUT_MASTER/U_ICON_INTERFACE/U_CMD2/stat_reg_1_reg[2]/D
  -------------------------------------------------------------------    -------------------

                         (clock dbg_hub/inst/BSCANID.u_xsdbm_id/SWITCH_N_EXT_BSCAN.bscan_inst/SERIES7_BSCAN.bscan_inst/TCK rise edge)
                                                      0.000     0.000 r  
    CONFIG_SITE_X0Y0     BSCANE2                      0.000     0.000 r  dbg_hub/inst/BSCANID.u_xsdbm_id/SWITCH_N_EXT_BSCAN.bscan_inst/SERIES7_BSCAN.bscan_inst/TCK
                         net (fo=1, routed)           3.323     3.323    dbg_hub/inst/BSCANID.u_xsdbm_id/tck_bs
    BUFGCE_X1Y119        BUFGCE (Prop_BUFCE_BUFGCE_I_O)
                                                      0.031     3.354 r  dbg_hub/inst/BSCANID.u_xsdbm_id/SWITCH_N_EXT_BSCAN.u_bufg_icon_tck/O
    X2Y3 (CLOCK_ROOT)    net (fo=478, routed)         1.162     4.516    dbg_hub/inst/BSCANID.u_xsdbm_id/CORE_XSDB.UUT_MASTER/U_ICON_INTERFACE/U_CMD2/m_bscan_tck[0]
    SLICE_X74Y198        FDRE                                         r  dbg_hub/inst/BSCANID.u_xsdbm_id/CORE_XSDB.UUT_MASTER/U_ICON_INTERFACE/U_CMD2/stat_reg_1_reg[2]/C

Slack:                    inf
  Source:                 dbg_hub/inst/BSCANID.u_xsdbm_id/CORE_XSDB.UUT_MASTER/U_ICON_INTERFACE/U_CMD3/stat_reg_reg[2]/C
                            (rising edge-triggered cell FDRE clocked by clk_out1_clk_wiz_0  {rise@0.000ns fall@1.600ns period=3.200ns})
  Destination:            dbg_hub/inst/BSCANID.u_xsdbm_id/CORE_XSDB.UUT_MASTER/U_ICON_INTERFACE/U_CMD3/stat_reg_1_reg[2]/D
                            (rising edge-triggered cell FDRE clocked by dbg_hub/inst/BSCANID.u_xsdbm_id/SWITCH_N_EXT_BSCAN.bscan_inst/SERIES7_BSCAN.bscan_inst/TCK  {rise@0.000ns fall@16.500ns period=33.000ns})
  Path Group:             (none)
  Path Type:              Hold (Min at Fast Process Corner)
  Data Path Delay:        0.188ns  (logic 0.049ns (26.064%)  route 0.139ns (73.936%))
  Logic Levels:           0  
  Clock Path Skew:        2.424ns (DCD - SCD - CPR)
    Destination Clock Delay (DCD):    4.510ns
    Source Clock Delay      (SCD):    2.086ns
    Clock Pessimism Removal (CPR):    -0.000ns
  Clock Uncertainty:      0.328ns  ((TSJ^2 + DJ^2)^1/2) / 2 + PE
    Total System Jitter     (TSJ):    0.071ns
    Discrete Jitter          (DJ):    0.176ns
    Phase Error              (PE):    0.233ns
  Clock Net Delay (Source):      1.218ns (routing 0.449ns, distribution 0.769ns)
  Clock Net Delay (Destination): 1.156ns (routing 0.495ns, distribution 0.661ns)
  Timing Exception:       False Path

    Location             Delay type                Incr(ns)  Path(ns)    Netlist Resource(s)
  -------------------------------------------------------------------    -------------------
                         (clock clk_out1_clk_wiz_0 rise edge)
                                                      0.000     0.000 r  
    BUFGCE_X1Y24         BUFGCE                       0.000     0.000 r  sys_clk_BUFGCE_inst/O
                         net (fo=1, routed)           0.404     0.404    clk_wiz_0_inst/inst/clk_in1
    MMCME3_ADV_X1Y1      MMCME3_ADV (Prop_MMCME3_ADV_CLKIN1_CLKOUT0)
                                                      0.270     0.674 r  clk_wiz_0_inst/inst/mmcme3_adv_inst/CLKOUT0
                         net (fo=1, routed)           0.167     0.841    clk_wiz_0_inst/inst/clk_out1_clk_wiz_0
    BUFGCE_X1Y25         BUFGCE (Prop_BUFCE_BUFGCE_I_O)
                                                      0.027     0.868 r  clk_wiz_0_inst/inst/clkout1_buf/O
    X1Y2 (CLOCK_ROOT)    net (fo=1528, routed)        1.218     2.086    dbg_hub/inst/BSCANID.u_xsdbm_id/CORE_XSDB.UUT_MASTER/U_ICON_INTERFACE/U_CMD3/clk
    SLICE_X74Y195        FDRE                                         r  dbg_hub/inst/BSCANID.u_xsdbm_id/CORE_XSDB.UUT_MASTER/U_ICON_INTERFACE/U_CMD3/stat_reg_reg[2]/C
  -------------------------------------------------------------------    -------------------
    SLICE_X74Y195        FDRE (Prop_AFF2_SLICEL_C_Q)
                                                      0.049     2.135 r  dbg_hub/inst/BSCANID.u_xsdbm_id/CORE_XSDB.UUT_MASTER/U_ICON_INTERFACE/U_CMD3/stat_reg_reg[2]/Q
                         net (fo=1, routed)           0.139     2.274    dbg_hub/inst/BSCANID.u_xsdbm_id/CORE_XSDB.UUT_MASTER/U_ICON_INTERFACE/U_CMD3/stat_reg[2]
    SLICE_X74Y196        FDRE                                         r  dbg_hub/inst/BSCANID.u_xsdbm_id/CORE_XSDB.UUT_MASTER/U_ICON_INTERFACE/U_CMD3/stat_reg_1_reg[2]/D
  -------------------------------------------------------------------    -------------------

                         (clock dbg_hub/inst/BSCANID.u_xsdbm_id/SWITCH_N_EXT_BSCAN.bscan_inst/SERIES7_BSCAN.bscan_inst/TCK rise edge)
                                                      0.000     0.000 r  
    CONFIG_SITE_X0Y0     BSCANE2                      0.000     0.000 r  dbg_hub/inst/BSCANID.u_xsdbm_id/SWITCH_N_EXT_BSCAN.bscan_inst/SERIES7_BSCAN.bscan_inst/TCK
                         net (fo=1, routed)           3.323     3.323    dbg_hub/inst/BSCANID.u_xsdbm_id/tck_bs
    BUFGCE_X1Y119        BUFGCE (Prop_BUFCE_BUFGCE_I_O)
                                                      0.031     3.354 r  dbg_hub/inst/BSCANID.u_xsdbm_id/SWITCH_N_EXT_BSCAN.u_bufg_icon_tck/O
    X2Y3 (CLOCK_ROOT)    net (fo=478, routed)         1.156     4.510    dbg_hub/inst/BSCANID.u_xsdbm_id/CORE_XSDB.UUT_MASTER/U_ICON_INTERFACE/U_CMD3/m_bscan_tck[0]
    SLICE_X74Y196        FDRE                                         r  dbg_hub/inst/BSCANID.u_xsdbm_id/CORE_XSDB.UUT_MASTER/U_ICON_INTERFACE/U_CMD3/stat_reg_1_reg[2]/C

Slack:                    inf
  Source:                 dbg_hub/inst/BSCANID.u_xsdbm_id/CORE_XSDB.UUT_MASTER/U_ICON_INTERFACE/U_CMD2/stat_reg_reg[0]/C
                            (rising edge-triggered cell FDRE clocked by clk_out1_clk_wiz_0  {rise@0.000ns fall@1.600ns period=3.200ns})
  Destination:            dbg_hub/inst/BSCANID.u_xsdbm_id/CORE_XSDB.UUT_MASTER/U_ICON_INTERFACE/U_CMD2/stat_reg_1_reg[0]/D
                            (rising edge-triggered cell FDRE clocked by dbg_hub/inst/BSCANID.u_xsdbm_id/SWITCH_N_EXT_BSCAN.bscan_inst/SERIES7_BSCAN.bscan_inst/TCK  {rise@0.000ns fall@16.500ns period=33.000ns})
  Path Group:             (none)
  Path Type:              Hold (Min at Fast Process Corner)
  Data Path Delay:        0.188ns  (logic 0.049ns (26.064%)  route 0.139ns (73.936%))
  Logic Levels:           0  
  Clock Path Skew:        2.433ns (DCD - SCD - CPR)
    Destination Clock Delay (DCD):    4.522ns
    Source Clock Delay      (SCD):    2.089ns
    Clock Pessimism Removal (CPR):    -0.000ns
  Clock Uncertainty:      0.328ns  ((TSJ^2 + DJ^2)^1/2) / 2 + PE
    Total System Jitter     (TSJ):    0.071ns
    Discrete Jitter          (DJ):    0.176ns
    Phase Error              (PE):    0.233ns
  Clock Net Delay (Source):      1.221ns (routing 0.449ns, distribution 0.772ns)
  Clock Net Delay (Destination): 1.168ns (routing 0.495ns, distribution 0.673ns)
  Timing Exception:       False Path

    Location             Delay type                Incr(ns)  Path(ns)    Netlist Resource(s)
  -------------------------------------------------------------------    -------------------
                         (clock clk_out1_clk_wiz_0 rise edge)
                                                      0.000     0.000 r  
    BUFGCE_X1Y24         BUFGCE                       0.000     0.000 r  sys_clk_BUFGCE_inst/O
                         net (fo=1, routed)           0.404     0.404    clk_wiz_0_inst/inst/clk_in1
    MMCME3_ADV_X1Y1      MMCME3_ADV (Prop_MMCME3_ADV_CLKIN1_CLKOUT0)
                                                      0.270     0.674 r  clk_wiz_0_inst/inst/mmcme3_adv_inst/CLKOUT0
                         net (fo=1, routed)           0.167     0.841    clk_wiz_0_inst/inst/clk_out1_clk_wiz_0
    BUFGCE_X1Y25         BUFGCE (Prop_BUFCE_BUFGCE_I_O)
                                                      0.027     0.868 r  clk_wiz_0_inst/inst/clkout1_buf/O
    X1Y2 (CLOCK_ROOT)    net (fo=1528, routed)        1.221     2.089    dbg_hub/inst/BSCANID.u_xsdbm_id/CORE_XSDB.UUT_MASTER/U_ICON_INTERFACE/U_CMD2/clk
    SLICE_X72Y196        FDRE                                         r  dbg_hub/inst/BSCANID.u_xsdbm_id/CORE_XSDB.UUT_MASTER/U_ICON_INTERFACE/U_CMD2/stat_reg_reg[0]/C
  -------------------------------------------------------------------    -------------------
    SLICE_X72Y196        FDRE (Prop_AFF2_SLICEL_C_Q)
                                                      0.049     2.138 r  dbg_hub/inst/BSCANID.u_xsdbm_id/CORE_XSDB.UUT_MASTER/U_ICON_INTERFACE/U_CMD2/stat_reg_reg[0]/Q
                         net (fo=1, routed)           0.139     2.277    dbg_hub/inst/BSCANID.u_xsdbm_id/CORE_XSDB.UUT_MASTER/U_ICON_INTERFACE/U_CMD2/stat_reg[0]
    SLICE_X72Y197        FDRE                                         r  dbg_hub/inst/BSCANID.u_xsdbm_id/CORE_XSDB.UUT_MASTER/U_ICON_INTERFACE/U_CMD2/stat_reg_1_reg[0]/D
  -------------------------------------------------------------------    -------------------

                         (clock dbg_hub/inst/BSCANID.u_xsdbm_id/SWITCH_N_EXT_BSCAN.bscan_inst/SERIES7_BSCAN.bscan_inst/TCK rise edge)
                                                      0.000     0.000 r  
    CONFIG_SITE_X0Y0     BSCANE2                      0.000     0.000 r  dbg_hub/inst/BSCANID.u_xsdbm_id/SWITCH_N_EXT_BSCAN.bscan_inst/SERIES7_BSCAN.bscan_inst/TCK
                         net (fo=1, routed)           3.323     3.323    dbg_hub/inst/BSCANID.u_xsdbm_id/tck_bs
    BUFGCE_X1Y119        BUFGCE (Prop_BUFCE_BUFGCE_I_O)
                                                      0.031     3.354 r  dbg_hub/inst/BSCANID.u_xsdbm_id/SWITCH_N_EXT_BSCAN.u_bufg_icon_tck/O
    X2Y3 (CLOCK_ROOT)    net (fo=478, routed)         1.168     4.522    dbg_hub/inst/BSCANID.u_xsdbm_id/CORE_XSDB.UUT_MASTER/U_ICON_INTERFACE/U_CMD2/m_bscan_tck[0]
    SLICE_X72Y197        FDRE                                         r  dbg_hub/inst/BSCANID.u_xsdbm_id/CORE_XSDB.UUT_MASTER/U_ICON_INTERFACE/U_CMD2/stat_reg_1_reg[0]/C

Slack:                    inf
  Source:                 dbg_hub/inst/BSCANID.u_xsdbm_id/CORE_XSDB.UUT_MASTER/U_ICON_INTERFACE/U_CMD2/stat_reg_reg[1]/C
                            (rising edge-triggered cell FDRE clocked by clk_out1_clk_wiz_0  {rise@0.000ns fall@1.600ns period=3.200ns})
  Destination:            dbg_hub/inst/BSCANID.u_xsdbm_id/CORE_XSDB.UUT_MASTER/U_ICON_INTERFACE/U_CMD2/stat_reg_1_reg[1]/D
                            (rising edge-triggered cell FDRE clocked by dbg_hub/inst/BSCANID.u_xsdbm_id/SWITCH_N_EXT_BSCAN.bscan_inst/SERIES7_BSCAN.bscan_inst/TCK  {rise@0.000ns fall@16.500ns period=33.000ns})
  Path Group:             (none)
  Path Type:              Hold (Min at Fast Process Corner)
  Data Path Delay:        0.202ns  (logic 0.049ns (24.257%)  route 0.153ns (75.743%))
  Logic Levels:           0  
  Clock Path Skew:        2.453ns (DCD - SCD - CPR)
    Destination Clock Delay (DCD):    4.528ns
    Source Clock Delay      (SCD):    2.075ns
    Clock Pessimism Removal (CPR):    -0.000ns
  Clock Uncertainty:      0.328ns  ((TSJ^2 + DJ^2)^1/2) / 2 + PE
    Total System Jitter     (TSJ):    0.071ns
    Discrete Jitter          (DJ):    0.176ns
    Phase Error              (PE):    0.233ns
  Clock Net Delay (Source):      1.207ns (routing 0.449ns, distribution 0.758ns)
  Clock Net Delay (Destination): 1.174ns (routing 0.495ns, distribution 0.679ns)
  Timing Exception:       False Path

    Location             Delay type                Incr(ns)  Path(ns)    Netlist Resource(s)
  -------------------------------------------------------------------    -------------------
                         (clock clk_out1_clk_wiz_0 rise edge)
                                                      0.000     0.000 r  
    BUFGCE_X1Y24         BUFGCE                       0.000     0.000 r  sys_clk_BUFGCE_inst/O
                         net (fo=1, routed)           0.404     0.404    clk_wiz_0_inst/inst/clk_in1
    MMCME3_ADV_X1Y1      MMCME3_ADV (Prop_MMCME3_ADV_CLKIN1_CLKOUT0)
                                                      0.270     0.674 r  clk_wiz_0_inst/inst/mmcme3_adv_inst/CLKOUT0
                         net (fo=1, routed)           0.167     0.841    clk_wiz_0_inst/inst/clk_out1_clk_wiz_0
    BUFGCE_X1Y25         BUFGCE (Prop_BUFCE_BUFGCE_I_O)
                                                      0.027     0.868 r  clk_wiz_0_inst/inst/clkout1_buf/O
    X1Y2 (CLOCK_ROOT)    net (fo=1528, routed)        1.207     2.075    dbg_hub/inst/BSCANID.u_xsdbm_id/CORE_XSDB.UUT_MASTER/U_ICON_INTERFACE/U_CMD2/clk
    SLICE_X72Y198        FDRE                                         r  dbg_hub/inst/BSCANID.u_xsdbm_id/CORE_XSDB.UUT_MASTER/U_ICON_INTERFACE/U_CMD2/stat_reg_reg[1]/C
  -------------------------------------------------------------------    -------------------
    SLICE_X72Y198        FDRE (Prop_AFF2_SLICEL_C_Q)
                                                      0.049     2.124 r  dbg_hub/inst/BSCANID.u_xsdbm_id/CORE_XSDB.UUT_MASTER/U_ICON_INTERFACE/U_CMD2/stat_reg_reg[1]/Q
                         net (fo=1, routed)           0.153     2.277    dbg_hub/inst/BSCANID.u_xsdbm_id/CORE_XSDB.UUT_MASTER/U_ICON_INTERFACE/U_CMD2/stat_reg[1]
    SLICE_X72Y199        FDRE                                         r  dbg_hub/inst/BSCANID.u_xsdbm_id/CORE_XSDB.UUT_MASTER/U_ICON_INTERFACE/U_CMD2/stat_reg_1_reg[1]/D
  -------------------------------------------------------------------    -------------------

                         (clock dbg_hub/inst/BSCANID.u_xsdbm_id/SWITCH_N_EXT_BSCAN.bscan_inst/SERIES7_BSCAN.bscan_inst/TCK rise edge)
                                                      0.000     0.000 r  
    CONFIG_SITE_X0Y0     BSCANE2                      0.000     0.000 r  dbg_hub/inst/BSCANID.u_xsdbm_id/SWITCH_N_EXT_BSCAN.bscan_inst/SERIES7_BSCAN.bscan_inst/TCK
                         net (fo=1, routed)           3.323     3.323    dbg_hub/inst/BSCANID.u_xsdbm_id/tck_bs
    BUFGCE_X1Y119        BUFGCE (Prop_BUFCE_BUFGCE_I_O)
                                                      0.031     3.354 r  dbg_hub/inst/BSCANID.u_xsdbm_id/SWITCH_N_EXT_BSCAN.u_bufg_icon_tck/O
    X2Y3 (CLOCK_ROOT)    net (fo=478, routed)         1.174     4.528    dbg_hub/inst/BSCANID.u_xsdbm_id/CORE_XSDB.UUT_MASTER/U_ICON_INTERFACE/U_CMD2/m_bscan_tck[0]
    SLICE_X72Y199        FDRE                                         r  dbg_hub/inst/BSCANID.u_xsdbm_id/CORE_XSDB.UUT_MASTER/U_ICON_INTERFACE/U_CMD2/stat_reg_1_reg[1]/C

Slack:                    inf
  Source:                 dbg_hub/inst/BSCANID.u_xsdbm_id/CORE_XSDB.UUT_MASTER/U_ICON_INTERFACE/U_CMD2/stat_reg_reg[3]/C
                            (rising edge-triggered cell FDRE clocked by clk_out1_clk_wiz_0  {rise@0.000ns fall@1.600ns period=3.200ns})
  Destination:            dbg_hub/inst/BSCANID.u_xsdbm_id/CORE_XSDB.UUT_MASTER/U_ICON_INTERFACE/U_CMD2/stat_reg_1_reg[3]/D
                            (rising edge-triggered cell FDRE clocked by dbg_hub/inst/BSCANID.u_xsdbm_id/SWITCH_N_EXT_BSCAN.bscan_inst/SERIES7_BSCAN.bscan_inst/TCK  {rise@0.000ns fall@16.500ns period=33.000ns})
  Path Group:             (none)
  Path Type:              Hold (Min at Fast Process Corner)
  Data Path Delay:        0.207ns  (logic 0.049ns (23.671%)  route 0.158ns (76.329%))
  Logic Levels:           0  
  Clock Path Skew:        2.443ns (DCD - SCD - CPR)
    Destination Clock Delay (DCD):    4.524ns
    Source Clock Delay      (SCD):    2.081ns
    Clock Pessimism Removal (CPR):    -0.000ns
  Clock Uncertainty:      0.328ns  ((TSJ^2 + DJ^2)^1/2) / 2 + PE
    Total System Jitter     (TSJ):    0.071ns
    Discrete Jitter          (DJ):    0.176ns
    Phase Error              (PE):    0.233ns
  Clock Net Delay (Source):      1.213ns (routing 0.449ns, distribution 0.764ns)
  Clock Net Delay (Destination): 1.170ns (routing 0.495ns, distribution 0.675ns)
  Timing Exception:       False Path

    Location             Delay type                Incr(ns)  Path(ns)    Netlist Resource(s)
  -------------------------------------------------------------------    -------------------
                         (clock clk_out1_clk_wiz_0 rise edge)
                                                      0.000     0.000 r  
    BUFGCE_X1Y24         BUFGCE                       0.000     0.000 r  sys_clk_BUFGCE_inst/O
                         net (fo=1, routed)           0.404     0.404    clk_wiz_0_inst/inst/clk_in1
    MMCME3_ADV_X1Y1      MMCME3_ADV (Prop_MMCME3_ADV_CLKIN1_CLKOUT0)
                                                      0.270     0.674 r  clk_wiz_0_inst/inst/mmcme3_adv_inst/CLKOUT0
                         net (fo=1, routed)           0.167     0.841    clk_wiz_0_inst/inst/clk_out1_clk_wiz_0
    BUFGCE_X1Y25         BUFGCE (Prop_BUFCE_BUFGCE_I_O)
                                                      0.027     0.868 r  clk_wiz_0_inst/inst/clkout1_buf/O
    X1Y2 (CLOCK_ROOT)    net (fo=1528, routed)        1.213     2.081    dbg_hub/inst/BSCANID.u_xsdbm_id/CORE_XSDB.UUT_MASTER/U_ICON_INTERFACE/U_CMD2/clk
    SLICE_X73Y198        FDRE                                         r  dbg_hub/inst/BSCANID.u_xsdbm_id/CORE_XSDB.UUT_MASTER/U_ICON_INTERFACE/U_CMD2/stat_reg_reg[3]/C
  -------------------------------------------------------------------    -------------------
    SLICE_X73Y198        FDRE (Prop_AFF2_SLICEM_C_Q)
                                                      0.049     2.130 r  dbg_hub/inst/BSCANID.u_xsdbm_id/CORE_XSDB.UUT_MASTER/U_ICON_INTERFACE/U_CMD2/stat_reg_reg[3]/Q
                         net (fo=1, routed)           0.158     2.288    dbg_hub/inst/BSCANID.u_xsdbm_id/CORE_XSDB.UUT_MASTER/U_ICON_INTERFACE/U_CMD2/stat_reg[3]
    SLICE_X73Y199        FDRE                                         r  dbg_hub/inst/BSCANID.u_xsdbm_id/CORE_XSDB.UUT_MASTER/U_ICON_INTERFACE/U_CMD2/stat_reg_1_reg[3]/D
  -------------------------------------------------------------------    -------------------

                         (clock dbg_hub/inst/BSCANID.u_xsdbm_id/SWITCH_N_EXT_BSCAN.bscan_inst/SERIES7_BSCAN.bscan_inst/TCK rise edge)
                                                      0.000     0.000 r  
    CONFIG_SITE_X0Y0     BSCANE2                      0.000     0.000 r  dbg_hub/inst/BSCANID.u_xsdbm_id/SWITCH_N_EXT_BSCAN.bscan_inst/SERIES7_BSCAN.bscan_inst/TCK
                         net (fo=1, routed)           3.323     3.323    dbg_hub/inst/BSCANID.u_xsdbm_id/tck_bs
    BUFGCE_X1Y119        BUFGCE (Prop_BUFCE_BUFGCE_I_O)
                                                      0.031     3.354 r  dbg_hub/inst/BSCANID.u_xsdbm_id/SWITCH_N_EXT_BSCAN.u_bufg_icon_tck/O
    X2Y3 (CLOCK_ROOT)    net (fo=478, routed)         1.170     4.524    dbg_hub/inst/BSCANID.u_xsdbm_id/CORE_XSDB.UUT_MASTER/U_ICON_INTERFACE/U_CMD2/m_bscan_tck[0]
    SLICE_X73Y199        FDRE                                         r  dbg_hub/inst/BSCANID.u_xsdbm_id/CORE_XSDB.UUT_MASTER/U_ICON_INTERFACE/U_CMD2/stat_reg_1_reg[3]/C

Slack:                    inf
  Source:                 dbg_hub/inst/BSCANID.u_xsdbm_id/CORE_XSDB.UUT_MASTER/U_ICON_INTERFACE/rddata_rst_reg/C
                            (rising edge-triggered cell FDRE clocked by clk_out1_clk_wiz_0  {rise@0.000ns fall@1.600ns period=3.200ns})
  Destination:            dbg_hub/inst/BSCANID.u_xsdbm_id/CORE_XSDB.UUT_MASTER/U_ICON_INTERFACE/U_CMD6_RD/U_RD_FIFO/SUBCORE_FIFO.xsdbm_v3_0_0_rdfifo_inst/inst_fifo_gen/gconvfifo.rf/grf.rf/rstblk/ngwrdrst.grst.g7serrst.rst_rd_reg1_reg/PRE
                            (removal check against rising-edge clock dbg_hub/inst/BSCANID.u_xsdbm_id/SWITCH_N_EXT_BSCAN.bscan_inst/SERIES7_BSCAN.bscan_inst/TCK  {rise@0.000ns fall@16.500ns period=33.000ns})
  Path Group:             (none)
  Path Type:              Removal (Min at Fast Process Corner)
  Data Path Delay:        0.243ns  (logic 0.048ns (19.753%)  route 0.195ns (80.247%))
  Logic Levels:           0  
  Clock Path Skew:        2.424ns (DCD - SCD - CPR)
    Destination Clock Delay (DCD):    4.475ns
    Source Clock Delay      (SCD):    2.051ns
    Clock Pessimism Removal (CPR):    -0.000ns
  Clock Uncertainty:      0.328ns  ((TSJ^2 + DJ^2)^1/2) / 2 + PE
    Total System Jitter     (TSJ):    0.071ns
    Discrete Jitter          (DJ):    0.176ns
    Phase Error              (PE):    0.233ns
  Clock Net Delay (Source):      1.183ns (routing 0.449ns, distribution 0.734ns)
  Clock Net Delay (Destination): 1.121ns (routing 0.495ns, distribution 0.626ns)
  Timing Exception:       False Path

    Location             Delay type                Incr(ns)  Path(ns)    Netlist Resource(s)
  -------------------------------------------------------------------    -------------------
                         (clock clk_out1_clk_wiz_0 rise edge)
                                                      0.000     0.000 r  
    BUFGCE_X1Y24         BUFGCE                       0.000     0.000 r  sys_clk_BUFGCE_inst/O
                         net (fo=1, routed)           0.404     0.404    clk_wiz_0_inst/inst/clk_in1
    MMCME3_ADV_X1Y1      MMCME3_ADV (Prop_MMCME3_ADV_CLKIN1_CLKOUT0)
                                                      0.270     0.674 r  clk_wiz_0_inst/inst/mmcme3_adv_inst/CLKOUT0
                         net (fo=1, routed)           0.167     0.841    clk_wiz_0_inst/inst/clk_out1_clk_wiz_0
    BUFGCE_X1Y25         BUFGCE (Prop_BUFCE_BUFGCE_I_O)
                                                      0.027     0.868 r  clk_wiz_0_inst/inst/clkout1_buf/O
    X1Y2 (CLOCK_ROOT)    net (fo=1528, routed)        1.183     2.051    dbg_hub/inst/BSCANID.u_xsdbm_id/CORE_XSDB.UUT_MASTER/U_ICON_INTERFACE/clk
    SLICE_X68Y196        FDRE                                         r  dbg_hub/inst/BSCANID.u_xsdbm_id/CORE_XSDB.UUT_MASTER/U_ICON_INTERFACE/rddata_rst_reg/C
  -------------------------------------------------------------------    -------------------
    SLICE_X68Y196        FDRE (Prop_CFF_SLICEL_C_Q)
                                                      0.048     2.099 f  dbg_hub/inst/BSCANID.u_xsdbm_id/CORE_XSDB.UUT_MASTER/U_ICON_INTERFACE/rddata_rst_reg/Q
                         net (fo=20, routed)          0.195     2.294    dbg_hub/inst/BSCANID.u_xsdbm_id/CORE_XSDB.UUT_MASTER/U_ICON_INTERFACE/U_CMD6_RD/U_RD_FIFO/SUBCORE_FIFO.xsdbm_v3_0_0_rdfifo_inst/inst_fifo_gen/gconvfifo.rf/grf.rf/rstblk/rst
    SLICE_X69Y196        FDPE                                         f  dbg_hub/inst/BSCANID.u_xsdbm_id/CORE_XSDB.UUT_MASTER/U_ICON_INTERFACE/U_CMD6_RD/U_RD_FIFO/SUBCORE_FIFO.xsdbm_v3_0_0_rdfifo_inst/inst_fifo_gen/gconvfifo.rf/grf.rf/rstblk/ngwrdrst.grst.g7serrst.rst_rd_reg1_reg/PRE
  -------------------------------------------------------------------    -------------------

                         (clock dbg_hub/inst/BSCANID.u_xsdbm_id/SWITCH_N_EXT_BSCAN.bscan_inst/SERIES7_BSCAN.bscan_inst/TCK rise edge)
                                                      0.000     0.000 r  
    CONFIG_SITE_X0Y0     BSCANE2                      0.000     0.000 r  dbg_hub/inst/BSCANID.u_xsdbm_id/SWITCH_N_EXT_BSCAN.bscan_inst/SERIES7_BSCAN.bscan_inst/TCK
                         net (fo=1, routed)           3.323     3.323    dbg_hub/inst/BSCANID.u_xsdbm_id/tck_bs
    BUFGCE_X1Y119        BUFGCE (Prop_BUFCE_BUFGCE_I_O)
                                                      0.031     3.354 r  dbg_hub/inst/BSCANID.u_xsdbm_id/SWITCH_N_EXT_BSCAN.u_bufg_icon_tck/O
    X2Y3 (CLOCK_ROOT)    net (fo=478, routed)         1.121     4.475    dbg_hub/inst/BSCANID.u_xsdbm_id/CORE_XSDB.UUT_MASTER/U_ICON_INTERFACE/U_CMD6_RD/U_RD_FIFO/SUBCORE_FIFO.xsdbm_v3_0_0_rdfifo_inst/inst_fifo_gen/gconvfifo.rf/grf.rf/rstblk/rd_clk
    SLICE_X69Y196        FDPE                                         r  dbg_hub/inst/BSCANID.u_xsdbm_id/CORE_XSDB.UUT_MASTER/U_ICON_INTERFACE/U_CMD6_RD/U_RD_FIFO/SUBCORE_FIFO.xsdbm_v3_0_0_rdfifo_inst/inst_fifo_gen/gconvfifo.rf/grf.rf/rstblk/ngwrdrst.grst.g7serrst.rst_rd_reg1_reg/C

Slack:                    inf
  Source:                 dbg_hub/inst/BSCANID.u_xsdbm_id/CORE_XSDB.UUT_MASTER/U_ICON_INTERFACE/rddata_rst_reg/C
                            (rising edge-triggered cell FDRE clocked by clk_out1_clk_wiz_0  {rise@0.000ns fall@1.600ns period=3.200ns})
  Destination:            dbg_hub/inst/BSCANID.u_xsdbm_id/CORE_XSDB.UUT_MASTER/U_ICON_INTERFACE/U_CMD6_RD/U_RD_FIFO/SUBCORE_FIFO.xsdbm_v3_0_0_rdfifo_inst/inst_fifo_gen/gconvfifo.rf/grf.rf/rstblk/ngwrdrst.grst.g7serrst.rst_rd_reg2_reg/PRE
                            (removal check against rising-edge clock dbg_hub/inst/BSCANID.u_xsdbm_id/SWITCH_N_EXT_BSCAN.bscan_inst/SERIES7_BSCAN.bscan_inst/TCK  {rise@0.000ns fall@16.500ns period=33.000ns})
  Path Group:             (none)
  Path Type:              Removal (Min at Fast Process Corner)
  Data Path Delay:        0.243ns  (logic 0.048ns (19.753%)  route 0.195ns (80.247%))
  Logic Levels:           0  
  Clock Path Skew:        2.424ns (DCD - SCD - CPR)
    Destination Clock Delay (DCD):    4.475ns
    Source Clock Delay      (SCD):    2.051ns
    Clock Pessimism Removal (CPR):    -0.000ns
  Clock Uncertainty:      0.328ns  ((TSJ^2 + DJ^2)^1/2) / 2 + PE
    Total System Jitter     (TSJ):    0.071ns
    Discrete Jitter          (DJ):    0.176ns
    Phase Error              (PE):    0.233ns
  Clock Net Delay (Source):      1.183ns (routing 0.449ns, distribution 0.734ns)
  Clock Net Delay (Destination): 1.121ns (routing 0.495ns, distribution 0.626ns)
  Timing Exception:       False Path

    Location             Delay type                Incr(ns)  Path(ns)    Netlist Resource(s)
  -------------------------------------------------------------------    -------------------
                         (clock clk_out1_clk_wiz_0 rise edge)
                                                      0.000     0.000 r  
    BUFGCE_X1Y24         BUFGCE                       0.000     0.000 r  sys_clk_BUFGCE_inst/O
                         net (fo=1, routed)           0.404     0.404    clk_wiz_0_inst/inst/clk_in1
    MMCME3_ADV_X1Y1      MMCME3_ADV (Prop_MMCME3_ADV_CLKIN1_CLKOUT0)
                                                      0.270     0.674 r  clk_wiz_0_inst/inst/mmcme3_adv_inst/CLKOUT0
                         net (fo=1, routed)           0.167     0.841    clk_wiz_0_inst/inst/clk_out1_clk_wiz_0
    BUFGCE_X1Y25         BUFGCE (Prop_BUFCE_BUFGCE_I_O)
                                                      0.027     0.868 r  clk_wiz_0_inst/inst/clkout1_buf/O
    X1Y2 (CLOCK_ROOT)    net (fo=1528, routed)        1.183     2.051    dbg_hub/inst/BSCANID.u_xsdbm_id/CORE_XSDB.UUT_MASTER/U_ICON_INTERFACE/clk
    SLICE_X68Y196        FDRE                                         r  dbg_hub/inst/BSCANID.u_xsdbm_id/CORE_XSDB.UUT_MASTER/U_ICON_INTERFACE/rddata_rst_reg/C
  -------------------------------------------------------------------    -------------------
    SLICE_X68Y196        FDRE (Prop_CFF_SLICEL_C_Q)
                                                      0.048     2.099 f  dbg_hub/inst/BSCANID.u_xsdbm_id/CORE_XSDB.UUT_MASTER/U_ICON_INTERFACE/rddata_rst_reg/Q
                         net (fo=20, routed)          0.195     2.294    dbg_hub/inst/BSCANID.u_xsdbm_id/CORE_XSDB.UUT_MASTER/U_ICON_INTERFACE/U_CMD6_RD/U_RD_FIFO/SUBCORE_FIFO.xsdbm_v3_0_0_rdfifo_inst/inst_fifo_gen/gconvfifo.rf/grf.rf/rstblk/rst
    SLICE_X69Y196        FDPE                                         f  dbg_hub/inst/BSCANID.u_xsdbm_id/CORE_XSDB.UUT_MASTER/U_ICON_INTERFACE/U_CMD6_RD/U_RD_FIFO/SUBCORE_FIFO.xsdbm_v3_0_0_rdfifo_inst/inst_fifo_gen/gconvfifo.rf/grf.rf/rstblk/ngwrdrst.grst.g7serrst.rst_rd_reg2_reg/PRE
  -------------------------------------------------------------------    -------------------

                         (clock dbg_hub/inst/BSCANID.u_xsdbm_id/SWITCH_N_EXT_BSCAN.bscan_inst/SERIES7_BSCAN.bscan_inst/TCK rise edge)
                                                      0.000     0.000 r  
    CONFIG_SITE_X0Y0     BSCANE2                      0.000     0.000 r  dbg_hub/inst/BSCANID.u_xsdbm_id/SWITCH_N_EXT_BSCAN.bscan_inst/SERIES7_BSCAN.bscan_inst/TCK
                         net (fo=1, routed)           3.323     3.323    dbg_hub/inst/BSCANID.u_xsdbm_id/tck_bs
    BUFGCE_X1Y119        BUFGCE (Prop_BUFCE_BUFGCE_I_O)
                                                      0.031     3.354 r  dbg_hub/inst/BSCANID.u_xsdbm_id/SWITCH_N_EXT_BSCAN.u_bufg_icon_tck/O
    X2Y3 (CLOCK_ROOT)    net (fo=478, routed)         1.121     4.475    dbg_hub/inst/BSCANID.u_xsdbm_id/CORE_XSDB.UUT_MASTER/U_ICON_INTERFACE/U_CMD6_RD/U_RD_FIFO/SUBCORE_FIFO.xsdbm_v3_0_0_rdfifo_inst/inst_fifo_gen/gconvfifo.rf/grf.rf/rstblk/rd_clk
    SLICE_X69Y196        FDPE                                         r  dbg_hub/inst/BSCANID.u_xsdbm_id/CORE_XSDB.UUT_MASTER/U_ICON_INTERFACE/U_CMD6_RD/U_RD_FIFO/SUBCORE_FIFO.xsdbm_v3_0_0_rdfifo_inst/inst_fifo_gen/gconvfifo.rf/grf.rf/rstblk/ngwrdrst.grst.g7serrst.rst_rd_reg2_reg/C





--------------------------------------------------------------------------------------
Path Group:  (none)
From Clock:  
  To Clock:  dbg_hub/inst/BSCANID.u_xsdbm_id/SWITCH_N_EXT_BSCAN.bscan_inst/SERIES7_BSCAN.bscan_inst/TCK

Max Delay           257 Endpoints
Min Delay           257 Endpoints
--------------------------------------------------------------------------------------


Max Delay Paths
--------------------------------------------------------------------------------------
Slack:                    inf
  Source:                 dbg_hub/inst/BSCANID.u_xsdbm_id/SWITCH_N_EXT_BSCAN.bscan_inst/SERIES7_BSCAN.bscan_inst/SHIFT
                            (internal pin)
  Destination:            dbg_hub/inst/BSCANID.u_xsdbm_id/CORE_XSDB.U_ICON/U_STAT/iSTAT_CNT_reg[0]/R
                            (rising edge-triggered cell FDRE clocked by dbg_hub/inst/BSCANID.u_xsdbm_id/SWITCH_N_EXT_BSCAN.bscan_inst/SERIES7_BSCAN.bscan_inst/TCK  {rise@0.000ns fall@16.500ns period=33.000ns})
  Path Group:             (none)
  Path Type:              Setup (Max at Slow Process Corner)
  Data Path Delay:        4.743ns  (logic 0.380ns (8.012%)  route 4.363ns (91.988%))
  Logic Levels:           3  (LUT4=1 LUT5=2)
  Clock Uncertainty:      0.025ns  ((TSJ^2 + TIJ^2)^1/2 + DJ) / 2 + PE
    Total System Jitter     (TSJ):    0.050ns
    Total Input Jitter      (TIJ):    0.000ns
    Discrete Jitter          (DJ):    0.000ns
    Phase Error              (PE):    0.000ns
  Clock Net Delay (Destination): 1.964ns (routing 0.878ns, distribution 1.086ns)

    Location             Delay type                Incr(ns)  Path(ns)    Netlist Resource(s)
  -------------------------------------------------------------------    -------------------
    CONFIG_SITE_X0Y0     BSCANE2                      0.000     0.000 f  dbg_hub/inst/BSCANID.u_xsdbm_id/SWITCH_N_EXT_BSCAN.bscan_inst/SERIES7_BSCAN.bscan_inst/SHIFT
                         net (fo=37, routed)          3.372     3.372    dbg_hub/inst/BSCANID.u_xsdbm_id/SWITCH_N_EXT_BSCAN.bscan_switch/s_bscan_shift
    SLICE_X72Y199        LUT5 (Prop_G6LUT_SLICEL_I4_O)
                                                      0.132     3.504 f  dbg_hub/inst/BSCANID.u_xsdbm_id/SWITCH_N_EXT_BSCAN.bscan_switch/m_bscan_shift[0]_INST_0/O
                         net (fo=4, routed)           0.237     3.741    dbg_hub/inst/BSCANID.u_xsdbm_id/CORE_XSDB.U_ICON/U_CMD/icn_cmd_en_reg[7]
    SLICE_X72Y198        LUT4 (Prop_D6LUT_SLICEL_I1_O)
                                                      0.071     3.812 f  dbg_hub/inst/BSCANID.u_xsdbm_id/CORE_XSDB.U_ICON/U_CMD/iSTAT_CNT[5]_i_4/O
                         net (fo=1, routed)           0.387     4.199    dbg_hub/inst/BSCANID.u_xsdbm_id/CORE_XSDB.U_ICON/U_CMD/iSTAT_CNT[5]_i_4_n_0
    SLICE_X71Y199        LUT5 (Prop_D6LUT_SLICEM_I4_O)
                                                      0.177     4.376 r  dbg_hub/inst/BSCANID.u_xsdbm_id/CORE_XSDB.U_ICON/U_CMD/iSTAT_CNT[5]_i_1/O
                         net (fo=6, routed)           0.367     4.743    dbg_hub/inst/BSCANID.u_xsdbm_id/CORE_XSDB.U_ICON/U_STAT/SR[0]
    SLICE_X70Y199        FDRE                                         r  dbg_hub/inst/BSCANID.u_xsdbm_id/CORE_XSDB.U_ICON/U_STAT/iSTAT_CNT_reg[0]/R
  -------------------------------------------------------------------    -------------------

                         (clock dbg_hub/inst/BSCANID.u_xsdbm_id/SWITCH_N_EXT_BSCAN.bscan_inst/SERIES7_BSCAN.bscan_inst/TCK rise edge)
                                                      0.000     0.000 r  
    CONFIG_SITE_X0Y0     BSCANE2                      0.000     0.000 r  dbg_hub/inst/BSCANID.u_xsdbm_id/SWITCH_N_EXT_BSCAN.bscan_inst/SERIES7_BSCAN.bscan_inst/TCK
                         net (fo=1, routed)           3.837     3.837    dbg_hub/inst/BSCANID.u_xsdbm_id/tck_bs
    BUFGCE_X1Y119        BUFGCE (Prop_BUFCE_BUFGCE_I_O)
                                                      0.075     3.912 r  dbg_hub/inst/BSCANID.u_xsdbm_id/SWITCH_N_EXT_BSCAN.u_bufg_icon_tck/O
    X2Y3 (CLOCK_ROOT)    net (fo=478, routed)         1.964     5.876    dbg_hub/inst/BSCANID.u_xsdbm_id/CORE_XSDB.U_ICON/U_STAT/m_bscan_tck[0]
    SLICE_X70Y199        FDRE                                         r  dbg_hub/inst/BSCANID.u_xsdbm_id/CORE_XSDB.U_ICON/U_STAT/iSTAT_CNT_reg[0]/C

Slack:                    inf
  Source:                 dbg_hub/inst/BSCANID.u_xsdbm_id/SWITCH_N_EXT_BSCAN.bscan_inst/SERIES7_BSCAN.bscan_inst/SHIFT
                            (internal pin)
  Destination:            dbg_hub/inst/BSCANID.u_xsdbm_id/CORE_XSDB.U_ICON/U_STAT/iSTAT_CNT_reg[1]/R
                            (rising edge-triggered cell FDRE clocked by dbg_hub/inst/BSCANID.u_xsdbm_id/SWITCH_N_EXT_BSCAN.bscan_inst/SERIES7_BSCAN.bscan_inst/TCK  {rise@0.000ns fall@16.500ns period=33.000ns})
  Path Group:             (none)
  Path Type:              Setup (Max at Slow Process Corner)
  Data Path Delay:        4.743ns  (logic 0.380ns (8.012%)  route 4.363ns (91.988%))
  Logic Levels:           3  (LUT4=1 LUT5=2)
  Clock Uncertainty:      0.025ns  ((TSJ^2 + TIJ^2)^1/2 + DJ) / 2 + PE
    Total System Jitter     (TSJ):    0.050ns
    Total Input Jitter      (TIJ):    0.000ns
    Discrete Jitter          (DJ):    0.000ns
    Phase Error              (PE):    0.000ns
  Clock Net Delay (Destination): 1.964ns (routing 0.878ns, distribution 1.086ns)

    Location             Delay type                Incr(ns)  Path(ns)    Netlist Resource(s)
  -------------------------------------------------------------------    -------------------
    CONFIG_SITE_X0Y0     BSCANE2                      0.000     0.000 f  dbg_hub/inst/BSCANID.u_xsdbm_id/SWITCH_N_EXT_BSCAN.bscan_inst/SERIES7_BSCAN.bscan_inst/SHIFT
                         net (fo=37, routed)          3.372     3.372    dbg_hub/inst/BSCANID.u_xsdbm_id/SWITCH_N_EXT_BSCAN.bscan_switch/s_bscan_shift
    SLICE_X72Y199        LUT5 (Prop_G6LUT_SLICEL_I4_O)
                                                      0.132     3.504 f  dbg_hub/inst/BSCANID.u_xsdbm_id/SWITCH_N_EXT_BSCAN.bscan_switch/m_bscan_shift[0]_INST_0/O
                         net (fo=4, routed)           0.237     3.741    dbg_hub/inst/BSCANID.u_xsdbm_id/CORE_XSDB.U_ICON/U_CMD/icn_cmd_en_reg[7]
    SLICE_X72Y198        LUT4 (Prop_D6LUT_SLICEL_I1_O)
                                                      0.071     3.812 f  dbg_hub/inst/BSCANID.u_xsdbm_id/CORE_XSDB.U_ICON/U_CMD/iSTAT_CNT[5]_i_4/O
                         net (fo=1, routed)           0.387     4.199    dbg_hub/inst/BSCANID.u_xsdbm_id/CORE_XSDB.U_ICON/U_CMD/iSTAT_CNT[5]_i_4_n_0
    SLICE_X71Y199        LUT5 (Prop_D6LUT_SLICEM_I4_O)
                                                      0.177     4.376 r  dbg_hub/inst/BSCANID.u_xsdbm_id/CORE_XSDB.U_ICON/U_CMD/iSTAT_CNT[5]_i_1/O
                         net (fo=6, routed)           0.367     4.743    dbg_hub/inst/BSCANID.u_xsdbm_id/CORE_XSDB.U_ICON/U_STAT/SR[0]
    SLICE_X70Y199        FDRE                                         r  dbg_hub/inst/BSCANID.u_xsdbm_id/CORE_XSDB.U_ICON/U_STAT/iSTAT_CNT_reg[1]/R
  -------------------------------------------------------------------    -------------------

                         (clock dbg_hub/inst/BSCANID.u_xsdbm_id/SWITCH_N_EXT_BSCAN.bscan_inst/SERIES7_BSCAN.bscan_inst/TCK rise edge)
                                                      0.000     0.000 r  
    CONFIG_SITE_X0Y0     BSCANE2                      0.000     0.000 r  dbg_hub/inst/BSCANID.u_xsdbm_id/SWITCH_N_EXT_BSCAN.bscan_inst/SERIES7_BSCAN.bscan_inst/TCK
                         net (fo=1, routed)           3.837     3.837    dbg_hub/inst/BSCANID.u_xsdbm_id/tck_bs
    BUFGCE_X1Y119        BUFGCE (Prop_BUFCE_BUFGCE_I_O)
                                                      0.075     3.912 r  dbg_hub/inst/BSCANID.u_xsdbm_id/SWITCH_N_EXT_BSCAN.u_bufg_icon_tck/O
    X2Y3 (CLOCK_ROOT)    net (fo=478, routed)         1.964     5.876    dbg_hub/inst/BSCANID.u_xsdbm_id/CORE_XSDB.U_ICON/U_STAT/m_bscan_tck[0]
    SLICE_X70Y199        FDRE                                         r  dbg_hub/inst/BSCANID.u_xsdbm_id/CORE_XSDB.U_ICON/U_STAT/iSTAT_CNT_reg[1]/C

Slack:                    inf
  Source:                 dbg_hub/inst/BSCANID.u_xsdbm_id/SWITCH_N_EXT_BSCAN.bscan_inst/SERIES7_BSCAN.bscan_inst/SHIFT
                            (internal pin)
  Destination:            dbg_hub/inst/BSCANID.u_xsdbm_id/CORE_XSDB.U_ICON/U_STAT/iSTAT_CNT_reg[2]/R
                            (rising edge-triggered cell FDRE clocked by dbg_hub/inst/BSCANID.u_xsdbm_id/SWITCH_N_EXT_BSCAN.bscan_inst/SERIES7_BSCAN.bscan_inst/TCK  {rise@0.000ns fall@16.500ns period=33.000ns})
  Path Group:             (none)
  Path Type:              Setup (Max at Slow Process Corner)
  Data Path Delay:        4.743ns  (logic 0.380ns (8.012%)  route 4.363ns (91.988%))
  Logic Levels:           3  (LUT4=1 LUT5=2)
  Clock Uncertainty:      0.025ns  ((TSJ^2 + TIJ^2)^1/2 + DJ) / 2 + PE
    Total System Jitter     (TSJ):    0.050ns
    Total Input Jitter      (TIJ):    0.000ns
    Discrete Jitter          (DJ):    0.000ns
    Phase Error              (PE):    0.000ns
  Clock Net Delay (Destination): 1.964ns (routing 0.878ns, distribution 1.086ns)

    Location             Delay type                Incr(ns)  Path(ns)    Netlist Resource(s)
  -------------------------------------------------------------------    -------------------
    CONFIG_SITE_X0Y0     BSCANE2                      0.000     0.000 f  dbg_hub/inst/BSCANID.u_xsdbm_id/SWITCH_N_EXT_BSCAN.bscan_inst/SERIES7_BSCAN.bscan_inst/SHIFT
                         net (fo=37, routed)          3.372     3.372    dbg_hub/inst/BSCANID.u_xsdbm_id/SWITCH_N_EXT_BSCAN.bscan_switch/s_bscan_shift
    SLICE_X72Y199        LUT5 (Prop_G6LUT_SLICEL_I4_O)
                                                      0.132     3.504 f  dbg_hub/inst/BSCANID.u_xsdbm_id/SWITCH_N_EXT_BSCAN.bscan_switch/m_bscan_shift[0]_INST_0/O
                         net (fo=4, routed)           0.237     3.741    dbg_hub/inst/BSCANID.u_xsdbm_id/CORE_XSDB.U_ICON/U_CMD/icn_cmd_en_reg[7]
    SLICE_X72Y198        LUT4 (Prop_D6LUT_SLICEL_I1_O)
                                                      0.071     3.812 f  dbg_hub/inst/BSCANID.u_xsdbm_id/CORE_XSDB.U_ICON/U_CMD/iSTAT_CNT[5]_i_4/O
                         net (fo=1, routed)           0.387     4.199    dbg_hub/inst/BSCANID.u_xsdbm_id/CORE_XSDB.U_ICON/U_CMD/iSTAT_CNT[5]_i_4_n_0
    SLICE_X71Y199        LUT5 (Prop_D6LUT_SLICEM_I4_O)
                                                      0.177     4.376 r  dbg_hub/inst/BSCANID.u_xsdbm_id/CORE_XSDB.U_ICON/U_CMD/iSTAT_CNT[5]_i_1/O
                         net (fo=6, routed)           0.367     4.743    dbg_hub/inst/BSCANID.u_xsdbm_id/CORE_XSDB.U_ICON/U_STAT/SR[0]
    SLICE_X70Y199        FDRE                                         r  dbg_hub/inst/BSCANID.u_xsdbm_id/CORE_XSDB.U_ICON/U_STAT/iSTAT_CNT_reg[2]/R
  -------------------------------------------------------------------    -------------------

                         (clock dbg_hub/inst/BSCANID.u_xsdbm_id/SWITCH_N_EXT_BSCAN.bscan_inst/SERIES7_BSCAN.bscan_inst/TCK rise edge)
                                                      0.000     0.000 r  
    CONFIG_SITE_X0Y0     BSCANE2                      0.000     0.000 r  dbg_hub/inst/BSCANID.u_xsdbm_id/SWITCH_N_EXT_BSCAN.bscan_inst/SERIES7_BSCAN.bscan_inst/TCK
                         net (fo=1, routed)           3.837     3.837    dbg_hub/inst/BSCANID.u_xsdbm_id/tck_bs
    BUFGCE_X1Y119        BUFGCE (Prop_BUFCE_BUFGCE_I_O)
                                                      0.075     3.912 r  dbg_hub/inst/BSCANID.u_xsdbm_id/SWITCH_N_EXT_BSCAN.u_bufg_icon_tck/O
    X2Y3 (CLOCK_ROOT)    net (fo=478, routed)         1.964     5.876    dbg_hub/inst/BSCANID.u_xsdbm_id/CORE_XSDB.U_ICON/U_STAT/m_bscan_tck[0]
    SLICE_X70Y199        FDRE                                         r  dbg_hub/inst/BSCANID.u_xsdbm_id/CORE_XSDB.U_ICON/U_STAT/iSTAT_CNT_reg[2]/C

Slack:                    inf
  Source:                 dbg_hub/inst/BSCANID.u_xsdbm_id/SWITCH_N_EXT_BSCAN.bscan_inst/SERIES7_BSCAN.bscan_inst/SHIFT
                            (internal pin)
  Destination:            dbg_hub/inst/BSCANID.u_xsdbm_id/CORE_XSDB.U_ICON/U_STAT/iSTAT_CNT_reg[3]/R
                            (rising edge-triggered cell FDRE clocked by dbg_hub/inst/BSCANID.u_xsdbm_id/SWITCH_N_EXT_BSCAN.bscan_inst/SERIES7_BSCAN.bscan_inst/TCK  {rise@0.000ns fall@16.500ns period=33.000ns})
  Path Group:             (none)
  Path Type:              Setup (Max at Slow Process Corner)
  Data Path Delay:        4.743ns  (logic 0.380ns (8.012%)  route 4.363ns (91.988%))
  Logic Levels:           3  (LUT4=1 LUT5=2)
  Clock Uncertainty:      0.025ns  ((TSJ^2 + TIJ^2)^1/2 + DJ) / 2 + PE
    Total System Jitter     (TSJ):    0.050ns
    Total Input Jitter      (TIJ):    0.000ns
    Discrete Jitter          (DJ):    0.000ns
    Phase Error              (PE):    0.000ns
  Clock Net Delay (Destination): 1.964ns (routing 0.878ns, distribution 1.086ns)

    Location             Delay type                Incr(ns)  Path(ns)    Netlist Resource(s)
  -------------------------------------------------------------------    -------------------
    CONFIG_SITE_X0Y0     BSCANE2                      0.000     0.000 f  dbg_hub/inst/BSCANID.u_xsdbm_id/SWITCH_N_EXT_BSCAN.bscan_inst/SERIES7_BSCAN.bscan_inst/SHIFT
                         net (fo=37, routed)          3.372     3.372    dbg_hub/inst/BSCANID.u_xsdbm_id/SWITCH_N_EXT_BSCAN.bscan_switch/s_bscan_shift
    SLICE_X72Y199        LUT5 (Prop_G6LUT_SLICEL_I4_O)
                                                      0.132     3.504 f  dbg_hub/inst/BSCANID.u_xsdbm_id/SWITCH_N_EXT_BSCAN.bscan_switch/m_bscan_shift[0]_INST_0/O
                         net (fo=4, routed)           0.237     3.741    dbg_hub/inst/BSCANID.u_xsdbm_id/CORE_XSDB.U_ICON/U_CMD/icn_cmd_en_reg[7]
    SLICE_X72Y198        LUT4 (Prop_D6LUT_SLICEL_I1_O)
                                                      0.071     3.812 f  dbg_hub/inst/BSCANID.u_xsdbm_id/CORE_XSDB.U_ICON/U_CMD/iSTAT_CNT[5]_i_4/O
                         net (fo=1, routed)           0.387     4.199    dbg_hub/inst/BSCANID.u_xsdbm_id/CORE_XSDB.U_ICON/U_CMD/iSTAT_CNT[5]_i_4_n_0
    SLICE_X71Y199        LUT5 (Prop_D6LUT_SLICEM_I4_O)
                                                      0.177     4.376 r  dbg_hub/inst/BSCANID.u_xsdbm_id/CORE_XSDB.U_ICON/U_CMD/iSTAT_CNT[5]_i_1/O
                         net (fo=6, routed)           0.367     4.743    dbg_hub/inst/BSCANID.u_xsdbm_id/CORE_XSDB.U_ICON/U_STAT/SR[0]
    SLICE_X70Y199        FDRE                                         r  dbg_hub/inst/BSCANID.u_xsdbm_id/CORE_XSDB.U_ICON/U_STAT/iSTAT_CNT_reg[3]/R
  -------------------------------------------------------------------    -------------------

                         (clock dbg_hub/inst/BSCANID.u_xsdbm_id/SWITCH_N_EXT_BSCAN.bscan_inst/SERIES7_BSCAN.bscan_inst/TCK rise edge)
                                                      0.000     0.000 r  
    CONFIG_SITE_X0Y0     BSCANE2                      0.000     0.000 r  dbg_hub/inst/BSCANID.u_xsdbm_id/SWITCH_N_EXT_BSCAN.bscan_inst/SERIES7_BSCAN.bscan_inst/TCK
                         net (fo=1, routed)           3.837     3.837    dbg_hub/inst/BSCANID.u_xsdbm_id/tck_bs
    BUFGCE_X1Y119        BUFGCE (Prop_BUFCE_BUFGCE_I_O)
                                                      0.075     3.912 r  dbg_hub/inst/BSCANID.u_xsdbm_id/SWITCH_N_EXT_BSCAN.u_bufg_icon_tck/O
    X2Y3 (CLOCK_ROOT)    net (fo=478, routed)         1.964     5.876    dbg_hub/inst/BSCANID.u_xsdbm_id/CORE_XSDB.U_ICON/U_STAT/m_bscan_tck[0]
    SLICE_X70Y199        FDRE                                         r  dbg_hub/inst/BSCANID.u_xsdbm_id/CORE_XSDB.U_ICON/U_STAT/iSTAT_CNT_reg[3]/C

Slack:                    inf
  Source:                 dbg_hub/inst/BSCANID.u_xsdbm_id/SWITCH_N_EXT_BSCAN.bscan_inst/SERIES7_BSCAN.bscan_inst/SHIFT
                            (internal pin)
  Destination:            dbg_hub/inst/BSCANID.u_xsdbm_id/CORE_XSDB.U_ICON/U_STAT/iSTAT_CNT_reg[4]/R
                            (rising edge-triggered cell FDRE clocked by dbg_hub/inst/BSCANID.u_xsdbm_id/SWITCH_N_EXT_BSCAN.bscan_inst/SERIES7_BSCAN.bscan_inst/TCK  {rise@0.000ns fall@16.500ns period=33.000ns})
  Path Group:             (none)
  Path Type:              Setup (Max at Slow Process Corner)
  Data Path Delay:        4.743ns  (logic 0.380ns (8.012%)  route 4.363ns (91.988%))
  Logic Levels:           3  (LUT4=1 LUT5=2)
  Clock Uncertainty:      0.025ns  ((TSJ^2 + TIJ^2)^1/2 + DJ) / 2 + PE
    Total System Jitter     (TSJ):    0.050ns
    Total Input Jitter      (TIJ):    0.000ns
    Discrete Jitter          (DJ):    0.000ns
    Phase Error              (PE):    0.000ns
  Clock Net Delay (Destination): 1.964ns (routing 0.878ns, distribution 1.086ns)

    Location             Delay type                Incr(ns)  Path(ns)    Netlist Resource(s)
  -------------------------------------------------------------------    -------------------
    CONFIG_SITE_X0Y0     BSCANE2                      0.000     0.000 f  dbg_hub/inst/BSCANID.u_xsdbm_id/SWITCH_N_EXT_BSCAN.bscan_inst/SERIES7_BSCAN.bscan_inst/SHIFT
                         net (fo=37, routed)          3.372     3.372    dbg_hub/inst/BSCANID.u_xsdbm_id/SWITCH_N_EXT_BSCAN.bscan_switch/s_bscan_shift
    SLICE_X72Y199        LUT5 (Prop_G6LUT_SLICEL_I4_O)
                                                      0.132     3.504 f  dbg_hub/inst/BSCANID.u_xsdbm_id/SWITCH_N_EXT_BSCAN.bscan_switch/m_bscan_shift[0]_INST_0/O
                         net (fo=4, routed)           0.237     3.741    dbg_hub/inst/BSCANID.u_xsdbm_id/CORE_XSDB.U_ICON/U_CMD/icn_cmd_en_reg[7]
    SLICE_X72Y198        LUT4 (Prop_D6LUT_SLICEL_I1_O)
                                                      0.071     3.812 f  dbg_hub/inst/BSCANID.u_xsdbm_id/CORE_XSDB.U_ICON/U_CMD/iSTAT_CNT[5]_i_4/O
                         net (fo=1, routed)           0.387     4.199    dbg_hub/inst/BSCANID.u_xsdbm_id/CORE_XSDB.U_ICON/U_CMD/iSTAT_CNT[5]_i_4_n_0
    SLICE_X71Y199        LUT5 (Prop_D6LUT_SLICEM_I4_O)
                                                      0.177     4.376 r  dbg_hub/inst/BSCANID.u_xsdbm_id/CORE_XSDB.U_ICON/U_CMD/iSTAT_CNT[5]_i_1/O
                         net (fo=6, routed)           0.367     4.743    dbg_hub/inst/BSCANID.u_xsdbm_id/CORE_XSDB.U_ICON/U_STAT/SR[0]
    SLICE_X70Y199        FDRE                                         r  dbg_hub/inst/BSCANID.u_xsdbm_id/CORE_XSDB.U_ICON/U_STAT/iSTAT_CNT_reg[4]/R
  -------------------------------------------------------------------    -------------------

                         (clock dbg_hub/inst/BSCANID.u_xsdbm_id/SWITCH_N_EXT_BSCAN.bscan_inst/SERIES7_BSCAN.bscan_inst/TCK rise edge)
                                                      0.000     0.000 r  
    CONFIG_SITE_X0Y0     BSCANE2                      0.000     0.000 r  dbg_hub/inst/BSCANID.u_xsdbm_id/SWITCH_N_EXT_BSCAN.bscan_inst/SERIES7_BSCAN.bscan_inst/TCK
                         net (fo=1, routed)           3.837     3.837    dbg_hub/inst/BSCANID.u_xsdbm_id/tck_bs
    BUFGCE_X1Y119        BUFGCE (Prop_BUFCE_BUFGCE_I_O)
                                                      0.075     3.912 r  dbg_hub/inst/BSCANID.u_xsdbm_id/SWITCH_N_EXT_BSCAN.u_bufg_icon_tck/O
    X2Y3 (CLOCK_ROOT)    net (fo=478, routed)         1.964     5.876    dbg_hub/inst/BSCANID.u_xsdbm_id/CORE_XSDB.U_ICON/U_STAT/m_bscan_tck[0]
    SLICE_X70Y199        FDRE                                         r  dbg_hub/inst/BSCANID.u_xsdbm_id/CORE_XSDB.U_ICON/U_STAT/iSTAT_CNT_reg[4]/C

Slack:                    inf
  Source:                 dbg_hub/inst/BSCANID.u_xsdbm_id/SWITCH_N_EXT_BSCAN.bscan_inst/SERIES7_BSCAN.bscan_inst/SHIFT
                            (internal pin)
  Destination:            dbg_hub/inst/BSCANID.u_xsdbm_id/CORE_XSDB.U_ICON/U_STAT/iSTAT_CNT_reg[5]/R
                            (rising edge-triggered cell FDRE clocked by dbg_hub/inst/BSCANID.u_xsdbm_id/SWITCH_N_EXT_BSCAN.bscan_inst/SERIES7_BSCAN.bscan_inst/TCK  {rise@0.000ns fall@16.500ns period=33.000ns})
  Path Group:             (none)
  Path Type:              Setup (Max at Slow Process Corner)
  Data Path Delay:        4.743ns  (logic 0.380ns (8.012%)  route 4.363ns (91.988%))
  Logic Levels:           3  (LUT4=1 LUT5=2)
  Clock Uncertainty:      0.025ns  ((TSJ^2 + TIJ^2)^1/2 + DJ) / 2 + PE
    Total System Jitter     (TSJ):    0.050ns
    Total Input Jitter      (TIJ):    0.000ns
    Discrete Jitter          (DJ):    0.000ns
    Phase Error              (PE):    0.000ns
  Clock Net Delay (Destination): 1.964ns (routing 0.878ns, distribution 1.086ns)

    Location             Delay type                Incr(ns)  Path(ns)    Netlist Resource(s)
  -------------------------------------------------------------------    -------------------
    CONFIG_SITE_X0Y0     BSCANE2                      0.000     0.000 f  dbg_hub/inst/BSCANID.u_xsdbm_id/SWITCH_N_EXT_BSCAN.bscan_inst/SERIES7_BSCAN.bscan_inst/SHIFT
                         net (fo=37, routed)          3.372     3.372    dbg_hub/inst/BSCANID.u_xsdbm_id/SWITCH_N_EXT_BSCAN.bscan_switch/s_bscan_shift
    SLICE_X72Y199        LUT5 (Prop_G6LUT_SLICEL_I4_O)
                                                      0.132     3.504 f  dbg_hub/inst/BSCANID.u_xsdbm_id/SWITCH_N_EXT_BSCAN.bscan_switch/m_bscan_shift[0]_INST_0/O
                         net (fo=4, routed)           0.237     3.741    dbg_hub/inst/BSCANID.u_xsdbm_id/CORE_XSDB.U_ICON/U_CMD/icn_cmd_en_reg[7]
    SLICE_X72Y198        LUT4 (Prop_D6LUT_SLICEL_I1_O)
                                                      0.071     3.812 f  dbg_hub/inst/BSCANID.u_xsdbm_id/CORE_XSDB.U_ICON/U_CMD/iSTAT_CNT[5]_i_4/O
                         net (fo=1, routed)           0.387     4.199    dbg_hub/inst/BSCANID.u_xsdbm_id/CORE_XSDB.U_ICON/U_CMD/iSTAT_CNT[5]_i_4_n_0
    SLICE_X71Y199        LUT5 (Prop_D6LUT_SLICEM_I4_O)
                                                      0.177     4.376 r  dbg_hub/inst/BSCANID.u_xsdbm_id/CORE_XSDB.U_ICON/U_CMD/iSTAT_CNT[5]_i_1/O
                         net (fo=6, routed)           0.367     4.743    dbg_hub/inst/BSCANID.u_xsdbm_id/CORE_XSDB.U_ICON/U_STAT/SR[0]
    SLICE_X70Y199        FDRE                                         r  dbg_hub/inst/BSCANID.u_xsdbm_id/CORE_XSDB.U_ICON/U_STAT/iSTAT_CNT_reg[5]/R
  -------------------------------------------------------------------    -------------------

                         (clock dbg_hub/inst/BSCANID.u_xsdbm_id/SWITCH_N_EXT_BSCAN.bscan_inst/SERIES7_BSCAN.bscan_inst/TCK rise edge)
                                                      0.000     0.000 r  
    CONFIG_SITE_X0Y0     BSCANE2                      0.000     0.000 r  dbg_hub/inst/BSCANID.u_xsdbm_id/SWITCH_N_EXT_BSCAN.bscan_inst/SERIES7_BSCAN.bscan_inst/TCK
                         net (fo=1, routed)           3.837     3.837    dbg_hub/inst/BSCANID.u_xsdbm_id/tck_bs
    BUFGCE_X1Y119        BUFGCE (Prop_BUFCE_BUFGCE_I_O)
                                                      0.075     3.912 r  dbg_hub/inst/BSCANID.u_xsdbm_id/SWITCH_N_EXT_BSCAN.u_bufg_icon_tck/O
    X2Y3 (CLOCK_ROOT)    net (fo=478, routed)         1.964     5.876    dbg_hub/inst/BSCANID.u_xsdbm_id/CORE_XSDB.U_ICON/U_STAT/m_bscan_tck[0]
    SLICE_X70Y199        FDRE                                         r  dbg_hub/inst/BSCANID.u_xsdbm_id/CORE_XSDB.U_ICON/U_STAT/iSTAT_CNT_reg[5]/C

Slack:                    inf
  Source:                 dbg_hub/inst/BSCANID.u_xsdbm_id/SWITCH_N_EXT_BSCAN.bscan_inst/SERIES7_BSCAN.bscan_inst/RESET
                            (internal pin)
  Destination:            dbg_hub/inst/BSCANID.u_xsdbm_id/SWITCH_N_EXT_BSCAN.bscan_switch/shiftreg_reg[0]/R
                            (rising edge-triggered cell FDRE clocked by dbg_hub/inst/BSCANID.u_xsdbm_id/SWITCH_N_EXT_BSCAN.bscan_inst/SERIES7_BSCAN.bscan_inst/TCK  {rise@0.000ns fall@16.500ns period=33.000ns})
  Path Group:             (none)
  Path Type:              Setup (Max at Slow Process Corner)
  Data Path Delay:        4.589ns  (logic 0.207ns (4.511%)  route 4.382ns (95.489%))
  Logic Levels:           1  (LUT5=1)
  Clock Uncertainty:      0.025ns  ((TSJ^2 + TIJ^2)^1/2 + DJ) / 2 + PE
    Total System Jitter     (TSJ):    0.050ns
    Total Input Jitter      (TIJ):    0.000ns
    Discrete Jitter          (DJ):    0.000ns
    Phase Error              (PE):    0.000ns
  Clock Net Delay (Destination): 2.046ns (routing 0.878ns, distribution 1.168ns)

    Location             Delay type                Incr(ns)  Path(ns)    Netlist Resource(s)
  -------------------------------------------------------------------    -------------------
    CONFIG_SITE_X0Y0     BSCANE2                      0.000     0.000 r  dbg_hub/inst/BSCANID.u_xsdbm_id/SWITCH_N_EXT_BSCAN.bscan_inst/SERIES7_BSCAN.bscan_inst/RESET
                         net (fo=79, routed)          3.797     3.797    dbg_hub/inst/BSCANID.u_xsdbm_id/SWITCH_N_EXT_BSCAN.bscan_switch/s_bscan_reset
    SLICE_X74Y204        LUT5 (Prop_G5LUT_SLICEL_I0_O)
                                                      0.207     4.004 r  dbg_hub/inst/BSCANID.u_xsdbm_id/SWITCH_N_EXT_BSCAN.bscan_switch/shiftreg[31]_i_1/O
                         net (fo=32, routed)          0.585     4.589    dbg_hub/inst/BSCANID.u_xsdbm_id/SWITCH_N_EXT_BSCAN.bscan_switch/shiftreg[31]_i_1_n_0
    SLICE_X74Y199        FDRE                                         r  dbg_hub/inst/BSCANID.u_xsdbm_id/SWITCH_N_EXT_BSCAN.bscan_switch/shiftreg_reg[0]/R
  -------------------------------------------------------------------    -------------------

                         (clock dbg_hub/inst/BSCANID.u_xsdbm_id/SWITCH_N_EXT_BSCAN.bscan_inst/SERIES7_BSCAN.bscan_inst/TCK rise edge)
                                                      0.000     0.000 r  
    CONFIG_SITE_X0Y0     BSCANE2                      0.000     0.000 r  dbg_hub/inst/BSCANID.u_xsdbm_id/SWITCH_N_EXT_BSCAN.bscan_inst/SERIES7_BSCAN.bscan_inst/TCK
                         net (fo=1, routed)           3.837     3.837    dbg_hub/inst/BSCANID.u_xsdbm_id/tck_bs
    BUFGCE_X1Y119        BUFGCE (Prop_BUFCE_BUFGCE_I_O)
                                                      0.075     3.912 r  dbg_hub/inst/BSCANID.u_xsdbm_id/SWITCH_N_EXT_BSCAN.u_bufg_icon_tck/O
    X2Y3 (CLOCK_ROOT)    net (fo=478, routed)         2.046     5.958    dbg_hub/inst/BSCANID.u_xsdbm_id/SWITCH_N_EXT_BSCAN.bscan_switch/s_bscan_tck
    SLICE_X74Y199        FDRE                                         r  dbg_hub/inst/BSCANID.u_xsdbm_id/SWITCH_N_EXT_BSCAN.bscan_switch/shiftreg_reg[0]/C

Slack:                    inf
  Source:                 dbg_hub/inst/BSCANID.u_xsdbm_id/SWITCH_N_EXT_BSCAN.bscan_inst/SERIES7_BSCAN.bscan_inst/RESET
                            (internal pin)
  Destination:            dbg_hub/inst/BSCANID.u_xsdbm_id/SWITCH_N_EXT_BSCAN.bscan_switch/shiftreg_reg[1]/R
                            (rising edge-triggered cell FDRE clocked by dbg_hub/inst/BSCANID.u_xsdbm_id/SWITCH_N_EXT_BSCAN.bscan_inst/SERIES7_BSCAN.bscan_inst/TCK  {rise@0.000ns fall@16.500ns period=33.000ns})
  Path Group:             (none)
  Path Type:              Setup (Max at Slow Process Corner)
  Data Path Delay:        4.589ns  (logic 0.207ns (4.511%)  route 4.382ns (95.489%))
  Logic Levels:           1  (LUT5=1)
  Clock Uncertainty:      0.025ns  ((TSJ^2 + TIJ^2)^1/2 + DJ) / 2 + PE
    Total System Jitter     (TSJ):    0.050ns
    Total Input Jitter      (TIJ):    0.000ns
    Discrete Jitter          (DJ):    0.000ns
    Phase Error              (PE):    0.000ns
  Clock Net Delay (Destination): 2.046ns (routing 0.878ns, distribution 1.168ns)

    Location             Delay type                Incr(ns)  Path(ns)    Netlist Resource(s)
  -------------------------------------------------------------------    -------------------
    CONFIG_SITE_X0Y0     BSCANE2                      0.000     0.000 r  dbg_hub/inst/BSCANID.u_xsdbm_id/SWITCH_N_EXT_BSCAN.bscan_inst/SERIES7_BSCAN.bscan_inst/RESET
                         net (fo=79, routed)          3.797     3.797    dbg_hub/inst/BSCANID.u_xsdbm_id/SWITCH_N_EXT_BSCAN.bscan_switch/s_bscan_reset
    SLICE_X74Y204        LUT5 (Prop_G5LUT_SLICEL_I0_O)
                                                      0.207     4.004 r  dbg_hub/inst/BSCANID.u_xsdbm_id/SWITCH_N_EXT_BSCAN.bscan_switch/shiftreg[31]_i_1/O
                         net (fo=32, routed)          0.585     4.589    dbg_hub/inst/BSCANID.u_xsdbm_id/SWITCH_N_EXT_BSCAN.bscan_switch/shiftreg[31]_i_1_n_0
    SLICE_X74Y199        FDRE                                         r  dbg_hub/inst/BSCANID.u_xsdbm_id/SWITCH_N_EXT_BSCAN.bscan_switch/shiftreg_reg[1]/R
  -------------------------------------------------------------------    -------------------

                         (clock dbg_hub/inst/BSCANID.u_xsdbm_id/SWITCH_N_EXT_BSCAN.bscan_inst/SERIES7_BSCAN.bscan_inst/TCK rise edge)
                                                      0.000     0.000 r  
    CONFIG_SITE_X0Y0     BSCANE2                      0.000     0.000 r  dbg_hub/inst/BSCANID.u_xsdbm_id/SWITCH_N_EXT_BSCAN.bscan_inst/SERIES7_BSCAN.bscan_inst/TCK
                         net (fo=1, routed)           3.837     3.837    dbg_hub/inst/BSCANID.u_xsdbm_id/tck_bs
    BUFGCE_X1Y119        BUFGCE (Prop_BUFCE_BUFGCE_I_O)
                                                      0.075     3.912 r  dbg_hub/inst/BSCANID.u_xsdbm_id/SWITCH_N_EXT_BSCAN.u_bufg_icon_tck/O
    X2Y3 (CLOCK_ROOT)    net (fo=478, routed)         2.046     5.958    dbg_hub/inst/BSCANID.u_xsdbm_id/SWITCH_N_EXT_BSCAN.bscan_switch/s_bscan_tck
    SLICE_X74Y199        FDRE                                         r  dbg_hub/inst/BSCANID.u_xsdbm_id/SWITCH_N_EXT_BSCAN.bscan_switch/shiftreg_reg[1]/C

Slack:                    inf
  Source:                 dbg_hub/inst/BSCANID.u_xsdbm_id/SWITCH_N_EXT_BSCAN.bscan_inst/SERIES7_BSCAN.bscan_inst/RESET
                            (internal pin)
  Destination:            dbg_hub/inst/BSCANID.u_xsdbm_id/SWITCH_N_EXT_BSCAN.bscan_switch/shiftreg_reg[21]/R
                            (rising edge-triggered cell FDRE clocked by dbg_hub/inst/BSCANID.u_xsdbm_id/SWITCH_N_EXT_BSCAN.bscan_inst/SERIES7_BSCAN.bscan_inst/TCK  {rise@0.000ns fall@16.500ns period=33.000ns})
  Path Group:             (none)
  Path Type:              Setup (Max at Slow Process Corner)
  Data Path Delay:        4.582ns  (logic 0.207ns (4.518%)  route 4.375ns (95.482%))
  Logic Levels:           1  (LUT5=1)
  Clock Uncertainty:      0.025ns  ((TSJ^2 + TIJ^2)^1/2 + DJ) / 2 + PE
    Total System Jitter     (TSJ):    0.050ns
    Total Input Jitter      (TIJ):    0.000ns
    Discrete Jitter          (DJ):    0.000ns
    Phase Error              (PE):    0.000ns
  Clock Net Delay (Destination): 2.047ns (routing 0.878ns, distribution 1.169ns)

    Location             Delay type                Incr(ns)  Path(ns)    Netlist Resource(s)
  -------------------------------------------------------------------    -------------------
    CONFIG_SITE_X0Y0     BSCANE2                      0.000     0.000 r  dbg_hub/inst/BSCANID.u_xsdbm_id/SWITCH_N_EXT_BSCAN.bscan_inst/SERIES7_BSCAN.bscan_inst/RESET
                         net (fo=79, routed)          3.797     3.797    dbg_hub/inst/BSCANID.u_xsdbm_id/SWITCH_N_EXT_BSCAN.bscan_switch/s_bscan_reset
    SLICE_X74Y204        LUT5 (Prop_G5LUT_SLICEL_I0_O)
                                                      0.207     4.004 r  dbg_hub/inst/BSCANID.u_xsdbm_id/SWITCH_N_EXT_BSCAN.bscan_switch/shiftreg[31]_i_1/O
                         net (fo=32, routed)          0.578     4.582    dbg_hub/inst/BSCANID.u_xsdbm_id/SWITCH_N_EXT_BSCAN.bscan_switch/shiftreg[31]_i_1_n_0
    SLICE_X75Y200        FDRE                                         r  dbg_hub/inst/BSCANID.u_xsdbm_id/SWITCH_N_EXT_BSCAN.bscan_switch/shiftreg_reg[21]/R
  -------------------------------------------------------------------    -------------------

                         (clock dbg_hub/inst/BSCANID.u_xsdbm_id/SWITCH_N_EXT_BSCAN.bscan_inst/SERIES7_BSCAN.bscan_inst/TCK rise edge)
                                                      0.000     0.000 r  
    CONFIG_SITE_X0Y0     BSCANE2                      0.000     0.000 r  dbg_hub/inst/BSCANID.u_xsdbm_id/SWITCH_N_EXT_BSCAN.bscan_inst/SERIES7_BSCAN.bscan_inst/TCK
                         net (fo=1, routed)           3.837     3.837    dbg_hub/inst/BSCANID.u_xsdbm_id/tck_bs
    BUFGCE_X1Y119        BUFGCE (Prop_BUFCE_BUFGCE_I_O)
                                                      0.075     3.912 r  dbg_hub/inst/BSCANID.u_xsdbm_id/SWITCH_N_EXT_BSCAN.u_bufg_icon_tck/O
    X2Y3 (CLOCK_ROOT)    net (fo=478, routed)         2.047     5.959    dbg_hub/inst/BSCANID.u_xsdbm_id/SWITCH_N_EXT_BSCAN.bscan_switch/s_bscan_tck
    SLICE_X75Y200        FDRE                                         r  dbg_hub/inst/BSCANID.u_xsdbm_id/SWITCH_N_EXT_BSCAN.bscan_switch/shiftreg_reg[21]/C

Slack:                    inf
  Source:                 dbg_hub/inst/BSCANID.u_xsdbm_id/SWITCH_N_EXT_BSCAN.bscan_inst/SERIES7_BSCAN.bscan_inst/RESET
                            (internal pin)
  Destination:            dbg_hub/inst/BSCANID.u_xsdbm_id/SWITCH_N_EXT_BSCAN.bscan_switch/shiftreg_reg[22]/R
                            (rising edge-triggered cell FDRE clocked by dbg_hub/inst/BSCANID.u_xsdbm_id/SWITCH_N_EXT_BSCAN.bscan_inst/SERIES7_BSCAN.bscan_inst/TCK  {rise@0.000ns fall@16.500ns period=33.000ns})
  Path Group:             (none)
  Path Type:              Setup (Max at Slow Process Corner)
  Data Path Delay:        4.582ns  (logic 0.207ns (4.518%)  route 4.375ns (95.482%))
  Logic Levels:           1  (LUT5=1)
  Clock Uncertainty:      0.025ns  ((TSJ^2 + TIJ^2)^1/2 + DJ) / 2 + PE
    Total System Jitter     (TSJ):    0.050ns
    Total Input Jitter      (TIJ):    0.000ns
    Discrete Jitter          (DJ):    0.000ns
    Phase Error              (PE):    0.000ns
  Clock Net Delay (Destination): 2.047ns (routing 0.878ns, distribution 1.169ns)

    Location             Delay type                Incr(ns)  Path(ns)    Netlist Resource(s)
  -------------------------------------------------------------------    -------------------
    CONFIG_SITE_X0Y0     BSCANE2                      0.000     0.000 r  dbg_hub/inst/BSCANID.u_xsdbm_id/SWITCH_N_EXT_BSCAN.bscan_inst/SERIES7_BSCAN.bscan_inst/RESET
                         net (fo=79, routed)          3.797     3.797    dbg_hub/inst/BSCANID.u_xsdbm_id/SWITCH_N_EXT_BSCAN.bscan_switch/s_bscan_reset
    SLICE_X74Y204        LUT5 (Prop_G5LUT_SLICEL_I0_O)
                                                      0.207     4.004 r  dbg_hub/inst/BSCANID.u_xsdbm_id/SWITCH_N_EXT_BSCAN.bscan_switch/shiftreg[31]_i_1/O
                         net (fo=32, routed)          0.578     4.582    dbg_hub/inst/BSCANID.u_xsdbm_id/SWITCH_N_EXT_BSCAN.bscan_switch/shiftreg[31]_i_1_n_0
    SLICE_X75Y200        FDRE                                         r  dbg_hub/inst/BSCANID.u_xsdbm_id/SWITCH_N_EXT_BSCAN.bscan_switch/shiftreg_reg[22]/R
  -------------------------------------------------------------------    -------------------

                         (clock dbg_hub/inst/BSCANID.u_xsdbm_id/SWITCH_N_EXT_BSCAN.bscan_inst/SERIES7_BSCAN.bscan_inst/TCK rise edge)
                                                      0.000     0.000 r  
    CONFIG_SITE_X0Y0     BSCANE2                      0.000     0.000 r  dbg_hub/inst/BSCANID.u_xsdbm_id/SWITCH_N_EXT_BSCAN.bscan_inst/SERIES7_BSCAN.bscan_inst/TCK
                         net (fo=1, routed)           3.837     3.837    dbg_hub/inst/BSCANID.u_xsdbm_id/tck_bs
    BUFGCE_X1Y119        BUFGCE (Prop_BUFCE_BUFGCE_I_O)
                                                      0.075     3.912 r  dbg_hub/inst/BSCANID.u_xsdbm_id/SWITCH_N_EXT_BSCAN.u_bufg_icon_tck/O
    X2Y3 (CLOCK_ROOT)    net (fo=478, routed)         2.047     5.959    dbg_hub/inst/BSCANID.u_xsdbm_id/SWITCH_N_EXT_BSCAN.bscan_switch/s_bscan_tck
    SLICE_X75Y200        FDRE                                         r  dbg_hub/inst/BSCANID.u_xsdbm_id/SWITCH_N_EXT_BSCAN.bscan_switch/shiftreg_reg[22]/C





Min Delay Paths
--------------------------------------------------------------------------------------
Slack:                    inf
  Source:                 dbg_hub/inst/BSCANID.u_xsdbm_id/SWITCH_N_EXT_BSCAN.bscan_inst/SERIES7_BSCAN.bscan_inst/SEL
                            (internal pin)
  Destination:            dbg_hub/inst/BSCANID.u_xsdbm_id/SWITCH_N_EXT_BSCAN.bscan_switch/portno_temp_reg[1]/CE
                            (rising edge-triggered cell FDRE clocked by dbg_hub/inst/BSCANID.u_xsdbm_id/SWITCH_N_EXT_BSCAN.bscan_inst/SERIES7_BSCAN.bscan_inst/TCK  {rise@0.000ns fall@16.500ns period=33.000ns})
  Path Group:             (none)
  Path Type:              Hold (Min at Fast Process Corner)
  Data Path Delay:        1.638ns  (logic 0.000ns (0.000%)  route 1.638ns (100.000%))
  Logic Levels:           0  
  Clock Uncertainty:      0.025ns  ((TSJ^2 + TIJ^2)^1/2 + DJ) / 2 + PE
    Total System Jitter     (TSJ):    0.050ns
    Total Input Jitter      (TIJ):    0.000ns
    Discrete Jitter          (DJ):    0.000ns
    Phase Error              (PE):    0.000ns
  Clock Net Delay (Destination): 1.174ns (routing 0.495ns, distribution 0.679ns)

    Location             Delay type                Incr(ns)  Path(ns)    Netlist Resource(s)
  -------------------------------------------------------------------    -------------------
    CONFIG_SITE_X0Y0     BSCANE2                      0.000     0.000 r  dbg_hub/inst/BSCANID.u_xsdbm_id/SWITCH_N_EXT_BSCAN.bscan_inst/SERIES7_BSCAN.bscan_inst/SEL
                         net (fo=8, routed)           1.638     1.638    dbg_hub/inst/BSCANID.u_xsdbm_id/SWITCH_N_EXT_BSCAN.bscan_switch/s_bscan_sel
    SLICE_X73Y201        FDRE                                         r  dbg_hub/inst/BSCANID.u_xsdbm_id/SWITCH_N_EXT_BSCAN.bscan_switch/portno_temp_reg[1]/CE
  -------------------------------------------------------------------    -------------------

                         (clock dbg_hub/inst/BSCANID.u_xsdbm_id/SWITCH_N_EXT_BSCAN.bscan_inst/SERIES7_BSCAN.bscan_inst/TCK rise edge)
                                                      0.000     0.000 r  
    CONFIG_SITE_X0Y0     BSCANE2                      0.000     0.000 r  dbg_hub/inst/BSCANID.u_xsdbm_id/SWITCH_N_EXT_BSCAN.bscan_inst/SERIES7_BSCAN.bscan_inst/TCK
                         net (fo=1, routed)           3.323     3.323    dbg_hub/inst/BSCANID.u_xsdbm_id/tck_bs
    BUFGCE_X1Y119        BUFGCE (Prop_BUFCE_BUFGCE_I_O)
                                                      0.031     3.354 r  dbg_hub/inst/BSCANID.u_xsdbm_id/SWITCH_N_EXT_BSCAN.u_bufg_icon_tck/O
    X2Y3 (CLOCK_ROOT)    net (fo=478, routed)         1.174     4.528    dbg_hub/inst/BSCANID.u_xsdbm_id/SWITCH_N_EXT_BSCAN.bscan_switch/s_bscan_tck
    SLICE_X73Y201        FDRE                                         r  dbg_hub/inst/BSCANID.u_xsdbm_id/SWITCH_N_EXT_BSCAN.bscan_switch/portno_temp_reg[1]/C

Slack:                    inf
  Source:                 dbg_hub/inst/BSCANID.u_xsdbm_id/SWITCH_N_EXT_BSCAN.bscan_inst/SERIES7_BSCAN.bscan_inst/SEL
                            (internal pin)
  Destination:            dbg_hub/inst/BSCANID.u_xsdbm_id/SWITCH_N_EXT_BSCAN.bscan_switch/portno_temp_reg[3]/CE
                            (rising edge-triggered cell FDRE clocked by dbg_hub/inst/BSCANID.u_xsdbm_id/SWITCH_N_EXT_BSCAN.bscan_inst/SERIES7_BSCAN.bscan_inst/TCK  {rise@0.000ns fall@16.500ns period=33.000ns})
  Path Group:             (none)
  Path Type:              Hold (Min at Fast Process Corner)
  Data Path Delay:        1.638ns  (logic 0.000ns (0.000%)  route 1.638ns (100.000%))
  Logic Levels:           0  
  Clock Uncertainty:      0.025ns  ((TSJ^2 + TIJ^2)^1/2 + DJ) / 2 + PE
    Total System Jitter     (TSJ):    0.050ns
    Total Input Jitter      (TIJ):    0.000ns
    Discrete Jitter          (DJ):    0.000ns
    Phase Error              (PE):    0.000ns
  Clock Net Delay (Destination): 1.174ns (routing 0.495ns, distribution 0.679ns)

    Location             Delay type                Incr(ns)  Path(ns)    Netlist Resource(s)
  -------------------------------------------------------------------    -------------------
    CONFIG_SITE_X0Y0     BSCANE2                      0.000     0.000 r  dbg_hub/inst/BSCANID.u_xsdbm_id/SWITCH_N_EXT_BSCAN.bscan_inst/SERIES7_BSCAN.bscan_inst/SEL
                         net (fo=8, routed)           1.638     1.638    dbg_hub/inst/BSCANID.u_xsdbm_id/SWITCH_N_EXT_BSCAN.bscan_switch/s_bscan_sel
    SLICE_X73Y201        FDRE                                         r  dbg_hub/inst/BSCANID.u_xsdbm_id/SWITCH_N_EXT_BSCAN.bscan_switch/portno_temp_reg[3]/CE
  -------------------------------------------------------------------    -------------------

                         (clock dbg_hub/inst/BSCANID.u_xsdbm_id/SWITCH_N_EXT_BSCAN.bscan_inst/SERIES7_BSCAN.bscan_inst/TCK rise edge)
                                                      0.000     0.000 r  
    CONFIG_SITE_X0Y0     BSCANE2                      0.000     0.000 r  dbg_hub/inst/BSCANID.u_xsdbm_id/SWITCH_N_EXT_BSCAN.bscan_inst/SERIES7_BSCAN.bscan_inst/TCK
                         net (fo=1, routed)           3.323     3.323    dbg_hub/inst/BSCANID.u_xsdbm_id/tck_bs
    BUFGCE_X1Y119        BUFGCE (Prop_BUFCE_BUFGCE_I_O)
                                                      0.031     3.354 r  dbg_hub/inst/BSCANID.u_xsdbm_id/SWITCH_N_EXT_BSCAN.u_bufg_icon_tck/O
    X2Y3 (CLOCK_ROOT)    net (fo=478, routed)         1.174     4.528    dbg_hub/inst/BSCANID.u_xsdbm_id/SWITCH_N_EXT_BSCAN.bscan_switch/s_bscan_tck
    SLICE_X73Y201        FDRE                                         r  dbg_hub/inst/BSCANID.u_xsdbm_id/SWITCH_N_EXT_BSCAN.bscan_switch/portno_temp_reg[3]/C

Slack:                    inf
  Source:                 dbg_hub/inst/BSCANID.u_xsdbm_id/SWITCH_N_EXT_BSCAN.bscan_inst/SERIES7_BSCAN.bscan_inst/SHIFT
                            (internal pin)
  Destination:            dbg_hub/inst/BSCANID.u_xsdbm_id/SWITCH_N_EXT_BSCAN.bscan_switch/shiftreg_reg[23]/D
                            (rising edge-triggered cell FDRE clocked by dbg_hub/inst/BSCANID.u_xsdbm_id/SWITCH_N_EXT_BSCAN.bscan_inst/SERIES7_BSCAN.bscan_inst/TCK  {rise@0.000ns fall@16.500ns period=33.000ns})
  Path Group:             (none)
  Path Type:              Hold (Min at Fast Process Corner)
  Data Path Delay:        1.677ns  (logic 0.015ns (0.894%)  route 1.662ns (99.106%))
  Logic Levels:           1  (LUT5=1)
  Clock Uncertainty:      0.025ns  ((TSJ^2 + TIJ^2)^1/2 + DJ) / 2 + PE
    Total System Jitter     (TSJ):    0.050ns
    Total Input Jitter      (TIJ):    0.000ns
    Discrete Jitter          (DJ):    0.000ns
    Phase Error              (PE):    0.000ns
  Clock Net Delay (Destination): 1.166ns (routing 0.495ns, distribution 0.671ns)

    Location             Delay type                Incr(ns)  Path(ns)    Netlist Resource(s)
  -------------------------------------------------------------------    -------------------
    CONFIG_SITE_X0Y0     BSCANE2                      0.000     0.000 r  dbg_hub/inst/BSCANID.u_xsdbm_id/SWITCH_N_EXT_BSCAN.bscan_inst/SERIES7_BSCAN.bscan_inst/SHIFT
                         net (fo=37, routed)          1.650     1.650    dbg_hub/inst/BSCANID.u_xsdbm_id/SWITCH_N_EXT_BSCAN.bscan_switch/s_bscan_shift
    SLICE_X75Y201        LUT5 (Prop_E6LUT_SLICEL_I3_O)
                                                      0.015     1.665 r  dbg_hub/inst/BSCANID.u_xsdbm_id/SWITCH_N_EXT_BSCAN.bscan_switch/shiftreg[23]_i_1/O
                         net (fo=1, routed)           0.012     1.677    dbg_hub/inst/BSCANID.u_xsdbm_id/SWITCH_N_EXT_BSCAN.bscan_switch/shiftreg[23]_i_1_n_0
    SLICE_X75Y201        FDRE                                         r  dbg_hub/inst/BSCANID.u_xsdbm_id/SWITCH_N_EXT_BSCAN.bscan_switch/shiftreg_reg[23]/D
  -------------------------------------------------------------------    -------------------

                         (clock dbg_hub/inst/BSCANID.u_xsdbm_id/SWITCH_N_EXT_BSCAN.bscan_inst/SERIES7_BSCAN.bscan_inst/TCK rise edge)
                                                      0.000     0.000 r  
    CONFIG_SITE_X0Y0     BSCANE2                      0.000     0.000 r  dbg_hub/inst/BSCANID.u_xsdbm_id/SWITCH_N_EXT_BSCAN.bscan_inst/SERIES7_BSCAN.bscan_inst/TCK
                         net (fo=1, routed)           3.323     3.323    dbg_hub/inst/BSCANID.u_xsdbm_id/tck_bs
    BUFGCE_X1Y119        BUFGCE (Prop_BUFCE_BUFGCE_I_O)
                                                      0.031     3.354 r  dbg_hub/inst/BSCANID.u_xsdbm_id/SWITCH_N_EXT_BSCAN.u_bufg_icon_tck/O
    X2Y3 (CLOCK_ROOT)    net (fo=478, routed)         1.166     4.520    dbg_hub/inst/BSCANID.u_xsdbm_id/SWITCH_N_EXT_BSCAN.bscan_switch/s_bscan_tck
    SLICE_X75Y201        FDRE                                         r  dbg_hub/inst/BSCANID.u_xsdbm_id/SWITCH_N_EXT_BSCAN.bscan_switch/shiftreg_reg[23]/C

Slack:                    inf
  Source:                 dbg_hub/inst/BSCANID.u_xsdbm_id/SWITCH_N_EXT_BSCAN.bscan_inst/SERIES7_BSCAN.bscan_inst/SHIFT
                            (internal pin)
  Destination:            dbg_hub/inst/BSCANID.u_xsdbm_id/SWITCH_N_EXT_BSCAN.bscan_switch/shiftreg_reg[7]/D
                            (rising edge-triggered cell FDRE clocked by dbg_hub/inst/BSCANID.u_xsdbm_id/SWITCH_N_EXT_BSCAN.bscan_inst/SERIES7_BSCAN.bscan_inst/TCK  {rise@0.000ns fall@16.500ns period=33.000ns})
  Path Group:             (none)
  Path Type:              Hold (Min at Fast Process Corner)
  Data Path Delay:        1.677ns  (logic 0.030ns (1.789%)  route 1.647ns (98.211%))
  Logic Levels:           1  (LUT5=1)
  Clock Uncertainty:      0.025ns  ((TSJ^2 + TIJ^2)^1/2 + DJ) / 2 + PE
    Total System Jitter     (TSJ):    0.050ns
    Total Input Jitter      (TIJ):    0.000ns
    Discrete Jitter          (DJ):    0.000ns
    Phase Error              (PE):    0.000ns
  Clock Net Delay (Destination): 1.162ns (routing 0.495ns, distribution 0.667ns)

    Location             Delay type                Incr(ns)  Path(ns)    Netlist Resource(s)
  -------------------------------------------------------------------    -------------------
    CONFIG_SITE_X0Y0     BSCANE2                      0.000     0.000 r  dbg_hub/inst/BSCANID.u_xsdbm_id/SWITCH_N_EXT_BSCAN.bscan_inst/SERIES7_BSCAN.bscan_inst/SHIFT
                         net (fo=37, routed)          1.632     1.632    dbg_hub/inst/BSCANID.u_xsdbm_id/SWITCH_N_EXT_BSCAN.bscan_switch/s_bscan_shift
    SLICE_X75Y200        LUT5 (Prop_B6LUT_SLICEL_I3_O)
                                                      0.030     1.662 r  dbg_hub/inst/BSCANID.u_xsdbm_id/SWITCH_N_EXT_BSCAN.bscan_switch/shiftreg[7]_i_1/O
                         net (fo=1, routed)           0.015     1.677    dbg_hub/inst/BSCANID.u_xsdbm_id/SWITCH_N_EXT_BSCAN.bscan_switch/shiftreg[7]_i_1_n_0
    SLICE_X75Y200        FDRE                                         r  dbg_hub/inst/BSCANID.u_xsdbm_id/SWITCH_N_EXT_BSCAN.bscan_switch/shiftreg_reg[7]/D
  -------------------------------------------------------------------    -------------------

                         (clock dbg_hub/inst/BSCANID.u_xsdbm_id/SWITCH_N_EXT_BSCAN.bscan_inst/SERIES7_BSCAN.bscan_inst/TCK rise edge)
                                                      0.000     0.000 r  
    CONFIG_SITE_X0Y0     BSCANE2                      0.000     0.000 r  dbg_hub/inst/BSCANID.u_xsdbm_id/SWITCH_N_EXT_BSCAN.bscan_inst/SERIES7_BSCAN.bscan_inst/TCK
                         net (fo=1, routed)           3.323     3.323    dbg_hub/inst/BSCANID.u_xsdbm_id/tck_bs
    BUFGCE_X1Y119        BUFGCE (Prop_BUFCE_BUFGCE_I_O)
                                                      0.031     3.354 r  dbg_hub/inst/BSCANID.u_xsdbm_id/SWITCH_N_EXT_BSCAN.u_bufg_icon_tck/O
    X2Y3 (CLOCK_ROOT)    net (fo=478, routed)         1.162     4.516    dbg_hub/inst/BSCANID.u_xsdbm_id/SWITCH_N_EXT_BSCAN.bscan_switch/s_bscan_tck
    SLICE_X75Y200        FDRE                                         r  dbg_hub/inst/BSCANID.u_xsdbm_id/SWITCH_N_EXT_BSCAN.bscan_switch/shiftreg_reg[7]/C

Slack:                    inf
  Source:                 dbg_hub/inst/BSCANID.u_xsdbm_id/SWITCH_N_EXT_BSCAN.bscan_inst/SERIES7_BSCAN.bscan_inst/SHIFT
                            (internal pin)
  Destination:            dbg_hub/inst/BSCANID.u_xsdbm_id/SWITCH_N_EXT_BSCAN.bscan_switch/shiftreg_reg[20]/D
                            (rising edge-triggered cell FDRE clocked by dbg_hub/inst/BSCANID.u_xsdbm_id/SWITCH_N_EXT_BSCAN.bscan_inst/SERIES7_BSCAN.bscan_inst/TCK  {rise@0.000ns fall@16.500ns period=33.000ns})
  Path Group:             (none)
  Path Type:              Hold (Min at Fast Process Corner)
  Data Path Delay:        1.678ns  (logic 0.015ns (0.894%)  route 1.663ns (99.106%))
  Logic Levels:           1  (LUT5=1)
  Clock Uncertainty:      0.025ns  ((TSJ^2 + TIJ^2)^1/2 + DJ) / 2 + PE
    Total System Jitter     (TSJ):    0.050ns
    Total Input Jitter      (TIJ):    0.000ns
    Discrete Jitter          (DJ):    0.000ns
    Phase Error              (PE):    0.000ns
  Clock Net Delay (Destination): 1.166ns (routing 0.495ns, distribution 0.671ns)

    Location             Delay type                Incr(ns)  Path(ns)    Netlist Resource(s)
  -------------------------------------------------------------------    -------------------
    CONFIG_SITE_X0Y0     BSCANE2                      0.000     0.000 r  dbg_hub/inst/BSCANID.u_xsdbm_id/SWITCH_N_EXT_BSCAN.bscan_inst/SERIES7_BSCAN.bscan_inst/SHIFT
                         net (fo=37, routed)          1.651     1.651    dbg_hub/inst/BSCANID.u_xsdbm_id/SWITCH_N_EXT_BSCAN.bscan_switch/s_bscan_shift
    SLICE_X75Y201        LUT5 (Prop_F6LUT_SLICEL_I3_O)
                                                      0.015     1.666 r  dbg_hub/inst/BSCANID.u_xsdbm_id/SWITCH_N_EXT_BSCAN.bscan_switch/shiftreg[20]_i_1/O
                         net (fo=1, routed)           0.012     1.678    dbg_hub/inst/BSCANID.u_xsdbm_id/SWITCH_N_EXT_BSCAN.bscan_switch/shiftreg[20]_i_1_n_0
    SLICE_X75Y201        FDRE                                         r  dbg_hub/inst/BSCANID.u_xsdbm_id/SWITCH_N_EXT_BSCAN.bscan_switch/shiftreg_reg[20]/D
  -------------------------------------------------------------------    -------------------

                         (clock dbg_hub/inst/BSCANID.u_xsdbm_id/SWITCH_N_EXT_BSCAN.bscan_inst/SERIES7_BSCAN.bscan_inst/TCK rise edge)
                                                      0.000     0.000 r  
    CONFIG_SITE_X0Y0     BSCANE2                      0.000     0.000 r  dbg_hub/inst/BSCANID.u_xsdbm_id/SWITCH_N_EXT_BSCAN.bscan_inst/SERIES7_BSCAN.bscan_inst/TCK
                         net (fo=1, routed)           3.323     3.323    dbg_hub/inst/BSCANID.u_xsdbm_id/tck_bs
    BUFGCE_X1Y119        BUFGCE (Prop_BUFCE_BUFGCE_I_O)
                                                      0.031     3.354 r  dbg_hub/inst/BSCANID.u_xsdbm_id/SWITCH_N_EXT_BSCAN.u_bufg_icon_tck/O
    X2Y3 (CLOCK_ROOT)    net (fo=478, routed)         1.166     4.520    dbg_hub/inst/BSCANID.u_xsdbm_id/SWITCH_N_EXT_BSCAN.bscan_switch/s_bscan_tck
    SLICE_X75Y201        FDRE                                         r  dbg_hub/inst/BSCANID.u_xsdbm_id/SWITCH_N_EXT_BSCAN.bscan_switch/shiftreg_reg[20]/C

Slack:                    inf
  Source:                 dbg_hub/inst/BSCANID.u_xsdbm_id/SWITCH_N_EXT_BSCAN.bscan_inst/SERIES7_BSCAN.bscan_inst/CAPTURE
                            (internal pin)
  Destination:            dbg_hub/inst/BSCANID.u_xsdbm_id/SWITCH_N_EXT_BSCAN.bscan_switch/shiftreg_reg[19]/D
                            (rising edge-triggered cell FDRE clocked by dbg_hub/inst/BSCANID.u_xsdbm_id/SWITCH_N_EXT_BSCAN.bscan_inst/SERIES7_BSCAN.bscan_inst/TCK  {rise@0.000ns fall@16.500ns period=33.000ns})
  Path Group:             (none)
  Path Type:              Hold (Min at Fast Process Corner)
  Data Path Delay:        1.698ns  (logic 0.030ns (1.767%)  route 1.668ns (98.233%))
  Logic Levels:           1  (LUT5=1)
  Clock Uncertainty:      0.025ns  ((TSJ^2 + TIJ^2)^1/2 + DJ) / 2 + PE
    Total System Jitter     (TSJ):    0.050ns
    Total Input Jitter      (TIJ):    0.000ns
    Discrete Jitter          (DJ):    0.000ns
    Phase Error              (PE):    0.000ns
  Clock Net Delay (Destination): 1.169ns (routing 0.495ns, distribution 0.674ns)

    Location             Delay type                Incr(ns)  Path(ns)    Netlist Resource(s)
  -------------------------------------------------------------------    -------------------
    CONFIG_SITE_X0Y0     BSCANE2                      0.000     0.000 r  dbg_hub/inst/BSCANID.u_xsdbm_id/SWITCH_N_EXT_BSCAN.bscan_inst/SERIES7_BSCAN.bscan_inst/CAPTURE
                         net (fo=35, routed)          1.656     1.656    dbg_hub/inst/BSCANID.u_xsdbm_id/SWITCH_N_EXT_BSCAN.bscan_switch/s_bscan_capture
    SLICE_X75Y201        LUT5 (Prop_A6LUT_SLICEL_I1_O)
                                                      0.030     1.686 r  dbg_hub/inst/BSCANID.u_xsdbm_id/SWITCH_N_EXT_BSCAN.bscan_switch/shiftreg[19]_i_1/O
                         net (fo=1, routed)           0.012     1.698    dbg_hub/inst/BSCANID.u_xsdbm_id/SWITCH_N_EXT_BSCAN.bscan_switch/shiftreg[19]_i_1_n_0
    SLICE_X75Y201        FDRE                                         r  dbg_hub/inst/BSCANID.u_xsdbm_id/SWITCH_N_EXT_BSCAN.bscan_switch/shiftreg_reg[19]/D
  -------------------------------------------------------------------    -------------------

                         (clock dbg_hub/inst/BSCANID.u_xsdbm_id/SWITCH_N_EXT_BSCAN.bscan_inst/SERIES7_BSCAN.bscan_inst/TCK rise edge)
                                                      0.000     0.000 r  
    CONFIG_SITE_X0Y0     BSCANE2                      0.000     0.000 r  dbg_hub/inst/BSCANID.u_xsdbm_id/SWITCH_N_EXT_BSCAN.bscan_inst/SERIES7_BSCAN.bscan_inst/TCK
                         net (fo=1, routed)           3.323     3.323    dbg_hub/inst/BSCANID.u_xsdbm_id/tck_bs
    BUFGCE_X1Y119        BUFGCE (Prop_BUFCE_BUFGCE_I_O)
                                                      0.031     3.354 r  dbg_hub/inst/BSCANID.u_xsdbm_id/SWITCH_N_EXT_BSCAN.u_bufg_icon_tck/O
    X2Y3 (CLOCK_ROOT)    net (fo=478, routed)         1.169     4.523    dbg_hub/inst/BSCANID.u_xsdbm_id/SWITCH_N_EXT_BSCAN.bscan_switch/s_bscan_tck
    SLICE_X75Y201        FDRE                                         r  dbg_hub/inst/BSCANID.u_xsdbm_id/SWITCH_N_EXT_BSCAN.bscan_switch/shiftreg_reg[19]/C

Slack:                    inf
  Source:                 dbg_hub/inst/BSCANID.u_xsdbm_id/SWITCH_N_EXT_BSCAN.bscan_inst/SERIES7_BSCAN.bscan_inst/SEL
                            (internal pin)
  Destination:            dbg_hub/inst/BSCANID.u_xsdbm_id/SWITCH_N_EXT_BSCAN.bscan_switch/portno_temp_reg[0]/CE
                            (rising edge-triggered cell FDRE clocked by dbg_hub/inst/BSCANID.u_xsdbm_id/SWITCH_N_EXT_BSCAN.bscan_inst/SERIES7_BSCAN.bscan_inst/TCK  {rise@0.000ns fall@16.500ns period=33.000ns})
  Path Group:             (none)
  Path Type:              Hold (Min at Fast Process Corner)
  Data Path Delay:        1.701ns  (logic 0.000ns (0.000%)  route 1.701ns (100.000%))
  Logic Levels:           0  
  Clock Uncertainty:      0.025ns  ((TSJ^2 + TIJ^2)^1/2 + DJ) / 2 + PE
    Total System Jitter     (TSJ):    0.050ns
    Total Input Jitter      (TIJ):    0.000ns
    Discrete Jitter          (DJ):    0.000ns
    Phase Error              (PE):    0.000ns
  Clock Net Delay (Destination): 1.168ns (routing 0.495ns, distribution 0.673ns)

    Location             Delay type                Incr(ns)  Path(ns)    Netlist Resource(s)
  -------------------------------------------------------------------    -------------------
    CONFIG_SITE_X0Y0     BSCANE2                      0.000     0.000 r  dbg_hub/inst/BSCANID.u_xsdbm_id/SWITCH_N_EXT_BSCAN.bscan_inst/SERIES7_BSCAN.bscan_inst/SEL
                         net (fo=8, routed)           1.701     1.701    dbg_hub/inst/BSCANID.u_xsdbm_id/SWITCH_N_EXT_BSCAN.bscan_switch/s_bscan_sel
    SLICE_X73Y199        FDRE                                         r  dbg_hub/inst/BSCANID.u_xsdbm_id/SWITCH_N_EXT_BSCAN.bscan_switch/portno_temp_reg[0]/CE
  -------------------------------------------------------------------    -------------------

                         (clock dbg_hub/inst/BSCANID.u_xsdbm_id/SWITCH_N_EXT_BSCAN.bscan_inst/SERIES7_BSCAN.bscan_inst/TCK rise edge)
                                                      0.000     0.000 r  
    CONFIG_SITE_X0Y0     BSCANE2                      0.000     0.000 r  dbg_hub/inst/BSCANID.u_xsdbm_id/SWITCH_N_EXT_BSCAN.bscan_inst/SERIES7_BSCAN.bscan_inst/TCK
                         net (fo=1, routed)           3.323     3.323    dbg_hub/inst/BSCANID.u_xsdbm_id/tck_bs
    BUFGCE_X1Y119        BUFGCE (Prop_BUFCE_BUFGCE_I_O)
                                                      0.031     3.354 r  dbg_hub/inst/BSCANID.u_xsdbm_id/SWITCH_N_EXT_BSCAN.u_bufg_icon_tck/O
    X2Y3 (CLOCK_ROOT)    net (fo=478, routed)         1.168     4.522    dbg_hub/inst/BSCANID.u_xsdbm_id/SWITCH_N_EXT_BSCAN.bscan_switch/s_bscan_tck
    SLICE_X73Y199        FDRE                                         r  dbg_hub/inst/BSCANID.u_xsdbm_id/SWITCH_N_EXT_BSCAN.bscan_switch/portno_temp_reg[0]/C

Slack:                    inf
  Source:                 dbg_hub/inst/BSCANID.u_xsdbm_id/SWITCH_N_EXT_BSCAN.bscan_inst/SERIES7_BSCAN.bscan_inst/SEL
                            (internal pin)
  Destination:            dbg_hub/inst/BSCANID.u_xsdbm_id/SWITCH_N_EXT_BSCAN.bscan_switch/portno_temp_reg[2]/CE
                            (rising edge-triggered cell FDRE clocked by dbg_hub/inst/BSCANID.u_xsdbm_id/SWITCH_N_EXT_BSCAN.bscan_inst/SERIES7_BSCAN.bscan_inst/TCK  {rise@0.000ns fall@16.500ns period=33.000ns})
  Path Group:             (none)
  Path Type:              Hold (Min at Fast Process Corner)
  Data Path Delay:        1.701ns  (logic 0.000ns (0.000%)  route 1.701ns (100.000%))
  Logic Levels:           0  
  Clock Uncertainty:      0.025ns  ((TSJ^2 + TIJ^2)^1/2 + DJ) / 2 + PE
    Total System Jitter     (TSJ):    0.050ns
    Total Input Jitter      (TIJ):    0.000ns
    Discrete Jitter          (DJ):    0.000ns
    Phase Error              (PE):    0.000ns
  Clock Net Delay (Destination): 1.168ns (routing 0.495ns, distribution 0.673ns)

    Location             Delay type                Incr(ns)  Path(ns)    Netlist Resource(s)
  -------------------------------------------------------------------    -------------------
    CONFIG_SITE_X0Y0     BSCANE2                      0.000     0.000 r  dbg_hub/inst/BSCANID.u_xsdbm_id/SWITCH_N_EXT_BSCAN.bscan_inst/SERIES7_BSCAN.bscan_inst/SEL
                         net (fo=8, routed)           1.701     1.701    dbg_hub/inst/BSCANID.u_xsdbm_id/SWITCH_N_EXT_BSCAN.bscan_switch/s_bscan_sel
    SLICE_X73Y199        FDRE                                         r  dbg_hub/inst/BSCANID.u_xsdbm_id/SWITCH_N_EXT_BSCAN.bscan_switch/portno_temp_reg[2]/CE
  -------------------------------------------------------------------    -------------------

                         (clock dbg_hub/inst/BSCANID.u_xsdbm_id/SWITCH_N_EXT_BSCAN.bscan_inst/SERIES7_BSCAN.bscan_inst/TCK rise edge)
                                                      0.000     0.000 r  
    CONFIG_SITE_X0Y0     BSCANE2                      0.000     0.000 r  dbg_hub/inst/BSCANID.u_xsdbm_id/SWITCH_N_EXT_BSCAN.bscan_inst/SERIES7_BSCAN.bscan_inst/TCK
                         net (fo=1, routed)           3.323     3.323    dbg_hub/inst/BSCANID.u_xsdbm_id/tck_bs
    BUFGCE_X1Y119        BUFGCE (Prop_BUFCE_BUFGCE_I_O)
                                                      0.031     3.354 r  dbg_hub/inst/BSCANID.u_xsdbm_id/SWITCH_N_EXT_BSCAN.u_bufg_icon_tck/O
    X2Y3 (CLOCK_ROOT)    net (fo=478, routed)         1.168     4.522    dbg_hub/inst/BSCANID.u_xsdbm_id/SWITCH_N_EXT_BSCAN.bscan_switch/s_bscan_tck
    SLICE_X73Y199        FDRE                                         r  dbg_hub/inst/BSCANID.u_xsdbm_id/SWITCH_N_EXT_BSCAN.bscan_switch/portno_temp_reg[2]/C

Slack:                    inf
  Source:                 dbg_hub/inst/BSCANID.u_xsdbm_id/SWITCH_N_EXT_BSCAN.bscan_inst/SERIES7_BSCAN.bscan_inst/SEL
                            (internal pin)
  Destination:            dbg_hub/inst/BSCANID.u_xsdbm_id/SWITCH_N_EXT_BSCAN.bscan_switch/portno_temp_reg[4]/CE
                            (rising edge-triggered cell FDRE clocked by dbg_hub/inst/BSCANID.u_xsdbm_id/SWITCH_N_EXT_BSCAN.bscan_inst/SERIES7_BSCAN.bscan_inst/TCK  {rise@0.000ns fall@16.500ns period=33.000ns})
  Path Group:             (none)
  Path Type:              Hold (Min at Fast Process Corner)
  Data Path Delay:        1.701ns  (logic 0.000ns (0.000%)  route 1.701ns (100.000%))
  Logic Levels:           0  
  Clock Uncertainty:      0.025ns  ((TSJ^2 + TIJ^2)^1/2 + DJ) / 2 + PE
    Total System Jitter     (TSJ):    0.050ns
    Total Input Jitter      (TIJ):    0.000ns
    Discrete Jitter          (DJ):    0.000ns
    Phase Error              (PE):    0.000ns
  Clock Net Delay (Destination): 1.168ns (routing 0.495ns, distribution 0.673ns)

    Location             Delay type                Incr(ns)  Path(ns)    Netlist Resource(s)
  -------------------------------------------------------------------    -------------------
    CONFIG_SITE_X0Y0     BSCANE2                      0.000     0.000 r  dbg_hub/inst/BSCANID.u_xsdbm_id/SWITCH_N_EXT_BSCAN.bscan_inst/SERIES7_BSCAN.bscan_inst/SEL
                         net (fo=8, routed)           1.701     1.701    dbg_hub/inst/BSCANID.u_xsdbm_id/SWITCH_N_EXT_BSCAN.bscan_switch/s_bscan_sel
    SLICE_X73Y199        FDRE                                         r  dbg_hub/inst/BSCANID.u_xsdbm_id/SWITCH_N_EXT_BSCAN.bscan_switch/portno_temp_reg[4]/CE
  -------------------------------------------------------------------    -------------------

                         (clock dbg_hub/inst/BSCANID.u_xsdbm_id/SWITCH_N_EXT_BSCAN.bscan_inst/SERIES7_BSCAN.bscan_inst/TCK rise edge)
                                                      0.000     0.000 r  
    CONFIG_SITE_X0Y0     BSCANE2                      0.000     0.000 r  dbg_hub/inst/BSCANID.u_xsdbm_id/SWITCH_N_EXT_BSCAN.bscan_inst/SERIES7_BSCAN.bscan_inst/TCK
                         net (fo=1, routed)           3.323     3.323    dbg_hub/inst/BSCANID.u_xsdbm_id/tck_bs
    BUFGCE_X1Y119        BUFGCE (Prop_BUFCE_BUFGCE_I_O)
                                                      0.031     3.354 r  dbg_hub/inst/BSCANID.u_xsdbm_id/SWITCH_N_EXT_BSCAN.u_bufg_icon_tck/O
    X2Y3 (CLOCK_ROOT)    net (fo=478, routed)         1.168     4.522    dbg_hub/inst/BSCANID.u_xsdbm_id/SWITCH_N_EXT_BSCAN.bscan_switch/s_bscan_tck
    SLICE_X73Y199        FDRE                                         r  dbg_hub/inst/BSCANID.u_xsdbm_id/SWITCH_N_EXT_BSCAN.bscan_switch/portno_temp_reg[4]/C

Slack:                    inf
  Source:                 dbg_hub/inst/BSCANID.u_xsdbm_id/SWITCH_N_EXT_BSCAN.bscan_inst/SERIES7_BSCAN.bscan_inst/SEL
                            (internal pin)
  Destination:            dbg_hub/inst/BSCANID.u_xsdbm_id/SWITCH_N_EXT_BSCAN.bscan_switch/portno_temp_reg[5]/CE
                            (rising edge-triggered cell FDRE clocked by dbg_hub/inst/BSCANID.u_xsdbm_id/SWITCH_N_EXT_BSCAN.bscan_inst/SERIES7_BSCAN.bscan_inst/TCK  {rise@0.000ns fall@16.500ns period=33.000ns})
  Path Group:             (none)
  Path Type:              Hold (Min at Fast Process Corner)
  Data Path Delay:        1.701ns  (logic 0.000ns (0.000%)  route 1.701ns (100.000%))
  Logic Levels:           0  
  Clock Uncertainty:      0.025ns  ((TSJ^2 + TIJ^2)^1/2 + DJ) / 2 + PE
    Total System Jitter     (TSJ):    0.050ns
    Total Input Jitter      (TIJ):    0.000ns
    Discrete Jitter          (DJ):    0.000ns
    Phase Error              (PE):    0.000ns
  Clock Net Delay (Destination): 1.168ns (routing 0.495ns, distribution 0.673ns)

    Location             Delay type                Incr(ns)  Path(ns)    Netlist Resource(s)
  -------------------------------------------------------------------    -------------------
    CONFIG_SITE_X0Y0     BSCANE2                      0.000     0.000 r  dbg_hub/inst/BSCANID.u_xsdbm_id/SWITCH_N_EXT_BSCAN.bscan_inst/SERIES7_BSCAN.bscan_inst/SEL
                         net (fo=8, routed)           1.701     1.701    dbg_hub/inst/BSCANID.u_xsdbm_id/SWITCH_N_EXT_BSCAN.bscan_switch/s_bscan_sel
    SLICE_X73Y199        FDRE                                         r  dbg_hub/inst/BSCANID.u_xsdbm_id/SWITCH_N_EXT_BSCAN.bscan_switch/portno_temp_reg[5]/CE
  -------------------------------------------------------------------    -------------------

                         (clock dbg_hub/inst/BSCANID.u_xsdbm_id/SWITCH_N_EXT_BSCAN.bscan_inst/SERIES7_BSCAN.bscan_inst/TCK rise edge)
                                                      0.000     0.000 r  
    CONFIG_SITE_X0Y0     BSCANE2                      0.000     0.000 r  dbg_hub/inst/BSCANID.u_xsdbm_id/SWITCH_N_EXT_BSCAN.bscan_inst/SERIES7_BSCAN.bscan_inst/TCK
                         net (fo=1, routed)           3.323     3.323    dbg_hub/inst/BSCANID.u_xsdbm_id/tck_bs
    BUFGCE_X1Y119        BUFGCE (Prop_BUFCE_BUFGCE_I_O)
                                                      0.031     3.354 r  dbg_hub/inst/BSCANID.u_xsdbm_id/SWITCH_N_EXT_BSCAN.u_bufg_icon_tck/O
    X2Y3 (CLOCK_ROOT)    net (fo=478, routed)         1.168     4.522    dbg_hub/inst/BSCANID.u_xsdbm_id/SWITCH_N_EXT_BSCAN.bscan_switch/s_bscan_tck
    SLICE_X73Y199        FDRE                                         r  dbg_hub/inst/BSCANID.u_xsdbm_id/SWITCH_N_EXT_BSCAN.bscan_switch/portno_temp_reg[5]/C





