# Copyright (C) 1994-2019, Concept Engineering GmbH.
# All Rights Reserved.  Cmd=logfile.
# Nlview 7.0r4  2019-12-20 bk=1.5203 VDI=41 GEI=36 GUI=JA:10.0 TLS
# License cookie [G|T|S|B|*] for HR="Xilinx Inc."
# -----------------------------------------------------------------------------
# -----------------------------------------------------------------------------
property attrfontsize 8
property fillcolor1
#R #441133
property fillcolor5
#R #651b4d
property -colorscheme lightblue
property shadowstyle 1
property gatecellname 2
property showpinname 2
property boxminwidth 50
property boxminheight 40
#CMD bind stroke-1 -action {}
#CMD bind stroke-nw-1 -action callback -echo_type line -echo_text {Zoom fit}
#CMD bind stroke-nw-1 -action zoom_fit -echo_type line -echo_text {Zoom fit}
#CMD bind stroke-ne-1 -action zoom_out -echo_type line -echo_text {Zoom -%z}
#CMD bind stroke-se-1 -action zoom_in -echo_type rectangle -autoscroll -echo_text {Zoom area}
#CMD bind stroke-sw-1 -action zoom_in2 -echo_type line -echo_text {Zoom +%z}
module new gtmodule
#  * Current module is gtmodule 
load symbol QUAD_X0 v HIERBOX port a0 in port a1 in port a2 in port a3 in port QPLL0 in port QPLL1 in port RECCLK_clk0 out port RECCLK_clk1 out
load symbol QUAD_X1 v HIERBOX port a0 out port a1 out port a2 out port a3 out port QPLL0 out port QPLL1 out port RECCLK_clk0 in port RECCLK_clk1 in
load symbol CPLL_X0 syn BOX port A in port B out text CPLL -cc 25 0 12
load symbol CPLL_X1 syn BOX port A out port B in text CPLL -cc 25 0 12
load symbol QPLL0_X0 syn BOX port A in port B out text QPLL0 -cc 25 0 12
load symbol QPLL0_X1 syn BOX port A out port B in text QPLL0 -cc 25 0 12
load symbol QPLL1_X0 syn BOX port A in port B out text QPLL1 -cc 25 0 12
load symbol QPLL1_X1 syn BOX port A out port B in text QPLL1 -cc 25 0 12
load inst QuadX0Y4 QUAD_X0 v -pg 1 -y 1 -x 2000 -autohide -attr @cell QuadX0Y4 -attr @name {} -attr @fillcolor #d9d9d9
attribute {pin QuadX0Y4 QPLL0 } -attr @name {}
attribute {hierPin QuadX0Y4 QPLL0 } -attr @name {}
attribute {pin QuadX0Y4 QPLL1 } -attr @name {}
attribute {hierPin QuadX0Y4 QPLL1 } -attr @name {}
attribute {pin QuadX0Y4 a0 } -attr @name {}
attribute {hierPin QuadX0Y4 a0 } -attr @name {}
attribute {pin QuadX0Y4 a1 } -attr @name {}
attribute {hierPin QuadX0Y4 a1 } -attr @name {}
attribute {pin QuadX0Y4 a2 } -attr @name {}
attribute {hierPin QuadX0Y4 a2 } -attr @name {}
attribute {pin QuadX0Y4 a3 } -attr @name {}
attribute {hierPin QuadX0Y4 a3 } -attr @name {}
attribute {pin QuadX0Y4 RECCLK_clk0 } -attr @name {}
attribute {hierPin QuadX0Y4 RECCLK_clk0 } -attr @name {}
attribute {pin QuadX0Y4 RECCLK_clk1 } -attr @name {}
attribute {hierPin QuadX0Y4 RECCLK_clk1 } -attr @name {}
load inst cpll.X0Y19 CPLL_X0 syn -hier QuadX0Y4 -pg 1 -y 2 -x 1 -autohide -attr @name {} -attr @cell {}
attribute {pin cpll.X0Y19 A} -attr @name {}
attribute {pin cpll.X0Y19 B} -attr @name {}
attribute {inst cpll.X0Y19} -attr @fillcolor #00868b
load symbol X0Y19 syn HIERGEN port TX in port RX in port RXRECCLK out
load inst GT.X0Y19 X0Y19 syn -hier QuadX0Y4 -pg 1 -y 2 -x 2000 -autohide -attr @name {}
attribute {inst GT.X0Y19} -attr @fillcolor #7a7a7a
load inst cpll.X0Y18 CPLL_X0 syn -hier QuadX0Y4 -pg 1 -y 87 -x 1 -autohide -attr @name {} -attr @cell {}
attribute {pin cpll.X0Y18 A} -attr @name {}
attribute {pin cpll.X0Y18 B} -attr @name {}
attribute {inst cpll.X0Y18} -attr @fillcolor #00868b
load symbol X0Y18 syn HIERGEN port TX in port RX in port RXRECCLK out
load inst GT.X0Y18 X0Y18 syn -hier QuadX0Y4 -pg 1 -y 87 -x 2000 -autohide -attr @name {}
attribute {inst GT.X0Y18} -attr @fillcolor #7a7a7a
load inst QPLL0.QuadX0Y4 QPLL0_X0 syn -hier QuadX0Y4 -pg 1 -y 172 -x 1 -autohide -attr @name {} -attr @cell {}
attribute {pin QPLL0.QuadX0Y4 A} -attr @name {}
attribute {pin QPLL0.QuadX0Y4 B} -attr @name {}
attribute {inst QPLL0.QuadX0Y4} -attr @fillcolor #00868b
load inst QPLL1.QuadX0Y4 QPLL1_X0 syn -hier QuadX0Y4 -pg 1 -y 257 -x 1 -autohide -attr @name {} -attr @cell {}
attribute {pin QPLL1.QuadX0Y4 A} -attr @name {}
attribute {pin QPLL1.QuadX0Y4 B} -attr @name {}
attribute {inst QPLL1.QuadX0Y4} -attr @fillcolor #00868b
load inst cpll.X0Y17 CPLL_X0 syn -hier QuadX0Y4 -pg 1 -y 342 -x 1 -autohide -attr @name {} -attr @cell {}
attribute {pin cpll.X0Y17 A} -attr @name {}
attribute {pin cpll.X0Y17 B} -attr @name {}
attribute {inst cpll.X0Y17} -attr @fillcolor #00868b
load symbol X0Y17 syn HIERGEN port TX in port RX in port RXRECCLK out
load inst GT.X0Y17 X0Y17 syn -hier QuadX0Y4 -pg 1 -y 342 -x 2000 -autohide -attr @name {}
attribute {inst GT.X0Y17} -attr @fillcolor #7a7a7a
load inst cpll.X0Y16 CPLL_X0 syn -hier QuadX0Y4 -pg 1 -y 427 -x 1 -autohide -attr @name {} -attr @cell {}
attribute {pin cpll.X0Y16 A} -attr @name {}
attribute {pin cpll.X0Y16 B} -attr @name {}
attribute {inst cpll.X0Y16} -attr @fillcolor #00868b
load symbol X0Y16 syn HIERGEN port TX in port RX in port RXRECCLK out
load inst GT.X0Y16 X0Y16 syn -hier QuadX0Y4 -pg 1 -y 427 -x 2000 -autohide -attr @name {}
attribute {inst GT.X0Y16} -attr @fillcolor #7a7a7a
load port QuadX0Y4_clk0 in -pg 1 -y 141 -x 1 -attr @fillcolor #3a5fcd
load port QuadX0Y4_clk1 in -pg 1 -y 311 -x 1 -attr @fillcolor #3a5fcd
load inst QuadX0Y3 QUAD_X0 v -pg 1 -y 563 -x 2000 -autohide -attr @cell QuadX0Y3 -attr @name {} -attr @fillcolor #d9d9d9
attribute {pin QuadX0Y3 QPLL0 } -attr @name {}
attribute {hierPin QuadX0Y3 QPLL0 } -attr @name {}
attribute {pin QuadX0Y3 QPLL1 } -attr @name {}
attribute {hierPin QuadX0Y3 QPLL1 } -attr @name {}
attribute {pin QuadX0Y3 a0 } -attr @name {}
attribute {hierPin QuadX0Y3 a0 } -attr @name {}
attribute {pin QuadX0Y3 a1 } -attr @name {}
attribute {hierPin QuadX0Y3 a1 } -attr @name {}
attribute {pin QuadX0Y3 a2 } -attr @name {}
attribute {hierPin QuadX0Y3 a2 } -attr @name {}
attribute {pin QuadX0Y3 a3 } -attr @name {}
attribute {hierPin QuadX0Y3 a3 } -attr @name {}
attribute {pin QuadX0Y3 RECCLK_clk0 } -attr @name {}
attribute {hierPin QuadX0Y3 RECCLK_clk0 } -attr @name {}
attribute {pin QuadX0Y3 RECCLK_clk1 } -attr @name {}
attribute {hierPin QuadX0Y3 RECCLK_clk1 } -attr @name {}
load inst cpll.X0Y15 CPLL_X0 syn -hier QuadX0Y3 -pg 1 -y 564 -x 1 -autohide -attr @name {} -attr @cell {}
attribute {pin cpll.X0Y15 A} -attr @name {}
attribute {pin cpll.X0Y15 B} -attr @name {}
attribute {inst cpll.X0Y15} -attr @fillcolor #00868b
load symbol X0Y15 syn HIERGEN port TX in port RX in port RXRECCLK out
load inst GT.X0Y15 X0Y15 syn -hier QuadX0Y3 -pg 1 -y 564 -x 2000 -autohide -attr @name {}
attribute {inst GT.X0Y15} -attr @fillcolor #7a7a7a
load inst cpll.X0Y14 CPLL_X0 syn -hier QuadX0Y3 -pg 1 -y 649 -x 1 -autohide -attr @name {} -attr @cell {}
attribute {pin cpll.X0Y14 A} -attr @name {}
attribute {pin cpll.X0Y14 B} -attr @name {}
attribute {inst cpll.X0Y14} -attr @fillcolor #00868b
load symbol X0Y14 syn HIERGEN port TX in port RX in port RXRECCLK out
load inst GT.X0Y14 X0Y14 syn -hier QuadX0Y3 -pg 1 -y 649 -x 2000 -autohide -attr @name {}
attribute {inst GT.X0Y14} -attr @fillcolor #7a7a7a
load inst QPLL0.QuadX0Y3 QPLL0_X0 syn -hier QuadX0Y3 -pg 1 -y 734 -x 1 -autohide -attr @name {} -attr @cell {}
attribute {pin QPLL0.QuadX0Y3 A} -attr @name {}
attribute {pin QPLL0.QuadX0Y3 B} -attr @name {}
attribute {inst QPLL0.QuadX0Y3} -attr @fillcolor #00868b
load inst QPLL1.QuadX0Y3 QPLL1_X0 syn -hier QuadX0Y3 -pg 1 -y 819 -x 1 -autohide -attr @name {} -attr @cell {}
attribute {pin QPLL1.QuadX0Y3 A} -attr @name {}
attribute {pin QPLL1.QuadX0Y3 B} -attr @name {}
attribute {inst QPLL1.QuadX0Y3} -attr @fillcolor #00868b
load inst cpll.X0Y13 CPLL_X0 syn -hier QuadX0Y3 -pg 1 -y 904 -x 1 -autohide -attr @name {} -attr @cell {}
attribute {pin cpll.X0Y13 A} -attr @name {}
attribute {pin cpll.X0Y13 B} -attr @name {}
attribute {inst cpll.X0Y13} -attr @fillcolor #00868b
load symbol X0Y13 syn HIERGEN port TX in port RX in port RXRECCLK out
load inst GT.X0Y13 X0Y13 syn -hier QuadX0Y3 -pg 1 -y 904 -x 2000 -autohide -attr @name {}
attribute {inst GT.X0Y13} -attr @fillcolor #7a7a7a
load inst cpll.X0Y12 CPLL_X0 syn -hier QuadX0Y3 -pg 1 -y 989 -x 1 -autohide -attr @name {} -attr @cell {}
attribute {pin cpll.X0Y12 A} -attr @name {}
attribute {pin cpll.X0Y12 B} -attr @name {}
attribute {inst cpll.X0Y12} -attr @fillcolor #00868b
load symbol X0Y12 syn HIERGEN port TX in port RX in port RXRECCLK out
load inst GT.X0Y12 X0Y12 syn -hier QuadX0Y3 -pg 1 -y 989 -x 2000 -autohide -attr @name {}
attribute {inst GT.X0Y12} -attr @fillcolor #7a7a7a
load port QuadX0Y3_clk0 in -pg 1 -y 703 -x 1 -attr @fillcolor #3a5fcd
load port QuadX0Y3_clk1 in -pg 1 -y 873 -x 1 -attr @fillcolor #3a5fcd
load inst QuadX1Y4 QUAD_X1 v -pg 1 -y 1 -x 12000 -autohide -attr @cell QuadX1Y4 -attr @name {} -attr @fillcolor #d9d9d9
attribute {pin QuadX1Y4 QPLL0 } -attr @name {}
attribute {hierPin QuadX1Y4 QPLL0 } -attr @name {}
attribute {pin QuadX1Y4 QPLL1 } -attr @name {}
attribute {hierPin QuadX1Y4 QPLL1 } -attr @name {}
attribute {pin QuadX1Y4 a0 } -attr @name {}
attribute {hierPin QuadX1Y4 a0 } -attr @name {}
attribute {pin QuadX1Y4 a1 } -attr @name {}
attribute {hierPin QuadX1Y4 a1 } -attr @name {}
attribute {pin QuadX1Y4 a2 } -attr @name {}
attribute {hierPin QuadX1Y4 a2 } -attr @name {}
attribute {pin QuadX1Y4 a3 } -attr @name {}
attribute {hierPin QuadX1Y4 a3 } -attr @name {}
attribute {pin QuadX1Y4 RECCLK_clk0 } -attr @name {}
attribute {hierPin QuadX1Y4 RECCLK_clk0 } -attr @name {}
attribute {pin QuadX1Y4 RECCLK_clk1 } -attr @name {}
attribute {hierPin QuadX1Y4 RECCLK_clk1 } -attr @name {}
load inst cpll.X1Y19 CPLL_X1 syn -hier QuadX1Y4 -pg 1 -y 2 -x 12001 -autohide -attr @name {} -attr @cell {}
attribute {pin cpll.X1Y19 A} -attr @name {}
attribute {pin cpll.X1Y19 B} -attr @name {}
attribute {inst cpll.X1Y19} -attr @fillcolor #00868b
load symbol X1Y19 syn HIERGEN port TX out port RX out port RXRECCLK in
load inst GT.X1Y19 X1Y19 syn -hier QuadX1Y4 -pg 1 -y 2 -x 12000 -autohide -attr @name {}
attribute {inst GT.X1Y19} -attr @fillcolor #7a7a7a
load inst cpll.X1Y18 CPLL_X1 syn -hier QuadX1Y4 -pg 1 -y 87 -x 12001 -autohide -attr @name {} -attr @cell {}
attribute {pin cpll.X1Y18 A} -attr @name {}
attribute {pin cpll.X1Y18 B} -attr @name {}
attribute {inst cpll.X1Y18} -attr @fillcolor #00868b
load symbol X1Y18 syn HIERGEN port TX out port RX out port RXRECCLK in
load inst GT.X1Y18 X1Y18 syn -hier QuadX1Y4 -pg 1 -y 87 -x 12000 -autohide -attr @name {}
attribute {inst GT.X1Y18} -attr @fillcolor #7a7a7a
load inst QPLL0.QuadX1Y4 QPLL0_X1 syn -hier QuadX1Y4 -pg 1 -y 172 -x 12001 -autohide -attr @name {} -attr @cell {}
attribute {pin QPLL0.QuadX1Y4 A} -attr @name {}
attribute {pin QPLL0.QuadX1Y4 B} -attr @name {}
attribute {inst QPLL0.QuadX1Y4} -attr @fillcolor #00868b
load inst QPLL1.QuadX1Y4 QPLL1_X1 syn -hier QuadX1Y4 -pg 1 -y 257 -x 12001 -autohide -attr @name {} -attr @cell {}
attribute {pin QPLL1.QuadX1Y4 A} -attr @name {}
attribute {pin QPLL1.QuadX1Y4 B} -attr @name {}
attribute {inst QPLL1.QuadX1Y4} -attr @fillcolor #00868b
load inst cpll.X1Y17 CPLL_X1 syn -hier QuadX1Y4 -pg 1 -y 342 -x 12001 -autohide -attr @name {} -attr @cell {}
attribute {pin cpll.X1Y17 A} -attr @name {}
attribute {pin cpll.X1Y17 B} -attr @name {}
attribute {inst cpll.X1Y17} -attr @fillcolor #00868b
load symbol X1Y17 syn HIERGEN port TX out port RX out port RXRECCLK in
load inst GT.X1Y17 X1Y17 syn -hier QuadX1Y4 -pg 1 -y 342 -x 12000 -autohide -attr @name {}
attribute {inst GT.X1Y17} -attr @fillcolor #7a7a7a
load inst cpll.X1Y16 CPLL_X1 syn -hier QuadX1Y4 -pg 1 -y 427 -x 12001 -autohide -attr @name {} -attr @cell {}
attribute {pin cpll.X1Y16 A} -attr @name {}
attribute {pin cpll.X1Y16 B} -attr @name {}
attribute {inst cpll.X1Y16} -attr @fillcolor #00868b
load symbol X1Y16 syn HIERGEN port TX out port RX out port RXRECCLK in
load inst GT.X1Y16 X1Y16 syn -hier QuadX1Y4 -pg 1 -y 427 -x 12000 -autohide -attr @name {}
attribute {inst GT.X1Y16} -attr @fillcolor #7a7a7a
load port QuadX1Y4_clk0 out -pg 1 -y 141 -x 12001 -attr @fillcolor #3a5fcd
load port QuadX1Y4_clk1 out -pg 1 -y 311 -x 12001 -attr @fillcolor #3a5fcd
load inst QuadX1Y3 QUAD_X1 v -pg 1 -y 563 -x 12000 -autohide -attr @cell QuadX1Y3 -attr @name {} -attr @fillcolor #d9d9d9
attribute {pin QuadX1Y3 QPLL0 } -attr @name {}
attribute {hierPin QuadX1Y3 QPLL0 } -attr @name {}
attribute {pin QuadX1Y3 QPLL1 } -attr @name {}
attribute {hierPin QuadX1Y3 QPLL1 } -attr @name {}
attribute {pin QuadX1Y3 a0 } -attr @name {}
attribute {hierPin QuadX1Y3 a0 } -attr @name {}
attribute {pin QuadX1Y3 a1 } -attr @name {}
attribute {hierPin QuadX1Y3 a1 } -attr @name {}
attribute {pin QuadX1Y3 a2 } -attr @name {}
attribute {hierPin QuadX1Y3 a2 } -attr @name {}
attribute {pin QuadX1Y3 a3 } -attr @name {}
attribute {hierPin QuadX1Y3 a3 } -attr @name {}
attribute {pin QuadX1Y3 RECCLK_clk0 } -attr @name {}
attribute {hierPin QuadX1Y3 RECCLK_clk0 } -attr @name {}
attribute {pin QuadX1Y3 RECCLK_clk1 } -attr @name {}
attribute {hierPin QuadX1Y3 RECCLK_clk1 } -attr @name {}
load inst cpll.X1Y15 CPLL_X1 syn -hier QuadX1Y3 -pg 1 -y 564 -x 12001 -autohide -attr @name {} -attr @cell {}
attribute {pin cpll.X1Y15 A} -attr @name {}
attribute {pin cpll.X1Y15 B} -attr @name {}
attribute {inst cpll.X1Y15} -attr @fillcolor #00868b
load symbol X1Y15 syn HIERGEN port TX out port RX out port RXRECCLK in
load inst GT.X1Y15 X1Y15 syn -hier QuadX1Y3 -pg 1 -y 564 -x 12000 -autohide -attr @name {}
attribute {inst GT.X1Y15} -attr @fillcolor #7a7a7a
load inst cpll.X1Y14 CPLL_X1 syn -hier QuadX1Y3 -pg 1 -y 649 -x 12001 -autohide -attr @name {} -attr @cell {}
attribute {pin cpll.X1Y14 A} -attr @name {}
attribute {pin cpll.X1Y14 B} -attr @name {}
attribute {inst cpll.X1Y14} -attr @fillcolor #00868b
load symbol X1Y14 syn HIERGEN port TX out port RX out port RXRECCLK in
load inst GT.X1Y14 X1Y14 syn -hier QuadX1Y3 -pg 1 -y 649 -x 12000 -autohide -attr @name {}
attribute {inst GT.X1Y14} -attr @fillcolor #7a7a7a
load inst QPLL0.QuadX1Y3 QPLL0_X1 syn -hier QuadX1Y3 -pg 1 -y 734 -x 12001 -autohide -attr @name {} -attr @cell {}
attribute {pin QPLL0.QuadX1Y3 A} -attr @name {}
attribute {pin QPLL0.QuadX1Y3 B} -attr @name {}
attribute {inst QPLL0.QuadX1Y3} -attr @fillcolor #00868b
load inst QPLL1.QuadX1Y3 QPLL1_X1 syn -hier QuadX1Y3 -pg 1 -y 819 -x 12001 -autohide -attr @name {} -attr @cell {}
attribute {pin QPLL1.QuadX1Y3 A} -attr @name {}
attribute {pin QPLL1.QuadX1Y3 B} -attr @name {}
attribute {inst QPLL1.QuadX1Y3} -attr @fillcolor #00868b
load inst cpll.X1Y13 CPLL_X1 syn -hier QuadX1Y3 -pg 1 -y 904 -x 12001 -autohide -attr @name {} -attr @cell {}
attribute {pin cpll.X1Y13 A} -attr @name {}
attribute {pin cpll.X1Y13 B} -attr @name {}
attribute {inst cpll.X1Y13} -attr @fillcolor #00868b
load symbol X1Y13 syn HIERGEN port TX out port RX out port RXRECCLK in
load inst GT.X1Y13 X1Y13 syn -hier QuadX1Y3 -pg 1 -y 904 -x 12000 -autohide -attr @name {}
attribute {inst GT.X1Y13} -attr @fillcolor #7a7a7a
load inst cpll.X1Y12 CPLL_X1 syn -hier QuadX1Y3 -pg 1 -y 989 -x 12001 -autohide -attr @name {} -attr @cell {}
attribute {pin cpll.X1Y12 A} -attr @name {}
attribute {pin cpll.X1Y12 B} -attr @name {}
attribute {inst cpll.X1Y12} -attr @fillcolor #00868b
load symbol X1Y12 syn HIERGEN port TX out port RX out port RXRECCLK in
load inst GT.X1Y12 X1Y12 syn -hier QuadX1Y3 -pg 1 -y 989 -x 12000 -autohide -attr @name {}
attribute {inst GT.X1Y12} -attr @fillcolor #7a7a7a
load port QuadX1Y3_clk0 out -pg 1 -y 703 -x 12001 -attr @fillcolor #3a5fcd
load port QuadX1Y3_clk1 out -pg 1 -y 873 -x 12001 -attr @fillcolor #3a5fcd
load inst QuadX1Y2 QUAD_X1 v -pg 1 -y 1125 -x 12000 -autohide -attr @cell QuadX1Y2 -attr @name {} -attr @fillcolor #d9d9d9
attribute {pin QuadX1Y2 QPLL0 } -attr @name {}
attribute {hierPin QuadX1Y2 QPLL0 } -attr @name {}
attribute {pin QuadX1Y2 QPLL1 } -attr @name {}
attribute {hierPin QuadX1Y2 QPLL1 } -attr @name {}
attribute {pin QuadX1Y2 a0 } -attr @name {}
attribute {hierPin QuadX1Y2 a0 } -attr @name {}
attribute {pin QuadX1Y2 a1 } -attr @name {}
attribute {hierPin QuadX1Y2 a1 } -attr @name {}
attribute {pin QuadX1Y2 a2 } -attr @name {}
attribute {hierPin QuadX1Y2 a2 } -attr @name {}
attribute {pin QuadX1Y2 a3 } -attr @name {}
attribute {hierPin QuadX1Y2 a3 } -attr @name {}
attribute {pin QuadX1Y2 RECCLK_clk0 } -attr @name {}
attribute {hierPin QuadX1Y2 RECCLK_clk0 } -attr @name {}
attribute {pin QuadX1Y2 RECCLK_clk1 } -attr @name {}
attribute {hierPin QuadX1Y2 RECCLK_clk1 } -attr @name {}
load inst cpll.X1Y11 CPLL_X1 syn -hier QuadX1Y2 -pg 1 -y 1126 -x 12001 -autohide -attr @name {} -attr @cell {}
attribute {pin cpll.X1Y11 A} -attr @name {}
attribute {pin cpll.X1Y11 B} -attr @name {}
attribute {inst cpll.X1Y11} -attr @fillcolor #00868b
load symbol X1Y11 syn HIERGEN port TX out port RX out port RXRECCLK in
load inst GT.X1Y11 X1Y11 syn -hier QuadX1Y2 -pg 1 -y 1126 -x 12000 -autohide -attr @name {}
attribute {inst GT.X1Y11} -attr @fillcolor #7a7a7a
load inst cpll.X1Y10 CPLL_X1 syn -hier QuadX1Y2 -pg 1 -y 1211 -x 12001 -autohide -attr @name {} -attr @cell {}
attribute {pin cpll.X1Y10 A} -attr @name {}
attribute {pin cpll.X1Y10 B} -attr @name {}
attribute {inst cpll.X1Y10} -attr @fillcolor #00868b
load symbol X1Y10 syn HIERGEN port TX out port RX out port RXRECCLK in
load inst GT.X1Y10 X1Y10 syn -hier QuadX1Y2 -pg 1 -y 1211 -x 12000 -autohide -attr @name {}
attribute {inst GT.X1Y10} -attr @fillcolor #7a7a7a
load inst QPLL0.QuadX1Y2 QPLL0_X1 syn -hier QuadX1Y2 -pg 1 -y 1296 -x 12001 -autohide -attr @name {} -attr @cell {}
attribute {pin QPLL0.QuadX1Y2 A} -attr @name {}
attribute {pin QPLL0.QuadX1Y2 B} -attr @name {}
attribute {inst QPLL0.QuadX1Y2} -attr @fillcolor #00868b
load inst QPLL1.QuadX1Y2 QPLL1_X1 syn -hier QuadX1Y2 -pg 1 -y 1381 -x 12001 -autohide -attr @name {} -attr @cell {}
attribute {pin QPLL1.QuadX1Y2 A} -attr @name {}
attribute {pin QPLL1.QuadX1Y2 B} -attr @name {}
attribute {inst QPLL1.QuadX1Y2} -attr @fillcolor #00868b
load inst cpll.X1Y9 CPLL_X1 syn -hier QuadX1Y2 -pg 1 -y 1466 -x 12001 -autohide -attr @name {} -attr @cell {}
attribute {pin cpll.X1Y9 A} -attr @name {}
attribute {pin cpll.X1Y9 B} -attr @name {}
attribute {inst cpll.X1Y9} -attr @fillcolor #00868b
load symbol X1Y9 syn HIERGEN port TX out port RX out port RXRECCLK in
load inst GT.X1Y9 X1Y9 syn -hier QuadX1Y2 -pg 1 -y 1466 -x 12000 -autohide -attr @name {}
attribute {inst GT.X1Y9} -attr @fillcolor #7a7a7a
load inst cpll.X1Y8 CPLL_X1 syn -hier QuadX1Y2 -pg 1 -y 1551 -x 12001 -autohide -attr @name {} -attr @cell {}
attribute {pin cpll.X1Y8 A} -attr @name {}
attribute {pin cpll.X1Y8 B} -attr @name {}
attribute {inst cpll.X1Y8} -attr @fillcolor #00868b
load symbol X1Y8 syn HIERGEN port TX out port RX out port RXRECCLK in
load inst GT.X1Y8 X1Y8 syn -hier QuadX1Y2 -pg 1 -y 1551 -x 12000 -autohide -attr @name {}
attribute {inst GT.X1Y8} -attr @fillcolor #7a7a7a
load port QuadX1Y2_clk0 out -pg 1 -y 1265 -x 12001 -attr @fillcolor #3a5fcd
load port QuadX1Y2_clk1 out -pg 1 -y 1435 -x 12001 -attr @fillcolor #3a5fcd
load inst QuadX1Y1 QUAD_X1 v -pg 1 -y 1687 -x 12000 -autohide -attr @cell QuadX1Y1 -attr @name {} -attr @fillcolor #d9d9d9
attribute {pin QuadX1Y1 QPLL0 } -attr @name {}
attribute {hierPin QuadX1Y1 QPLL0 } -attr @name {}
attribute {pin QuadX1Y1 QPLL1 } -attr @name {}
attribute {hierPin QuadX1Y1 QPLL1 } -attr @name {}
attribute {pin QuadX1Y1 a0 } -attr @name {}
attribute {hierPin QuadX1Y1 a0 } -attr @name {}
attribute {pin QuadX1Y1 a1 } -attr @name {}
attribute {hierPin QuadX1Y1 a1 } -attr @name {}
attribute {pin QuadX1Y1 a2 } -attr @name {}
attribute {hierPin QuadX1Y1 a2 } -attr @name {}
attribute {pin QuadX1Y1 a3 } -attr @name {}
attribute {hierPin QuadX1Y1 a3 } -attr @name {}
attribute {pin QuadX1Y1 RECCLK_clk0 } -attr @name {}
attribute {hierPin QuadX1Y1 RECCLK_clk0 } -attr @name {}
attribute {pin QuadX1Y1 RECCLK_clk1 } -attr @name {}
attribute {hierPin QuadX1Y1 RECCLK_clk1 } -attr @name {}
load inst cpll.X1Y7 CPLL_X1 syn -hier QuadX1Y1 -pg 1 -y 1688 -x 12001 -autohide -attr @name {} -attr @cell {}
attribute {pin cpll.X1Y7 A} -attr @name {}
attribute {pin cpll.X1Y7 B} -attr @name {}
attribute {inst cpll.X1Y7} -attr @fillcolor #00868b
load symbol X1Y7 syn HIERGEN port TX out port RX out port RXRECCLK in
load inst GT.X1Y7 X1Y7 syn -hier QuadX1Y1 -pg 1 -y 1688 -x 12000 -autohide -attr @name {}
attribute {inst GT.X1Y7} -attr @fillcolor #7a7a7a
load inst cpll.X1Y6 CPLL_X1 syn -hier QuadX1Y1 -pg 1 -y 1773 -x 12001 -autohide -attr @name {} -attr @cell {}
attribute {pin cpll.X1Y6 A} -attr @name {}
attribute {pin cpll.X1Y6 B} -attr @name {}
attribute {inst cpll.X1Y6} -attr @fillcolor #00868b
load symbol X1Y6 syn HIERGEN port TX out port RX out port RXRECCLK in
load inst GT.X1Y6 X1Y6 syn -hier QuadX1Y1 -pg 1 -y 1773 -x 12000 -autohide -attr @name {}
attribute {inst GT.X1Y6} -attr @fillcolor #7a7a7a
load inst QPLL0.QuadX1Y1 QPLL0_X1 syn -hier QuadX1Y1 -pg 1 -y 1858 -x 12001 -autohide -attr @name {} -attr @cell {}
attribute {pin QPLL0.QuadX1Y1 A} -attr @name {}
attribute {pin QPLL0.QuadX1Y1 B} -attr @name {}
attribute {inst QPLL0.QuadX1Y1} -attr @fillcolor #00868b
load inst QPLL1.QuadX1Y1 QPLL1_X1 syn -hier QuadX1Y1 -pg 1 -y 1943 -x 12001 -autohide -attr @name {} -attr @cell {}
attribute {pin QPLL1.QuadX1Y1 A} -attr @name {}
attribute {pin QPLL1.QuadX1Y1 B} -attr @name {}
attribute {inst QPLL1.QuadX1Y1} -attr @fillcolor #00868b
load inst cpll.X1Y5 CPLL_X1 syn -hier QuadX1Y1 -pg 1 -y 2028 -x 12001 -autohide -attr @name {} -attr @cell {}
attribute {pin cpll.X1Y5 A} -attr @name {}
attribute {pin cpll.X1Y5 B} -attr @name {}
attribute {inst cpll.X1Y5} -attr @fillcolor #00868b
load symbol X1Y5 syn HIERGEN port TX out port RX out port RXRECCLK in
load inst GT.X1Y5 X1Y5 syn -hier QuadX1Y1 -pg 1 -y 2028 -x 12000 -autohide -attr @name {}
attribute {inst GT.X1Y5} -attr @fillcolor #7a7a7a
load inst cpll.X1Y4 CPLL_X1 syn -hier QuadX1Y1 -pg 1 -y 2113 -x 12001 -autohide -attr @name {} -attr @cell {}
attribute {pin cpll.X1Y4 A} -attr @name {}
attribute {pin cpll.X1Y4 B} -attr @name {}
attribute {inst cpll.X1Y4} -attr @fillcolor #00868b
load symbol X1Y4 syn HIERGEN port TX out port RX out port RXRECCLK in
load inst GT.X1Y4 X1Y4 syn -hier QuadX1Y1 -pg 1 -y 2113 -x 12000 -autohide -attr @name {}
attribute {inst GT.X1Y4} -attr @fillcolor #7a7a7a
load port QuadX1Y1_clk0 out -pg 1 -y 1827 -x 12001 -attr @fillcolor #3a5fcd
load port QuadX1Y1_clk1 out -pg 1 -y 1997 -x 12001 -attr @fillcolor #3a5fcd
load inst QuadX1Y0 QUAD_X1 v -pg 1 -y 2249 -x 12000 -autohide -attr @cell QuadX1Y0 -attr @name {} -attr @fillcolor #d9d9d9
attribute {pin QuadX1Y0 QPLL0 } -attr @name {}
attribute {hierPin QuadX1Y0 QPLL0 } -attr @name {}
attribute {pin QuadX1Y0 QPLL1 } -attr @name {}
attribute {hierPin QuadX1Y0 QPLL1 } -attr @name {}
attribute {pin QuadX1Y0 a0 } -attr @name {}
attribute {hierPin QuadX1Y0 a0 } -attr @name {}
attribute {pin QuadX1Y0 a1 } -attr @name {}
attribute {hierPin QuadX1Y0 a1 } -attr @name {}
attribute {pin QuadX1Y0 a2 } -attr @name {}
attribute {hierPin QuadX1Y0 a2 } -attr @name {}
attribute {pin QuadX1Y0 a3 } -attr @name {}
attribute {hierPin QuadX1Y0 a3 } -attr @name {}
attribute {pin QuadX1Y0 RECCLK_clk0 } -attr @name {}
attribute {hierPin QuadX1Y0 RECCLK_clk0 } -attr @name {}
attribute {pin QuadX1Y0 RECCLK_clk1 } -attr @name {}
attribute {hierPin QuadX1Y0 RECCLK_clk1 } -attr @name {}
load inst cpll.X1Y3 CPLL_X1 syn -hier QuadX1Y0 -pg 1 -y 2250 -x 12001 -autohide -attr @name {} -attr @cell {}
attribute {pin cpll.X1Y3 A} -attr @name {}
attribute {pin cpll.X1Y3 B} -attr @name {}
attribute {inst cpll.X1Y3} -attr @fillcolor #00868b
load symbol X1Y3 syn HIERGEN port TX out port RX out port RXRECCLK in
load inst GT.X1Y3 X1Y3 syn -hier QuadX1Y0 -pg 1 -y 2250 -x 12000 -autohide -attr @name {}
attribute {inst GT.X1Y3} -attr @fillcolor #7a7a7a
load inst cpll.X1Y2 CPLL_X1 syn -hier QuadX1Y0 -pg 1 -y 2335 -x 12001 -autohide -attr @name {} -attr @cell {}
attribute {pin cpll.X1Y2 A} -attr @name {}
attribute {pin cpll.X1Y2 B} -attr @name {}
attribute {inst cpll.X1Y2} -attr @fillcolor #00868b
load symbol X1Y2 syn HIERGEN port TX out port RX out port RXRECCLK in
load inst GT.X1Y2 X1Y2 syn -hier QuadX1Y0 -pg 1 -y 2335 -x 12000 -autohide -attr @name {}
attribute {inst GT.X1Y2} -attr @fillcolor #7a7a7a
load inst QPLL0.QuadX1Y0 QPLL0_X1 syn -hier QuadX1Y0 -pg 1 -y 2420 -x 12001 -autohide -attr @name {} -attr @cell {}
attribute {pin QPLL0.QuadX1Y0 A} -attr @name {}
attribute {pin QPLL0.QuadX1Y0 B} -attr @name {}
attribute {inst QPLL0.QuadX1Y0} -attr @fillcolor #00868b
load inst QPLL1.QuadX1Y0 QPLL1_X1 syn -hier QuadX1Y0 -pg 1 -y 2505 -x 12001 -autohide -attr @name {} -attr @cell {}
attribute {pin QPLL1.QuadX1Y0 A} -attr @name {}
attribute {pin QPLL1.QuadX1Y0 B} -attr @name {}
attribute {inst QPLL1.QuadX1Y0} -attr @fillcolor #00868b
load inst cpll.X1Y1 CPLL_X1 syn -hier QuadX1Y0 -pg 1 -y 2590 -x 12001 -autohide -attr @name {} -attr @cell {}
attribute {pin cpll.X1Y1 A} -attr @name {}
attribute {pin cpll.X1Y1 B} -attr @name {}
attribute {inst cpll.X1Y1} -attr @fillcolor #00868b
load symbol X1Y1 syn HIERGEN port TX out port RX out port RXRECCLK in
load inst GT.X1Y1 X1Y1 syn -hier QuadX1Y0 -pg 1 -y 2590 -x 12000 -autohide -attr @name {}
attribute {inst GT.X1Y1} -attr @fillcolor #7a7a7a
load inst cpll.X1Y0 CPLL_X1 syn -hier QuadX1Y0 -pg 1 -y 2675 -x 12001 -autohide -attr @name {} -attr @cell {}
attribute {pin cpll.X1Y0 A} -attr @name {}
attribute {pin cpll.X1Y0 B} -attr @name {}
attribute {inst cpll.X1Y0} -attr @fillcolor #00868b
load symbol X1Y0 syn HIERGEN port TX out port RX out port RXRECCLK in
load inst GT.X1Y0 X1Y0 syn -hier QuadX1Y0 -pg 1 -y 2675 -x 12000 -autohide -attr @name {}
attribute {inst GT.X1Y0} -attr @fillcolor #7a7a7a
load port QuadX1Y0_clk0 out -pg 1 -y 2389 -x 12001 -attr @fillcolor #3a5fcd
load port QuadX1Y0_clk1 out -pg 1 -y 2559 -x 12001 -attr @fillcolor #3a5fcd
attribute {inst GT.X0Y19} -attr @fillcolor #7a7a7a
attribute {inst cpll.X0Y19} -attr @fillcolor #00868b
attribute {inst QPLL0.QuadX0Y4} -attr @fillcolor #00868b
attribute {inst QPLL1.QuadX0Y4} -attr @fillcolor #00868b
attribute {inst GT.X0Y18} -attr @fillcolor #7a7a7a
attribute {inst cpll.X0Y18} -attr @fillcolor #00868b
attribute {inst GT.X0Y17} -attr @fillcolor #7a7a7a
attribute {inst cpll.X0Y17} -attr @fillcolor #00868b
attribute {inst GT.X0Y16} -attr @fillcolor #7a7a7a
attribute {inst cpll.X0Y16} -attr @fillcolor #00868b
attribute {inst GT.X0Y15} -attr @fillcolor #7a7a7a
attribute {inst cpll.X0Y15} -attr @fillcolor #00868b
attribute {inst QPLL0.QuadX0Y3} -attr @fillcolor #00868b
attribute {inst QPLL1.QuadX0Y3} -attr @fillcolor #00868b
attribute {inst GT.X0Y14} -attr @fillcolor #7a7a7a
attribute {inst cpll.X0Y14} -attr @fillcolor #00868b
attribute {inst GT.X0Y13} -attr @fillcolor #7a7a7a
attribute {inst cpll.X0Y13} -attr @fillcolor #00868b
attribute {inst GT.X0Y12} -attr @fillcolor #7a7a7a
attribute {inst cpll.X0Y12} -attr @fillcolor #00868b
attribute {inst GT.X1Y19} -attr @fillcolor #7a7a7a
attribute {inst cpll.X1Y19} -attr @fillcolor #00868b
attribute {inst QPLL0.QuadX1Y4} -attr @fillcolor #00868b
attribute {inst QPLL1.QuadX1Y4} -attr @fillcolor #00868b
attribute {inst GT.X1Y18} -attr @fillcolor #7a7a7a
attribute {inst cpll.X1Y18} -attr @fillcolor #00868b
attribute {inst GT.X1Y17} -attr @fillcolor #7a7a7a
attribute {inst cpll.X1Y17} -attr @fillcolor #00868b
attribute {inst GT.X1Y16} -attr @fillcolor #7a7a7a
attribute {inst cpll.X1Y16} -attr @fillcolor #00868b
attribute {inst GT.X1Y15} -attr @fillcolor #7a7a7a
attribute {inst cpll.X1Y15} -attr @fillcolor #00868b
attribute {inst QPLL0.QuadX1Y3} -attr @fillcolor #00868b
attribute {inst QPLL1.QuadX1Y3} -attr @fillcolor #00868b
attribute {inst GT.X1Y14} -attr @fillcolor #7a7a7a
attribute {inst cpll.X1Y14} -attr @fillcolor #00868b
attribute {inst GT.X1Y13} -attr @fillcolor #7a7a7a
attribute {inst cpll.X1Y13} -attr @fillcolor #00868b
attribute {inst GT.X1Y12} -attr @fillcolor #7a7a7a
attribute {inst cpll.X1Y12} -attr @fillcolor #00868b
attribute {inst GT.X1Y11} -attr @fillcolor #7a7a7a
attribute {inst cpll.X1Y11} -attr @fillcolor #00868b
attribute {inst QPLL0.QuadX1Y2} -attr @fillcolor #00868b
attribute {inst QPLL1.QuadX1Y2} -attr @fillcolor #00868b
attribute {inst GT.X1Y10} -attr @fillcolor #7a7a7a
attribute {inst cpll.X1Y10} -attr @fillcolor #00868b
attribute {inst GT.X1Y9} -attr @fillcolor #7a7a7a
attribute {inst cpll.X1Y9} -attr @fillcolor #00868b
attribute {inst GT.X1Y8} -attr @fillcolor #7a7a7a
attribute {inst cpll.X1Y8} -attr @fillcolor #00868b
attribute {inst GT.X1Y7} -attr @fillcolor #7a7a7a
attribute {inst cpll.X1Y7} -attr @fillcolor #00868b
attribute {inst QPLL0.QuadX1Y1} -attr @fillcolor #00868b
attribute {inst QPLL1.QuadX1Y1} -attr @fillcolor #00868b
attribute {inst GT.X1Y6} -attr @fillcolor #7a7a7a
attribute {inst cpll.X1Y6} -attr @fillcolor #00868b
attribute {inst GT.X1Y5} -attr @fillcolor #7a7a7a
attribute {inst cpll.X1Y5} -attr @fillcolor #00868b
attribute {inst GT.X1Y4} -attr @fillcolor #7a7a7a
attribute {inst cpll.X1Y4} -attr @fillcolor #00868b
attribute {inst GT.X1Y3} -attr @fillcolor #7a7a7a
attribute {inst cpll.X1Y3} -attr @fillcolor #00868b
attribute {inst QPLL0.QuadX1Y0} -attr @fillcolor #00868b
attribute {inst QPLL1.QuadX1Y0} -attr @fillcolor #00868b
attribute {inst GT.X1Y2} -attr @fillcolor #7a7a7a
attribute {inst cpll.X1Y2} -attr @fillcolor #00868b
attribute {inst GT.X1Y1} -attr @fillcolor #7a7a7a
attribute {inst cpll.X1Y1} -attr @fillcolor #00868b
attribute {inst GT.X1Y0} -attr @fillcolor #7a7a7a
attribute {inst cpll.X1Y0} -attr @fillcolor #00868b
increment -const
load net net.clk.QuadX0Y3_clk0 -port QuadX0Y3_clk0 -pin QuadX0Y3 QPLL0
load net net.quad.QPLL0.QuadX0Y3 -hierPin QuadX0Y3 QPLL0 -pin QPLL0.QuadX0Y3 A
load net net.chan.QPLL0.QuadX0Y3 -pin QPLL0.QuadX0Y3 B -pin GT.X0Y12 TX
attribute {inst QPLL0.QuadX0Y3} -attr @fillcolor #cccc00
attribute {inst GT.X0Y12} -attr @fillcolor #cccc00
load net net.chan.QPLL0.QuadX0Y3 -pin QPLL0.QuadX0Y3 B -pin GT.X0Y12 RX
attribute {inst QPLL0.QuadX0Y3} -attr @fillcolor #cccc00
attribute {inst GT.X0Y12} -attr @fillcolor #cccc00
show
# Starting Split Pages                                                  460.18
# Split Pages 91 Comps, 3 Nets 0 NetBundles 0 CGraphics                 460.18
# KwayPart started for 91 comps, 3 nets                                 460.18
# Init done: 1 nodes (1 locked nodes), 0 edges                          460.18
# Startpart done: 1 parts                                               460.18
# KwayPart done                                                         460.18
# End of Split Pages: 1 pages                                           460.18
# End of Split Pages                                                    460.18
# Generating Regions for Page 1:   91 Comps,    3 Nets                  460.18
# Analyze                                                               460.18
# Levelize                                                              460.18
# End of LevelAssign mode=I, 3 Levels, 10 Comps, limit=30000            460.18
# Nets                                                                  460.18
# Place                                                                 460.18
# PlaceNets                                                             460.18
# SpaceY                                                                460.18
# Track                                                                 460.18
# SpaceX                                                                460.18
# Wire                                                                  460.18
# End of Wire: 0 nets, 0 ch, wire: 0-->0 (0 with wbits)                 460.18
# End of doGenerate                                                     460.18
# Analyze                                                               460.18
# Levelize                                                              460.18
# End of LevelAssign mode=I, 3 Levels, 10 Comps, limit=30000            460.18
# Nets                                                                  460.18
# Place                                                                 460.18
# PlaceNets                                                             460.18
# SpaceY                                                                460.18
# Track                                                                 460.18
# SpaceX                                                                460.18
# Wire                                                                  460.18
# End of Wire: 0 nets, 0 ch, wire: 0-->0 (0 with wbits)                 460.18
# End of doGenerate                                                     460.18
# Analyze                                                               460.18
# Levelize                                                              460.18
# End of LevelAssign mode=I, 3 Levels, 10 Comps, limit=30000            460.18
# Nets                                                                  460.18
# Place                                                                 460.18
# PlaceNets                                                             460.18
# SpaceY                                                                460.18
# Track                                                                 460.18
# SpaceX                                                                460.18
# Wire                                                                  460.18
# End of Wire: 0 nets, 0 ch, wire: 0-->0 (0 with wbits)                 460.18
# End of doGenerate                                                     460.18
# Analyze                                                               460.18
# Levelize                                                              460.18
# End of LevelAssign mode=I, 3 Levels, 10 Comps, limit=30000            460.18
# Nets                                                                  460.18
# Place                                                                 460.18
# PlaceNets                                                             460.18
# SpaceY                                                                460.18
# Track                                                                 460.18
# SpaceX                                                                460.18
# Wire                                                                  460.18
# End of Wire: 0 nets, 0 ch, wire: 0-->0 (0 with wbits)                 460.18
# End of doGenerate                                                     460.18
# Analyze                                                               460.18
# Levelize                                                              460.18
# End of LevelAssign mode=I, 3 Levels, 10 Comps, limit=30000            460.18
# Nets                                                                  460.18
# Place                                                                 460.18
# PlaceNets                                                             460.18
# SpaceY                                                                460.18
# Track                                                                 460.18
# SpaceX                                                                460.18
# Wire                                                                  460.18
# End of Wire: 0 nets, 0 ch, wire: 0-->0 (0 with wbits)                 460.18
# End of doGenerate                                                     460.18
# Analyze                                                               460.18
# Levelize                                                              460.18
# End of LevelAssign mode=I, 3 Levels, 10 Comps, limit=30000            460.18
# Nets                                                                  460.18
# Place                                                                 460.18
# PlaceNets                                                             460.18
# SpaceY                                                                460.18
# Track                                                                 460.18
# SpaceX                                                                460.18
# Wire                                                                  460.18
# End of Wire: 0 nets, 0 ch, wire: 0-->0 (0 with wbits)                 460.18
# End of doGenerate                                                     460.18
# Analyze                                                               460.18
# Levelize                                                              460.18
# End of LevelAssign mode=I, 3 Levels, 11 Comps, limit=30000            460.18
# Nets                                                                  460.18
# Place                                                                 460.18
# PlaceNets                                                             460.18
# SpaceY                                                                460.18
# Track                                                                 460.18
# SpaceX                                                                460.18
# Wire                                                                  460.18
# End of Wire: 2 nets, 2 ch, wire: 10-->10 (0 with wbits)               460.18
# End of doGenerate                                                     460.18
# Analyze                                                               460.18
# Levelize                                                              460.18
# End of LevelAssign mode=I, 3 Levels, 21 Comps, limit=30000            460.18
# Nets                                                                  460.18
# Place                                                                 460.18
# PlaceNets                                                             460.18
# SpaceY                                                                460.18
# Track                                                                 460.18
# SpaceX                                                                460.18
# Wire                                                                  460.18
# End of Wire: 1 nets, 1 ch, wire: 4-->4 (0 with wbits)                 460.18
# End of doGenerate                                                     460.18
# End of Generating Regions for Page 1                                  460.18
scrollpos 184 1116
zoom -x 0 -y 0 0.6
scrollpos 138 837
#R 0.6
#CMD scrollpos 0 0
scrollpos 0 0
selection -itemized {inst GT.X0Y12}
center_objects -itemized {inst GT.X0Y12}
scrollpos 132 593
module new gtmodule
#  * Current module is gtmodule 
load symbol QUAD_X0 v HIERBOX port a0 in port a1 in port a2 in port a3 in port QPLL0 in port QPLL1 in port RECCLK_clk0 out port RECCLK_clk1 out
load symbol QUAD_X1 v HIERBOX port a0 out port a1 out port a2 out port a3 out port QPLL0 out port QPLL1 out port RECCLK_clk0 in port RECCLK_clk1 in
load symbol CPLL_X0 syn BOX port A in port B out text CPLL -cc 25 0 12
load symbol CPLL_X1 syn BOX port A out port B in text CPLL -cc 25 0 12
load symbol QPLL0_X0 syn BOX port A in port B out text QPLL0 -cc 25 0 12
load symbol QPLL0_X1 syn BOX port A out port B in text QPLL0 -cc 25 0 12
load symbol QPLL1_X0 syn BOX port A in port B out text QPLL1 -cc 25 0 12
load symbol QPLL1_X1 syn BOX port A out port B in text QPLL1 -cc 25 0 12
load inst QuadX0Y4 QUAD_X0 v -pg 1 -y 1 -x 2000 -autohide -attr @cell QuadX0Y4 -attr @name {} -attr @fillcolor #d9d9d9
attribute {pin QuadX0Y4 QPLL0 } -attr @name {}
attribute {hierPin QuadX0Y4 QPLL0 } -attr @name {}
attribute {pin QuadX0Y4 QPLL1 } -attr @name {}
attribute {hierPin QuadX0Y4 QPLL1 } -attr @name {}
attribute {pin QuadX0Y4 a0 } -attr @name {}
attribute {hierPin QuadX0Y4 a0 } -attr @name {}
attribute {pin QuadX0Y4 a1 } -attr @name {}
attribute {hierPin QuadX0Y4 a1 } -attr @name {}
attribute {pin QuadX0Y4 a2 } -attr @name {}
attribute {hierPin QuadX0Y4 a2 } -attr @name {}
attribute {pin QuadX0Y4 a3 } -attr @name {}
attribute {hierPin QuadX0Y4 a3 } -attr @name {}
attribute {pin QuadX0Y4 RECCLK_clk0 } -attr @name {}
attribute {hierPin QuadX0Y4 RECCLK_clk0 } -attr @name {}
attribute {pin QuadX0Y4 RECCLK_clk1 } -attr @name {}
attribute {hierPin QuadX0Y4 RECCLK_clk1 } -attr @name {}
load inst cpll.X0Y19 CPLL_X0 syn -hier QuadX0Y4 -pg 1 -y 2 -x 1 -autohide -attr @name {} -attr @cell {}
attribute {pin cpll.X0Y19 A} -attr @name {}
attribute {pin cpll.X0Y19 B} -attr @name {}
attribute {inst cpll.X0Y19} -attr @fillcolor #00868b
load symbol X0Y19 syn HIERGEN port TX in port RX in port RXRECCLK out
load inst GT.X0Y19 X0Y19 syn -hier QuadX0Y4 -pg 1 -y 2 -x 2000 -autohide -attr @name {}
attribute {inst GT.X0Y19} -attr @fillcolor #7a7a7a
load inst cpll.X0Y18 CPLL_X0 syn -hier QuadX0Y4 -pg 1 -y 87 -x 1 -autohide -attr @name {} -attr @cell {}
attribute {pin cpll.X0Y18 A} -attr @name {}
attribute {pin cpll.X0Y18 B} -attr @name {}
attribute {inst cpll.X0Y18} -attr @fillcolor #00868b
load symbol X0Y18 syn HIERGEN port TX in port RX in port RXRECCLK out
load inst GT.X0Y18 X0Y18 syn -hier QuadX0Y4 -pg 1 -y 87 -x 2000 -autohide -attr @name {}
attribute {inst GT.X0Y18} -attr @fillcolor #7a7a7a
load inst QPLL0.QuadX0Y4 QPLL0_X0 syn -hier QuadX0Y4 -pg 1 -y 172 -x 1 -autohide -attr @name {} -attr @cell {}
attribute {pin QPLL0.QuadX0Y4 A} -attr @name {}
attribute {pin QPLL0.QuadX0Y4 B} -attr @name {}
attribute {inst QPLL0.QuadX0Y4} -attr @fillcolor #00868b
load inst QPLL1.QuadX0Y4 QPLL1_X0 syn -hier QuadX0Y4 -pg 1 -y 257 -x 1 -autohide -attr @name {} -attr @cell {}
attribute {pin QPLL1.QuadX0Y4 A} -attr @name {}
attribute {pin QPLL1.QuadX0Y4 B} -attr @name {}
attribute {inst QPLL1.QuadX0Y4} -attr @fillcolor #00868b
load inst cpll.X0Y17 CPLL_X0 syn -hier QuadX0Y4 -pg 1 -y 342 -x 1 -autohide -attr @name {} -attr @cell {}
attribute {pin cpll.X0Y17 A} -attr @name {}
attribute {pin cpll.X0Y17 B} -attr @name {}
attribute {inst cpll.X0Y17} -attr @fillcolor #00868b
load symbol X0Y17 syn HIERGEN port TX in port RX in port RXRECCLK out
load inst GT.X0Y17 X0Y17 syn -hier QuadX0Y4 -pg 1 -y 342 -x 2000 -autohide -attr @name {}
attribute {inst GT.X0Y17} -attr @fillcolor #7a7a7a
load inst cpll.X0Y16 CPLL_X0 syn -hier QuadX0Y4 -pg 1 -y 427 -x 1 -autohide -attr @name {} -attr @cell {}
attribute {pin cpll.X0Y16 A} -attr @name {}
attribute {pin cpll.X0Y16 B} -attr @name {}
attribute {inst cpll.X0Y16} -attr @fillcolor #00868b
load symbol X0Y16 syn HIERGEN port TX in port RX in port RXRECCLK out
load inst GT.X0Y16 X0Y16 syn -hier QuadX0Y4 -pg 1 -y 427 -x 2000 -autohide -attr @name {}
attribute {inst GT.X0Y16} -attr @fillcolor #7a7a7a
load port QuadX0Y4_clk0 in -pg 1 -y 141 -x 1 -attr @fillcolor #3a5fcd
load port QuadX0Y4_clk1 in -pg 1 -y 311 -x 1 -attr @fillcolor #3a5fcd
load inst QuadX0Y3 QUAD_X0 v -pg 1 -y 563 -x 2000 -autohide -attr @cell QuadX0Y3 -attr @name {} -attr @fillcolor #d9d9d9
attribute {pin QuadX0Y3 QPLL0 } -attr @name {}
attribute {hierPin QuadX0Y3 QPLL0 } -attr @name {}
attribute {pin QuadX0Y3 QPLL1 } -attr @name {}
attribute {hierPin QuadX0Y3 QPLL1 } -attr @name {}
attribute {pin QuadX0Y3 a0 } -attr @name {}
attribute {hierPin QuadX0Y3 a0 } -attr @name {}
attribute {pin QuadX0Y3 a1 } -attr @name {}
attribute {hierPin QuadX0Y3 a1 } -attr @name {}
attribute {pin QuadX0Y3 a2 } -attr @name {}
attribute {hierPin QuadX0Y3 a2 } -attr @name {}
attribute {pin QuadX0Y3 a3 } -attr @name {}
attribute {hierPin QuadX0Y3 a3 } -attr @name {}
attribute {pin QuadX0Y3 RECCLK_clk0 } -attr @name {}
attribute {hierPin QuadX0Y3 RECCLK_clk0 } -attr @name {}
attribute {pin QuadX0Y3 RECCLK_clk1 } -attr @name {}
attribute {hierPin QuadX0Y3 RECCLK_clk1 } -attr @name {}
load inst cpll.X0Y15 CPLL_X0 syn -hier QuadX0Y3 -pg 1 -y 564 -x 1 -autohide -attr @name {} -attr @cell {}
attribute {pin cpll.X0Y15 A} -attr @name {}
attribute {pin cpll.X0Y15 B} -attr @name {}
attribute {inst cpll.X0Y15} -attr @fillcolor #00868b
load symbol X0Y15 syn HIERGEN port TX in port RX in port RXRECCLK out
load inst GT.X0Y15 X0Y15 syn -hier QuadX0Y3 -pg 1 -y 564 -x 2000 -autohide -attr @name {}
attribute {inst GT.X0Y15} -attr @fillcolor #7a7a7a
load inst cpll.X0Y14 CPLL_X0 syn -hier QuadX0Y3 -pg 1 -y 649 -x 1 -autohide -attr @name {} -attr @cell {}
attribute {pin cpll.X0Y14 A} -attr @name {}
attribute {pin cpll.X0Y14 B} -attr @name {}
attribute {inst cpll.X0Y14} -attr @fillcolor #00868b
load symbol X0Y14 syn HIERGEN port TX in port RX in port RXRECCLK out
load inst GT.X0Y14 X0Y14 syn -hier QuadX0Y3 -pg 1 -y 649 -x 2000 -autohide -attr @name {}
attribute {inst GT.X0Y14} -attr @fillcolor #7a7a7a
load inst QPLL0.QuadX0Y3 QPLL0_X0 syn -hier QuadX0Y3 -pg 1 -y 734 -x 1 -autohide -attr @name {} -attr @cell {}
attribute {pin QPLL0.QuadX0Y3 A} -attr @name {}
attribute {pin QPLL0.QuadX0Y3 B} -attr @name {}
attribute {inst QPLL0.QuadX0Y3} -attr @fillcolor #00868b
load inst QPLL1.QuadX0Y3 QPLL1_X0 syn -hier QuadX0Y3 -pg 1 -y 819 -x 1 -autohide -attr @name {} -attr @cell {}
attribute {pin QPLL1.QuadX0Y3 A} -attr @name {}
attribute {pin QPLL1.QuadX0Y3 B} -attr @name {}
attribute {inst QPLL1.QuadX0Y3} -attr @fillcolor #00868b
load inst cpll.X0Y13 CPLL_X0 syn -hier QuadX0Y3 -pg 1 -y 904 -x 1 -autohide -attr @name {} -attr @cell {}
attribute {pin cpll.X0Y13 A} -attr @name {}
attribute {pin cpll.X0Y13 B} -attr @name {}
attribute {inst cpll.X0Y13} -attr @fillcolor #00868b
load symbol X0Y13 syn HIERGEN port TX in port RX in port RXRECCLK out
load inst GT.X0Y13 X0Y13 syn -hier QuadX0Y3 -pg 1 -y 904 -x 2000 -autohide -attr @name {}
attribute {inst GT.X0Y13} -attr @fillcolor #7a7a7a
load inst cpll.X0Y12 CPLL_X0 syn -hier QuadX0Y3 -pg 1 -y 989 -x 1 -autohide -attr @name {} -attr @cell {}
attribute {pin cpll.X0Y12 A} -attr @name {}
attribute {pin cpll.X0Y12 B} -attr @name {}
attribute {inst cpll.X0Y12} -attr @fillcolor #00868b
load symbol X0Y12 syn HIERGEN port TX in port RX in port RXRECCLK out
load inst GT.X0Y12 X0Y12 syn -hier QuadX0Y3 -pg 1 -y 989 -x 2000 -autohide -attr @name {}
attribute {inst GT.X0Y12} -attr @fillcolor #7a7a7a
load port QuadX0Y3_clk0 in -pg 1 -y 703 -x 1 -attr @fillcolor #3a5fcd
load port QuadX0Y3_clk1 in -pg 1 -y 873 -x 1 -attr @fillcolor #3a5fcd
load inst QuadX1Y4 QUAD_X1 v -pg 1 -y 1 -x 12000 -autohide -attr @cell QuadX1Y4 -attr @name {} -attr @fillcolor #d9d9d9
attribute {pin QuadX1Y4 QPLL0 } -attr @name {}
attribute {hierPin QuadX1Y4 QPLL0 } -attr @name {}
attribute {pin QuadX1Y4 QPLL1 } -attr @name {}
attribute {hierPin QuadX1Y4 QPLL1 } -attr @name {}
attribute {pin QuadX1Y4 a0 } -attr @name {}
attribute {hierPin QuadX1Y4 a0 } -attr @name {}
attribute {pin QuadX1Y4 a1 } -attr @name {}
attribute {hierPin QuadX1Y4 a1 } -attr @name {}
attribute {pin QuadX1Y4 a2 } -attr @name {}
attribute {hierPin QuadX1Y4 a2 } -attr @name {}
attribute {pin QuadX1Y4 a3 } -attr @name {}
attribute {hierPin QuadX1Y4 a3 } -attr @name {}
attribute {pin QuadX1Y4 RECCLK_clk0 } -attr @name {}
attribute {hierPin QuadX1Y4 RECCLK_clk0 } -attr @name {}
attribute {pin QuadX1Y4 RECCLK_clk1 } -attr @name {}
attribute {hierPin QuadX1Y4 RECCLK_clk1 } -attr @name {}
load inst cpll.X1Y19 CPLL_X1 syn -hier QuadX1Y4 -pg 1 -y 2 -x 12001 -autohide -attr @name {} -attr @cell {}
attribute {pin cpll.X1Y19 A} -attr @name {}
attribute {pin cpll.X1Y19 B} -attr @name {}
attribute {inst cpll.X1Y19} -attr @fillcolor #00868b
load symbol X1Y19 syn HIERGEN port TX out port RX out port RXRECCLK in
load inst GT.X1Y19 X1Y19 syn -hier QuadX1Y4 -pg 1 -y 2 -x 12000 -autohide -attr @name {}
attribute {inst GT.X1Y19} -attr @fillcolor #7a7a7a
load inst cpll.X1Y18 CPLL_X1 syn -hier QuadX1Y4 -pg 1 -y 87 -x 12001 -autohide -attr @name {} -attr @cell {}
attribute {pin cpll.X1Y18 A} -attr @name {}
attribute {pin cpll.X1Y18 B} -attr @name {}
attribute {inst cpll.X1Y18} -attr @fillcolor #00868b
load symbol X1Y18 syn HIERGEN port TX out port RX out port RXRECCLK in
load inst GT.X1Y18 X1Y18 syn -hier QuadX1Y4 -pg 1 -y 87 -x 12000 -autohide -attr @name {}
attribute {inst GT.X1Y18} -attr @fillcolor #7a7a7a
load inst QPLL0.QuadX1Y4 QPLL0_X1 syn -hier QuadX1Y4 -pg 1 -y 172 -x 12001 -autohide -attr @name {} -attr @cell {}
attribute {pin QPLL0.QuadX1Y4 A} -attr @name {}
attribute {pin QPLL0.QuadX1Y4 B} -attr @name {}
attribute {inst QPLL0.QuadX1Y4} -attr @fillcolor #00868b
load inst QPLL1.QuadX1Y4 QPLL1_X1 syn -hier QuadX1Y4 -pg 1 -y 257 -x 12001 -autohide -attr @name {} -attr @cell {}
attribute {pin QPLL1.QuadX1Y4 A} -attr @name {}
attribute {pin QPLL1.QuadX1Y4 B} -attr @name {}
attribute {inst QPLL1.QuadX1Y4} -attr @fillcolor #00868b
load inst cpll.X1Y17 CPLL_X1 syn -hier QuadX1Y4 -pg 1 -y 342 -x 12001 -autohide -attr @name {} -attr @cell {}
attribute {pin cpll.X1Y17 A} -attr @name {}
attribute {pin cpll.X1Y17 B} -attr @name {}
attribute {inst cpll.X1Y17} -attr @fillcolor #00868b
load symbol X1Y17 syn HIERGEN port TX out port RX out port RXRECCLK in
load inst GT.X1Y17 X1Y17 syn -hier QuadX1Y4 -pg 1 -y 342 -x 12000 -autohide -attr @name {}
attribute {inst GT.X1Y17} -attr @fillcolor #7a7a7a
load inst cpll.X1Y16 CPLL_X1 syn -hier QuadX1Y4 -pg 1 -y 427 -x 12001 -autohide -attr @name {} -attr @cell {}
attribute {pin cpll.X1Y16 A} -attr @name {}
attribute {pin cpll.X1Y16 B} -attr @name {}
attribute {inst cpll.X1Y16} -attr @fillcolor #00868b
load symbol X1Y16 syn HIERGEN port TX out port RX out port RXRECCLK in
load inst GT.X1Y16 X1Y16 syn -hier QuadX1Y4 -pg 1 -y 427 -x 12000 -autohide -attr @name {}
attribute {inst GT.X1Y16} -attr @fillcolor #7a7a7a
load port QuadX1Y4_clk0 out -pg 1 -y 141 -x 12001 -attr @fillcolor #3a5fcd
load port QuadX1Y4_clk1 out -pg 1 -y 311 -x 12001 -attr @fillcolor #3a5fcd
load inst QuadX1Y3 QUAD_X1 v -pg 1 -y 563 -x 12000 -autohide -attr @cell QuadX1Y3 -attr @name {} -attr @fillcolor #d9d9d9
attribute {pin QuadX1Y3 QPLL0 } -attr @name {}
attribute {hierPin QuadX1Y3 QPLL0 } -attr @name {}
attribute {pin QuadX1Y3 QPLL1 } -attr @name {}
attribute {hierPin QuadX1Y3 QPLL1 } -attr @name {}
attribute {pin QuadX1Y3 a0 } -attr @name {}
attribute {hierPin QuadX1Y3 a0 } -attr @name {}
attribute {pin QuadX1Y3 a1 } -attr @name {}
attribute {hierPin QuadX1Y3 a1 } -attr @name {}
attribute {pin QuadX1Y3 a2 } -attr @name {}
attribute {hierPin QuadX1Y3 a2 } -attr @name {}
attribute {pin QuadX1Y3 a3 } -attr @name {}
attribute {hierPin QuadX1Y3 a3 } -attr @name {}
attribute {pin QuadX1Y3 RECCLK_clk0 } -attr @name {}
attribute {hierPin QuadX1Y3 RECCLK_clk0 } -attr @name {}
attribute {pin QuadX1Y3 RECCLK_clk1 } -attr @name {}
attribute {hierPin QuadX1Y3 RECCLK_clk1 } -attr @name {}
load inst cpll.X1Y15 CPLL_X1 syn -hier QuadX1Y3 -pg 1 -y 564 -x 12001 -autohide -attr @name {} -attr @cell {}
attribute {pin cpll.X1Y15 A} -attr @name {}
attribute {pin cpll.X1Y15 B} -attr @name {}
attribute {inst cpll.X1Y15} -attr @fillcolor #00868b
load symbol X1Y15 syn HIERGEN port TX out port RX out port RXRECCLK in
load inst GT.X1Y15 X1Y15 syn -hier QuadX1Y3 -pg 1 -y 564 -x 12000 -autohide -attr @name {}
attribute {inst GT.X1Y15} -attr @fillcolor #7a7a7a
load inst cpll.X1Y14 CPLL_X1 syn -hier QuadX1Y3 -pg 1 -y 649 -x 12001 -autohide -attr @name {} -attr @cell {}
attribute {pin cpll.X1Y14 A} -attr @name {}
attribute {pin cpll.X1Y14 B} -attr @name {}
attribute {inst cpll.X1Y14} -attr @fillcolor #00868b
load symbol X1Y14 syn HIERGEN port TX out port RX out port RXRECCLK in
load inst GT.X1Y14 X1Y14 syn -hier QuadX1Y3 -pg 1 -y 649 -x 12000 -autohide -attr @name {}
attribute {inst GT.X1Y14} -attr @fillcolor #7a7a7a
load inst QPLL0.QuadX1Y3 QPLL0_X1 syn -hier QuadX1Y3 -pg 1 -y 734 -x 12001 -autohide -attr @name {} -attr @cell {}
attribute {pin QPLL0.QuadX1Y3 A} -attr @name {}
attribute {pin QPLL0.QuadX1Y3 B} -attr @name {}
attribute {inst QPLL0.QuadX1Y3} -attr @fillcolor #00868b
load inst QPLL1.QuadX1Y3 QPLL1_X1 syn -hier QuadX1Y3 -pg 1 -y 819 -x 12001 -autohide -attr @name {} -attr @cell {}
attribute {pin QPLL1.QuadX1Y3 A} -attr @name {}
attribute {pin QPLL1.QuadX1Y3 B} -attr @name {}
attribute {inst QPLL1.QuadX1Y3} -attr @fillcolor #00868b
load inst cpll.X1Y13 CPLL_X1 syn -hier QuadX1Y3 -pg 1 -y 904 -x 12001 -autohide -attr @name {} -attr @cell {}
attribute {pin cpll.X1Y13 A} -attr @name {}
attribute {pin cpll.X1Y13 B} -attr @name {}
attribute {inst cpll.X1Y13} -attr @fillcolor #00868b
load symbol X1Y13 syn HIERGEN port TX out port RX out port RXRECCLK in
load inst GT.X1Y13 X1Y13 syn -hier QuadX1Y3 -pg 1 -y 904 -x 12000 -autohide -attr @name {}
attribute {inst GT.X1Y13} -attr @fillcolor #7a7a7a
load inst cpll.X1Y12 CPLL_X1 syn -hier QuadX1Y3 -pg 1 -y 989 -x 12001 -autohide -attr @name {} -attr @cell {}
attribute {pin cpll.X1Y12 A} -attr @name {}
attribute {pin cpll.X1Y12 B} -attr @name {}
attribute {inst cpll.X1Y12} -attr @fillcolor #00868b
load symbol X1Y12 syn HIERGEN port TX out port RX out port RXRECCLK in
load inst GT.X1Y12 X1Y12 syn -hier QuadX1Y3 -pg 1 -y 989 -x 12000 -autohide -attr @name {}
attribute {inst GT.X1Y12} -attr @fillcolor #7a7a7a
load port QuadX1Y3_clk0 out -pg 1 -y 703 -x 12001 -attr @fillcolor #3a5fcd
load port QuadX1Y3_clk1 out -pg 1 -y 873 -x 12001 -attr @fillcolor #3a5fcd
load inst QuadX1Y2 QUAD_X1 v -pg 1 -y 1125 -x 12000 -autohide -attr @cell QuadX1Y2 -attr @name {} -attr @fillcolor #d9d9d9
attribute {pin QuadX1Y2 QPLL0 } -attr @name {}
attribute {hierPin QuadX1Y2 QPLL0 } -attr @name {}
attribute {pin QuadX1Y2 QPLL1 } -attr @name {}
attribute {hierPin QuadX1Y2 QPLL1 } -attr @name {}
attribute {pin QuadX1Y2 a0 } -attr @name {}
attribute {hierPin QuadX1Y2 a0 } -attr @name {}
attribute {pin QuadX1Y2 a1 } -attr @name {}
attribute {hierPin QuadX1Y2 a1 } -attr @name {}
attribute {pin QuadX1Y2 a2 } -attr @name {}
attribute {hierPin QuadX1Y2 a2 } -attr @name {}
attribute {pin QuadX1Y2 a3 } -attr @name {}
attribute {hierPin QuadX1Y2 a3 } -attr @name {}
attribute {pin QuadX1Y2 RECCLK_clk0 } -attr @name {}
attribute {hierPin QuadX1Y2 RECCLK_clk0 } -attr @name {}
attribute {pin QuadX1Y2 RECCLK_clk1 } -attr @name {}
attribute {hierPin QuadX1Y2 RECCLK_clk1 } -attr @name {}
load inst cpll.X1Y11 CPLL_X1 syn -hier QuadX1Y2 -pg 1 -y 1126 -x 12001 -autohide -attr @name {} -attr @cell {}
attribute {pin cpll.X1Y11 A} -attr @name {}
attribute {pin cpll.X1Y11 B} -attr @name {}
attribute {inst cpll.X1Y11} -attr @fillcolor #00868b
load symbol X1Y11 syn HIERGEN port TX out port RX out port RXRECCLK in
load inst GT.X1Y11 X1Y11 syn -hier QuadX1Y2 -pg 1 -y 1126 -x 12000 -autohide -attr @name {}
attribute {inst GT.X1Y11} -attr @fillcolor #7a7a7a
load inst cpll.X1Y10 CPLL_X1 syn -hier QuadX1Y2 -pg 1 -y 1211 -x 12001 -autohide -attr @name {} -attr @cell {}
attribute {pin cpll.X1Y10 A} -attr @name {}
attribute {pin cpll.X1Y10 B} -attr @name {}
attribute {inst cpll.X1Y10} -attr @fillcolor #00868b
load symbol X1Y10 syn HIERGEN port TX out port RX out port RXRECCLK in
load inst GT.X1Y10 X1Y10 syn -hier QuadX1Y2 -pg 1 -y 1211 -x 12000 -autohide -attr @name {}
attribute {inst GT.X1Y10} -attr @fillcolor #7a7a7a
load inst QPLL0.QuadX1Y2 QPLL0_X1 syn -hier QuadX1Y2 -pg 1 -y 1296 -x 12001 -autohide -attr @name {} -attr @cell {}
attribute {pin QPLL0.QuadX1Y2 A} -attr @name {}
attribute {pin QPLL0.QuadX1Y2 B} -attr @name {}
attribute {inst QPLL0.QuadX1Y2} -attr @fillcolor #00868b
load inst QPLL1.QuadX1Y2 QPLL1_X1 syn -hier QuadX1Y2 -pg 1 -y 1381 -x 12001 -autohide -attr @name {} -attr @cell {}
attribute {pin QPLL1.QuadX1Y2 A} -attr @name {}
attribute {pin QPLL1.QuadX1Y2 B} -attr @name {}
attribute {inst QPLL1.QuadX1Y2} -attr @fillcolor #00868b
load inst cpll.X1Y9 CPLL_X1 syn -hier QuadX1Y2 -pg 1 -y 1466 -x 12001 -autohide -attr @name {} -attr @cell {}
attribute {pin cpll.X1Y9 A} -attr @name {}
attribute {pin cpll.X1Y9 B} -attr @name {}
attribute {inst cpll.X1Y9} -attr @fillcolor #00868b
load symbol X1Y9 syn HIERGEN port TX out port RX out port RXRECCLK in
load inst GT.X1Y9 X1Y9 syn -hier QuadX1Y2 -pg 1 -y 1466 -x 12000 -autohide -attr @name {}
attribute {inst GT.X1Y9} -attr @fillcolor #7a7a7a
load inst cpll.X1Y8 CPLL_X1 syn -hier QuadX1Y2 -pg 1 -y 1551 -x 12001 -autohide -attr @name {} -attr @cell {}
attribute {pin cpll.X1Y8 A} -attr @name {}
attribute {pin cpll.X1Y8 B} -attr @name {}
attribute {inst cpll.X1Y8} -attr @fillcolor #00868b
load symbol X1Y8 syn HIERGEN port TX out port RX out port RXRECCLK in
load inst GT.X1Y8 X1Y8 syn -hier QuadX1Y2 -pg 1 -y 1551 -x 12000 -autohide -attr @name {}
attribute {inst GT.X1Y8} -attr @fillcolor #7a7a7a
load port QuadX1Y2_clk0 out -pg 1 -y 1265 -x 12001 -attr @fillcolor #3a5fcd
load port QuadX1Y2_clk1 out -pg 1 -y 1435 -x 12001 -attr @fillcolor #3a5fcd
load inst QuadX1Y1 QUAD_X1 v -pg 1 -y 1687 -x 12000 -autohide -attr @cell QuadX1Y1 -attr @name {} -attr @fillcolor #d9d9d9
attribute {pin QuadX1Y1 QPLL0 } -attr @name {}
attribute {hierPin QuadX1Y1 QPLL0 } -attr @name {}
attribute {pin QuadX1Y1 QPLL1 } -attr @name {}
attribute {hierPin QuadX1Y1 QPLL1 } -attr @name {}
attribute {pin QuadX1Y1 a0 } -attr @name {}
attribute {hierPin QuadX1Y1 a0 } -attr @name {}
attribute {pin QuadX1Y1 a1 } -attr @name {}
attribute {hierPin QuadX1Y1 a1 } -attr @name {}
attribute {pin QuadX1Y1 a2 } -attr @name {}
attribute {hierPin QuadX1Y1 a2 } -attr @name {}
attribute {pin QuadX1Y1 a3 } -attr @name {}
attribute {hierPin QuadX1Y1 a3 } -attr @name {}
attribute {pin QuadX1Y1 RECCLK_clk0 } -attr @name {}
attribute {hierPin QuadX1Y1 RECCLK_clk0 } -attr @name {}
attribute {pin QuadX1Y1 RECCLK_clk1 } -attr @name {}
attribute {hierPin QuadX1Y1 RECCLK_clk1 } -attr @name {}
load inst cpll.X1Y7 CPLL_X1 syn -hier QuadX1Y1 -pg 1 -y 1688 -x 12001 -autohide -attr @name {} -attr @cell {}
attribute {pin cpll.X1Y7 A} -attr @name {}
attribute {pin cpll.X1Y7 B} -attr @name {}
attribute {inst cpll.X1Y7} -attr @fillcolor #00868b
load symbol X1Y7 syn HIERGEN port TX out port RX out port RXRECCLK in
load inst GT.X1Y7 X1Y7 syn -hier QuadX1Y1 -pg 1 -y 1688 -x 12000 -autohide -attr @name {}
attribute {inst GT.X1Y7} -attr @fillcolor #7a7a7a
load inst cpll.X1Y6 CPLL_X1 syn -hier QuadX1Y1 -pg 1 -y 1773 -x 12001 -autohide -attr @name {} -attr @cell {}
attribute {pin cpll.X1Y6 A} -attr @name {}
attribute {pin cpll.X1Y6 B} -attr @name {}
attribute {inst cpll.X1Y6} -attr @fillcolor #00868b
load symbol X1Y6 syn HIERGEN port TX out port RX out port RXRECCLK in
load inst GT.X1Y6 X1Y6 syn -hier QuadX1Y1 -pg 1 -y 1773 -x 12000 -autohide -attr @name {}
attribute {inst GT.X1Y6} -attr @fillcolor #7a7a7a
load inst QPLL0.QuadX1Y1 QPLL0_X1 syn -hier QuadX1Y1 -pg 1 -y 1858 -x 12001 -autohide -attr @name {} -attr @cell {}
attribute {pin QPLL0.QuadX1Y1 A} -attr @name {}
attribute {pin QPLL0.QuadX1Y1 B} -attr @name {}
attribute {inst QPLL0.QuadX1Y1} -attr @fillcolor #00868b
load inst QPLL1.QuadX1Y1 QPLL1_X1 syn -hier QuadX1Y1 -pg 1 -y 1943 -x 12001 -autohide -attr @name {} -attr @cell {}
attribute {pin QPLL1.QuadX1Y1 A} -attr @name {}
attribute {pin QPLL1.QuadX1Y1 B} -attr @name {}
attribute {inst QPLL1.QuadX1Y1} -attr @fillcolor #00868b
load inst cpll.X1Y5 CPLL_X1 syn -hier QuadX1Y1 -pg 1 -y 2028 -x 12001 -autohide -attr @name {} -attr @cell {}
attribute {pin cpll.X1Y5 A} -attr @name {}
attribute {pin cpll.X1Y5 B} -attr @name {}
attribute {inst cpll.X1Y5} -attr @fillcolor #00868b
load symbol X1Y5 syn HIERGEN port TX out port RX out port RXRECCLK in
load inst GT.X1Y5 X1Y5 syn -hier QuadX1Y1 -pg 1 -y 2028 -x 12000 -autohide -attr @name {}
attribute {inst GT.X1Y5} -attr @fillcolor #7a7a7a
load inst cpll.X1Y4 CPLL_X1 syn -hier QuadX1Y1 -pg 1 -y 2113 -x 12001 -autohide -attr @name {} -attr @cell {}
attribute {pin cpll.X1Y4 A} -attr @name {}
attribute {pin cpll.X1Y4 B} -attr @name {}
attribute {inst cpll.X1Y4} -attr @fillcolor #00868b
load symbol X1Y4 syn HIERGEN port TX out port RX out port RXRECCLK in
load inst GT.X1Y4 X1Y4 syn -hier QuadX1Y1 -pg 1 -y 2113 -x 12000 -autohide -attr @name {}
attribute {inst GT.X1Y4} -attr @fillcolor #7a7a7a
load port QuadX1Y1_clk0 out -pg 1 -y 1827 -x 12001 -attr @fillcolor #3a5fcd
load port QuadX1Y1_clk1 out -pg 1 -y 1997 -x 12001 -attr @fillcolor #3a5fcd
load inst QuadX1Y0 QUAD_X1 v -pg 1 -y 2249 -x 12000 -autohide -attr @cell QuadX1Y0 -attr @name {} -attr @fillcolor #d9d9d9
attribute {pin QuadX1Y0 QPLL0 } -attr @name {}
attribute {hierPin QuadX1Y0 QPLL0 } -attr @name {}
attribute {pin QuadX1Y0 QPLL1 } -attr @name {}
attribute {hierPin QuadX1Y0 QPLL1 } -attr @name {}
attribute {pin QuadX1Y0 a0 } -attr @name {}
attribute {hierPin QuadX1Y0 a0 } -attr @name {}
attribute {pin QuadX1Y0 a1 } -attr @name {}
attribute {hierPin QuadX1Y0 a1 } -attr @name {}
attribute {pin QuadX1Y0 a2 } -attr @name {}
attribute {hierPin QuadX1Y0 a2 } -attr @name {}
attribute {pin QuadX1Y0 a3 } -attr @name {}
attribute {hierPin QuadX1Y0 a3 } -attr @name {}
attribute {pin QuadX1Y0 RECCLK_clk0 } -attr @name {}
attribute {hierPin QuadX1Y0 RECCLK_clk0 } -attr @name {}
attribute {pin QuadX1Y0 RECCLK_clk1 } -attr @name {}
attribute {hierPin QuadX1Y0 RECCLK_clk1 } -attr @name {}
load inst cpll.X1Y3 CPLL_X1 syn -hier QuadX1Y0 -pg 1 -y 2250 -x 12001 -autohide -attr @name {} -attr @cell {}
attribute {pin cpll.X1Y3 A} -attr @name {}
attribute {pin cpll.X1Y3 B} -attr @name {}
attribute {inst cpll.X1Y3} -attr @fillcolor #00868b
load symbol X1Y3 syn HIERGEN port TX out port RX out port RXRECCLK in
load inst GT.X1Y3 X1Y3 syn -hier QuadX1Y0 -pg 1 -y 2250 -x 12000 -autohide -attr @name {}
attribute {inst GT.X1Y3} -attr @fillcolor #7a7a7a
load inst cpll.X1Y2 CPLL_X1 syn -hier QuadX1Y0 -pg 1 -y 2335 -x 12001 -autohide -attr @name {} -attr @cell {}
attribute {pin cpll.X1Y2 A} -attr @name {}
attribute {pin cpll.X1Y2 B} -attr @name {}
attribute {inst cpll.X1Y2} -attr @fillcolor #00868b
load symbol X1Y2 syn HIERGEN port TX out port RX out port RXRECCLK in
load inst GT.X1Y2 X1Y2 syn -hier QuadX1Y0 -pg 1 -y 2335 -x 12000 -autohide -attr @name {}
attribute {inst GT.X1Y2} -attr @fillcolor #7a7a7a
load inst QPLL0.QuadX1Y0 QPLL0_X1 syn -hier QuadX1Y0 -pg 1 -y 2420 -x 12001 -autohide -attr @name {} -attr @cell {}
attribute {pin QPLL0.QuadX1Y0 A} -attr @name {}
attribute {pin QPLL0.QuadX1Y0 B} -attr @name {}
attribute {inst QPLL0.QuadX1Y0} -attr @fillcolor #00868b
load inst QPLL1.QuadX1Y0 QPLL1_X1 syn -hier QuadX1Y0 -pg 1 -y 2505 -x 12001 -autohide -attr @name {} -attr @cell {}
attribute {pin QPLL1.QuadX1Y0 A} -attr @name {}
attribute {pin QPLL1.QuadX1Y0 B} -attr @name {}
attribute {inst QPLL1.QuadX1Y0} -attr @fillcolor #00868b
load inst cpll.X1Y1 CPLL_X1 syn -hier QuadX1Y0 -pg 1 -y 2590 -x 12001 -autohide -attr @name {} -attr @cell {}
attribute {pin cpll.X1Y1 A} -attr @name {}
attribute {pin cpll.X1Y1 B} -attr @name {}
attribute {inst cpll.X1Y1} -attr @fillcolor #00868b
load symbol X1Y1 syn HIERGEN port TX out port RX out port RXRECCLK in
load inst GT.X1Y1 X1Y1 syn -hier QuadX1Y0 -pg 1 -y 2590 -x 12000 -autohide -attr @name {}
attribute {inst GT.X1Y1} -attr @fillcolor #7a7a7a
load inst cpll.X1Y0 CPLL_X1 syn -hier QuadX1Y0 -pg 1 -y 2675 -x 12001 -autohide -attr @name {} -attr @cell {}
attribute {pin cpll.X1Y0 A} -attr @name {}
attribute {pin cpll.X1Y0 B} -attr @name {}
attribute {inst cpll.X1Y0} -attr @fillcolor #00868b
load symbol X1Y0 syn HIERGEN port TX out port RX out port RXRECCLK in
load inst GT.X1Y0 X1Y0 syn -hier QuadX1Y0 -pg 1 -y 2675 -x 12000 -autohide -attr @name {}
attribute {inst GT.X1Y0} -attr @fillcolor #7a7a7a
load port QuadX1Y0_clk0 out -pg 1 -y 2389 -x 12001 -attr @fillcolor #3a5fcd
load port QuadX1Y0_clk1 out -pg 1 -y 2559 -x 12001 -attr @fillcolor #3a5fcd
attribute {inst GT.X0Y19} -attr @fillcolor #7a7a7a
attribute {inst cpll.X0Y19} -attr @fillcolor #00868b
attribute {inst QPLL0.QuadX0Y4} -attr @fillcolor #00868b
attribute {inst QPLL1.QuadX0Y4} -attr @fillcolor #00868b
attribute {inst GT.X0Y18} -attr @fillcolor #7a7a7a
attribute {inst cpll.X0Y18} -attr @fillcolor #00868b
attribute {inst GT.X0Y17} -attr @fillcolor #7a7a7a
attribute {inst cpll.X0Y17} -attr @fillcolor #00868b
attribute {inst GT.X0Y16} -attr @fillcolor #7a7a7a
attribute {inst cpll.X0Y16} -attr @fillcolor #00868b
attribute {inst GT.X0Y15} -attr @fillcolor #7a7a7a
attribute {inst cpll.X0Y15} -attr @fillcolor #00868b
attribute {inst QPLL0.QuadX0Y3} -attr @fillcolor #00868b
attribute {inst QPLL1.QuadX0Y3} -attr @fillcolor #00868b
attribute {inst GT.X0Y14} -attr @fillcolor #7a7a7a
attribute {inst cpll.X0Y14} -attr @fillcolor #00868b
attribute {inst GT.X0Y13} -attr @fillcolor #7a7a7a
attribute {inst cpll.X0Y13} -attr @fillcolor #00868b
attribute {inst GT.X0Y12} -attr @fillcolor #7a7a7a
attribute {inst cpll.X0Y12} -attr @fillcolor #00868b
attribute {inst GT.X1Y19} -attr @fillcolor #7a7a7a
attribute {inst cpll.X1Y19} -attr @fillcolor #00868b
attribute {inst QPLL0.QuadX1Y4} -attr @fillcolor #00868b
attribute {inst QPLL1.QuadX1Y4} -attr @fillcolor #00868b
attribute {inst GT.X1Y18} -attr @fillcolor #7a7a7a
attribute {inst cpll.X1Y18} -attr @fillcolor #00868b
attribute {inst GT.X1Y17} -attr @fillcolor #7a7a7a
attribute {inst cpll.X1Y17} -attr @fillcolor #00868b
attribute {inst GT.X1Y16} -attr @fillcolor #7a7a7a
attribute {inst cpll.X1Y16} -attr @fillcolor #00868b
attribute {inst GT.X1Y15} -attr @fillcolor #7a7a7a
attribute {inst cpll.X1Y15} -attr @fillcolor #00868b
attribute {inst QPLL0.QuadX1Y3} -attr @fillcolor #00868b
attribute {inst QPLL1.QuadX1Y3} -attr @fillcolor #00868b
attribute {inst GT.X1Y14} -attr @fillcolor #7a7a7a
attribute {inst cpll.X1Y14} -attr @fillcolor #00868b
attribute {inst GT.X1Y13} -attr @fillcolor #7a7a7a
attribute {inst cpll.X1Y13} -attr @fillcolor #00868b
attribute {inst GT.X1Y12} -attr @fillcolor #7a7a7a
attribute {inst cpll.X1Y12} -attr @fillcolor #00868b
attribute {inst GT.X1Y11} -attr @fillcolor #7a7a7a
attribute {inst cpll.X1Y11} -attr @fillcolor #00868b
attribute {inst QPLL0.QuadX1Y2} -attr @fillcolor #00868b
attribute {inst QPLL1.QuadX1Y2} -attr @fillcolor #00868b
attribute {inst GT.X1Y10} -attr @fillcolor #7a7a7a
attribute {inst cpll.X1Y10} -attr @fillcolor #00868b
attribute {inst GT.X1Y9} -attr @fillcolor #7a7a7a
attribute {inst cpll.X1Y9} -attr @fillcolor #00868b
attribute {inst GT.X1Y8} -attr @fillcolor #7a7a7a
attribute {inst cpll.X1Y8} -attr @fillcolor #00868b
attribute {inst GT.X1Y7} -attr @fillcolor #7a7a7a
attribute {inst cpll.X1Y7} -attr @fillcolor #00868b
attribute {inst QPLL0.QuadX1Y1} -attr @fillcolor #00868b
attribute {inst QPLL1.QuadX1Y1} -attr @fillcolor #00868b
attribute {inst GT.X1Y6} -attr @fillcolor #7a7a7a
attribute {inst cpll.X1Y6} -attr @fillcolor #00868b
attribute {inst GT.X1Y5} -attr @fillcolor #7a7a7a
attribute {inst cpll.X1Y5} -attr @fillcolor #00868b
attribute {inst GT.X1Y4} -attr @fillcolor #7a7a7a
attribute {inst cpll.X1Y4} -attr @fillcolor #00868b
attribute {inst GT.X1Y3} -attr @fillcolor #7a7a7a
attribute {inst cpll.X1Y3} -attr @fillcolor #00868b
attribute {inst QPLL0.QuadX1Y0} -attr @fillcolor #00868b
attribute {inst QPLL1.QuadX1Y0} -attr @fillcolor #00868b
attribute {inst GT.X1Y2} -attr @fillcolor #7a7a7a
attribute {inst cpll.X1Y2} -attr @fillcolor #00868b
attribute {inst GT.X1Y1} -attr @fillcolor #7a7a7a
attribute {inst cpll.X1Y1} -attr @fillcolor #00868b
attribute {inst GT.X1Y0} -attr @fillcolor #7a7a7a
attribute {inst cpll.X1Y0} -attr @fillcolor #00868b
increment -const
load net net.clk.QuadX0Y3_clk0 -port QuadX0Y3_clk0 -pin QuadX0Y3 QPLL0
load net net.quad.QPLL0.QuadX0Y3 -hierPin QuadX0Y3 QPLL0 -pin QPLL0.QuadX0Y3 A
load net net.chan.QPLL0.QuadX0Y3 -pin QPLL0.QuadX0Y3 B -pin GT.X0Y12 TX
attribute {inst QPLL0.QuadX0Y3} -attr @fillcolor #cccc00
attribute {inst GT.X0Y12} -attr @fillcolor #cccc00
load net net.chan.QPLL0.QuadX0Y3 -pin QPLL0.QuadX0Y3 B -pin GT.X0Y12 RX
attribute {inst QPLL0.QuadX0Y3} -attr @fillcolor #cccc00
attribute {inst GT.X0Y12} -attr @fillcolor #cccc00
show
# Starting Split Pages                                                  460.73
# Split Pages 91 Comps, 3 Nets 0 NetBundles 0 CGraphics                 460.73
# KwayPart started for 91 comps, 3 nets                                 460.73
# Init done: 1 nodes (1 locked nodes), 0 edges                          460.73
# Startpart done: 1 parts                                               460.73
# KwayPart done                                                         460.73
# End of Split Pages: 1 pages                                           460.73
# End of Split Pages                                                    460.73
# Generating Regions for Page 1:   91 Comps,    3 Nets                  460.73
# Analyze                                                               460.73
# Levelize                                                              460.73
# End of LevelAssign mode=I, 3 Levels, 10 Comps, limit=30000            460.73
# Nets                                                                  460.73
# Place                                                                 460.73
# PlaceNets                                                             460.73
# SpaceY                                                                460.73
# Track                                                                 460.73
# SpaceX                                                                460.73
# Wire                                                                  460.73
# End of Wire: 0 nets, 0 ch, wire: 0-->0 (0 with wbits)                 460.73
# End of doGenerate                                                     460.73
# Analyze                                                               460.73
# Levelize                                                              460.73
# End of LevelAssign mode=I, 3 Levels, 10 Comps, limit=30000            460.73
# Nets                                                                  460.73
# Place                                                                 460.73
# PlaceNets                                                             460.73
# SpaceY                                                                460.73
# Track                                                                 460.73
# SpaceX                                                                460.73
# Wire                                                                  460.73
# End of Wire: 0 nets, 0 ch, wire: 0-->0 (0 with wbits)                 460.73
# End of doGenerate                                                     460.73
# Analyze                                                               460.73
# Levelize                                                              460.73
# End of LevelAssign mode=I, 3 Levels, 10 Comps, limit=30000            460.73
# Nets                                                                  460.73
# Place                                                                 460.73
# PlaceNets                                                             460.73
# SpaceY                                                                460.73
# Track                                                                 460.73
# SpaceX                                                                460.73
# Wire                                                                  460.73
# End of Wire: 0 nets, 0 ch, wire: 0-->0 (0 with wbits)                 460.73
# End of doGenerate                                                     460.73
# Analyze                                                               460.73
# Levelize                                                              460.73
# End of LevelAssign mode=I, 3 Levels, 10 Comps, limit=30000            460.73
# Nets                                                                  460.73
# Place                                                                 460.73
# PlaceNets                                                             460.73
# SpaceY                                                                460.73
# Track                                                                 460.73
# SpaceX                                                                460.73
# Wire                                                                  460.73
# End of Wire: 0 nets, 0 ch, wire: 0-->0 (0 with wbits)                 460.73
# End of doGenerate                                                     460.73
# Analyze                                                               460.73
# Levelize                                                              460.73
# End of LevelAssign mode=I, 3 Levels, 10 Comps, limit=30000            460.73
# Nets                                                                  460.73
# Place                                                                 460.73
# PlaceNets                                                             460.73
# SpaceY                                                                460.73
# Track                                                                 460.73
# SpaceX                                                                460.73
# Wire                                                                  460.73
# End of Wire: 0 nets, 0 ch, wire: 0-->0 (0 with wbits)                 460.73
# End of doGenerate                                                     460.73
# Analyze                                                               460.73
# Levelize                                                              460.73
# End of LevelAssign mode=I, 3 Levels, 10 Comps, limit=30000            460.73
# Nets                                                                  460.73
# Place                                                                 460.73
# PlaceNets                                                             460.73
# SpaceY                                                                460.73
# Track                                                                 460.73
# SpaceX                                                                460.73
# Wire                                                                  460.73
# End of Wire: 0 nets, 0 ch, wire: 0-->0 (0 with wbits)                 460.73
# End of doGenerate                                                     460.73
# Analyze                                                               460.73
# Levelize                                                              460.73
# End of LevelAssign mode=I, 3 Levels, 11 Comps, limit=30000            460.73
# Nets                                                                  460.73
# Place                                                                 460.73
# PlaceNets                                                             460.73
# SpaceY                                                                460.73
# Track                                                                 460.73
# SpaceX                                                                460.73
# Wire                                                                  460.73
# End of Wire: 2 nets, 2 ch, wire: 10-->10 (0 with wbits)               460.73
# End of doGenerate                                                     460.73
# Analyze                                                               460.73
# Levelize                                                              460.73
# End of LevelAssign mode=I, 3 Levels, 21 Comps, limit=30000            460.73
# Nets                                                                  460.73
# Place                                                                 460.73
# PlaceNets                                                             460.73
# SpaceY                                                                460.73
# Track                                                                 460.73
# SpaceX                                                                460.73
# Wire                                                                  460.73
# End of Wire: 1 nets, 1 ch, wire: 4-->4 (0 with wbits)                 460.73
# End of doGenerate                                                     460.73
# End of Generating Regions for Page 1                                  460.73
scrollpos -24 781
zoom -x 0 -y 0 0.6
scrollpos -18 586
#R 0.6
#CMD scrollpos 0 0
scrollpos 0 0
selection -itemized {inst GT.X0Y12}
center_objects -itemized {inst GT.X0Y12}
scrollpos -68 258
scrollpos -68 258
module new gtmodule
#  * Current module is gtmodule 
load symbol QUAD_X0 v HIERBOX port a0 in port a1 in port a2 in port a3 in port QPLL0 in port QPLL1 in port RECCLK_clk0 out port RECCLK_clk1 out
load symbol QUAD_X1 v HIERBOX port a0 out port a1 out port a2 out port a3 out port QPLL0 out port QPLL1 out port RECCLK_clk0 in port RECCLK_clk1 in
load symbol CPLL_X0 syn BOX port A in port B out text CPLL -cc 25 0 12
load symbol CPLL_X1 syn BOX port A out port B in text CPLL -cc 25 0 12
load symbol QPLL0_X0 syn BOX port A in port B out text QPLL0 -cc 25 0 12
load symbol QPLL0_X1 syn BOX port A out port B in text QPLL0 -cc 25 0 12
load symbol QPLL1_X0 syn BOX port A in port B out text QPLL1 -cc 25 0 12
load symbol QPLL1_X1 syn BOX port A out port B in text QPLL1 -cc 25 0 12
load inst QuadX0Y4 QUAD_X0 v -pg 1 -y 1 -x 2000 -autohide -attr @cell QuadX0Y4 -attr @name {} -attr @fillcolor #d9d9d9
attribute {pin QuadX0Y4 QPLL0 } -attr @name {}
attribute {hierPin QuadX0Y4 QPLL0 } -attr @name {}
attribute {pin QuadX0Y4 QPLL1 } -attr @name {}
attribute {hierPin QuadX0Y4 QPLL1 } -attr @name {}
attribute {pin QuadX0Y4 a0 } -attr @name {}
attribute {hierPin QuadX0Y4 a0 } -attr @name {}
attribute {pin QuadX0Y4 a1 } -attr @name {}
attribute {hierPin QuadX0Y4 a1 } -attr @name {}
attribute {pin QuadX0Y4 a2 } -attr @name {}
attribute {hierPin QuadX0Y4 a2 } -attr @name {}
attribute {pin QuadX0Y4 a3 } -attr @name {}
attribute {hierPin QuadX0Y4 a3 } -attr @name {}
attribute {pin QuadX0Y4 RECCLK_clk0 } -attr @name {}
attribute {hierPin QuadX0Y4 RECCLK_clk0 } -attr @name {}
attribute {pin QuadX0Y4 RECCLK_clk1 } -attr @name {}
attribute {hierPin QuadX0Y4 RECCLK_clk1 } -attr @name {}
load inst cpll.X0Y19 CPLL_X0 syn -hier QuadX0Y4 -pg 1 -y 2 -x 1 -autohide -attr @name {} -attr @cell {}
attribute {pin cpll.X0Y19 A} -attr @name {}
attribute {pin cpll.X0Y19 B} -attr @name {}
attribute {inst cpll.X0Y19} -attr @fillcolor #00868b
load symbol X0Y19 syn HIERGEN port TX in port RX in port RXRECCLK out
load inst GT.X0Y19 X0Y19 syn -hier QuadX0Y4 -pg 1 -y 2 -x 2000 -autohide -attr @name {}
attribute {inst GT.X0Y19} -attr @fillcolor #7a7a7a
load inst cpll.X0Y18 CPLL_X0 syn -hier QuadX0Y4 -pg 1 -y 87 -x 1 -autohide -attr @name {} -attr @cell {}
attribute {pin cpll.X0Y18 A} -attr @name {}
attribute {pin cpll.X0Y18 B} -attr @name {}
attribute {inst cpll.X0Y18} -attr @fillcolor #00868b
load symbol X0Y18 syn HIERGEN port TX in port RX in port RXRECCLK out
load inst GT.X0Y18 X0Y18 syn -hier QuadX0Y4 -pg 1 -y 87 -x 2000 -autohide -attr @name {}
attribute {inst GT.X0Y18} -attr @fillcolor #7a7a7a
load inst QPLL0.QuadX0Y4 QPLL0_X0 syn -hier QuadX0Y4 -pg 1 -y 172 -x 1 -autohide -attr @name {} -attr @cell {}
attribute {pin QPLL0.QuadX0Y4 A} -attr @name {}
attribute {pin QPLL0.QuadX0Y4 B} -attr @name {}
attribute {inst QPLL0.QuadX0Y4} -attr @fillcolor #00868b
load inst QPLL1.QuadX0Y4 QPLL1_X0 syn -hier QuadX0Y4 -pg 1 -y 257 -x 1 -autohide -attr @name {} -attr @cell {}
attribute {pin QPLL1.QuadX0Y4 A} -attr @name {}
attribute {pin QPLL1.QuadX0Y4 B} -attr @name {}
attribute {inst QPLL1.QuadX0Y4} -attr @fillcolor #00868b
load inst cpll.X0Y17 CPLL_X0 syn -hier QuadX0Y4 -pg 1 -y 342 -x 1 -autohide -attr @name {} -attr @cell {}
attribute {pin cpll.X0Y17 A} -attr @name {}
attribute {pin cpll.X0Y17 B} -attr @name {}
attribute {inst cpll.X0Y17} -attr @fillcolor #00868b
load symbol X0Y17 syn HIERGEN port TX in port RX in port RXRECCLK out
load inst GT.X0Y17 X0Y17 syn -hier QuadX0Y4 -pg 1 -y 342 -x 2000 -autohide -attr @name {}
attribute {inst GT.X0Y17} -attr @fillcolor #7a7a7a
load inst cpll.X0Y16 CPLL_X0 syn -hier QuadX0Y4 -pg 1 -y 427 -x 1 -autohide -attr @name {} -attr @cell {}
attribute {pin cpll.X0Y16 A} -attr @name {}
attribute {pin cpll.X0Y16 B} -attr @name {}
attribute {inst cpll.X0Y16} -attr @fillcolor #00868b
load symbol X0Y16 syn HIERGEN port TX in port RX in port RXRECCLK out
load inst GT.X0Y16 X0Y16 syn -hier QuadX0Y4 -pg 1 -y 427 -x 2000 -autohide -attr @name {}
attribute {inst GT.X0Y16} -attr @fillcolor #7a7a7a
load port QuadX0Y4_clk0 in -pg 1 -y 141 -x 1 -attr @fillcolor #3a5fcd
load port QuadX0Y4_clk1 in -pg 1 -y 311 -x 1 -attr @fillcolor #3a5fcd
load inst QuadX0Y3 QUAD_X0 v -pg 1 -y 563 -x 2000 -autohide -attr @cell QuadX0Y3 -attr @name {} -attr @fillcolor #d9d9d9
attribute {pin QuadX0Y3 QPLL0 } -attr @name {}
attribute {hierPin QuadX0Y3 QPLL0 } -attr @name {}
attribute {pin QuadX0Y3 QPLL1 } -attr @name {}
attribute {hierPin QuadX0Y3 QPLL1 } -attr @name {}
attribute {pin QuadX0Y3 a0 } -attr @name {}
attribute {hierPin QuadX0Y3 a0 } -attr @name {}
attribute {pin QuadX0Y3 a1 } -attr @name {}
attribute {hierPin QuadX0Y3 a1 } -attr @name {}
attribute {pin QuadX0Y3 a2 } -attr @name {}
attribute {hierPin QuadX0Y3 a2 } -attr @name {}
attribute {pin QuadX0Y3 a3 } -attr @name {}
attribute {hierPin QuadX0Y3 a3 } -attr @name {}
attribute {pin QuadX0Y3 RECCLK_clk0 } -attr @name {}
attribute {hierPin QuadX0Y3 RECCLK_clk0 } -attr @name {}
attribute {pin QuadX0Y3 RECCLK_clk1 } -attr @name {}
attribute {hierPin QuadX0Y3 RECCLK_clk1 } -attr @name {}
load inst cpll.X0Y15 CPLL_X0 syn -hier QuadX0Y3 -pg 1 -y 564 -x 1 -autohide -attr @name {} -attr @cell {}
attribute {pin cpll.X0Y15 A} -attr @name {}
attribute {pin cpll.X0Y15 B} -attr @name {}
attribute {inst cpll.X0Y15} -attr @fillcolor #00868b
load symbol X0Y15 syn HIERGEN port TX in port RX in port RXRECCLK out
load inst GT.X0Y15 X0Y15 syn -hier QuadX0Y3 -pg 1 -y 564 -x 2000 -autohide -attr @name {}
attribute {inst GT.X0Y15} -attr @fillcolor #7a7a7a
load inst cpll.X0Y14 CPLL_X0 syn -hier QuadX0Y3 -pg 1 -y 649 -x 1 -autohide -attr @name {} -attr @cell {}
attribute {pin cpll.X0Y14 A} -attr @name {}
attribute {pin cpll.X0Y14 B} -attr @name {}
attribute {inst cpll.X0Y14} -attr @fillcolor #00868b
load symbol X0Y14 syn HIERGEN port TX in port RX in port RXRECCLK out
load inst GT.X0Y14 X0Y14 syn -hier QuadX0Y3 -pg 1 -y 649 -x 2000 -autohide -attr @name {}
attribute {inst GT.X0Y14} -attr @fillcolor #7a7a7a
load inst QPLL0.QuadX0Y3 QPLL0_X0 syn -hier QuadX0Y3 -pg 1 -y 734 -x 1 -autohide -attr @name {} -attr @cell {}
attribute {pin QPLL0.QuadX0Y3 A} -attr @name {}
attribute {pin QPLL0.QuadX0Y3 B} -attr @name {}
attribute {inst QPLL0.QuadX0Y3} -attr @fillcolor #00868b
load inst QPLL1.QuadX0Y3 QPLL1_X0 syn -hier QuadX0Y3 -pg 1 -y 819 -x 1 -autohide -attr @name {} -attr @cell {}
attribute {pin QPLL1.QuadX0Y3 A} -attr @name {}
attribute {pin QPLL1.QuadX0Y3 B} -attr @name {}
attribute {inst QPLL1.QuadX0Y3} -attr @fillcolor #00868b
load inst cpll.X0Y13 CPLL_X0 syn -hier QuadX0Y3 -pg 1 -y 904 -x 1 -autohide -attr @name {} -attr @cell {}
attribute {pin cpll.X0Y13 A} -attr @name {}
attribute {pin cpll.X0Y13 B} -attr @name {}
attribute {inst cpll.X0Y13} -attr @fillcolor #00868b
load symbol X0Y13 syn HIERGEN port TX in port RX in port RXRECCLK out
load inst GT.X0Y13 X0Y13 syn -hier QuadX0Y3 -pg 1 -y 904 -x 2000 -autohide -attr @name {}
attribute {inst GT.X0Y13} -attr @fillcolor #7a7a7a
load inst cpll.X0Y12 CPLL_X0 syn -hier QuadX0Y3 -pg 1 -y 989 -x 1 -autohide -attr @name {} -attr @cell {}
attribute {pin cpll.X0Y12 A} -attr @name {}
attribute {pin cpll.X0Y12 B} -attr @name {}
attribute {inst cpll.X0Y12} -attr @fillcolor #00868b
load symbol X0Y12 syn HIERGEN port TX in port RX in port RXRECCLK out
load inst GT.X0Y12 X0Y12 syn -hier QuadX0Y3 -pg 1 -y 989 -x 2000 -autohide -attr @name {}
attribute {inst GT.X0Y12} -attr @fillcolor #7a7a7a
load port QuadX0Y3_clk0 in -pg 1 -y 703 -x 1 -attr @fillcolor #3a5fcd
load port QuadX0Y3_clk1 in -pg 1 -y 873 -x 1 -attr @fillcolor #3a5fcd
load inst QuadX1Y4 QUAD_X1 v -pg 1 -y 1 -x 12000 -autohide -attr @cell QuadX1Y4 -attr @name {} -attr @fillcolor #d9d9d9
attribute {pin QuadX1Y4 QPLL0 } -attr @name {}
attribute {hierPin QuadX1Y4 QPLL0 } -attr @name {}
attribute {pin QuadX1Y4 QPLL1 } -attr @name {}
attribute {hierPin QuadX1Y4 QPLL1 } -attr @name {}
attribute {pin QuadX1Y4 a0 } -attr @name {}
attribute {hierPin QuadX1Y4 a0 } -attr @name {}
attribute {pin QuadX1Y4 a1 } -attr @name {}
attribute {hierPin QuadX1Y4 a1 } -attr @name {}
attribute {pin QuadX1Y4 a2 } -attr @name {}
attribute {hierPin QuadX1Y4 a2 } -attr @name {}
attribute {pin QuadX1Y4 a3 } -attr @name {}
attribute {hierPin QuadX1Y4 a3 } -attr @name {}
attribute {pin QuadX1Y4 RECCLK_clk0 } -attr @name {}
attribute {hierPin QuadX1Y4 RECCLK_clk0 } -attr @name {}
attribute {pin QuadX1Y4 RECCLK_clk1 } -attr @name {}
attribute {hierPin QuadX1Y4 RECCLK_clk1 } -attr @name {}
load inst cpll.X1Y19 CPLL_X1 syn -hier QuadX1Y4 -pg 1 -y 2 -x 12001 -autohide -attr @name {} -attr @cell {}
attribute {pin cpll.X1Y19 A} -attr @name {}
attribute {pin cpll.X1Y19 B} -attr @name {}
attribute {inst cpll.X1Y19} -attr @fillcolor #00868b
load symbol X1Y19 syn HIERGEN port TX out port RX out port RXRECCLK in
load inst GT.X1Y19 X1Y19 syn -hier QuadX1Y4 -pg 1 -y 2 -x 12000 -autohide -attr @name {}
attribute {inst GT.X1Y19} -attr @fillcolor #7a7a7a
load inst cpll.X1Y18 CPLL_X1 syn -hier QuadX1Y4 -pg 1 -y 87 -x 12001 -autohide -attr @name {} -attr @cell {}
attribute {pin cpll.X1Y18 A} -attr @name {}
attribute {pin cpll.X1Y18 B} -attr @name {}
attribute {inst cpll.X1Y18} -attr @fillcolor #00868b
load symbol X1Y18 syn HIERGEN port TX out port RX out port RXRECCLK in
load inst GT.X1Y18 X1Y18 syn -hier QuadX1Y4 -pg 1 -y 87 -x 12000 -autohide -attr @name {}
attribute {inst GT.X1Y18} -attr @fillcolor #7a7a7a
load inst QPLL0.QuadX1Y4 QPLL0_X1 syn -hier QuadX1Y4 -pg 1 -y 172 -x 12001 -autohide -attr @name {} -attr @cell {}
attribute {pin QPLL0.QuadX1Y4 A} -attr @name {}
attribute {pin QPLL0.QuadX1Y4 B} -attr @name {}
attribute {inst QPLL0.QuadX1Y4} -attr @fillcolor #00868b
load inst QPLL1.QuadX1Y4 QPLL1_X1 syn -hier QuadX1Y4 -pg 1 -y 257 -x 12001 -autohide -attr @name {} -attr @cell {}
attribute {pin QPLL1.QuadX1Y4 A} -attr @name {}
attribute {pin QPLL1.QuadX1Y4 B} -attr @name {}
attribute {inst QPLL1.QuadX1Y4} -attr @fillcolor #00868b
load inst cpll.X1Y17 CPLL_X1 syn -hier QuadX1Y4 -pg 1 -y 342 -x 12001 -autohide -attr @name {} -attr @cell {}
attribute {pin cpll.X1Y17 A} -attr @name {}
attribute {pin cpll.X1Y17 B} -attr @name {}
attribute {inst cpll.X1Y17} -attr @fillcolor #00868b
load symbol X1Y17 syn HIERGEN port TX out port RX out port RXRECCLK in
load inst GT.X1Y17 X1Y17 syn -hier QuadX1Y4 -pg 1 -y 342 -x 12000 -autohide -attr @name {}
attribute {inst GT.X1Y17} -attr @fillcolor #7a7a7a
load inst cpll.X1Y16 CPLL_X1 syn -hier QuadX1Y4 -pg 1 -y 427 -x 12001 -autohide -attr @name {} -attr @cell {}
attribute {pin cpll.X1Y16 A} -attr @name {}
attribute {pin cpll.X1Y16 B} -attr @name {}
attribute {inst cpll.X1Y16} -attr @fillcolor #00868b
load symbol X1Y16 syn HIERGEN port TX out port RX out port RXRECCLK in
load inst GT.X1Y16 X1Y16 syn -hier QuadX1Y4 -pg 1 -y 427 -x 12000 -autohide -attr @name {}
attribute {inst GT.X1Y16} -attr @fillcolor #7a7a7a
load port QuadX1Y4_clk0 out -pg 1 -y 141 -x 12001 -attr @fillcolor #3a5fcd
load port QuadX1Y4_clk1 out -pg 1 -y 311 -x 12001 -attr @fillcolor #3a5fcd
load inst QuadX1Y3 QUAD_X1 v -pg 1 -y 563 -x 12000 -autohide -attr @cell QuadX1Y3 -attr @name {} -attr @fillcolor #d9d9d9
attribute {pin QuadX1Y3 QPLL0 } -attr @name {}
attribute {hierPin QuadX1Y3 QPLL0 } -attr @name {}
attribute {pin QuadX1Y3 QPLL1 } -attr @name {}
attribute {hierPin QuadX1Y3 QPLL1 } -attr @name {}
attribute {pin QuadX1Y3 a0 } -attr @name {}
attribute {hierPin QuadX1Y3 a0 } -attr @name {}
attribute {pin QuadX1Y3 a1 } -attr @name {}
attribute {hierPin QuadX1Y3 a1 } -attr @name {}
attribute {pin QuadX1Y3 a2 } -attr @name {}
attribute {hierPin QuadX1Y3 a2 } -attr @name {}
attribute {pin QuadX1Y3 a3 } -attr @name {}
attribute {hierPin QuadX1Y3 a3 } -attr @name {}
attribute {pin QuadX1Y3 RECCLK_clk0 } -attr @name {}
attribute {hierPin QuadX1Y3 RECCLK_clk0 } -attr @name {}
attribute {pin QuadX1Y3 RECCLK_clk1 } -attr @name {}
attribute {hierPin QuadX1Y3 RECCLK_clk1 } -attr @name {}
load inst cpll.X1Y15 CPLL_X1 syn -hier QuadX1Y3 -pg 1 -y 564 -x 12001 -autohide -attr @name {} -attr @cell {}
attribute {pin cpll.X1Y15 A} -attr @name {}
attribute {pin cpll.X1Y15 B} -attr @name {}
attribute {inst cpll.X1Y15} -attr @fillcolor #00868b
load symbol X1Y15 syn HIERGEN port TX out port RX out port RXRECCLK in
load inst GT.X1Y15 X1Y15 syn -hier QuadX1Y3 -pg 1 -y 564 -x 12000 -autohide -attr @name {}
attribute {inst GT.X1Y15} -attr @fillcolor #7a7a7a
load inst cpll.X1Y14 CPLL_X1 syn -hier QuadX1Y3 -pg 1 -y 649 -x 12001 -autohide -attr @name {} -attr @cell {}
attribute {pin cpll.X1Y14 A} -attr @name {}
attribute {pin cpll.X1Y14 B} -attr @name {}
attribute {inst cpll.X1Y14} -attr @fillcolor #00868b
load symbol X1Y14 syn HIERGEN port TX out port RX out port RXRECCLK in
load inst GT.X1Y14 X1Y14 syn -hier QuadX1Y3 -pg 1 -y 649 -x 12000 -autohide -attr @name {}
attribute {inst GT.X1Y14} -attr @fillcolor #7a7a7a
load inst QPLL0.QuadX1Y3 QPLL0_X1 syn -hier QuadX1Y3 -pg 1 -y 734 -x 12001 -autohide -attr @name {} -attr @cell {}
attribute {pin QPLL0.QuadX1Y3 A} -attr @name {}
attribute {pin QPLL0.QuadX1Y3 B} -attr @name {}
attribute {inst QPLL0.QuadX1Y3} -attr @fillcolor #00868b
load inst QPLL1.QuadX1Y3 QPLL1_X1 syn -hier QuadX1Y3 -pg 1 -y 819 -x 12001 -autohide -attr @name {} -attr @cell {}
attribute {pin QPLL1.QuadX1Y3 A} -attr @name {}
attribute {pin QPLL1.QuadX1Y3 B} -attr @name {}
attribute {inst QPLL1.QuadX1Y3} -attr @fillcolor #00868b
load inst cpll.X1Y13 CPLL_X1 syn -hier QuadX1Y3 -pg 1 -y 904 -x 12001 -autohide -attr @name {} -attr @cell {}
attribute {pin cpll.X1Y13 A} -attr @name {}
attribute {pin cpll.X1Y13 B} -attr @name {}
attribute {inst cpll.X1Y13} -attr @fillcolor #00868b
load symbol X1Y13 syn HIERGEN port TX out port RX out port RXRECCLK in
load inst GT.X1Y13 X1Y13 syn -hier QuadX1Y3 -pg 1 -y 904 -x 12000 -autohide -attr @name {}
attribute {inst GT.X1Y13} -attr @fillcolor #7a7a7a
load inst cpll.X1Y12 CPLL_X1 syn -hier QuadX1Y3 -pg 1 -y 989 -x 12001 -autohide -attr @name {} -attr @cell {}
attribute {pin cpll.X1Y12 A} -attr @name {}
attribute {pin cpll.X1Y12 B} -attr @name {}
attribute {inst cpll.X1Y12} -attr @fillcolor #00868b
load symbol X1Y12 syn HIERGEN port TX out port RX out port RXRECCLK in
load inst GT.X1Y12 X1Y12 syn -hier QuadX1Y3 -pg 1 -y 989 -x 12000 -autohide -attr @name {}
attribute {inst GT.X1Y12} -attr @fillcolor #7a7a7a
load port QuadX1Y3_clk0 out -pg 1 -y 703 -x 12001 -attr @fillcolor #3a5fcd
load port QuadX1Y3_clk1 out -pg 1 -y 873 -x 12001 -attr @fillcolor #3a5fcd
load inst QuadX1Y2 QUAD_X1 v -pg 1 -y 1125 -x 12000 -autohide -attr @cell QuadX1Y2 -attr @name {} -attr @fillcolor #d9d9d9
attribute {pin QuadX1Y2 QPLL0 } -attr @name {}
attribute {hierPin QuadX1Y2 QPLL0 } -attr @name {}
attribute {pin QuadX1Y2 QPLL1 } -attr @name {}
attribute {hierPin QuadX1Y2 QPLL1 } -attr @name {}
attribute {pin QuadX1Y2 a0 } -attr @name {}
attribute {hierPin QuadX1Y2 a0 } -attr @name {}
attribute {pin QuadX1Y2 a1 } -attr @name {}
attribute {hierPin QuadX1Y2 a1 } -attr @name {}
attribute {pin QuadX1Y2 a2 } -attr @name {}
attribute {hierPin QuadX1Y2 a2 } -attr @name {}
attribute {pin QuadX1Y2 a3 } -attr @name {}
attribute {hierPin QuadX1Y2 a3 } -attr @name {}
attribute {pin QuadX1Y2 RECCLK_clk0 } -attr @name {}
attribute {hierPin QuadX1Y2 RECCLK_clk0 } -attr @name {}
attribute {pin QuadX1Y2 RECCLK_clk1 } -attr @name {}
attribute {hierPin QuadX1Y2 RECCLK_clk1 } -attr @name {}
load inst cpll.X1Y11 CPLL_X1 syn -hier QuadX1Y2 -pg 1 -y 1126 -x 12001 -autohide -attr @name {} -attr @cell {}
attribute {pin cpll.X1Y11 A} -attr @name {}
attribute {pin cpll.X1Y11 B} -attr @name {}
attribute {inst cpll.X1Y11} -attr @fillcolor #00868b
load symbol X1Y11 syn HIERGEN port TX out port RX out port RXRECCLK in
load inst GT.X1Y11 X1Y11 syn -hier QuadX1Y2 -pg 1 -y 1126 -x 12000 -autohide -attr @name {}
attribute {inst GT.X1Y11} -attr @fillcolor #7a7a7a
load inst cpll.X1Y10 CPLL_X1 syn -hier QuadX1Y2 -pg 1 -y 1211 -x 12001 -autohide -attr @name {} -attr @cell {}
attribute {pin cpll.X1Y10 A} -attr @name {}
attribute {pin cpll.X1Y10 B} -attr @name {}
attribute {inst cpll.X1Y10} -attr @fillcolor #00868b
load symbol X1Y10 syn HIERGEN port TX out port RX out port RXRECCLK in
load inst GT.X1Y10 X1Y10 syn -hier QuadX1Y2 -pg 1 -y 1211 -x 12000 -autohide -attr @name {}
attribute {inst GT.X1Y10} -attr @fillcolor #7a7a7a
load inst QPLL0.QuadX1Y2 QPLL0_X1 syn -hier QuadX1Y2 -pg 1 -y 1296 -x 12001 -autohide -attr @name {} -attr @cell {}
attribute {pin QPLL0.QuadX1Y2 A} -attr @name {}
attribute {pin QPLL0.QuadX1Y2 B} -attr @name {}
attribute {inst QPLL0.QuadX1Y2} -attr @fillcolor #00868b
load inst QPLL1.QuadX1Y2 QPLL1_X1 syn -hier QuadX1Y2 -pg 1 -y 1381 -x 12001 -autohide -attr @name {} -attr @cell {}
attribute {pin QPLL1.QuadX1Y2 A} -attr @name {}
attribute {pin QPLL1.QuadX1Y2 B} -attr @name {}
attribute {inst QPLL1.QuadX1Y2} -attr @fillcolor #00868b
load inst cpll.X1Y9 CPLL_X1 syn -hier QuadX1Y2 -pg 1 -y 1466 -x 12001 -autohide -attr @name {} -attr @cell {}
attribute {pin cpll.X1Y9 A} -attr @name {}
attribute {pin cpll.X1Y9 B} -attr @name {}
attribute {inst cpll.X1Y9} -attr @fillcolor #00868b
load symbol X1Y9 syn HIERGEN port TX out port RX out port RXRECCLK in
load inst GT.X1Y9 X1Y9 syn -hier QuadX1Y2 -pg 1 -y 1466 -x 12000 -autohide -attr @name {}
attribute {inst GT.X1Y9} -attr @fillcolor #7a7a7a
load inst cpll.X1Y8 CPLL_X1 syn -hier QuadX1Y2 -pg 1 -y 1551 -x 12001 -autohide -attr @name {} -attr @cell {}
attribute {pin cpll.X1Y8 A} -attr @name {}
attribute {pin cpll.X1Y8 B} -attr @name {}
attribute {inst cpll.X1Y8} -attr @fillcolor #00868b
load symbol X1Y8 syn HIERGEN port TX out port RX out port RXRECCLK in
load inst GT.X1Y8 X1Y8 syn -hier QuadX1Y2 -pg 1 -y 1551 -x 12000 -autohide -attr @name {}
attribute {inst GT.X1Y8} -attr @fillcolor #7a7a7a
load port QuadX1Y2_clk0 out -pg 1 -y 1265 -x 12001 -attr @fillcolor #3a5fcd
load port QuadX1Y2_clk1 out -pg 1 -y 1435 -x 12001 -attr @fillcolor #3a5fcd
load inst QuadX1Y1 QUAD_X1 v -pg 1 -y 1687 -x 12000 -autohide -attr @cell QuadX1Y1 -attr @name {} -attr @fillcolor #d9d9d9
attribute {pin QuadX1Y1 QPLL0 } -attr @name {}
attribute {hierPin QuadX1Y1 QPLL0 } -attr @name {}
attribute {pin QuadX1Y1 QPLL1 } -attr @name {}
attribute {hierPin QuadX1Y1 QPLL1 } -attr @name {}
attribute {pin QuadX1Y1 a0 } -attr @name {}
attribute {hierPin QuadX1Y1 a0 } -attr @name {}
attribute {pin QuadX1Y1 a1 } -attr @name {}
attribute {hierPin QuadX1Y1 a1 } -attr @name {}
attribute {pin QuadX1Y1 a2 } -attr @name {}
attribute {hierPin QuadX1Y1 a2 } -attr @name {}
attribute {pin QuadX1Y1 a3 } -attr @name {}
attribute {hierPin QuadX1Y1 a3 } -attr @name {}
attribute {pin QuadX1Y1 RECCLK_clk0 } -attr @name {}
attribute {hierPin QuadX1Y1 RECCLK_clk0 } -attr @name {}
attribute {pin QuadX1Y1 RECCLK_clk1 } -attr @name {}
attribute {hierPin QuadX1Y1 RECCLK_clk1 } -attr @name {}
load inst cpll.X1Y7 CPLL_X1 syn -hier QuadX1Y1 -pg 1 -y 1688 -x 12001 -autohide -attr @name {} -attr @cell {}
attribute {pin cpll.X1Y7 A} -attr @name {}
attribute {pin cpll.X1Y7 B} -attr @name {}
attribute {inst cpll.X1Y7} -attr @fillcolor #00868b
load symbol X1Y7 syn HIERGEN port TX out port RX out port RXRECCLK in
load inst GT.X1Y7 X1Y7 syn -hier QuadX1Y1 -pg 1 -y 1688 -x 12000 -autohide -attr @name {}
attribute {inst GT.X1Y7} -attr @fillcolor #7a7a7a
load inst cpll.X1Y6 CPLL_X1 syn -hier QuadX1Y1 -pg 1 -y 1773 -x 12001 -autohide -attr @name {} -attr @cell {}
attribute {pin cpll.X1Y6 A} -attr @name {}
attribute {pin cpll.X1Y6 B} -attr @name {}
attribute {inst cpll.X1Y6} -attr @fillcolor #00868b
load symbol X1Y6 syn HIERGEN port TX out port RX out port RXRECCLK in
load inst GT.X1Y6 X1Y6 syn -hier QuadX1Y1 -pg 1 -y 1773 -x 12000 -autohide -attr @name {}
attribute {inst GT.X1Y6} -attr @fillcolor #7a7a7a
load inst QPLL0.QuadX1Y1 QPLL0_X1 syn -hier QuadX1Y1 -pg 1 -y 1858 -x 12001 -autohide -attr @name {} -attr @cell {}
attribute {pin QPLL0.QuadX1Y1 A} -attr @name {}
attribute {pin QPLL0.QuadX1Y1 B} -attr @name {}
attribute {inst QPLL0.QuadX1Y1} -attr @fillcolor #00868b
load inst QPLL1.QuadX1Y1 QPLL1_X1 syn -hier QuadX1Y1 -pg 1 -y 1943 -x 12001 -autohide -attr @name {} -attr @cell {}
attribute {pin QPLL1.QuadX1Y1 A} -attr @name {}
attribute {pin QPLL1.QuadX1Y1 B} -attr @name {}
attribute {inst QPLL1.QuadX1Y1} -attr @fillcolor #00868b
load inst cpll.X1Y5 CPLL_X1 syn -hier QuadX1Y1 -pg 1 -y 2028 -x 12001 -autohide -attr @name {} -attr @cell {}
attribute {pin cpll.X1Y5 A} -attr @name {}
attribute {pin cpll.X1Y5 B} -attr @name {}
attribute {inst cpll.X1Y5} -attr @fillcolor #00868b
load symbol X1Y5 syn HIERGEN port TX out port RX out port RXRECCLK in
load inst GT.X1Y5 X1Y5 syn -hier QuadX1Y1 -pg 1 -y 2028 -x 12000 -autohide -attr @name {}
attribute {inst GT.X1Y5} -attr @fillcolor #7a7a7a
load inst cpll.X1Y4 CPLL_X1 syn -hier QuadX1Y1 -pg 1 -y 2113 -x 12001 -autohide -attr @name {} -attr @cell {}
attribute {pin cpll.X1Y4 A} -attr @name {}
attribute {pin cpll.X1Y4 B} -attr @name {}
attribute {inst cpll.X1Y4} -attr @fillcolor #00868b
load symbol X1Y4 syn HIERGEN port TX out port RX out port RXRECCLK in
load inst GT.X1Y4 X1Y4 syn -hier QuadX1Y1 -pg 1 -y 2113 -x 12000 -autohide -attr @name {}
attribute {inst GT.X1Y4} -attr @fillcolor #7a7a7a
load port QuadX1Y1_clk0 out -pg 1 -y 1827 -x 12001 -attr @fillcolor #3a5fcd
load port QuadX1Y1_clk1 out -pg 1 -y 1997 -x 12001 -attr @fillcolor #3a5fcd
load inst QuadX1Y0 QUAD_X1 v -pg 1 -y 2249 -x 12000 -autohide -attr @cell QuadX1Y0 -attr @name {} -attr @fillcolor #d9d9d9
attribute {pin QuadX1Y0 QPLL0 } -attr @name {}
attribute {hierPin QuadX1Y0 QPLL0 } -attr @name {}
attribute {pin QuadX1Y0 QPLL1 } -attr @name {}
attribute {hierPin QuadX1Y0 QPLL1 } -attr @name {}
attribute {pin QuadX1Y0 a0 } -attr @name {}
attribute {hierPin QuadX1Y0 a0 } -attr @name {}
attribute {pin QuadX1Y0 a1 } -attr @name {}
attribute {hierPin QuadX1Y0 a1 } -attr @name {}
attribute {pin QuadX1Y0 a2 } -attr @name {}
attribute {hierPin QuadX1Y0 a2 } -attr @name {}
attribute {pin QuadX1Y0 a3 } -attr @name {}
attribute {hierPin QuadX1Y0 a3 } -attr @name {}
attribute {pin QuadX1Y0 RECCLK_clk0 } -attr @name {}
attribute {hierPin QuadX1Y0 RECCLK_clk0 } -attr @name {}
attribute {pin QuadX1Y0 RECCLK_clk1 } -attr @name {}
attribute {hierPin QuadX1Y0 RECCLK_clk1 } -attr @name {}
load inst cpll.X1Y3 CPLL_X1 syn -hier QuadX1Y0 -pg 1 -y 2250 -x 12001 -autohide -attr @name {} -attr @cell {}
attribute {pin cpll.X1Y3 A} -attr @name {}
attribute {pin cpll.X1Y3 B} -attr @name {}
attribute {inst cpll.X1Y3} -attr @fillcolor #00868b
load symbol X1Y3 syn HIERGEN port TX out port RX out port RXRECCLK in
load inst GT.X1Y3 X1Y3 syn -hier QuadX1Y0 -pg 1 -y 2250 -x 12000 -autohide -attr @name {}
attribute {inst GT.X1Y3} -attr @fillcolor #7a7a7a
load inst cpll.X1Y2 CPLL_X1 syn -hier QuadX1Y0 -pg 1 -y 2335 -x 12001 -autohide -attr @name {} -attr @cell {}
attribute {pin cpll.X1Y2 A} -attr @name {}
attribute {pin cpll.X1Y2 B} -attr @name {}
attribute {inst cpll.X1Y2} -attr @fillcolor #00868b
load symbol X1Y2 syn HIERGEN port TX out port RX out port RXRECCLK in
load inst GT.X1Y2 X1Y2 syn -hier QuadX1Y0 -pg 1 -y 2335 -x 12000 -autohide -attr @name {}
attribute {inst GT.X1Y2} -attr @fillcolor #7a7a7a
load inst QPLL0.QuadX1Y0 QPLL0_X1 syn -hier QuadX1Y0 -pg 1 -y 2420 -x 12001 -autohide -attr @name {} -attr @cell {}
attribute {pin QPLL0.QuadX1Y0 A} -attr @name {}
attribute {pin QPLL0.QuadX1Y0 B} -attr @name {}
attribute {inst QPLL0.QuadX1Y0} -attr @fillcolor #00868b
load inst QPLL1.QuadX1Y0 QPLL1_X1 syn -hier QuadX1Y0 -pg 1 -y 2505 -x 12001 -autohide -attr @name {} -attr @cell {}
attribute {pin QPLL1.QuadX1Y0 A} -attr @name {}
attribute {pin QPLL1.QuadX1Y0 B} -attr @name {}
attribute {inst QPLL1.QuadX1Y0} -attr @fillcolor #00868b
load inst cpll.X1Y1 CPLL_X1 syn -hier QuadX1Y0 -pg 1 -y 2590 -x 12001 -autohide -attr @name {} -attr @cell {}
attribute {pin cpll.X1Y1 A} -attr @name {}
attribute {pin cpll.X1Y1 B} -attr @name {}
attribute {inst cpll.X1Y1} -attr @fillcolor #00868b
load symbol X1Y1 syn HIERGEN port TX out port RX out port RXRECCLK in
load inst GT.X1Y1 X1Y1 syn -hier QuadX1Y0 -pg 1 -y 2590 -x 12000 -autohide -attr @name {}
attribute {inst GT.X1Y1} -attr @fillcolor #7a7a7a
load inst cpll.X1Y0 CPLL_X1 syn -hier QuadX1Y0 -pg 1 -y 2675 -x 12001 -autohide -attr @name {} -attr @cell {}
attribute {pin cpll.X1Y0 A} -attr @name {}
attribute {pin cpll.X1Y0 B} -attr @name {}
attribute {inst cpll.X1Y0} -attr @fillcolor #00868b
load symbol X1Y0 syn HIERGEN port TX out port RX out port RXRECCLK in
load inst GT.X1Y0 X1Y0 syn -hier QuadX1Y0 -pg 1 -y 2675 -x 12000 -autohide -attr @name {}
attribute {inst GT.X1Y0} -attr @fillcolor #7a7a7a
load port QuadX1Y0_clk0 out -pg 1 -y 2389 -x 12001 -attr @fillcolor #3a5fcd
load port QuadX1Y0_clk1 out -pg 1 -y 2559 -x 12001 -attr @fillcolor #3a5fcd
attribute {inst GT.X0Y19} -attr @fillcolor #7a7a7a
attribute {inst cpll.X0Y19} -attr @fillcolor #00868b
attribute {inst QPLL0.QuadX0Y4} -attr @fillcolor #00868b
attribute {inst QPLL1.QuadX0Y4} -attr @fillcolor #00868b
attribute {inst GT.X0Y18} -attr @fillcolor #7a7a7a
attribute {inst cpll.X0Y18} -attr @fillcolor #00868b
attribute {inst GT.X0Y17} -attr @fillcolor #7a7a7a
attribute {inst cpll.X0Y17} -attr @fillcolor #00868b
attribute {inst GT.X0Y16} -attr @fillcolor #7a7a7a
attribute {inst cpll.X0Y16} -attr @fillcolor #00868b
attribute {inst GT.X0Y15} -attr @fillcolor #7a7a7a
attribute {inst cpll.X0Y15} -attr @fillcolor #00868b
attribute {inst QPLL0.QuadX0Y3} -attr @fillcolor #00868b
attribute {inst QPLL1.QuadX0Y3} -attr @fillcolor #00868b
attribute {inst GT.X0Y14} -attr @fillcolor #7a7a7a
attribute {inst cpll.X0Y14} -attr @fillcolor #00868b
attribute {inst GT.X0Y13} -attr @fillcolor #7a7a7a
attribute {inst cpll.X0Y13} -attr @fillcolor #00868b
attribute {inst GT.X0Y12} -attr @fillcolor #7a7a7a
attribute {inst cpll.X0Y12} -attr @fillcolor #00868b
attribute {inst GT.X1Y19} -attr @fillcolor #7a7a7a
attribute {inst cpll.X1Y19} -attr @fillcolor #00868b
attribute {inst QPLL0.QuadX1Y4} -attr @fillcolor #00868b
attribute {inst QPLL1.QuadX1Y4} -attr @fillcolor #00868b
attribute {inst GT.X1Y18} -attr @fillcolor #7a7a7a
attribute {inst cpll.X1Y18} -attr @fillcolor #00868b
attribute {inst GT.X1Y17} -attr @fillcolor #7a7a7a
attribute {inst cpll.X1Y17} -attr @fillcolor #00868b
attribute {inst GT.X1Y16} -attr @fillcolor #7a7a7a
attribute {inst cpll.X1Y16} -attr @fillcolor #00868b
attribute {inst GT.X1Y15} -attr @fillcolor #7a7a7a
attribute {inst cpll.X1Y15} -attr @fillcolor #00868b
attribute {inst QPLL0.QuadX1Y3} -attr @fillcolor #00868b
attribute {inst QPLL1.QuadX1Y3} -attr @fillcolor #00868b
attribute {inst GT.X1Y14} -attr @fillcolor #7a7a7a
attribute {inst cpll.X1Y14} -attr @fillcolor #00868b
attribute {inst GT.X1Y13} -attr @fillcolor #7a7a7a
attribute {inst cpll.X1Y13} -attr @fillcolor #00868b
attribute {inst GT.X1Y12} -attr @fillcolor #7a7a7a
attribute {inst cpll.X1Y12} -attr @fillcolor #00868b
attribute {inst GT.X1Y11} -attr @fillcolor #7a7a7a
attribute {inst cpll.X1Y11} -attr @fillcolor #00868b
attribute {inst QPLL0.QuadX1Y2} -attr @fillcolor #00868b
attribute {inst QPLL1.QuadX1Y2} -attr @fillcolor #00868b
attribute {inst GT.X1Y10} -attr @fillcolor #7a7a7a
attribute {inst cpll.X1Y10} -attr @fillcolor #00868b
attribute {inst GT.X1Y9} -attr @fillcolor #7a7a7a
attribute {inst cpll.X1Y9} -attr @fillcolor #00868b
attribute {inst GT.X1Y8} -attr @fillcolor #7a7a7a
attribute {inst cpll.X1Y8} -attr @fillcolor #00868b
attribute {inst GT.X1Y7} -attr @fillcolor #7a7a7a
attribute {inst cpll.X1Y7} -attr @fillcolor #00868b
attribute {inst QPLL0.QuadX1Y1} -attr @fillcolor #00868b
attribute {inst QPLL1.QuadX1Y1} -attr @fillcolor #00868b
attribute {inst GT.X1Y6} -attr @fillcolor #7a7a7a
attribute {inst cpll.X1Y6} -attr @fillcolor #00868b
attribute {inst GT.X1Y5} -attr @fillcolor #7a7a7a
attribute {inst cpll.X1Y5} -attr @fillcolor #00868b
attribute {inst GT.X1Y4} -attr @fillcolor #7a7a7a
attribute {inst cpll.X1Y4} -attr @fillcolor #00868b
attribute {inst GT.X1Y3} -attr @fillcolor #7a7a7a
attribute {inst cpll.X1Y3} -attr @fillcolor #00868b
attribute {inst QPLL0.QuadX1Y0} -attr @fillcolor #00868b
attribute {inst QPLL1.QuadX1Y0} -attr @fillcolor #00868b
attribute {inst GT.X1Y2} -attr @fillcolor #7a7a7a
attribute {inst cpll.X1Y2} -attr @fillcolor #00868b
attribute {inst GT.X1Y1} -attr @fillcolor #7a7a7a
attribute {inst cpll.X1Y1} -attr @fillcolor #00868b
attribute {inst GT.X1Y0} -attr @fillcolor #7a7a7a
attribute {inst cpll.X1Y0} -attr @fillcolor #00868b
increment -const
load net net.clk.QuadX0Y3_clk0 -port QuadX0Y3_clk0 -pin QuadX0Y3 QPLL0
load net net.quad.QPLL0.QuadX0Y3 -hierPin QuadX0Y3 QPLL0 -pin QPLL0.QuadX0Y3 A
load net net.chan.QPLL0.QuadX0Y3 -pin QPLL0.QuadX0Y3 B -pin GT.X0Y12 TX
attribute {inst QPLL0.QuadX0Y3} -attr @fillcolor #cccc00
attribute {inst GT.X0Y12} -attr @fillcolor #cccc00
load net net.chan.QPLL0.QuadX0Y3 -pin QPLL0.QuadX0Y3 B -pin GT.X0Y12 RX
attribute {inst QPLL0.QuadX0Y3} -attr @fillcolor #cccc00
attribute {inst GT.X0Y12} -attr @fillcolor #cccc00
show
# Starting Split Pages                                                  462.72
# Split Pages 91 Comps, 3 Nets 0 NetBundles 0 CGraphics                 462.72
# KwayPart started for 91 comps, 3 nets                                 462.72
# Init done: 1 nodes (1 locked nodes), 0 edges                          462.72
# Startpart done: 1 parts                                               462.72
# KwayPart done                                                         462.72
# End of Split Pages: 1 pages                                           462.72
# End of Split Pages                                                    462.72
# Generating Regions for Page 1:   91 Comps,    3 Nets                  462.72
# Analyze                                                               462.72
# Levelize                                                              462.72
# End of LevelAssign mode=I, 3 Levels, 10 Comps, limit=30000            462.72
# Nets                                                                  462.72
# Place                                                                 462.72
# PlaceNets                                                             462.72
# SpaceY                                                                462.72
# Track                                                                 462.72
# SpaceX                                                                462.72
# Wire                                                                  462.72
# End of Wire: 0 nets, 0 ch, wire: 0-->0 (0 with wbits)                 462.72
# End of doGenerate                                                     462.72
# Analyze                                                               462.72
# Levelize                                                              462.72
# End of LevelAssign mode=I, 3 Levels, 10 Comps, limit=30000            462.72
# Nets                                                                  462.72
# Place                                                                 462.72
# PlaceNets                                                             462.72
# SpaceY                                                                462.72
# Track                                                                 462.72
# SpaceX                                                                462.72
# Wire                                                                  462.72
# End of Wire: 0 nets, 0 ch, wire: 0-->0 (0 with wbits)                 462.72
# End of doGenerate                                                     462.72
# Analyze                                                               462.72
# Levelize                                                              462.72
# End of LevelAssign mode=I, 3 Levels, 10 Comps, limit=30000            462.72
# Nets                                                                  462.72
# Place                                                                 462.72
# PlaceNets                                                             462.72
# SpaceY                                                                462.72
# Track                                                                 462.72
# SpaceX                                                                462.72
# Wire                                                                  462.72
# End of Wire: 0 nets, 0 ch, wire: 0-->0 (0 with wbits)                 462.72
# End of doGenerate                                                     462.72
# Analyze                                                               462.72
# Levelize                                                              462.72
# End of LevelAssign mode=I, 3 Levels, 10 Comps, limit=30000            462.72
# Nets                                                                  462.72
# Place                                                                 462.72
# PlaceNets                                                             462.72
# SpaceY                                                                462.72
# Track                                                                 462.72
# SpaceX                                                                462.72
# Wire                                                                  462.72
# End of Wire: 0 nets, 0 ch, wire: 0-->0 (0 with wbits)                 462.72
# End of doGenerate                                                     462.72
# Analyze                                                               462.72
# Levelize                                                              462.72
# End of LevelAssign mode=I, 3 Levels, 10 Comps, limit=30000            462.72
# Nets                                                                  462.72
# Place                                                                 462.72
# PlaceNets                                                             462.72
# SpaceY                                                                462.72
# Track                                                                 462.72
# SpaceX                                                                462.72
# Wire                                                                  462.72
# End of Wire: 0 nets, 0 ch, wire: 0-->0 (0 with wbits)                 462.72
# End of doGenerate                                                     462.72
# Analyze                                                               462.72
# Levelize                                                              462.72
# End of LevelAssign mode=I, 3 Levels, 10 Comps, limit=30000            462.72
# Nets                                                                  462.72
# Place                                                                 462.72
# PlaceNets                                                             462.72
# SpaceY                                                                462.72
# Track                                                                 462.72
# SpaceX                                                                462.72
# Wire                                                                  462.72
# End of Wire: 0 nets, 0 ch, wire: 0-->0 (0 with wbits)                 462.72
# End of doGenerate                                                     462.72
# Analyze                                                               462.72
# Levelize                                                              462.72
# End of LevelAssign mode=I, 3 Levels, 11 Comps, limit=30000            462.72
# Nets                                                                  462.72
# Place                                                                 462.72
# PlaceNets                                                             462.72
# SpaceY                                                                462.72
# Track                                                                 462.72
# SpaceX                                                                462.72
# Wire                                                                  462.72
# End of Wire: 2 nets, 2 ch, wire: 10-->10 (0 with wbits)               462.72
# End of doGenerate                                                     462.72
# Analyze                                                               462.72
# Levelize                                                              462.72
# End of LevelAssign mode=I, 3 Levels, 21 Comps, limit=30000            462.72
# Nets                                                                  462.72
# Place                                                                 462.72
# PlaceNets                                                             462.72
# SpaceY                                                                462.72
# Track                                                                 462.72
# SpaceX                                                                462.72
# Wire                                                                  462.72
# End of Wire: 1 nets, 1 ch, wire: 4-->4 (0 with wbits)                 462.72
# End of doGenerate                                                     462.72
# End of Generating Regions for Page 1                                  462.72
scrollpos -19 805
zoom -x 0 -y 0 0.6
scrollpos -14 604
#R 0.6
#CMD scrollpos 0 0
scrollpos 0 0
selection -itemized {inst GT.X0Y12}
center_objects -itemized {inst GT.X0Y12}
scrollpos -63 282
module new gtmodule
#  * Current module is gtmodule 
load symbol QUAD_X0 v HIERBOX port a0 in port a1 in port a2 in port a3 in port QPLL0 in port QPLL1 in port RECCLK_clk0 out port RECCLK_clk1 out
load symbol QUAD_X1 v HIERBOX port a0 out port a1 out port a2 out port a3 out port QPLL0 out port QPLL1 out port RECCLK_clk0 in port RECCLK_clk1 in
load symbol CPLL_X0 syn BOX port A in port B out text CPLL -cc 25 0 12
load symbol CPLL_X1 syn BOX port A out port B in text CPLL -cc 25 0 12
load symbol QPLL0_X0 syn BOX port A in port B out text QPLL0 -cc 25 0 12
load symbol QPLL0_X1 syn BOX port A out port B in text QPLL0 -cc 25 0 12
load symbol QPLL1_X0 syn BOX port A in port B out text QPLL1 -cc 25 0 12
load symbol QPLL1_X1 syn BOX port A out port B in text QPLL1 -cc 25 0 12
load inst QuadX0Y4 QUAD_X0 v -pg 1 -y 1 -x 2000 -autohide -attr @cell QuadX0Y4 -attr @name {} -attr @fillcolor #d9d9d9
attribute {pin QuadX0Y4 QPLL0 } -attr @name {}
attribute {hierPin QuadX0Y4 QPLL0 } -attr @name {}
attribute {pin QuadX0Y4 QPLL1 } -attr @name {}
attribute {hierPin QuadX0Y4 QPLL1 } -attr @name {}
attribute {pin QuadX0Y4 a0 } -attr @name {}
attribute {hierPin QuadX0Y4 a0 } -attr @name {}
attribute {pin QuadX0Y4 a1 } -attr @name {}
attribute {hierPin QuadX0Y4 a1 } -attr @name {}
attribute {pin QuadX0Y4 a2 } -attr @name {}
attribute {hierPin QuadX0Y4 a2 } -attr @name {}
attribute {pin QuadX0Y4 a3 } -attr @name {}
attribute {hierPin QuadX0Y4 a3 } -attr @name {}
attribute {pin QuadX0Y4 RECCLK_clk0 } -attr @name {}
attribute {hierPin QuadX0Y4 RECCLK_clk0 } -attr @name {}
attribute {pin QuadX0Y4 RECCLK_clk1 } -attr @name {}
attribute {hierPin QuadX0Y4 RECCLK_clk1 } -attr @name {}
load inst cpll.X0Y19 CPLL_X0 syn -hier QuadX0Y4 -pg 1 -y 2 -x 1 -autohide -attr @name {} -attr @cell {}
attribute {pin cpll.X0Y19 A} -attr @name {}
attribute {pin cpll.X0Y19 B} -attr @name {}
attribute {inst cpll.X0Y19} -attr @fillcolor #00868b
load symbol X0Y19 syn HIERGEN port TX in port RX in port RXRECCLK out
load inst GT.X0Y19 X0Y19 syn -hier QuadX0Y4 -pg 1 -y 2 -x 2000 -autohide -attr @name {}
attribute {inst GT.X0Y19} -attr @fillcolor #7a7a7a
load inst cpll.X0Y18 CPLL_X0 syn -hier QuadX0Y4 -pg 1 -y 87 -x 1 -autohide -attr @name {} -attr @cell {}
attribute {pin cpll.X0Y18 A} -attr @name {}
attribute {pin cpll.X0Y18 B} -attr @name {}
attribute {inst cpll.X0Y18} -attr @fillcolor #00868b
load symbol X0Y18 syn HIERGEN port TX in port RX in port RXRECCLK out
load inst GT.X0Y18 X0Y18 syn -hier QuadX0Y4 -pg 1 -y 87 -x 2000 -autohide -attr @name {}
attribute {inst GT.X0Y18} -attr @fillcolor #7a7a7a
load inst QPLL0.QuadX0Y4 QPLL0_X0 syn -hier QuadX0Y4 -pg 1 -y 172 -x 1 -autohide -attr @name {} -attr @cell {}
attribute {pin QPLL0.QuadX0Y4 A} -attr @name {}
attribute {pin QPLL0.QuadX0Y4 B} -attr @name {}
attribute {inst QPLL0.QuadX0Y4} -attr @fillcolor #00868b
load inst QPLL1.QuadX0Y4 QPLL1_X0 syn -hier QuadX0Y4 -pg 1 -y 257 -x 1 -autohide -attr @name {} -attr @cell {}
attribute {pin QPLL1.QuadX0Y4 A} -attr @name {}
attribute {pin QPLL1.QuadX0Y4 B} -attr @name {}
attribute {inst QPLL1.QuadX0Y4} -attr @fillcolor #00868b
load inst cpll.X0Y17 CPLL_X0 syn -hier QuadX0Y4 -pg 1 -y 342 -x 1 -autohide -attr @name {} -attr @cell {}
attribute {pin cpll.X0Y17 A} -attr @name {}
attribute {pin cpll.X0Y17 B} -attr @name {}
attribute {inst cpll.X0Y17} -attr @fillcolor #00868b
load symbol X0Y17 syn HIERGEN port TX in port RX in port RXRECCLK out
load inst GT.X0Y17 X0Y17 syn -hier QuadX0Y4 -pg 1 -y 342 -x 2000 -autohide -attr @name {}
attribute {inst GT.X0Y17} -attr @fillcolor #7a7a7a
load inst cpll.X0Y16 CPLL_X0 syn -hier QuadX0Y4 -pg 1 -y 427 -x 1 -autohide -attr @name {} -attr @cell {}
attribute {pin cpll.X0Y16 A} -attr @name {}
attribute {pin cpll.X0Y16 B} -attr @name {}
attribute {inst cpll.X0Y16} -attr @fillcolor #00868b
load symbol X0Y16 syn HIERGEN port TX in port RX in port RXRECCLK out
load inst GT.X0Y16 X0Y16 syn -hier QuadX0Y4 -pg 1 -y 427 -x 2000 -autohide -attr @name {}
attribute {inst GT.X0Y16} -attr @fillcolor #7a7a7a
load port QuadX0Y4_clk0 in -pg 1 -y 141 -x 1 -attr @fillcolor #3a5fcd
load port QuadX0Y4_clk1 in -pg 1 -y 311 -x 1 -attr @fillcolor #3a5fcd
load inst QuadX0Y3 QUAD_X0 v -pg 1 -y 563 -x 2000 -autohide -attr @cell QuadX0Y3 -attr @name {} -attr @fillcolor #d9d9d9
attribute {pin QuadX0Y3 QPLL0 } -attr @name {}
attribute {hierPin QuadX0Y3 QPLL0 } -attr @name {}
attribute {pin QuadX0Y3 QPLL1 } -attr @name {}
attribute {hierPin QuadX0Y3 QPLL1 } -attr @name {}
attribute {pin QuadX0Y3 a0 } -attr @name {}
attribute {hierPin QuadX0Y3 a0 } -attr @name {}
attribute {pin QuadX0Y3 a1 } -attr @name {}
attribute {hierPin QuadX0Y3 a1 } -attr @name {}
attribute {pin QuadX0Y3 a2 } -attr @name {}
attribute {hierPin QuadX0Y3 a2 } -attr @name {}
attribute {pin QuadX0Y3 a3 } -attr @name {}
attribute {hierPin QuadX0Y3 a3 } -attr @name {}
attribute {pin QuadX0Y3 RECCLK_clk0 } -attr @name {}
attribute {hierPin QuadX0Y3 RECCLK_clk0 } -attr @name {}
attribute {pin QuadX0Y3 RECCLK_clk1 } -attr @name {}
attribute {hierPin QuadX0Y3 RECCLK_clk1 } -attr @name {}
load inst cpll.X0Y15 CPLL_X0 syn -hier QuadX0Y3 -pg 1 -y 564 -x 1 -autohide -attr @name {} -attr @cell {}
attribute {pin cpll.X0Y15 A} -attr @name {}
attribute {pin cpll.X0Y15 B} -attr @name {}
attribute {inst cpll.X0Y15} -attr @fillcolor #00868b
load symbol X0Y15 syn HIERGEN port TX in port RX in port RXRECCLK out
load inst GT.X0Y15 X0Y15 syn -hier QuadX0Y3 -pg 1 -y 564 -x 2000 -autohide -attr @name {}
attribute {inst GT.X0Y15} -attr @fillcolor #7a7a7a
load inst cpll.X0Y14 CPLL_X0 syn -hier QuadX0Y3 -pg 1 -y 649 -x 1 -autohide -attr @name {} -attr @cell {}
attribute {pin cpll.X0Y14 A} -attr @name {}
attribute {pin cpll.X0Y14 B} -attr @name {}
attribute {inst cpll.X0Y14} -attr @fillcolor #00868b
load symbol X0Y14 syn HIERGEN port TX in port RX in port RXRECCLK out
load inst GT.X0Y14 X0Y14 syn -hier QuadX0Y3 -pg 1 -y 649 -x 2000 -autohide -attr @name {}
attribute {inst GT.X0Y14} -attr @fillcolor #7a7a7a
load inst QPLL0.QuadX0Y3 QPLL0_X0 syn -hier QuadX0Y3 -pg 1 -y 734 -x 1 -autohide -attr @name {} -attr @cell {}
attribute {pin QPLL0.QuadX0Y3 A} -attr @name {}
attribute {pin QPLL0.QuadX0Y3 B} -attr @name {}
attribute {inst QPLL0.QuadX0Y3} -attr @fillcolor #00868b
load inst QPLL1.QuadX0Y3 QPLL1_X0 syn -hier QuadX0Y3 -pg 1 -y 819 -x 1 -autohide -attr @name {} -attr @cell {}
attribute {pin QPLL1.QuadX0Y3 A} -attr @name {}
attribute {pin QPLL1.QuadX0Y3 B} -attr @name {}
attribute {inst QPLL1.QuadX0Y3} -attr @fillcolor #00868b
load inst cpll.X0Y13 CPLL_X0 syn -hier QuadX0Y3 -pg 1 -y 904 -x 1 -autohide -attr @name {} -attr @cell {}
attribute {pin cpll.X0Y13 A} -attr @name {}
attribute {pin cpll.X0Y13 B} -attr @name {}
attribute {inst cpll.X0Y13} -attr @fillcolor #00868b
load symbol X0Y13 syn HIERGEN port TX in port RX in port RXRECCLK out
load inst GT.X0Y13 X0Y13 syn -hier QuadX0Y3 -pg 1 -y 904 -x 2000 -autohide -attr @name {}
attribute {inst GT.X0Y13} -attr @fillcolor #7a7a7a
load inst cpll.X0Y12 CPLL_X0 syn -hier QuadX0Y3 -pg 1 -y 989 -x 1 -autohide -attr @name {} -attr @cell {}
attribute {pin cpll.X0Y12 A} -attr @name {}
attribute {pin cpll.X0Y12 B} -attr @name {}
attribute {inst cpll.X0Y12} -attr @fillcolor #00868b
load symbol X0Y12 syn HIERGEN port TX in port RX in port RXRECCLK out
load inst GT.X0Y12 X0Y12 syn -hier QuadX0Y3 -pg 1 -y 989 -x 2000 -autohide -attr @name {}
attribute {inst GT.X0Y12} -attr @fillcolor #7a7a7a
load port QuadX0Y3_clk0 in -pg 1 -y 703 -x 1 -attr @fillcolor #3a5fcd
load port QuadX0Y3_clk1 in -pg 1 -y 873 -x 1 -attr @fillcolor #3a5fcd
load inst QuadX1Y4 QUAD_X1 v -pg 1 -y 1 -x 12000 -autohide -attr @cell QuadX1Y4 -attr @name {} -attr @fillcolor #d9d9d9
attribute {pin QuadX1Y4 QPLL0 } -attr @name {}
attribute {hierPin QuadX1Y4 QPLL0 } -attr @name {}
attribute {pin QuadX1Y4 QPLL1 } -attr @name {}
attribute {hierPin QuadX1Y4 QPLL1 } -attr @name {}
attribute {pin QuadX1Y4 a0 } -attr @name {}
attribute {hierPin QuadX1Y4 a0 } -attr @name {}
attribute {pin QuadX1Y4 a1 } -attr @name {}
attribute {hierPin QuadX1Y4 a1 } -attr @name {}
attribute {pin QuadX1Y4 a2 } -attr @name {}
attribute {hierPin QuadX1Y4 a2 } -attr @name {}
attribute {pin QuadX1Y4 a3 } -attr @name {}
attribute {hierPin QuadX1Y4 a3 } -attr @name {}
attribute {pin QuadX1Y4 RECCLK_clk0 } -attr @name {}
attribute {hierPin QuadX1Y4 RECCLK_clk0 } -attr @name {}
attribute {pin QuadX1Y4 RECCLK_clk1 } -attr @name {}
attribute {hierPin QuadX1Y4 RECCLK_clk1 } -attr @name {}
load inst cpll.X1Y19 CPLL_X1 syn -hier QuadX1Y4 -pg 1 -y 2 -x 12001 -autohide -attr @name {} -attr @cell {}
attribute {pin cpll.X1Y19 A} -attr @name {}
attribute {pin cpll.X1Y19 B} -attr @name {}
attribute {inst cpll.X1Y19} -attr @fillcolor #00868b
load symbol X1Y19 syn HIERGEN port TX out port RX out port RXRECCLK in
load inst GT.X1Y19 X1Y19 syn -hier QuadX1Y4 -pg 1 -y 2 -x 12000 -autohide -attr @name {}
attribute {inst GT.X1Y19} -attr @fillcolor #7a7a7a
load inst cpll.X1Y18 CPLL_X1 syn -hier QuadX1Y4 -pg 1 -y 87 -x 12001 -autohide -attr @name {} -attr @cell {}
attribute {pin cpll.X1Y18 A} -attr @name {}
attribute {pin cpll.X1Y18 B} -attr @name {}
attribute {inst cpll.X1Y18} -attr @fillcolor #00868b
load symbol X1Y18 syn HIERGEN port TX out port RX out port RXRECCLK in
load inst GT.X1Y18 X1Y18 syn -hier QuadX1Y4 -pg 1 -y 87 -x 12000 -autohide -attr @name {}
attribute {inst GT.X1Y18} -attr @fillcolor #7a7a7a
load inst QPLL0.QuadX1Y4 QPLL0_X1 syn -hier QuadX1Y4 -pg 1 -y 172 -x 12001 -autohide -attr @name {} -attr @cell {}
attribute {pin QPLL0.QuadX1Y4 A} -attr @name {}
attribute {pin QPLL0.QuadX1Y4 B} -attr @name {}
attribute {inst QPLL0.QuadX1Y4} -attr @fillcolor #00868b
load inst QPLL1.QuadX1Y4 QPLL1_X1 syn -hier QuadX1Y4 -pg 1 -y 257 -x 12001 -autohide -attr @name {} -attr @cell {}
attribute {pin QPLL1.QuadX1Y4 A} -attr @name {}
attribute {pin QPLL1.QuadX1Y4 B} -attr @name {}
attribute {inst QPLL1.QuadX1Y4} -attr @fillcolor #00868b
load inst cpll.X1Y17 CPLL_X1 syn -hier QuadX1Y4 -pg 1 -y 342 -x 12001 -autohide -attr @name {} -attr @cell {}
attribute {pin cpll.X1Y17 A} -attr @name {}
attribute {pin cpll.X1Y17 B} -attr @name {}
attribute {inst cpll.X1Y17} -attr @fillcolor #00868b
load symbol X1Y17 syn HIERGEN port TX out port RX out port RXRECCLK in
load inst GT.X1Y17 X1Y17 syn -hier QuadX1Y4 -pg 1 -y 342 -x 12000 -autohide -attr @name {}
attribute {inst GT.X1Y17} -attr @fillcolor #7a7a7a
load inst cpll.X1Y16 CPLL_X1 syn -hier QuadX1Y4 -pg 1 -y 427 -x 12001 -autohide -attr @name {} -attr @cell {}
attribute {pin cpll.X1Y16 A} -attr @name {}
attribute {pin cpll.X1Y16 B} -attr @name {}
attribute {inst cpll.X1Y16} -attr @fillcolor #00868b
load symbol X1Y16 syn HIERGEN port TX out port RX out port RXRECCLK in
load inst GT.X1Y16 X1Y16 syn -hier QuadX1Y4 -pg 1 -y 427 -x 12000 -autohide -attr @name {}
attribute {inst GT.X1Y16} -attr @fillcolor #7a7a7a
load port QuadX1Y4_clk0 out -pg 1 -y 141 -x 12001 -attr @fillcolor #3a5fcd
load port QuadX1Y4_clk1 out -pg 1 -y 311 -x 12001 -attr @fillcolor #3a5fcd
load inst QuadX1Y3 QUAD_X1 v -pg 1 -y 563 -x 12000 -autohide -attr @cell QuadX1Y3 -attr @name {} -attr @fillcolor #d9d9d9
attribute {pin QuadX1Y3 QPLL0 } -attr @name {}
attribute {hierPin QuadX1Y3 QPLL0 } -attr @name {}
attribute {pin QuadX1Y3 QPLL1 } -attr @name {}
attribute {hierPin QuadX1Y3 QPLL1 } -attr @name {}
attribute {pin QuadX1Y3 a0 } -attr @name {}
attribute {hierPin QuadX1Y3 a0 } -attr @name {}
attribute {pin QuadX1Y3 a1 } -attr @name {}
attribute {hierPin QuadX1Y3 a1 } -attr @name {}
attribute {pin QuadX1Y3 a2 } -attr @name {}
attribute {hierPin QuadX1Y3 a2 } -attr @name {}
attribute {pin QuadX1Y3 a3 } -attr @name {}
attribute {hierPin QuadX1Y3 a3 } -attr @name {}
attribute {pin QuadX1Y3 RECCLK_clk0 } -attr @name {}
attribute {hierPin QuadX1Y3 RECCLK_clk0 } -attr @name {}
attribute {pin QuadX1Y3 RECCLK_clk1 } -attr @name {}
attribute {hierPin QuadX1Y3 RECCLK_clk1 } -attr @name {}
load inst cpll.X1Y15 CPLL_X1 syn -hier QuadX1Y3 -pg 1 -y 564 -x 12001 -autohide -attr @name {} -attr @cell {}
attribute {pin cpll.X1Y15 A} -attr @name {}
attribute {pin cpll.X1Y15 B} -attr @name {}
attribute {inst cpll.X1Y15} -attr @fillcolor #00868b
load symbol X1Y15 syn HIERGEN port TX out port RX out port RXRECCLK in
load inst GT.X1Y15 X1Y15 syn -hier QuadX1Y3 -pg 1 -y 564 -x 12000 -autohide -attr @name {}
attribute {inst GT.X1Y15} -attr @fillcolor #7a7a7a
load inst cpll.X1Y14 CPLL_X1 syn -hier QuadX1Y3 -pg 1 -y 649 -x 12001 -autohide -attr @name {} -attr @cell {}
attribute {pin cpll.X1Y14 A} -attr @name {}
attribute {pin cpll.X1Y14 B} -attr @name {}
attribute {inst cpll.X1Y14} -attr @fillcolor #00868b
load symbol X1Y14 syn HIERGEN port TX out port RX out port RXRECCLK in
load inst GT.X1Y14 X1Y14 syn -hier QuadX1Y3 -pg 1 -y 649 -x 12000 -autohide -attr @name {}
attribute {inst GT.X1Y14} -attr @fillcolor #7a7a7a
load inst QPLL0.QuadX1Y3 QPLL0_X1 syn -hier QuadX1Y3 -pg 1 -y 734 -x 12001 -autohide -attr @name {} -attr @cell {}
attribute {pin QPLL0.QuadX1Y3 A} -attr @name {}
attribute {pin QPLL0.QuadX1Y3 B} -attr @name {}
attribute {inst QPLL0.QuadX1Y3} -attr @fillcolor #00868b
load inst QPLL1.QuadX1Y3 QPLL1_X1 syn -hier QuadX1Y3 -pg 1 -y 819 -x 12001 -autohide -attr @name {} -attr @cell {}
attribute {pin QPLL1.QuadX1Y3 A} -attr @name {}
attribute {pin QPLL1.QuadX1Y3 B} -attr @name {}
attribute {inst QPLL1.QuadX1Y3} -attr @fillcolor #00868b
load inst cpll.X1Y13 CPLL_X1 syn -hier QuadX1Y3 -pg 1 -y 904 -x 12001 -autohide -attr @name {} -attr @cell {}
attribute {pin cpll.X1Y13 A} -attr @name {}
attribute {pin cpll.X1Y13 B} -attr @name {}
attribute {inst cpll.X1Y13} -attr @fillcolor #00868b
load symbol X1Y13 syn HIERGEN port TX out port RX out port RXRECCLK in
load inst GT.X1Y13 X1Y13 syn -hier QuadX1Y3 -pg 1 -y 904 -x 12000 -autohide -attr @name {}
attribute {inst GT.X1Y13} -attr @fillcolor #7a7a7a
load inst cpll.X1Y12 CPLL_X1 syn -hier QuadX1Y3 -pg 1 -y 989 -x 12001 -autohide -attr @name {} -attr @cell {}
attribute {pin cpll.X1Y12 A} -attr @name {}
attribute {pin cpll.X1Y12 B} -attr @name {}
attribute {inst cpll.X1Y12} -attr @fillcolor #00868b
load symbol X1Y12 syn HIERGEN port TX out port RX out port RXRECCLK in
load inst GT.X1Y12 X1Y12 syn -hier QuadX1Y3 -pg 1 -y 989 -x 12000 -autohide -attr @name {}
attribute {inst GT.X1Y12} -attr @fillcolor #7a7a7a
load port QuadX1Y3_clk0 out -pg 1 -y 703 -x 12001 -attr @fillcolor #3a5fcd
load port QuadX1Y3_clk1 out -pg 1 -y 873 -x 12001 -attr @fillcolor #3a5fcd
load inst QuadX1Y2 QUAD_X1 v -pg 1 -y 1125 -x 12000 -autohide -attr @cell QuadX1Y2 -attr @name {} -attr @fillcolor #d9d9d9
attribute {pin QuadX1Y2 QPLL0 } -attr @name {}
attribute {hierPin QuadX1Y2 QPLL0 } -attr @name {}
attribute {pin QuadX1Y2 QPLL1 } -attr @name {}
attribute {hierPin QuadX1Y2 QPLL1 } -attr @name {}
attribute {pin QuadX1Y2 a0 } -attr @name {}
attribute {hierPin QuadX1Y2 a0 } -attr @name {}
attribute {pin QuadX1Y2 a1 } -attr @name {}
attribute {hierPin QuadX1Y2 a1 } -attr @name {}
attribute {pin QuadX1Y2 a2 } -attr @name {}
attribute {hierPin QuadX1Y2 a2 } -attr @name {}
attribute {pin QuadX1Y2 a3 } -attr @name {}
attribute {hierPin QuadX1Y2 a3 } -attr @name {}
attribute {pin QuadX1Y2 RECCLK_clk0 } -attr @name {}
attribute {hierPin QuadX1Y2 RECCLK_clk0 } -attr @name {}
attribute {pin QuadX1Y2 RECCLK_clk1 } -attr @name {}
attribute {hierPin QuadX1Y2 RECCLK_clk1 } -attr @name {}
load inst cpll.X1Y11 CPLL_X1 syn -hier QuadX1Y2 -pg 1 -y 1126 -x 12001 -autohide -attr @name {} -attr @cell {}
attribute {pin cpll.X1Y11 A} -attr @name {}
attribute {pin cpll.X1Y11 B} -attr @name {}
attribute {inst cpll.X1Y11} -attr @fillcolor #00868b
load symbol X1Y11 syn HIERGEN port TX out port RX out port RXRECCLK in
load inst GT.X1Y11 X1Y11 syn -hier QuadX1Y2 -pg 1 -y 1126 -x 12000 -autohide -attr @name {}
attribute {inst GT.X1Y11} -attr @fillcolor #7a7a7a
load inst cpll.X1Y10 CPLL_X1 syn -hier QuadX1Y2 -pg 1 -y 1211 -x 12001 -autohide -attr @name {} -attr @cell {}
attribute {pin cpll.X1Y10 A} -attr @name {}
attribute {pin cpll.X1Y10 B} -attr @name {}
attribute {inst cpll.X1Y10} -attr @fillcolor #00868b
load symbol X1Y10 syn HIERGEN port TX out port RX out port RXRECCLK in
load inst GT.X1Y10 X1Y10 syn -hier QuadX1Y2 -pg 1 -y 1211 -x 12000 -autohide -attr @name {}
attribute {inst GT.X1Y10} -attr @fillcolor #7a7a7a
load inst QPLL0.QuadX1Y2 QPLL0_X1 syn -hier QuadX1Y2 -pg 1 -y 1296 -x 12001 -autohide -attr @name {} -attr @cell {}
attribute {pin QPLL0.QuadX1Y2 A} -attr @name {}
attribute {pin QPLL0.QuadX1Y2 B} -attr @name {}
attribute {inst QPLL0.QuadX1Y2} -attr @fillcolor #00868b
load inst QPLL1.QuadX1Y2 QPLL1_X1 syn -hier QuadX1Y2 -pg 1 -y 1381 -x 12001 -autohide -attr @name {} -attr @cell {}
attribute {pin QPLL1.QuadX1Y2 A} -attr @name {}
attribute {pin QPLL1.QuadX1Y2 B} -attr @name {}
attribute {inst QPLL1.QuadX1Y2} -attr @fillcolor #00868b
load inst cpll.X1Y9 CPLL_X1 syn -hier QuadX1Y2 -pg 1 -y 1466 -x 12001 -autohide -attr @name {} -attr @cell {}
attribute {pin cpll.X1Y9 A} -attr @name {}
attribute {pin cpll.X1Y9 B} -attr @name {}
attribute {inst cpll.X1Y9} -attr @fillcolor #00868b
load symbol X1Y9 syn HIERGEN port TX out port RX out port RXRECCLK in
load inst GT.X1Y9 X1Y9 syn -hier QuadX1Y2 -pg 1 -y 1466 -x 12000 -autohide -attr @name {}
attribute {inst GT.X1Y9} -attr @fillcolor #7a7a7a
load inst cpll.X1Y8 CPLL_X1 syn -hier QuadX1Y2 -pg 1 -y 1551 -x 12001 -autohide -attr @name {} -attr @cell {}
attribute {pin cpll.X1Y8 A} -attr @name {}
attribute {pin cpll.X1Y8 B} -attr @name {}
attribute {inst cpll.X1Y8} -attr @fillcolor #00868b
load symbol X1Y8 syn HIERGEN port TX out port RX out port RXRECCLK in
load inst GT.X1Y8 X1Y8 syn -hier QuadX1Y2 -pg 1 -y 1551 -x 12000 -autohide -attr @name {}
attribute {inst GT.X1Y8} -attr @fillcolor #7a7a7a
load port QuadX1Y2_clk0 out -pg 1 -y 1265 -x 12001 -attr @fillcolor #3a5fcd
load port QuadX1Y2_clk1 out -pg 1 -y 1435 -x 12001 -attr @fillcolor #3a5fcd
load inst QuadX1Y1 QUAD_X1 v -pg 1 -y 1687 -x 12000 -autohide -attr @cell QuadX1Y1 -attr @name {} -attr @fillcolor #d9d9d9
attribute {pin QuadX1Y1 QPLL0 } -attr @name {}
attribute {hierPin QuadX1Y1 QPLL0 } -attr @name {}
attribute {pin QuadX1Y1 QPLL1 } -attr @name {}
attribute {hierPin QuadX1Y1 QPLL1 } -attr @name {}
attribute {pin QuadX1Y1 a0 } -attr @name {}
attribute {hierPin QuadX1Y1 a0 } -attr @name {}
attribute {pin QuadX1Y1 a1 } -attr @name {}
attribute {hierPin QuadX1Y1 a1 } -attr @name {}
attribute {pin QuadX1Y1 a2 } -attr @name {}
attribute {hierPin QuadX1Y1 a2 } -attr @name {}
attribute {pin QuadX1Y1 a3 } -attr @name {}
attribute {hierPin QuadX1Y1 a3 } -attr @name {}
attribute {pin QuadX1Y1 RECCLK_clk0 } -attr @name {}
attribute {hierPin QuadX1Y1 RECCLK_clk0 } -attr @name {}
attribute {pin QuadX1Y1 RECCLK_clk1 } -attr @name {}
attribute {hierPin QuadX1Y1 RECCLK_clk1 } -attr @name {}
load inst cpll.X1Y7 CPLL_X1 syn -hier QuadX1Y1 -pg 1 -y 1688 -x 12001 -autohide -attr @name {} -attr @cell {}
attribute {pin cpll.X1Y7 A} -attr @name {}
attribute {pin cpll.X1Y7 B} -attr @name {}
attribute {inst cpll.X1Y7} -attr @fillcolor #00868b
load symbol X1Y7 syn HIERGEN port TX out port RX out port RXRECCLK in
load inst GT.X1Y7 X1Y7 syn -hier QuadX1Y1 -pg 1 -y 1688 -x 12000 -autohide -attr @name {}
attribute {inst GT.X1Y7} -attr @fillcolor #7a7a7a
load inst cpll.X1Y6 CPLL_X1 syn -hier QuadX1Y1 -pg 1 -y 1773 -x 12001 -autohide -attr @name {} -attr @cell {}
attribute {pin cpll.X1Y6 A} -attr @name {}
attribute {pin cpll.X1Y6 B} -attr @name {}
attribute {inst cpll.X1Y6} -attr @fillcolor #00868b
load symbol X1Y6 syn HIERGEN port TX out port RX out port RXRECCLK in
load inst GT.X1Y6 X1Y6 syn -hier QuadX1Y1 -pg 1 -y 1773 -x 12000 -autohide -attr @name {}
attribute {inst GT.X1Y6} -attr @fillcolor #7a7a7a
load inst QPLL0.QuadX1Y1 QPLL0_X1 syn -hier QuadX1Y1 -pg 1 -y 1858 -x 12001 -autohide -attr @name {} -attr @cell {}
attribute {pin QPLL0.QuadX1Y1 A} -attr @name {}
attribute {pin QPLL0.QuadX1Y1 B} -attr @name {}
attribute {inst QPLL0.QuadX1Y1} -attr @fillcolor #00868b
load inst QPLL1.QuadX1Y1 QPLL1_X1 syn -hier QuadX1Y1 -pg 1 -y 1943 -x 12001 -autohide -attr @name {} -attr @cell {}
attribute {pin QPLL1.QuadX1Y1 A} -attr @name {}
attribute {pin QPLL1.QuadX1Y1 B} -attr @name {}
attribute {inst QPLL1.QuadX1Y1} -attr @fillcolor #00868b
load inst cpll.X1Y5 CPLL_X1 syn -hier QuadX1Y1 -pg 1 -y 2028 -x 12001 -autohide -attr @name {} -attr @cell {}
attribute {pin cpll.X1Y5 A} -attr @name {}
attribute {pin cpll.X1Y5 B} -attr @name {}
attribute {inst cpll.X1Y5} -attr @fillcolor #00868b
load symbol X1Y5 syn HIERGEN port TX out port RX out port RXRECCLK in
load inst GT.X1Y5 X1Y5 syn -hier QuadX1Y1 -pg 1 -y 2028 -x 12000 -autohide -attr @name {}
attribute {inst GT.X1Y5} -attr @fillcolor #7a7a7a
load inst cpll.X1Y4 CPLL_X1 syn -hier QuadX1Y1 -pg 1 -y 2113 -x 12001 -autohide -attr @name {} -attr @cell {}
attribute {pin cpll.X1Y4 A} -attr @name {}
attribute {pin cpll.X1Y4 B} -attr @name {}
attribute {inst cpll.X1Y4} -attr @fillcolor #00868b
load symbol X1Y4 syn HIERGEN port TX out port RX out port RXRECCLK in
load inst GT.X1Y4 X1Y4 syn -hier QuadX1Y1 -pg 1 -y 2113 -x 12000 -autohide -attr @name {}
attribute {inst GT.X1Y4} -attr @fillcolor #7a7a7a
load port QuadX1Y1_clk0 out -pg 1 -y 1827 -x 12001 -attr @fillcolor #3a5fcd
load port QuadX1Y1_clk1 out -pg 1 -y 1997 -x 12001 -attr @fillcolor #3a5fcd
load inst QuadX1Y0 QUAD_X1 v -pg 1 -y 2249 -x 12000 -autohide -attr @cell QuadX1Y0 -attr @name {} -attr @fillcolor #d9d9d9
attribute {pin QuadX1Y0 QPLL0 } -attr @name {}
attribute {hierPin QuadX1Y0 QPLL0 } -attr @name {}
attribute {pin QuadX1Y0 QPLL1 } -attr @name {}
attribute {hierPin QuadX1Y0 QPLL1 } -attr @name {}
attribute {pin QuadX1Y0 a0 } -attr @name {}
attribute {hierPin QuadX1Y0 a0 } -attr @name {}
attribute {pin QuadX1Y0 a1 } -attr @name {}
attribute {hierPin QuadX1Y0 a1 } -attr @name {}
attribute {pin QuadX1Y0 a2 } -attr @name {}
attribute {hierPin QuadX1Y0 a2 } -attr @name {}
attribute {pin QuadX1Y0 a3 } -attr @name {}
attribute {hierPin QuadX1Y0 a3 } -attr @name {}
attribute {pin QuadX1Y0 RECCLK_clk0 } -attr @name {}
attribute {hierPin QuadX1Y0 RECCLK_clk0 } -attr @name {}
attribute {pin QuadX1Y0 RECCLK_clk1 } -attr @name {}
attribute {hierPin QuadX1Y0 RECCLK_clk1 } -attr @name {}
load inst cpll.X1Y3 CPLL_X1 syn -hier QuadX1Y0 -pg 1 -y 2250 -x 12001 -autohide -attr @name {} -attr @cell {}
attribute {pin cpll.X1Y3 A} -attr @name {}
attribute {pin cpll.X1Y3 B} -attr @name {}
attribute {inst cpll.X1Y3} -attr @fillcolor #00868b
load symbol X1Y3 syn HIERGEN port TX out port RX out port RXRECCLK in
load inst GT.X1Y3 X1Y3 syn -hier QuadX1Y0 -pg 1 -y 2250 -x 12000 -autohide -attr @name {}
attribute {inst GT.X1Y3} -attr @fillcolor #7a7a7a
load inst cpll.X1Y2 CPLL_X1 syn -hier QuadX1Y0 -pg 1 -y 2335 -x 12001 -autohide -attr @name {} -attr @cell {}
attribute {pin cpll.X1Y2 A} -attr @name {}
attribute {pin cpll.X1Y2 B} -attr @name {}
attribute {inst cpll.X1Y2} -attr @fillcolor #00868b
load symbol X1Y2 syn HIERGEN port TX out port RX out port RXRECCLK in
load inst GT.X1Y2 X1Y2 syn -hier QuadX1Y0 -pg 1 -y 2335 -x 12000 -autohide -attr @name {}
attribute {inst GT.X1Y2} -attr @fillcolor #7a7a7a
load inst QPLL0.QuadX1Y0 QPLL0_X1 syn -hier QuadX1Y0 -pg 1 -y 2420 -x 12001 -autohide -attr @name {} -attr @cell {}
attribute {pin QPLL0.QuadX1Y0 A} -attr @name {}
attribute {pin QPLL0.QuadX1Y0 B} -attr @name {}
attribute {inst QPLL0.QuadX1Y0} -attr @fillcolor #00868b
load inst QPLL1.QuadX1Y0 QPLL1_X1 syn -hier QuadX1Y0 -pg 1 -y 2505 -x 12001 -autohide -attr @name {} -attr @cell {}
attribute {pin QPLL1.QuadX1Y0 A} -attr @name {}
attribute {pin QPLL1.QuadX1Y0 B} -attr @name {}
attribute {inst QPLL1.QuadX1Y0} -attr @fillcolor #00868b
load inst cpll.X1Y1 CPLL_X1 syn -hier QuadX1Y0 -pg 1 -y 2590 -x 12001 -autohide -attr @name {} -attr @cell {}
attribute {pin cpll.X1Y1 A} -attr @name {}
attribute {pin cpll.X1Y1 B} -attr @name {}
attribute {inst cpll.X1Y1} -attr @fillcolor #00868b
load symbol X1Y1 syn HIERGEN port TX out port RX out port RXRECCLK in
load inst GT.X1Y1 X1Y1 syn -hier QuadX1Y0 -pg 1 -y 2590 -x 12000 -autohide -attr @name {}
attribute {inst GT.X1Y1} -attr @fillcolor #7a7a7a
load inst cpll.X1Y0 CPLL_X1 syn -hier QuadX1Y0 -pg 1 -y 2675 -x 12001 -autohide -attr @name {} -attr @cell {}
attribute {pin cpll.X1Y0 A} -attr @name {}
attribute {pin cpll.X1Y0 B} -attr @name {}
attribute {inst cpll.X1Y0} -attr @fillcolor #00868b
load symbol X1Y0 syn HIERGEN port TX out port RX out port RXRECCLK in
load inst GT.X1Y0 X1Y0 syn -hier QuadX1Y0 -pg 1 -y 2675 -x 12000 -autohide -attr @name {}
attribute {inst GT.X1Y0} -attr @fillcolor #7a7a7a
load port QuadX1Y0_clk0 out -pg 1 -y 2389 -x 12001 -attr @fillcolor #3a5fcd
load port QuadX1Y0_clk1 out -pg 1 -y 2559 -x 12001 -attr @fillcolor #3a5fcd
attribute {inst GT.X0Y19} -attr @fillcolor #7a7a7a
attribute {inst cpll.X0Y19} -attr @fillcolor #00868b
attribute {inst QPLL0.QuadX0Y4} -attr @fillcolor #00868b
attribute {inst QPLL1.QuadX0Y4} -attr @fillcolor #00868b
attribute {inst GT.X0Y18} -attr @fillcolor #7a7a7a
attribute {inst cpll.X0Y18} -attr @fillcolor #00868b
attribute {inst GT.X0Y17} -attr @fillcolor #7a7a7a
attribute {inst cpll.X0Y17} -attr @fillcolor #00868b
attribute {inst GT.X0Y16} -attr @fillcolor #7a7a7a
attribute {inst cpll.X0Y16} -attr @fillcolor #00868b
attribute {inst GT.X0Y15} -attr @fillcolor #7a7a7a
attribute {inst cpll.X0Y15} -attr @fillcolor #00868b
attribute {inst QPLL0.QuadX0Y3} -attr @fillcolor #00868b
attribute {inst QPLL1.QuadX0Y3} -attr @fillcolor #00868b
attribute {inst GT.X0Y14} -attr @fillcolor #7a7a7a
attribute {inst cpll.X0Y14} -attr @fillcolor #00868b
attribute {inst GT.X0Y13} -attr @fillcolor #7a7a7a
attribute {inst cpll.X0Y13} -attr @fillcolor #00868b
attribute {inst GT.X0Y12} -attr @fillcolor #7a7a7a
attribute {inst cpll.X0Y12} -attr @fillcolor #00868b
attribute {inst GT.X1Y19} -attr @fillcolor #7a7a7a
attribute {inst cpll.X1Y19} -attr @fillcolor #00868b
attribute {inst QPLL0.QuadX1Y4} -attr @fillcolor #00868b
attribute {inst QPLL1.QuadX1Y4} -attr @fillcolor #00868b
attribute {inst GT.X1Y18} -attr @fillcolor #7a7a7a
attribute {inst cpll.X1Y18} -attr @fillcolor #00868b
attribute {inst GT.X1Y17} -attr @fillcolor #7a7a7a
attribute {inst cpll.X1Y17} -attr @fillcolor #00868b
attribute {inst GT.X1Y16} -attr @fillcolor #7a7a7a
attribute {inst cpll.X1Y16} -attr @fillcolor #00868b
attribute {inst GT.X1Y15} -attr @fillcolor #7a7a7a
attribute {inst cpll.X1Y15} -attr @fillcolor #00868b
attribute {inst QPLL0.QuadX1Y3} -attr @fillcolor #00868b
attribute {inst QPLL1.QuadX1Y3} -attr @fillcolor #00868b
attribute {inst GT.X1Y14} -attr @fillcolor #7a7a7a
attribute {inst cpll.X1Y14} -attr @fillcolor #00868b
attribute {inst GT.X1Y13} -attr @fillcolor #7a7a7a
attribute {inst cpll.X1Y13} -attr @fillcolor #00868b
attribute {inst GT.X1Y12} -attr @fillcolor #7a7a7a
attribute {inst cpll.X1Y12} -attr @fillcolor #00868b
attribute {inst GT.X1Y11} -attr @fillcolor #7a7a7a
attribute {inst cpll.X1Y11} -attr @fillcolor #00868b
attribute {inst QPLL0.QuadX1Y2} -attr @fillcolor #00868b
attribute {inst QPLL1.QuadX1Y2} -attr @fillcolor #00868b
attribute {inst GT.X1Y10} -attr @fillcolor #7a7a7a
attribute {inst cpll.X1Y10} -attr @fillcolor #00868b
attribute {inst GT.X1Y9} -attr @fillcolor #7a7a7a
attribute {inst cpll.X1Y9} -attr @fillcolor #00868b
attribute {inst GT.X1Y8} -attr @fillcolor #7a7a7a
attribute {inst cpll.X1Y8} -attr @fillcolor #00868b
attribute {inst GT.X1Y7} -attr @fillcolor #7a7a7a
attribute {inst cpll.X1Y7} -attr @fillcolor #00868b
attribute {inst QPLL0.QuadX1Y1} -attr @fillcolor #00868b
attribute {inst QPLL1.QuadX1Y1} -attr @fillcolor #00868b
attribute {inst GT.X1Y6} -attr @fillcolor #7a7a7a
attribute {inst cpll.X1Y6} -attr @fillcolor #00868b
attribute {inst GT.X1Y5} -attr @fillcolor #7a7a7a
attribute {inst cpll.X1Y5} -attr @fillcolor #00868b
attribute {inst GT.X1Y4} -attr @fillcolor #7a7a7a
attribute {inst cpll.X1Y4} -attr @fillcolor #00868b
attribute {inst GT.X1Y3} -attr @fillcolor #7a7a7a
attribute {inst cpll.X1Y3} -attr @fillcolor #00868b
attribute {inst QPLL0.QuadX1Y0} -attr @fillcolor #00868b
attribute {inst QPLL1.QuadX1Y0} -attr @fillcolor #00868b
attribute {inst GT.X1Y2} -attr @fillcolor #7a7a7a
attribute {inst cpll.X1Y2} -attr @fillcolor #00868b
attribute {inst GT.X1Y1} -attr @fillcolor #7a7a7a
attribute {inst cpll.X1Y1} -attr @fillcolor #00868b
attribute {inst GT.X1Y0} -attr @fillcolor #7a7a7a
attribute {inst cpll.X1Y0} -attr @fillcolor #00868b
increment -const
load net net.clk.QuadX0Y3_clk0 -port QuadX0Y3_clk0 -pin QuadX0Y3 QPLL0
load net net.quad.QPLL0.QuadX0Y3 -hierPin QuadX0Y3 QPLL0 -pin QPLL0.QuadX0Y3 A
load net net.chan.QPLL0.QuadX0Y3 -pin QPLL0.QuadX0Y3 B -pin GT.X0Y12 TX
attribute {inst QPLL0.QuadX0Y3} -attr @fillcolor #cccc00
attribute {inst GT.X0Y12} -attr @fillcolor #cccc00
load net net.chan.QPLL0.QuadX0Y3 -pin QPLL0.QuadX0Y3 B -pin GT.X0Y12 RX
attribute {inst QPLL0.QuadX0Y3} -attr @fillcolor #cccc00
attribute {inst GT.X0Y12} -attr @fillcolor #cccc00
show
# Starting Split Pages                                                  464.59
# Split Pages 91 Comps, 3 Nets 0 NetBundles 0 CGraphics                 464.59
# KwayPart started for 91 comps, 3 nets                                 464.59
# Init done: 1 nodes (1 locked nodes), 0 edges                          464.59
# Startpart done: 1 parts                                               464.59
# KwayPart done                                                         464.59
# End of Split Pages: 1 pages                                           464.59
# End of Split Pages                                                    464.59
# Generating Regions for Page 1:   91 Comps,    3 Nets                  464.59
# Analyze                                                               464.59
# Levelize                                                              464.59
# End of LevelAssign mode=I, 3 Levels, 10 Comps, limit=30000            464.59
# Nets                                                                  464.59
# Place                                                                 464.59
# PlaceNets                                                             464.59
# SpaceY                                                                464.59
# Track                                                                 464.60
# SpaceX                                                                464.60
# Wire                                                                  464.60
# End of Wire: 0 nets, 0 ch, wire: 0-->0 (0 with wbits)                 464.60
# End of doGenerate                                                     464.60
# Analyze                                                               464.60
# Levelize                                                              464.60
# End of LevelAssign mode=I, 3 Levels, 10 Comps, limit=30000            464.60
# Nets                                                                  464.60
# Place                                                                 464.60
# PlaceNets                                                             464.60
# SpaceY                                                                464.60
# Track                                                                 464.60
# SpaceX                                                                464.60
# Wire                                                                  464.60
# End of Wire: 0 nets, 0 ch, wire: 0-->0 (0 with wbits)                 464.60
# End of doGenerate                                                     464.60
# Analyze                                                               464.60
# Levelize                                                              464.60
# End of LevelAssign mode=I, 3 Levels, 10 Comps, limit=30000            464.60
# Nets                                                                  464.60
# Place                                                                 464.60
# PlaceNets                                                             464.60
# SpaceY                                                                464.60
# Track                                                                 464.60
# SpaceX                                                                464.60
# Wire                                                                  464.60
# End of Wire: 0 nets, 0 ch, wire: 0-->0 (0 with wbits)                 464.60
# End of doGenerate                                                     464.60
# Analyze                                                               464.60
# Levelize                                                              464.60
# End of LevelAssign mode=I, 3 Levels, 10 Comps, limit=30000            464.60
# Nets                                                                  464.60
# Place                                                                 464.60
# PlaceNets                                                             464.60
# SpaceY                                                                464.60
# Track                                                                 464.60
# SpaceX                                                                464.60
# Wire                                                                  464.60
# End of Wire: 0 nets, 0 ch, wire: 0-->0 (0 with wbits)                 464.60
# End of doGenerate                                                     464.60
# Analyze                                                               464.60
# Levelize                                                              464.60
# End of LevelAssign mode=I, 3 Levels, 10 Comps, limit=30000            464.60
# Nets                                                                  464.60
# Place                                                                 464.60
# PlaceNets                                                             464.60
# SpaceY                                                                464.60
# Track                                                                 464.60
# SpaceX                                                                464.60
# Wire                                                                  464.60
# End of Wire: 0 nets, 0 ch, wire: 0-->0 (0 with wbits)                 464.60
# End of doGenerate                                                     464.60
# Analyze                                                               464.60
# Levelize                                                              464.60
# End of LevelAssign mode=I, 3 Levels, 10 Comps, limit=30000            464.60
# Nets                                                                  464.60
# Place                                                                 464.60
# PlaceNets                                                             464.60
# SpaceY                                                                464.60
# Track                                                                 464.60
# SpaceX                                                                464.60
# Wire                                                                  464.60
# End of Wire: 0 nets, 0 ch, wire: 0-->0 (0 with wbits)                 464.60
# End of doGenerate                                                     464.60
# Analyze                                                               464.60
# Levelize                                                              464.60
# End of LevelAssign mode=I, 3 Levels, 11 Comps, limit=30000            464.60
# Nets                                                                  464.60
# Place                                                                 464.60
# PlaceNets                                                             464.60
# SpaceY                                                                464.60
# Track                                                                 464.60
# SpaceX                                                                464.60
# Wire                                                                  464.60
# End of Wire: 2 nets, 2 ch, wire: 10-->10 (0 with wbits)               464.60
# End of doGenerate                                                     464.60
# Analyze                                                               464.60
# Levelize                                                              464.60
# End of LevelAssign mode=I, 3 Levels, 21 Comps, limit=30000            464.60
# Nets                                                                  464.60
# Place                                                                 464.60
# PlaceNets                                                             464.60
# SpaceY                                                                464.60
# Track                                                                 464.60
# SpaceX                                                                464.60
# Wire                                                                  464.60
# End of Wire: 1 nets, 1 ch, wire: 4-->4 (0 with wbits)                 464.60
# End of doGenerate                                                     464.60
# End of Generating Regions for Page 1                                  464.60
scrollpos -19 805
zoom -x 0 -y 0 0.6
scrollpos -14 604
#R 0.6
#CMD scrollpos 0 0
scrollpos 0 0
selection -itemized {inst GT.X0Y12}
center_objects -itemized {inst GT.X0Y12}
scrollpos -63 282
module new gtmodule
#  * Current module is gtmodule 
load symbol QUAD_X0 v HIERBOX port a0 in port a1 in port a2 in port a3 in port QPLL0 in port QPLL1 in port RECCLK_clk0 out port RECCLK_clk1 out
load symbol QUAD_X1 v HIERBOX port a0 out port a1 out port a2 out port a3 out port QPLL0 out port QPLL1 out port RECCLK_clk0 in port RECCLK_clk1 in
load symbol CPLL_X0 syn BOX port A in port B out text CPLL -cc 25 0 12
load symbol CPLL_X1 syn BOX port A out port B in text CPLL -cc 25 0 12
load symbol QPLL0_X0 syn BOX port A in port B out text QPLL0 -cc 25 0 12
load symbol QPLL0_X1 syn BOX port A out port B in text QPLL0 -cc 25 0 12
load symbol QPLL1_X0 syn BOX port A in port B out text QPLL1 -cc 25 0 12
load symbol QPLL1_X1 syn BOX port A out port B in text QPLL1 -cc 25 0 12
load inst QuadX0Y4 QUAD_X0 v -pg 1 -y 1 -x 2000 -autohide -attr @cell QuadX0Y4 -attr @name {} -attr @fillcolor #d9d9d9
attribute {pin QuadX0Y4 QPLL0 } -attr @name {}
attribute {hierPin QuadX0Y4 QPLL0 } -attr @name {}
attribute {pin QuadX0Y4 QPLL1 } -attr @name {}
attribute {hierPin QuadX0Y4 QPLL1 } -attr @name {}
attribute {pin QuadX0Y4 a0 } -attr @name {}
attribute {hierPin QuadX0Y4 a0 } -attr @name {}
attribute {pin QuadX0Y4 a1 } -attr @name {}
attribute {hierPin QuadX0Y4 a1 } -attr @name {}
attribute {pin QuadX0Y4 a2 } -attr @name {}
attribute {hierPin QuadX0Y4 a2 } -attr @name {}
attribute {pin QuadX0Y4 a3 } -attr @name {}
attribute {hierPin QuadX0Y4 a3 } -attr @name {}
attribute {pin QuadX0Y4 RECCLK_clk0 } -attr @name {}
attribute {hierPin QuadX0Y4 RECCLK_clk0 } -attr @name {}
attribute {pin QuadX0Y4 RECCLK_clk1 } -attr @name {}
attribute {hierPin QuadX0Y4 RECCLK_clk1 } -attr @name {}
load inst cpll.X0Y19 CPLL_X0 syn -hier QuadX0Y4 -pg 1 -y 2 -x 1 -autohide -attr @name {} -attr @cell {}
attribute {pin cpll.X0Y19 A} -attr @name {}
attribute {pin cpll.X0Y19 B} -attr @name {}
attribute {inst cpll.X0Y19} -attr @fillcolor #00868b
load symbol X0Y19 syn HIERGEN port TX in port RX in port RXRECCLK out
load inst GT.X0Y19 X0Y19 syn -hier QuadX0Y4 -pg 1 -y 2 -x 2000 -autohide -attr @name {}
attribute {inst GT.X0Y19} -attr @fillcolor #7a7a7a
load inst cpll.X0Y18 CPLL_X0 syn -hier QuadX0Y4 -pg 1 -y 87 -x 1 -autohide -attr @name {} -attr @cell {}
attribute {pin cpll.X0Y18 A} -attr @name {}
attribute {pin cpll.X0Y18 B} -attr @name {}
attribute {inst cpll.X0Y18} -attr @fillcolor #00868b
load symbol X0Y18 syn HIERGEN port TX in port RX in port RXRECCLK out
load inst GT.X0Y18 X0Y18 syn -hier QuadX0Y4 -pg 1 -y 87 -x 2000 -autohide -attr @name {}
attribute {inst GT.X0Y18} -attr @fillcolor #7a7a7a
load inst QPLL0.QuadX0Y4 QPLL0_X0 syn -hier QuadX0Y4 -pg 1 -y 172 -x 1 -autohide -attr @name {} -attr @cell {}
attribute {pin QPLL0.QuadX0Y4 A} -attr @name {}
attribute {pin QPLL0.QuadX0Y4 B} -attr @name {}
attribute {inst QPLL0.QuadX0Y4} -attr @fillcolor #00868b
load inst QPLL1.QuadX0Y4 QPLL1_X0 syn -hier QuadX0Y4 -pg 1 -y 257 -x 1 -autohide -attr @name {} -attr @cell {}
attribute {pin QPLL1.QuadX0Y4 A} -attr @name {}
attribute {pin QPLL1.QuadX0Y4 B} -attr @name {}
attribute {inst QPLL1.QuadX0Y4} -attr @fillcolor #00868b
load inst cpll.X0Y17 CPLL_X0 syn -hier QuadX0Y4 -pg 1 -y 342 -x 1 -autohide -attr @name {} -attr @cell {}
attribute {pin cpll.X0Y17 A} -attr @name {}
attribute {pin cpll.X0Y17 B} -attr @name {}
attribute {inst cpll.X0Y17} -attr @fillcolor #00868b
load symbol X0Y17 syn HIERGEN port TX in port RX in port RXRECCLK out
load inst GT.X0Y17 X0Y17 syn -hier QuadX0Y4 -pg 1 -y 342 -x 2000 -autohide -attr @name {}
attribute {inst GT.X0Y17} -attr @fillcolor #7a7a7a
load inst cpll.X0Y16 CPLL_X0 syn -hier QuadX0Y4 -pg 1 -y 427 -x 1 -autohide -attr @name {} -attr @cell {}
attribute {pin cpll.X0Y16 A} -attr @name {}
attribute {pin cpll.X0Y16 B} -attr @name {}
attribute {inst cpll.X0Y16} -attr @fillcolor #00868b
load symbol X0Y16 syn HIERGEN port TX in port RX in port RXRECCLK out
load inst GT.X0Y16 X0Y16 syn -hier QuadX0Y4 -pg 1 -y 427 -x 2000 -autohide -attr @name {}
attribute {inst GT.X0Y16} -attr @fillcolor #7a7a7a
load port QuadX0Y4_clk0 in -pg 1 -y 141 -x 1 -attr @fillcolor #3a5fcd
load port QuadX0Y4_clk1 in -pg 1 -y 311 -x 1 -attr @fillcolor #3a5fcd
load inst QuadX0Y3 QUAD_X0 v -pg 1 -y 563 -x 2000 -autohide -attr @cell QuadX0Y3 -attr @name {} -attr @fillcolor #d9d9d9
attribute {pin QuadX0Y3 QPLL0 } -attr @name {}
attribute {hierPin QuadX0Y3 QPLL0 } -attr @name {}
attribute {pin QuadX0Y3 QPLL1 } -attr @name {}
attribute {hierPin QuadX0Y3 QPLL1 } -attr @name {}
attribute {pin QuadX0Y3 a0 } -attr @name {}
attribute {hierPin QuadX0Y3 a0 } -attr @name {}
attribute {pin QuadX0Y3 a1 } -attr @name {}
attribute {hierPin QuadX0Y3 a1 } -attr @name {}
attribute {pin QuadX0Y3 a2 } -attr @name {}
attribute {hierPin QuadX0Y3 a2 } -attr @name {}
attribute {pin QuadX0Y3 a3 } -attr @name {}
attribute {hierPin QuadX0Y3 a3 } -attr @name {}
attribute {pin QuadX0Y3 RECCLK_clk0 } -attr @name {}
attribute {hierPin QuadX0Y3 RECCLK_clk0 } -attr @name {}
attribute {pin QuadX0Y3 RECCLK_clk1 } -attr @name {}
attribute {hierPin QuadX0Y3 RECCLK_clk1 } -attr @name {}
load inst cpll.X0Y15 CPLL_X0 syn -hier QuadX0Y3 -pg 1 -y 564 -x 1 -autohide -attr @name {} -attr @cell {}
attribute {pin cpll.X0Y15 A} -attr @name {}
attribute {pin cpll.X0Y15 B} -attr @name {}
attribute {inst cpll.X0Y15} -attr @fillcolor #00868b
load symbol X0Y15 syn HIERGEN port TX in port RX in port RXRECCLK out
load inst GT.X0Y15 X0Y15 syn -hier QuadX0Y3 -pg 1 -y 564 -x 2000 -autohide -attr @name {}
attribute {inst GT.X0Y15} -attr @fillcolor #7a7a7a
load inst cpll.X0Y14 CPLL_X0 syn -hier QuadX0Y3 -pg 1 -y 649 -x 1 -autohide -attr @name {} -attr @cell {}
attribute {pin cpll.X0Y14 A} -attr @name {}
attribute {pin cpll.X0Y14 B} -attr @name {}
attribute {inst cpll.X0Y14} -attr @fillcolor #00868b
load symbol X0Y14 syn HIERGEN port TX in port RX in port RXRECCLK out
load inst GT.X0Y14 X0Y14 syn -hier QuadX0Y3 -pg 1 -y 649 -x 2000 -autohide -attr @name {}
attribute {inst GT.X0Y14} -attr @fillcolor #7a7a7a
load inst QPLL0.QuadX0Y3 QPLL0_X0 syn -hier QuadX0Y3 -pg 1 -y 734 -x 1 -autohide -attr @name {} -attr @cell {}
attribute {pin QPLL0.QuadX0Y3 A} -attr @name {}
attribute {pin QPLL0.QuadX0Y3 B} -attr @name {}
attribute {inst QPLL0.QuadX0Y3} -attr @fillcolor #00868b
load inst QPLL1.QuadX0Y3 QPLL1_X0 syn -hier QuadX0Y3 -pg 1 -y 819 -x 1 -autohide -attr @name {} -attr @cell {}
attribute {pin QPLL1.QuadX0Y3 A} -attr @name {}
attribute {pin QPLL1.QuadX0Y3 B} -attr @name {}
attribute {inst QPLL1.QuadX0Y3} -attr @fillcolor #00868b
load inst cpll.X0Y13 CPLL_X0 syn -hier QuadX0Y3 -pg 1 -y 904 -x 1 -autohide -attr @name {} -attr @cell {}
attribute {pin cpll.X0Y13 A} -attr @name {}
attribute {pin cpll.X0Y13 B} -attr @name {}
attribute {inst cpll.X0Y13} -attr @fillcolor #00868b
load symbol X0Y13 syn HIERGEN port TX in port RX in port RXRECCLK out
load inst GT.X0Y13 X0Y13 syn -hier QuadX0Y3 -pg 1 -y 904 -x 2000 -autohide -attr @name {}
attribute {inst GT.X0Y13} -attr @fillcolor #7a7a7a
load inst cpll.X0Y12 CPLL_X0 syn -hier QuadX0Y3 -pg 1 -y 989 -x 1 -autohide -attr @name {} -attr @cell {}
attribute {pin cpll.X0Y12 A} -attr @name {}
attribute {pin cpll.X0Y12 B} -attr @name {}
attribute {inst cpll.X0Y12} -attr @fillcolor #00868b
load symbol X0Y12 syn HIERGEN port TX in port RX in port RXRECCLK out
load inst GT.X0Y12 X0Y12 syn -hier QuadX0Y3 -pg 1 -y 989 -x 2000 -autohide -attr @name {}
attribute {inst GT.X0Y12} -attr @fillcolor #7a7a7a
load port QuadX0Y3_clk0 in -pg 1 -y 703 -x 1 -attr @fillcolor #3a5fcd
load port QuadX0Y3_clk1 in -pg 1 -y 873 -x 1 -attr @fillcolor #3a5fcd
load inst QuadX1Y4 QUAD_X1 v -pg 1 -y 1 -x 12000 -autohide -attr @cell QuadX1Y4 -attr @name {} -attr @fillcolor #d9d9d9
attribute {pin QuadX1Y4 QPLL0 } -attr @name {}
attribute {hierPin QuadX1Y4 QPLL0 } -attr @name {}
attribute {pin QuadX1Y4 QPLL1 } -attr @name {}
attribute {hierPin QuadX1Y4 QPLL1 } -attr @name {}
attribute {pin QuadX1Y4 a0 } -attr @name {}
attribute {hierPin QuadX1Y4 a0 } -attr @name {}
attribute {pin QuadX1Y4 a1 } -attr @name {}
attribute {hierPin QuadX1Y4 a1 } -attr @name {}
attribute {pin QuadX1Y4 a2 } -attr @name {}
attribute {hierPin QuadX1Y4 a2 } -attr @name {}
attribute {pin QuadX1Y4 a3 } -attr @name {}
attribute {hierPin QuadX1Y4 a3 } -attr @name {}
attribute {pin QuadX1Y4 RECCLK_clk0 } -attr @name {}
attribute {hierPin QuadX1Y4 RECCLK_clk0 } -attr @name {}
attribute {pin QuadX1Y4 RECCLK_clk1 } -attr @name {}
attribute {hierPin QuadX1Y4 RECCLK_clk1 } -attr @name {}
load inst cpll.X1Y19 CPLL_X1 syn -hier QuadX1Y4 -pg 1 -y 2 -x 12001 -autohide -attr @name {} -attr @cell {}
attribute {pin cpll.X1Y19 A} -attr @name {}
attribute {pin cpll.X1Y19 B} -attr @name {}
attribute {inst cpll.X1Y19} -attr @fillcolor #00868b
load symbol X1Y19 syn HIERGEN port TX out port RX out port RXRECCLK in
load inst GT.X1Y19 X1Y19 syn -hier QuadX1Y4 -pg 1 -y 2 -x 12000 -autohide -attr @name {}
attribute {inst GT.X1Y19} -attr @fillcolor #7a7a7a
load inst cpll.X1Y18 CPLL_X1 syn -hier QuadX1Y4 -pg 1 -y 87 -x 12001 -autohide -attr @name {} -attr @cell {}
attribute {pin cpll.X1Y18 A} -attr @name {}
attribute {pin cpll.X1Y18 B} -attr @name {}
attribute {inst cpll.X1Y18} -attr @fillcolor #00868b
load symbol X1Y18 syn HIERGEN port TX out port RX out port RXRECCLK in
load inst GT.X1Y18 X1Y18 syn -hier QuadX1Y4 -pg 1 -y 87 -x 12000 -autohide -attr @name {}
attribute {inst GT.X1Y18} -attr @fillcolor #7a7a7a
load inst QPLL0.QuadX1Y4 QPLL0_X1 syn -hier QuadX1Y4 -pg 1 -y 172 -x 12001 -autohide -attr @name {} -attr @cell {}
attribute {pin QPLL0.QuadX1Y4 A} -attr @name {}
attribute {pin QPLL0.QuadX1Y4 B} -attr @name {}
attribute {inst QPLL0.QuadX1Y4} -attr @fillcolor #00868b
load inst QPLL1.QuadX1Y4 QPLL1_X1 syn -hier QuadX1Y4 -pg 1 -y 257 -x 12001 -autohide -attr @name {} -attr @cell {}
attribute {pin QPLL1.QuadX1Y4 A} -attr @name {}
attribute {pin QPLL1.QuadX1Y4 B} -attr @name {}
attribute {inst QPLL1.QuadX1Y4} -attr @fillcolor #00868b
load inst cpll.X1Y17 CPLL_X1 syn -hier QuadX1Y4 -pg 1 -y 342 -x 12001 -autohide -attr @name {} -attr @cell {}
attribute {pin cpll.X1Y17 A} -attr @name {}
attribute {pin cpll.X1Y17 B} -attr @name {}
attribute {inst cpll.X1Y17} -attr @fillcolor #00868b
load symbol X1Y17 syn HIERGEN port TX out port RX out port RXRECCLK in
load inst GT.X1Y17 X1Y17 syn -hier QuadX1Y4 -pg 1 -y 342 -x 12000 -autohide -attr @name {}
attribute {inst GT.X1Y17} -attr @fillcolor #7a7a7a
load inst cpll.X1Y16 CPLL_X1 syn -hier QuadX1Y4 -pg 1 -y 427 -x 12001 -autohide -attr @name {} -attr @cell {}
attribute {pin cpll.X1Y16 A} -attr @name {}
attribute {pin cpll.X1Y16 B} -attr @name {}
attribute {inst cpll.X1Y16} -attr @fillcolor #00868b
load symbol X1Y16 syn HIERGEN port TX out port RX out port RXRECCLK in
load inst GT.X1Y16 X1Y16 syn -hier QuadX1Y4 -pg 1 -y 427 -x 12000 -autohide -attr @name {}
attribute {inst GT.X1Y16} -attr @fillcolor #7a7a7a
load port QuadX1Y4_clk0 out -pg 1 -y 141 -x 12001 -attr @fillcolor #3a5fcd
load port QuadX1Y4_clk1 out -pg 1 -y 311 -x 12001 -attr @fillcolor #3a5fcd
load inst QuadX1Y3 QUAD_X1 v -pg 1 -y 563 -x 12000 -autohide -attr @cell QuadX1Y3 -attr @name {} -attr @fillcolor #d9d9d9
attribute {pin QuadX1Y3 QPLL0 } -attr @name {}
attribute {hierPin QuadX1Y3 QPLL0 } -attr @name {}
attribute {pin QuadX1Y3 QPLL1 } -attr @name {}
attribute {hierPin QuadX1Y3 QPLL1 } -attr @name {}
attribute {pin QuadX1Y3 a0 } -attr @name {}
attribute {hierPin QuadX1Y3 a0 } -attr @name {}
attribute {pin QuadX1Y3 a1 } -attr @name {}
attribute {hierPin QuadX1Y3 a1 } -attr @name {}
attribute {pin QuadX1Y3 a2 } -attr @name {}
attribute {hierPin QuadX1Y3 a2 } -attr @name {}
attribute {pin QuadX1Y3 a3 } -attr @name {}
attribute {hierPin QuadX1Y3 a3 } -attr @name {}
attribute {pin QuadX1Y3 RECCLK_clk0 } -attr @name {}
attribute {hierPin QuadX1Y3 RECCLK_clk0 } -attr @name {}
attribute {pin QuadX1Y3 RECCLK_clk1 } -attr @name {}
attribute {hierPin QuadX1Y3 RECCLK_clk1 } -attr @name {}
load inst cpll.X1Y15 CPLL_X1 syn -hier QuadX1Y3 -pg 1 -y 564 -x 12001 -autohide -attr @name {} -attr @cell {}
attribute {pin cpll.X1Y15 A} -attr @name {}
attribute {pin cpll.X1Y15 B} -attr @name {}
attribute {inst cpll.X1Y15} -attr @fillcolor #00868b
load symbol X1Y15 syn HIERGEN port TX out port RX out port RXRECCLK in
load inst GT.X1Y15 X1Y15 syn -hier QuadX1Y3 -pg 1 -y 564 -x 12000 -autohide -attr @name {}
attribute {inst GT.X1Y15} -attr @fillcolor #7a7a7a
load inst cpll.X1Y14 CPLL_X1 syn -hier QuadX1Y3 -pg 1 -y 649 -x 12001 -autohide -attr @name {} -attr @cell {}
attribute {pin cpll.X1Y14 A} -attr @name {}
attribute {pin cpll.X1Y14 B} -attr @name {}
attribute {inst cpll.X1Y14} -attr @fillcolor #00868b
load symbol X1Y14 syn HIERGEN port TX out port RX out port RXRECCLK in
load inst GT.X1Y14 X1Y14 syn -hier QuadX1Y3 -pg 1 -y 649 -x 12000 -autohide -attr @name {}
attribute {inst GT.X1Y14} -attr @fillcolor #7a7a7a
load inst QPLL0.QuadX1Y3 QPLL0_X1 syn -hier QuadX1Y3 -pg 1 -y 734 -x 12001 -autohide -attr @name {} -attr @cell {}
attribute {pin QPLL0.QuadX1Y3 A} -attr @name {}
attribute {pin QPLL0.QuadX1Y3 B} -attr @name {}
attribute {inst QPLL0.QuadX1Y3} -attr @fillcolor #00868b
load inst QPLL1.QuadX1Y3 QPLL1_X1 syn -hier QuadX1Y3 -pg 1 -y 819 -x 12001 -autohide -attr @name {} -attr @cell {}
attribute {pin QPLL1.QuadX1Y3 A} -attr @name {}
attribute {pin QPLL1.QuadX1Y3 B} -attr @name {}
attribute {inst QPLL1.QuadX1Y3} -attr @fillcolor #00868b
load inst cpll.X1Y13 CPLL_X1 syn -hier QuadX1Y3 -pg 1 -y 904 -x 12001 -autohide -attr @name {} -attr @cell {}
attribute {pin cpll.X1Y13 A} -attr @name {}
attribute {pin cpll.X1Y13 B} -attr @name {}
attribute {inst cpll.X1Y13} -attr @fillcolor #00868b
load symbol X1Y13 syn HIERGEN port TX out port RX out port RXRECCLK in
load inst GT.X1Y13 X1Y13 syn -hier QuadX1Y3 -pg 1 -y 904 -x 12000 -autohide -attr @name {}
attribute {inst GT.X1Y13} -attr @fillcolor #7a7a7a
load inst cpll.X1Y12 CPLL_X1 syn -hier QuadX1Y3 -pg 1 -y 989 -x 12001 -autohide -attr @name {} -attr @cell {}
attribute {pin cpll.X1Y12 A} -attr @name {}
attribute {pin cpll.X1Y12 B} -attr @name {}
attribute {inst cpll.X1Y12} -attr @fillcolor #00868b
load symbol X1Y12 syn HIERGEN port TX out port RX out port RXRECCLK in
load inst GT.X1Y12 X1Y12 syn -hier QuadX1Y3 -pg 1 -y 989 -x 12000 -autohide -attr @name {}
attribute {inst GT.X1Y12} -attr @fillcolor #7a7a7a
load port QuadX1Y3_clk0 out -pg 1 -y 703 -x 12001 -attr @fillcolor #3a5fcd
load port QuadX1Y3_clk1 out -pg 1 -y 873 -x 12001 -attr @fillcolor #3a5fcd
load inst QuadX1Y2 QUAD_X1 v -pg 1 -y 1125 -x 12000 -autohide -attr @cell QuadX1Y2 -attr @name {} -attr @fillcolor #d9d9d9
attribute {pin QuadX1Y2 QPLL0 } -attr @name {}
attribute {hierPin QuadX1Y2 QPLL0 } -attr @name {}
attribute {pin QuadX1Y2 QPLL1 } -attr @name {}
attribute {hierPin QuadX1Y2 QPLL1 } -attr @name {}
attribute {pin QuadX1Y2 a0 } -attr @name {}
attribute {hierPin QuadX1Y2 a0 } -attr @name {}
attribute {pin QuadX1Y2 a1 } -attr @name {}
attribute {hierPin QuadX1Y2 a1 } -attr @name {}
attribute {pin QuadX1Y2 a2 } -attr @name {}
attribute {hierPin QuadX1Y2 a2 } -attr @name {}
attribute {pin QuadX1Y2 a3 } -attr @name {}
attribute {hierPin QuadX1Y2 a3 } -attr @name {}
attribute {pin QuadX1Y2 RECCLK_clk0 } -attr @name {}
attribute {hierPin QuadX1Y2 RECCLK_clk0 } -attr @name {}
attribute {pin QuadX1Y2 RECCLK_clk1 } -attr @name {}
attribute {hierPin QuadX1Y2 RECCLK_clk1 } -attr @name {}
load inst cpll.X1Y11 CPLL_X1 syn -hier QuadX1Y2 -pg 1 -y 1126 -x 12001 -autohide -attr @name {} -attr @cell {}
attribute {pin cpll.X1Y11 A} -attr @name {}
attribute {pin cpll.X1Y11 B} -attr @name {}
attribute {inst cpll.X1Y11} -attr @fillcolor #00868b
load symbol X1Y11 syn HIERGEN port TX out port RX out port RXRECCLK in
load inst GT.X1Y11 X1Y11 syn -hier QuadX1Y2 -pg 1 -y 1126 -x 12000 -autohide -attr @name {}
attribute {inst GT.X1Y11} -attr @fillcolor #7a7a7a
load inst cpll.X1Y10 CPLL_X1 syn -hier QuadX1Y2 -pg 1 -y 1211 -x 12001 -autohide -attr @name {} -attr @cell {}
attribute {pin cpll.X1Y10 A} -attr @name {}
attribute {pin cpll.X1Y10 B} -attr @name {}
attribute {inst cpll.X1Y10} -attr @fillcolor #00868b
load symbol X1Y10 syn HIERGEN port TX out port RX out port RXRECCLK in
load inst GT.X1Y10 X1Y10 syn -hier QuadX1Y2 -pg 1 -y 1211 -x 12000 -autohide -attr @name {}
attribute {inst GT.X1Y10} -attr @fillcolor #7a7a7a
load inst QPLL0.QuadX1Y2 QPLL0_X1 syn -hier QuadX1Y2 -pg 1 -y 1296 -x 12001 -autohide -attr @name {} -attr @cell {}
attribute {pin QPLL0.QuadX1Y2 A} -attr @name {}
attribute {pin QPLL0.QuadX1Y2 B} -attr @name {}
attribute {inst QPLL0.QuadX1Y2} -attr @fillcolor #00868b
load inst QPLL1.QuadX1Y2 QPLL1_X1 syn -hier QuadX1Y2 -pg 1 -y 1381 -x 12001 -autohide -attr @name {} -attr @cell {}
attribute {pin QPLL1.QuadX1Y2 A} -attr @name {}
attribute {pin QPLL1.QuadX1Y2 B} -attr @name {}
attribute {inst QPLL1.QuadX1Y2} -attr @fillcolor #00868b
load inst cpll.X1Y9 CPLL_X1 syn -hier QuadX1Y2 -pg 1 -y 1466 -x 12001 -autohide -attr @name {} -attr @cell {}
attribute {pin cpll.X1Y9 A} -attr @name {}
attribute {pin cpll.X1Y9 B} -attr @name {}
attribute {inst cpll.X1Y9} -attr @fillcolor #00868b
load symbol X1Y9 syn HIERGEN port TX out port RX out port RXRECCLK in
load inst GT.X1Y9 X1Y9 syn -hier QuadX1Y2 -pg 1 -y 1466 -x 12000 -autohide -attr @name {}
attribute {inst GT.X1Y9} -attr @fillcolor #7a7a7a
load inst cpll.X1Y8 CPLL_X1 syn -hier QuadX1Y2 -pg 1 -y 1551 -x 12001 -autohide -attr @name {} -attr @cell {}
attribute {pin cpll.X1Y8 A} -attr @name {}
attribute {pin cpll.X1Y8 B} -attr @name {}
attribute {inst cpll.X1Y8} -attr @fillcolor #00868b
load symbol X1Y8 syn HIERGEN port TX out port RX out port RXRECCLK in
load inst GT.X1Y8 X1Y8 syn -hier QuadX1Y2 -pg 1 -y 1551 -x 12000 -autohide -attr @name {}
attribute {inst GT.X1Y8} -attr @fillcolor #7a7a7a
load port QuadX1Y2_clk0 out -pg 1 -y 1265 -x 12001 -attr @fillcolor #3a5fcd
load port QuadX1Y2_clk1 out -pg 1 -y 1435 -x 12001 -attr @fillcolor #3a5fcd
load inst QuadX1Y1 QUAD_X1 v -pg 1 -y 1687 -x 12000 -autohide -attr @cell QuadX1Y1 -attr @name {} -attr @fillcolor #d9d9d9
attribute {pin QuadX1Y1 QPLL0 } -attr @name {}
attribute {hierPin QuadX1Y1 QPLL0 } -attr @name {}
attribute {pin QuadX1Y1 QPLL1 } -attr @name {}
attribute {hierPin QuadX1Y1 QPLL1 } -attr @name {}
attribute {pin QuadX1Y1 a0 } -attr @name {}
attribute {hierPin QuadX1Y1 a0 } -attr @name {}
attribute {pin QuadX1Y1 a1 } -attr @name {}
attribute {hierPin QuadX1Y1 a1 } -attr @name {}
attribute {pin QuadX1Y1 a2 } -attr @name {}
attribute {hierPin QuadX1Y1 a2 } -attr @name {}
attribute {pin QuadX1Y1 a3 } -attr @name {}
attribute {hierPin QuadX1Y1 a3 } -attr @name {}
attribute {pin QuadX1Y1 RECCLK_clk0 } -attr @name {}
attribute {hierPin QuadX1Y1 RECCLK_clk0 } -attr @name {}
attribute {pin QuadX1Y1 RECCLK_clk1 } -attr @name {}
attribute {hierPin QuadX1Y1 RECCLK_clk1 } -attr @name {}
load inst cpll.X1Y7 CPLL_X1 syn -hier QuadX1Y1 -pg 1 -y 1688 -x 12001 -autohide -attr @name {} -attr @cell {}
attribute {pin cpll.X1Y7 A} -attr @name {}
attribute {pin cpll.X1Y7 B} -attr @name {}
attribute {inst cpll.X1Y7} -attr @fillcolor #00868b
load symbol X1Y7 syn HIERGEN port TX out port RX out port RXRECCLK in
load inst GT.X1Y7 X1Y7 syn -hier QuadX1Y1 -pg 1 -y 1688 -x 12000 -autohide -attr @name {}
attribute {inst GT.X1Y7} -attr @fillcolor #7a7a7a
load inst cpll.X1Y6 CPLL_X1 syn -hier QuadX1Y1 -pg 1 -y 1773 -x 12001 -autohide -attr @name {} -attr @cell {}
attribute {pin cpll.X1Y6 A} -attr @name {}
attribute {pin cpll.X1Y6 B} -attr @name {}
attribute {inst cpll.X1Y6} -attr @fillcolor #00868b
load symbol X1Y6 syn HIERGEN port TX out port RX out port RXRECCLK in
load inst GT.X1Y6 X1Y6 syn -hier QuadX1Y1 -pg 1 -y 1773 -x 12000 -autohide -attr @name {}
attribute {inst GT.X1Y6} -attr @fillcolor #7a7a7a
load inst QPLL0.QuadX1Y1 QPLL0_X1 syn -hier QuadX1Y1 -pg 1 -y 1858 -x 12001 -autohide -attr @name {} -attr @cell {}
attribute {pin QPLL0.QuadX1Y1 A} -attr @name {}
attribute {pin QPLL0.QuadX1Y1 B} -attr @name {}
attribute {inst QPLL0.QuadX1Y1} -attr @fillcolor #00868b
load inst QPLL1.QuadX1Y1 QPLL1_X1 syn -hier QuadX1Y1 -pg 1 -y 1943 -x 12001 -autohide -attr @name {} -attr @cell {}
attribute {pin QPLL1.QuadX1Y1 A} -attr @name {}
attribute {pin QPLL1.QuadX1Y1 B} -attr @name {}
attribute {inst QPLL1.QuadX1Y1} -attr @fillcolor #00868b
load inst cpll.X1Y5 CPLL_X1 syn -hier QuadX1Y1 -pg 1 -y 2028 -x 12001 -autohide -attr @name {} -attr @cell {}
attribute {pin cpll.X1Y5 A} -attr @name {}
attribute {pin cpll.X1Y5 B} -attr @name {}
attribute {inst cpll.X1Y5} -attr @fillcolor #00868b
load symbol X1Y5 syn HIERGEN port TX out port RX out port RXRECCLK in
load inst GT.X1Y5 X1Y5 syn -hier QuadX1Y1 -pg 1 -y 2028 -x 12000 -autohide -attr @name {}
attribute {inst GT.X1Y5} -attr @fillcolor #7a7a7a
load inst cpll.X1Y4 CPLL_X1 syn -hier QuadX1Y1 -pg 1 -y 2113 -x 12001 -autohide -attr @name {} -attr @cell {}
attribute {pin cpll.X1Y4 A} -attr @name {}
attribute {pin cpll.X1Y4 B} -attr @name {}
attribute {inst cpll.X1Y4} -attr @fillcolor #00868b
load symbol X1Y4 syn HIERGEN port TX out port RX out port RXRECCLK in
load inst GT.X1Y4 X1Y4 syn -hier QuadX1Y1 -pg 1 -y 2113 -x 12000 -autohide -attr @name {}
attribute {inst GT.X1Y4} -attr @fillcolor #7a7a7a
load port QuadX1Y1_clk0 out -pg 1 -y 1827 -x 12001 -attr @fillcolor #3a5fcd
load port QuadX1Y1_clk1 out -pg 1 -y 1997 -x 12001 -attr @fillcolor #3a5fcd
load inst QuadX1Y0 QUAD_X1 v -pg 1 -y 2249 -x 12000 -autohide -attr @cell QuadX1Y0 -attr @name {} -attr @fillcolor #d9d9d9
attribute {pin QuadX1Y0 QPLL0 } -attr @name {}
attribute {hierPin QuadX1Y0 QPLL0 } -attr @name {}
attribute {pin QuadX1Y0 QPLL1 } -attr @name {}
attribute {hierPin QuadX1Y0 QPLL1 } -attr @name {}
attribute {pin QuadX1Y0 a0 } -attr @name {}
attribute {hierPin QuadX1Y0 a0 } -attr @name {}
attribute {pin QuadX1Y0 a1 } -attr @name {}
attribute {hierPin QuadX1Y0 a1 } -attr @name {}
attribute {pin QuadX1Y0 a2 } -attr @name {}
attribute {hierPin QuadX1Y0 a2 } -attr @name {}
attribute {pin QuadX1Y0 a3 } -attr @name {}
attribute {hierPin QuadX1Y0 a3 } -attr @name {}
attribute {pin QuadX1Y0 RECCLK_clk0 } -attr @name {}
attribute {hierPin QuadX1Y0 RECCLK_clk0 } -attr @name {}
attribute {pin QuadX1Y0 RECCLK_clk1 } -attr @name {}
attribute {hierPin QuadX1Y0 RECCLK_clk1 } -attr @name {}
load inst cpll.X1Y3 CPLL_X1 syn -hier QuadX1Y0 -pg 1 -y 2250 -x 12001 -autohide -attr @name {} -attr @cell {}
attribute {pin cpll.X1Y3 A} -attr @name {}
attribute {pin cpll.X1Y3 B} -attr @name {}
attribute {inst cpll.X1Y3} -attr @fillcolor #00868b
load symbol X1Y3 syn HIERGEN port TX out port RX out port RXRECCLK in
load inst GT.X1Y3 X1Y3 syn -hier QuadX1Y0 -pg 1 -y 2250 -x 12000 -autohide -attr @name {}
attribute {inst GT.X1Y3} -attr @fillcolor #7a7a7a
load inst cpll.X1Y2 CPLL_X1 syn -hier QuadX1Y0 -pg 1 -y 2335 -x 12001 -autohide -attr @name {} -attr @cell {}
attribute {pin cpll.X1Y2 A} -attr @name {}
attribute {pin cpll.X1Y2 B} -attr @name {}
attribute {inst cpll.X1Y2} -attr @fillcolor #00868b
load symbol X1Y2 syn HIERGEN port TX out port RX out port RXRECCLK in
load inst GT.X1Y2 X1Y2 syn -hier QuadX1Y0 -pg 1 -y 2335 -x 12000 -autohide -attr @name {}
attribute {inst GT.X1Y2} -attr @fillcolor #7a7a7a
load inst QPLL0.QuadX1Y0 QPLL0_X1 syn -hier QuadX1Y0 -pg 1 -y 2420 -x 12001 -autohide -attr @name {} -attr @cell {}
attribute {pin QPLL0.QuadX1Y0 A} -attr @name {}
attribute {pin QPLL0.QuadX1Y0 B} -attr @name {}
attribute {inst QPLL0.QuadX1Y0} -attr @fillcolor #00868b
load inst QPLL1.QuadX1Y0 QPLL1_X1 syn -hier QuadX1Y0 -pg 1 -y 2505 -x 12001 -autohide -attr @name {} -attr @cell {}
attribute {pin QPLL1.QuadX1Y0 A} -attr @name {}
attribute {pin QPLL1.QuadX1Y0 B} -attr @name {}
attribute {inst QPLL1.QuadX1Y0} -attr @fillcolor #00868b
load inst cpll.X1Y1 CPLL_X1 syn -hier QuadX1Y0 -pg 1 -y 2590 -x 12001 -autohide -attr @name {} -attr @cell {}
attribute {pin cpll.X1Y1 A} -attr @name {}
attribute {pin cpll.X1Y1 B} -attr @name {}
attribute {inst cpll.X1Y1} -attr @fillcolor #00868b
load symbol X1Y1 syn HIERGEN port TX out port RX out port RXRECCLK in
load inst GT.X1Y1 X1Y1 syn -hier QuadX1Y0 -pg 1 -y 2590 -x 12000 -autohide -attr @name {}
attribute {inst GT.X1Y1} -attr @fillcolor #7a7a7a
load inst cpll.X1Y0 CPLL_X1 syn -hier QuadX1Y0 -pg 1 -y 2675 -x 12001 -autohide -attr @name {} -attr @cell {}
attribute {pin cpll.X1Y0 A} -attr @name {}
attribute {pin cpll.X1Y0 B} -attr @name {}
attribute {inst cpll.X1Y0} -attr @fillcolor #00868b
load symbol X1Y0 syn HIERGEN port TX out port RX out port RXRECCLK in
load inst GT.X1Y0 X1Y0 syn -hier QuadX1Y0 -pg 1 -y 2675 -x 12000 -autohide -attr @name {}
attribute {inst GT.X1Y0} -attr @fillcolor #7a7a7a
load port QuadX1Y0_clk0 out -pg 1 -y 2389 -x 12001 -attr @fillcolor #3a5fcd
load port QuadX1Y0_clk1 out -pg 1 -y 2559 -x 12001 -attr @fillcolor #3a5fcd
attribute {inst GT.X0Y19} -attr @fillcolor #7a7a7a
attribute {inst cpll.X0Y19} -attr @fillcolor #00868b
attribute {inst QPLL0.QuadX0Y4} -attr @fillcolor #00868b
attribute {inst QPLL1.QuadX0Y4} -attr @fillcolor #00868b
attribute {inst GT.X0Y18} -attr @fillcolor #7a7a7a
attribute {inst cpll.X0Y18} -attr @fillcolor #00868b
attribute {inst GT.X0Y17} -attr @fillcolor #7a7a7a
attribute {inst cpll.X0Y17} -attr @fillcolor #00868b
attribute {inst GT.X0Y16} -attr @fillcolor #7a7a7a
attribute {inst cpll.X0Y16} -attr @fillcolor #00868b
attribute {inst GT.X0Y15} -attr @fillcolor #7a7a7a
attribute {inst cpll.X0Y15} -attr @fillcolor #00868b
attribute {inst QPLL0.QuadX0Y3} -attr @fillcolor #00868b
attribute {inst QPLL1.QuadX0Y3} -attr @fillcolor #00868b
attribute {inst GT.X0Y14} -attr @fillcolor #7a7a7a
attribute {inst cpll.X0Y14} -attr @fillcolor #00868b
attribute {inst GT.X0Y13} -attr @fillcolor #7a7a7a
attribute {inst cpll.X0Y13} -attr @fillcolor #00868b
attribute {inst GT.X0Y12} -attr @fillcolor #7a7a7a
attribute {inst cpll.X0Y12} -attr @fillcolor #00868b
attribute {inst GT.X1Y19} -attr @fillcolor #7a7a7a
attribute {inst cpll.X1Y19} -attr @fillcolor #00868b
attribute {inst QPLL0.QuadX1Y4} -attr @fillcolor #00868b
attribute {inst QPLL1.QuadX1Y4} -attr @fillcolor #00868b
attribute {inst GT.X1Y18} -attr @fillcolor #7a7a7a
attribute {inst cpll.X1Y18} -attr @fillcolor #00868b
attribute {inst GT.X1Y17} -attr @fillcolor #7a7a7a
attribute {inst cpll.X1Y17} -attr @fillcolor #00868b
attribute {inst GT.X1Y16} -attr @fillcolor #7a7a7a
attribute {inst cpll.X1Y16} -attr @fillcolor #00868b
attribute {inst GT.X1Y15} -attr @fillcolor #7a7a7a
attribute {inst cpll.X1Y15} -attr @fillcolor #00868b
attribute {inst QPLL0.QuadX1Y3} -attr @fillcolor #00868b
attribute {inst QPLL1.QuadX1Y3} -attr @fillcolor #00868b
attribute {inst GT.X1Y14} -attr @fillcolor #7a7a7a
attribute {inst cpll.X1Y14} -attr @fillcolor #00868b
attribute {inst GT.X1Y13} -attr @fillcolor #7a7a7a
attribute {inst cpll.X1Y13} -attr @fillcolor #00868b
attribute {inst GT.X1Y12} -attr @fillcolor #7a7a7a
attribute {inst cpll.X1Y12} -attr @fillcolor #00868b
attribute {inst GT.X1Y11} -attr @fillcolor #7a7a7a
attribute {inst cpll.X1Y11} -attr @fillcolor #00868b
attribute {inst QPLL0.QuadX1Y2} -attr @fillcolor #00868b
attribute {inst QPLL1.QuadX1Y2} -attr @fillcolor #00868b
attribute {inst GT.X1Y10} -attr @fillcolor #7a7a7a
attribute {inst cpll.X1Y10} -attr @fillcolor #00868b
attribute {inst GT.X1Y9} -attr @fillcolor #7a7a7a
attribute {inst cpll.X1Y9} -attr @fillcolor #00868b
attribute {inst GT.X1Y8} -attr @fillcolor #7a7a7a
attribute {inst cpll.X1Y8} -attr @fillcolor #00868b
attribute {inst GT.X1Y7} -attr @fillcolor #7a7a7a
attribute {inst cpll.X1Y7} -attr @fillcolor #00868b
attribute {inst QPLL0.QuadX1Y1} -attr @fillcolor #00868b
attribute {inst QPLL1.QuadX1Y1} -attr @fillcolor #00868b
attribute {inst GT.X1Y6} -attr @fillcolor #7a7a7a
attribute {inst cpll.X1Y6} -attr @fillcolor #00868b
attribute {inst GT.X1Y5} -attr @fillcolor #7a7a7a
attribute {inst cpll.X1Y5} -attr @fillcolor #00868b
attribute {inst GT.X1Y4} -attr @fillcolor #7a7a7a
attribute {inst cpll.X1Y4} -attr @fillcolor #00868b
attribute {inst GT.X1Y3} -attr @fillcolor #7a7a7a
attribute {inst cpll.X1Y3} -attr @fillcolor #00868b
attribute {inst QPLL0.QuadX1Y0} -attr @fillcolor #00868b
attribute {inst QPLL1.QuadX1Y0} -attr @fillcolor #00868b
attribute {inst GT.X1Y2} -attr @fillcolor #7a7a7a
attribute {inst cpll.X1Y2} -attr @fillcolor #00868b
attribute {inst GT.X1Y1} -attr @fillcolor #7a7a7a
attribute {inst cpll.X1Y1} -attr @fillcolor #00868b
attribute {inst GT.X1Y0} -attr @fillcolor #7a7a7a
attribute {inst cpll.X1Y0} -attr @fillcolor #00868b
increment -const
load net net.clk.QuadX0Y3_clk0 -port QuadX0Y3_clk0 -pin QuadX0Y3 QPLL0
load net net.quad.QPLL0.QuadX0Y3 -hierPin QuadX0Y3 QPLL0 -pin QPLL0.QuadX0Y3 A
load net net.chan.QPLL0.QuadX0Y3 -pin QPLL0.QuadX0Y3 B -pin GT.X0Y12 TX
attribute {inst QPLL0.QuadX0Y3} -attr @fillcolor #cccc00
attribute {inst GT.X0Y12} -attr @fillcolor #cccc00
load net net.chan.QPLL0.QuadX0Y3 -pin QPLL0.QuadX0Y3 B -pin GT.X0Y12 RX
attribute {inst QPLL0.QuadX0Y3} -attr @fillcolor #cccc00
attribute {inst GT.X0Y12} -attr @fillcolor #cccc00
show
# Starting Split Pages                                                  466.12
# Split Pages 91 Comps, 3 Nets 0 NetBundles 0 CGraphics                 466.12
# KwayPart started for 91 comps, 3 nets                                 466.12
# Init done: 1 nodes (1 locked nodes), 0 edges                          466.12
# Startpart done: 1 parts                                               466.12
# KwayPart done                                                         466.12
# End of Split Pages: 1 pages                                           466.12
# End of Split Pages                                                    466.12
# Generating Regions for Page 1:   91 Comps,    3 Nets                  466.12
# Analyze                                                               466.12
# Levelize                                                              466.12
# End of LevelAssign mode=I, 3 Levels, 10 Comps, limit=30000            466.12
# Nets                                                                  466.12
# Place                                                                 466.12
# PlaceNets                                                             466.12
# SpaceY                                                                466.12
# Track                                                                 466.12
# SpaceX                                                                466.12
# Wire                                                                  466.12
# End of Wire: 0 nets, 0 ch, wire: 0-->0 (0 with wbits)                 466.12
# End of doGenerate                                                     466.12
# Analyze                                                               466.12
# Levelize                                                              466.12
# End of LevelAssign mode=I, 3 Levels, 10 Comps, limit=30000            466.12
# Nets                                                                  466.12
# Place                                                                 466.12
# PlaceNets                                                             466.12
# SpaceY                                                                466.12
# Track                                                                 466.12
# SpaceX                                                                466.12
# Wire                                                                  466.12
# End of Wire: 0 nets, 0 ch, wire: 0-->0 (0 with wbits)                 466.12
# End of doGenerate                                                     466.12
# Analyze                                                               466.12
# Levelize                                                              466.12
# End of LevelAssign mode=I, 3 Levels, 10 Comps, limit=30000            466.12
# Nets                                                                  466.12
# Place                                                                 466.12
# PlaceNets                                                             466.12
# SpaceY                                                                466.12
# Track                                                                 466.12
# SpaceX                                                                466.12
# Wire                                                                  466.12
# End of Wire: 0 nets, 0 ch, wire: 0-->0 (0 with wbits)                 466.12
# End of doGenerate                                                     466.12
# Analyze                                                               466.12
# Levelize                                                              466.12
# End of LevelAssign mode=I, 3 Levels, 10 Comps, limit=30000            466.12
# Nets                                                                  466.12
# Place                                                                 466.12
# PlaceNets                                                             466.12
# SpaceY                                                                466.12
# Track                                                                 466.12
# SpaceX                                                                466.12
# Wire                                                                  466.12
# End of Wire: 0 nets, 0 ch, wire: 0-->0 (0 with wbits)                 466.12
# End of doGenerate                                                     466.12
# Analyze                                                               466.12
# Levelize                                                              466.12
# End of LevelAssign mode=I, 3 Levels, 10 Comps, limit=30000            466.12
# Nets                                                                  466.12
# Place                                                                 466.12
# PlaceNets                                                             466.12
# SpaceY                                                                466.12
# Track                                                                 466.12
# SpaceX                                                                466.12
# Wire                                                                  466.12
# End of Wire: 0 nets, 0 ch, wire: 0-->0 (0 with wbits)                 466.12
# End of doGenerate                                                     466.12
# Analyze                                                               466.12
# Levelize                                                              466.12
# End of LevelAssign mode=I, 3 Levels, 10 Comps, limit=30000            466.12
# Nets                                                                  466.12
# Place                                                                 466.12
# PlaceNets                                                             466.12
# SpaceY                                                                466.12
# Track                                                                 466.12
# SpaceX                                                                466.12
# Wire                                                                  466.12
# End of Wire: 0 nets, 0 ch, wire: 0-->0 (0 with wbits)                 466.12
# End of doGenerate                                                     466.12
# Analyze                                                               466.12
# Levelize                                                              466.12
# End of LevelAssign mode=I, 3 Levels, 11 Comps, limit=30000            466.12
# Nets                                                                  466.12
# Place                                                                 466.12
# PlaceNets                                                             466.12
# SpaceY                                                                466.12
# Track                                                                 466.12
# SpaceX                                                                466.12
# Wire                                                                  466.12
# End of Wire: 2 nets, 2 ch, wire: 10-->10 (0 with wbits)               466.12
# End of doGenerate                                                     466.12
# Analyze                                                               466.12
# Levelize                                                              466.12
# End of LevelAssign mode=I, 3 Levels, 21 Comps, limit=30000            466.12
# Nets                                                                  466.12
# Place                                                                 466.12
# PlaceNets                                                             466.12
# SpaceY                                                                466.12
# Track                                                                 466.12
# SpaceX                                                                466.12
# Wire                                                                  466.12
# End of Wire: 1 nets, 1 ch, wire: 4-->4 (0 with wbits)                 466.12
# End of doGenerate                                                     466.12
# End of Generating Regions for Page 1                                  466.12
scrollpos -19 805
zoom -x 0 -y 0 0.6
scrollpos -14 604
#R 0.6
#CMD scrollpos 0 0
scrollpos 0 0
selection -itemized {inst GT.X0Y12}
center_objects -itemized {inst GT.X0Y12}
scrollpos -63 282
module new gtmodule
#  * Current module is gtmodule 
load symbol QUAD_X0 v HIERBOX port a0 in port a1 in port a2 in port a3 in port QPLL0 in port QPLL1 in port RECCLK_clk0 out port RECCLK_clk1 out
load symbol QUAD_X1 v HIERBOX port a0 out port a1 out port a2 out port a3 out port QPLL0 out port QPLL1 out port RECCLK_clk0 in port RECCLK_clk1 in
load symbol CPLL_X0 syn BOX port A in port B out text CPLL -cc 25 0 12
load symbol CPLL_X1 syn BOX port A out port B in text CPLL -cc 25 0 12
load symbol QPLL0_X0 syn BOX port A in port B out text QPLL0 -cc 25 0 12
load symbol QPLL0_X1 syn BOX port A out port B in text QPLL0 -cc 25 0 12
load symbol QPLL1_X0 syn BOX port A in port B out text QPLL1 -cc 25 0 12
load symbol QPLL1_X1 syn BOX port A out port B in text QPLL1 -cc 25 0 12
load inst QuadX0Y4 QUAD_X0 v -pg 1 -y 1 -x 2000 -autohide -attr @cell QuadX0Y4 -attr @name {} -attr @fillcolor #d9d9d9
attribute {pin QuadX0Y4 QPLL0 } -attr @name {}
attribute {hierPin QuadX0Y4 QPLL0 } -attr @name {}
attribute {pin QuadX0Y4 QPLL1 } -attr @name {}
attribute {hierPin QuadX0Y4 QPLL1 } -attr @name {}
attribute {pin QuadX0Y4 a0 } -attr @name {}
attribute {hierPin QuadX0Y4 a0 } -attr @name {}
attribute {pin QuadX0Y4 a1 } -attr @name {}
attribute {hierPin QuadX0Y4 a1 } -attr @name {}
attribute {pin QuadX0Y4 a2 } -attr @name {}
attribute {hierPin QuadX0Y4 a2 } -attr @name {}
attribute {pin QuadX0Y4 a3 } -attr @name {}
attribute {hierPin QuadX0Y4 a3 } -attr @name {}
attribute {pin QuadX0Y4 RECCLK_clk0 } -attr @name {}
attribute {hierPin QuadX0Y4 RECCLK_clk0 } -attr @name {}
attribute {pin QuadX0Y4 RECCLK_clk1 } -attr @name {}
attribute {hierPin QuadX0Y4 RECCLK_clk1 } -attr @name {}
load inst cpll.X0Y19 CPLL_X0 syn -hier QuadX0Y4 -pg 1 -y 2 -x 1 -autohide -attr @name {} -attr @cell {}
attribute {pin cpll.X0Y19 A} -attr @name {}
attribute {pin cpll.X0Y19 B} -attr @name {}
attribute {inst cpll.X0Y19} -attr @fillcolor #00868b
load symbol X0Y19 syn HIERGEN port TX in port RX in port RXRECCLK out
load inst GT.X0Y19 X0Y19 syn -hier QuadX0Y4 -pg 1 -y 2 -x 2000 -autohide -attr @name {}
attribute {inst GT.X0Y19} -attr @fillcolor #7a7a7a
load inst cpll.X0Y18 CPLL_X0 syn -hier QuadX0Y4 -pg 1 -y 87 -x 1 -autohide -attr @name {} -attr @cell {}
attribute {pin cpll.X0Y18 A} -attr @name {}
attribute {pin cpll.X0Y18 B} -attr @name {}
attribute {inst cpll.X0Y18} -attr @fillcolor #00868b
load symbol X0Y18 syn HIERGEN port TX in port RX in port RXRECCLK out
load inst GT.X0Y18 X0Y18 syn -hier QuadX0Y4 -pg 1 -y 87 -x 2000 -autohide -attr @name {}
attribute {inst GT.X0Y18} -attr @fillcolor #7a7a7a
load inst QPLL0.QuadX0Y4 QPLL0_X0 syn -hier QuadX0Y4 -pg 1 -y 172 -x 1 -autohide -attr @name {} -attr @cell {}
attribute {pin QPLL0.QuadX0Y4 A} -attr @name {}
attribute {pin QPLL0.QuadX0Y4 B} -attr @name {}
attribute {inst QPLL0.QuadX0Y4} -attr @fillcolor #00868b
load inst QPLL1.QuadX0Y4 QPLL1_X0 syn -hier QuadX0Y4 -pg 1 -y 257 -x 1 -autohide -attr @name {} -attr @cell {}
attribute {pin QPLL1.QuadX0Y4 A} -attr @name {}
attribute {pin QPLL1.QuadX0Y4 B} -attr @name {}
attribute {inst QPLL1.QuadX0Y4} -attr @fillcolor #00868b
load inst cpll.X0Y17 CPLL_X0 syn -hier QuadX0Y4 -pg 1 -y 342 -x 1 -autohide -attr @name {} -attr @cell {}
attribute {pin cpll.X0Y17 A} -attr @name {}
attribute {pin cpll.X0Y17 B} -attr @name {}
attribute {inst cpll.X0Y17} -attr @fillcolor #00868b
load symbol X0Y17 syn HIERGEN port TX in port RX in port RXRECCLK out
load inst GT.X0Y17 X0Y17 syn -hier QuadX0Y4 -pg 1 -y 342 -x 2000 -autohide -attr @name {}
attribute {inst GT.X0Y17} -attr @fillcolor #7a7a7a
load inst cpll.X0Y16 CPLL_X0 syn -hier QuadX0Y4 -pg 1 -y 427 -x 1 -autohide -attr @name {} -attr @cell {}
attribute {pin cpll.X0Y16 A} -attr @name {}
attribute {pin cpll.X0Y16 B} -attr @name {}
attribute {inst cpll.X0Y16} -attr @fillcolor #00868b
load symbol X0Y16 syn HIERGEN port TX in port RX in port RXRECCLK out
load inst GT.X0Y16 X0Y16 syn -hier QuadX0Y4 -pg 1 -y 427 -x 2000 -autohide -attr @name {}
attribute {inst GT.X0Y16} -attr @fillcolor #7a7a7a
load port QuadX0Y4_clk0 in -pg 1 -y 141 -x 1 -attr @fillcolor #3a5fcd
load port QuadX0Y4_clk1 in -pg 1 -y 311 -x 1 -attr @fillcolor #3a5fcd
load inst QuadX0Y3 QUAD_X0 v -pg 1 -y 563 -x 2000 -autohide -attr @cell QuadX0Y3 -attr @name {} -attr @fillcolor #d9d9d9
attribute {pin QuadX0Y3 QPLL0 } -attr @name {}
attribute {hierPin QuadX0Y3 QPLL0 } -attr @name {}
attribute {pin QuadX0Y3 QPLL1 } -attr @name {}
attribute {hierPin QuadX0Y3 QPLL1 } -attr @name {}
attribute {pin QuadX0Y3 a0 } -attr @name {}
attribute {hierPin QuadX0Y3 a0 } -attr @name {}
attribute {pin QuadX0Y3 a1 } -attr @name {}
attribute {hierPin QuadX0Y3 a1 } -attr @name {}
attribute {pin QuadX0Y3 a2 } -attr @name {}
attribute {hierPin QuadX0Y3 a2 } -attr @name {}
attribute {pin QuadX0Y3 a3 } -attr @name {}
attribute {hierPin QuadX0Y3 a3 } -attr @name {}
attribute {pin QuadX0Y3 RECCLK_clk0 } -attr @name {}
attribute {hierPin QuadX0Y3 RECCLK_clk0 } -attr @name {}
attribute {pin QuadX0Y3 RECCLK_clk1 } -attr @name {}
attribute {hierPin QuadX0Y3 RECCLK_clk1 } -attr @name {}
load inst cpll.X0Y15 CPLL_X0 syn -hier QuadX0Y3 -pg 1 -y 564 -x 1 -autohide -attr @name {} -attr @cell {}
attribute {pin cpll.X0Y15 A} -attr @name {}
attribute {pin cpll.X0Y15 B} -attr @name {}
attribute {inst cpll.X0Y15} -attr @fillcolor #00868b
load symbol X0Y15 syn HIERGEN port TX in port RX in port RXRECCLK out
load inst GT.X0Y15 X0Y15 syn -hier QuadX0Y3 -pg 1 -y 564 -x 2000 -autohide -attr @name {}
attribute {inst GT.X0Y15} -attr @fillcolor #7a7a7a
load inst cpll.X0Y14 CPLL_X0 syn -hier QuadX0Y3 -pg 1 -y 649 -x 1 -autohide -attr @name {} -attr @cell {}
attribute {pin cpll.X0Y14 A} -attr @name {}
attribute {pin cpll.X0Y14 B} -attr @name {}
attribute {inst cpll.X0Y14} -attr @fillcolor #00868b
load symbol X0Y14 syn HIERGEN port TX in port RX in port RXRECCLK out
load inst GT.X0Y14 X0Y14 syn -hier QuadX0Y3 -pg 1 -y 649 -x 2000 -autohide -attr @name {}
attribute {inst GT.X0Y14} -attr @fillcolor #7a7a7a
load inst QPLL0.QuadX0Y3 QPLL0_X0 syn -hier QuadX0Y3 -pg 1 -y 734 -x 1 -autohide -attr @name {} -attr @cell {}
attribute {pin QPLL0.QuadX0Y3 A} -attr @name {}
attribute {pin QPLL0.QuadX0Y3 B} -attr @name {}
attribute {inst QPLL0.QuadX0Y3} -attr @fillcolor #00868b
load inst QPLL1.QuadX0Y3 QPLL1_X0 syn -hier QuadX0Y3 -pg 1 -y 819 -x 1 -autohide -attr @name {} -attr @cell {}
attribute {pin QPLL1.QuadX0Y3 A} -attr @name {}
attribute {pin QPLL1.QuadX0Y3 B} -attr @name {}
attribute {inst QPLL1.QuadX0Y3} -attr @fillcolor #00868b
load inst cpll.X0Y13 CPLL_X0 syn -hier QuadX0Y3 -pg 1 -y 904 -x 1 -autohide -attr @name {} -attr @cell {}
attribute {pin cpll.X0Y13 A} -attr @name {}
attribute {pin cpll.X0Y13 B} -attr @name {}
attribute {inst cpll.X0Y13} -attr @fillcolor #00868b
load symbol X0Y13 syn HIERGEN port TX in port RX in port RXRECCLK out
load inst GT.X0Y13 X0Y13 syn -hier QuadX0Y3 -pg 1 -y 904 -x 2000 -autohide -attr @name {}
attribute {inst GT.X0Y13} -attr @fillcolor #7a7a7a
load inst cpll.X0Y12 CPLL_X0 syn -hier QuadX0Y3 -pg 1 -y 989 -x 1 -autohide -attr @name {} -attr @cell {}
attribute {pin cpll.X0Y12 A} -attr @name {}
attribute {pin cpll.X0Y12 B} -attr @name {}
attribute {inst cpll.X0Y12} -attr @fillcolor #00868b
load symbol X0Y12 syn HIERGEN port TX in port RX in port RXRECCLK out
load inst GT.X0Y12 X0Y12 syn -hier QuadX0Y3 -pg 1 -y 989 -x 2000 -autohide -attr @name {}
attribute {inst GT.X0Y12} -attr @fillcolor #7a7a7a
load port QuadX0Y3_clk0 in -pg 1 -y 703 -x 1 -attr @fillcolor #3a5fcd
load port QuadX0Y3_clk1 in -pg 1 -y 873 -x 1 -attr @fillcolor #3a5fcd
load inst QuadX1Y4 QUAD_X1 v -pg 1 -y 1 -x 12000 -autohide -attr @cell QuadX1Y4 -attr @name {} -attr @fillcolor #d9d9d9
attribute {pin QuadX1Y4 QPLL0 } -attr @name {}
attribute {hierPin QuadX1Y4 QPLL0 } -attr @name {}
attribute {pin QuadX1Y4 QPLL1 } -attr @name {}
attribute {hierPin QuadX1Y4 QPLL1 } -attr @name {}
attribute {pin QuadX1Y4 a0 } -attr @name {}
attribute {hierPin QuadX1Y4 a0 } -attr @name {}
attribute {pin QuadX1Y4 a1 } -attr @name {}
attribute {hierPin QuadX1Y4 a1 } -attr @name {}
attribute {pin QuadX1Y4 a2 } -attr @name {}
attribute {hierPin QuadX1Y4 a2 } -attr @name {}
attribute {pin QuadX1Y4 a3 } -attr @name {}
attribute {hierPin QuadX1Y4 a3 } -attr @name {}
attribute {pin QuadX1Y4 RECCLK_clk0 } -attr @name {}
attribute {hierPin QuadX1Y4 RECCLK_clk0 } -attr @name {}
attribute {pin QuadX1Y4 RECCLK_clk1 } -attr @name {}
attribute {hierPin QuadX1Y4 RECCLK_clk1 } -attr @name {}
load inst cpll.X1Y19 CPLL_X1 syn -hier QuadX1Y4 -pg 1 -y 2 -x 12001 -autohide -attr @name {} -attr @cell {}
attribute {pin cpll.X1Y19 A} -attr @name {}
attribute {pin cpll.X1Y19 B} -attr @name {}
attribute {inst cpll.X1Y19} -attr @fillcolor #00868b
load symbol X1Y19 syn HIERGEN port TX out port RX out port RXRECCLK in
load inst GT.X1Y19 X1Y19 syn -hier QuadX1Y4 -pg 1 -y 2 -x 12000 -autohide -attr @name {}
attribute {inst GT.X1Y19} -attr @fillcolor #7a7a7a
load inst cpll.X1Y18 CPLL_X1 syn -hier QuadX1Y4 -pg 1 -y 87 -x 12001 -autohide -attr @name {} -attr @cell {}
attribute {pin cpll.X1Y18 A} -attr @name {}
attribute {pin cpll.X1Y18 B} -attr @name {}
attribute {inst cpll.X1Y18} -attr @fillcolor #00868b
load symbol X1Y18 syn HIERGEN port TX out port RX out port RXRECCLK in
load inst GT.X1Y18 X1Y18 syn -hier QuadX1Y4 -pg 1 -y 87 -x 12000 -autohide -attr @name {}
attribute {inst GT.X1Y18} -attr @fillcolor #7a7a7a
load inst QPLL0.QuadX1Y4 QPLL0_X1 syn -hier QuadX1Y4 -pg 1 -y 172 -x 12001 -autohide -attr @name {} -attr @cell {}
attribute {pin QPLL0.QuadX1Y4 A} -attr @name {}
attribute {pin QPLL0.QuadX1Y4 B} -attr @name {}
attribute {inst QPLL0.QuadX1Y4} -attr @fillcolor #00868b
load inst QPLL1.QuadX1Y4 QPLL1_X1 syn -hier QuadX1Y4 -pg 1 -y 257 -x 12001 -autohide -attr @name {} -attr @cell {}
attribute {pin QPLL1.QuadX1Y4 A} -attr @name {}
attribute {pin QPLL1.QuadX1Y4 B} -attr @name {}
attribute {inst QPLL1.QuadX1Y4} -attr @fillcolor #00868b
load inst cpll.X1Y17 CPLL_X1 syn -hier QuadX1Y4 -pg 1 -y 342 -x 12001 -autohide -attr @name {} -attr @cell {}
attribute {pin cpll.X1Y17 A} -attr @name {}
attribute {pin cpll.X1Y17 B} -attr @name {}
attribute {inst cpll.X1Y17} -attr @fillcolor #00868b
load symbol X1Y17 syn HIERGEN port TX out port RX out port RXRECCLK in
load inst GT.X1Y17 X1Y17 syn -hier QuadX1Y4 -pg 1 -y 342 -x 12000 -autohide -attr @name {}
attribute {inst GT.X1Y17} -attr @fillcolor #7a7a7a
load inst cpll.X1Y16 CPLL_X1 syn -hier QuadX1Y4 -pg 1 -y 427 -x 12001 -autohide -attr @name {} -attr @cell {}
attribute {pin cpll.X1Y16 A} -attr @name {}
attribute {pin cpll.X1Y16 B} -attr @name {}
attribute {inst cpll.X1Y16} -attr @fillcolor #00868b
load symbol X1Y16 syn HIERGEN port TX out port RX out port RXRECCLK in
load inst GT.X1Y16 X1Y16 syn -hier QuadX1Y4 -pg 1 -y 427 -x 12000 -autohide -attr @name {}
attribute {inst GT.X1Y16} -attr @fillcolor #7a7a7a
load port QuadX1Y4_clk0 out -pg 1 -y 141 -x 12001 -attr @fillcolor #3a5fcd
load port QuadX1Y4_clk1 out -pg 1 -y 311 -x 12001 -attr @fillcolor #3a5fcd
load inst QuadX1Y3 QUAD_X1 v -pg 1 -y 563 -x 12000 -autohide -attr @cell QuadX1Y3 -attr @name {} -attr @fillcolor #d9d9d9
attribute {pin QuadX1Y3 QPLL0 } -attr @name {}
attribute {hierPin QuadX1Y3 QPLL0 } -attr @name {}
attribute {pin QuadX1Y3 QPLL1 } -attr @name {}
attribute {hierPin QuadX1Y3 QPLL1 } -attr @name {}
attribute {pin QuadX1Y3 a0 } -attr @name {}
attribute {hierPin QuadX1Y3 a0 } -attr @name {}
attribute {pin QuadX1Y3 a1 } -attr @name {}
attribute {hierPin QuadX1Y3 a1 } -attr @name {}
attribute {pin QuadX1Y3 a2 } -attr @name {}
attribute {hierPin QuadX1Y3 a2 } -attr @name {}
attribute {pin QuadX1Y3 a3 } -attr @name {}
attribute {hierPin QuadX1Y3 a3 } -attr @name {}
attribute {pin QuadX1Y3 RECCLK_clk0 } -attr @name {}
attribute {hierPin QuadX1Y3 RECCLK_clk0 } -attr @name {}
attribute {pin QuadX1Y3 RECCLK_clk1 } -attr @name {}
attribute {hierPin QuadX1Y3 RECCLK_clk1 } -attr @name {}
load inst cpll.X1Y15 CPLL_X1 syn -hier QuadX1Y3 -pg 1 -y 564 -x 12001 -autohide -attr @name {} -attr @cell {}
attribute {pin cpll.X1Y15 A} -attr @name {}
attribute {pin cpll.X1Y15 B} -attr @name {}
attribute {inst cpll.X1Y15} -attr @fillcolor #00868b
load symbol X1Y15 syn HIERGEN port TX out port RX out port RXRECCLK in
load inst GT.X1Y15 X1Y15 syn -hier QuadX1Y3 -pg 1 -y 564 -x 12000 -autohide -attr @name {}
attribute {inst GT.X1Y15} -attr @fillcolor #7a7a7a
load inst cpll.X1Y14 CPLL_X1 syn -hier QuadX1Y3 -pg 1 -y 649 -x 12001 -autohide -attr @name {} -attr @cell {}
attribute {pin cpll.X1Y14 A} -attr @name {}
attribute {pin cpll.X1Y14 B} -attr @name {}
attribute {inst cpll.X1Y14} -attr @fillcolor #00868b
load symbol X1Y14 syn HIERGEN port TX out port RX out port RXRECCLK in
load inst GT.X1Y14 X1Y14 syn -hier QuadX1Y3 -pg 1 -y 649 -x 12000 -autohide -attr @name {}
attribute {inst GT.X1Y14} -attr @fillcolor #7a7a7a
load inst QPLL0.QuadX1Y3 QPLL0_X1 syn -hier QuadX1Y3 -pg 1 -y 734 -x 12001 -autohide -attr @name {} -attr @cell {}
attribute {pin QPLL0.QuadX1Y3 A} -attr @name {}
attribute {pin QPLL0.QuadX1Y3 B} -attr @name {}
attribute {inst QPLL0.QuadX1Y3} -attr @fillcolor #00868b
load inst QPLL1.QuadX1Y3 QPLL1_X1 syn -hier QuadX1Y3 -pg 1 -y 819 -x 12001 -autohide -attr @name {} -attr @cell {}
attribute {pin QPLL1.QuadX1Y3 A} -attr @name {}
attribute {pin QPLL1.QuadX1Y3 B} -attr @name {}
attribute {inst QPLL1.QuadX1Y3} -attr @fillcolor #00868b
load inst cpll.X1Y13 CPLL_X1 syn -hier QuadX1Y3 -pg 1 -y 904 -x 12001 -autohide -attr @name {} -attr @cell {}
attribute {pin cpll.X1Y13 A} -attr @name {}
attribute {pin cpll.X1Y13 B} -attr @name {}
attribute {inst cpll.X1Y13} -attr @fillcolor #00868b
load symbol X1Y13 syn HIERGEN port TX out port RX out port RXRECCLK in
load inst GT.X1Y13 X1Y13 syn -hier QuadX1Y3 -pg 1 -y 904 -x 12000 -autohide -attr @name {}
attribute {inst GT.X1Y13} -attr @fillcolor #7a7a7a
load inst cpll.X1Y12 CPLL_X1 syn -hier QuadX1Y3 -pg 1 -y 989 -x 12001 -autohide -attr @name {} -attr @cell {}
attribute {pin cpll.X1Y12 A} -attr @name {}
attribute {pin cpll.X1Y12 B} -attr @name {}
attribute {inst cpll.X1Y12} -attr @fillcolor #00868b
load symbol X1Y12 syn HIERGEN port TX out port RX out port RXRECCLK in
load inst GT.X1Y12 X1Y12 syn -hier QuadX1Y3 -pg 1 -y 989 -x 12000 -autohide -attr @name {}
attribute {inst GT.X1Y12} -attr @fillcolor #7a7a7a
load port QuadX1Y3_clk0 out -pg 1 -y 703 -x 12001 -attr @fillcolor #3a5fcd
load port QuadX1Y3_clk1 out -pg 1 -y 873 -x 12001 -attr @fillcolor #3a5fcd
load inst QuadX1Y2 QUAD_X1 v -pg 1 -y 1125 -x 12000 -autohide -attr @cell QuadX1Y2 -attr @name {} -attr @fillcolor #d9d9d9
attribute {pin QuadX1Y2 QPLL0 } -attr @name {}
attribute {hierPin QuadX1Y2 QPLL0 } -attr @name {}
attribute {pin QuadX1Y2 QPLL1 } -attr @name {}
attribute {hierPin QuadX1Y2 QPLL1 } -attr @name {}
attribute {pin QuadX1Y2 a0 } -attr @name {}
attribute {hierPin QuadX1Y2 a0 } -attr @name {}
attribute {pin QuadX1Y2 a1 } -attr @name {}
attribute {hierPin QuadX1Y2 a1 } -attr @name {}
attribute {pin QuadX1Y2 a2 } -attr @name {}
attribute {hierPin QuadX1Y2 a2 } -attr @name {}
attribute {pin QuadX1Y2 a3 } -attr @name {}
attribute {hierPin QuadX1Y2 a3 } -attr @name {}
attribute {pin QuadX1Y2 RECCLK_clk0 } -attr @name {}
attribute {hierPin QuadX1Y2 RECCLK_clk0 } -attr @name {}
attribute {pin QuadX1Y2 RECCLK_clk1 } -attr @name {}
attribute {hierPin QuadX1Y2 RECCLK_clk1 } -attr @name {}
load inst cpll.X1Y11 CPLL_X1 syn -hier QuadX1Y2 -pg 1 -y 1126 -x 12001 -autohide -attr @name {} -attr @cell {}
attribute {pin cpll.X1Y11 A} -attr @name {}
attribute {pin cpll.X1Y11 B} -attr @name {}
attribute {inst cpll.X1Y11} -attr @fillcolor #00868b
load symbol X1Y11 syn HIERGEN port TX out port RX out port RXRECCLK in
load inst GT.X1Y11 X1Y11 syn -hier QuadX1Y2 -pg 1 -y 1126 -x 12000 -autohide -attr @name {}
attribute {inst GT.X1Y11} -attr @fillcolor #7a7a7a
load inst cpll.X1Y10 CPLL_X1 syn -hier QuadX1Y2 -pg 1 -y 1211 -x 12001 -autohide -attr @name {} -attr @cell {}
attribute {pin cpll.X1Y10 A} -attr @name {}
attribute {pin cpll.X1Y10 B} -attr @name {}
attribute {inst cpll.X1Y10} -attr @fillcolor #00868b
load symbol X1Y10 syn HIERGEN port TX out port RX out port RXRECCLK in
load inst GT.X1Y10 X1Y10 syn -hier QuadX1Y2 -pg 1 -y 1211 -x 12000 -autohide -attr @name {}
attribute {inst GT.X1Y10} -attr @fillcolor #7a7a7a
load inst QPLL0.QuadX1Y2 QPLL0_X1 syn -hier QuadX1Y2 -pg 1 -y 1296 -x 12001 -autohide -attr @name {} -attr @cell {}
attribute {pin QPLL0.QuadX1Y2 A} -attr @name {}
attribute {pin QPLL0.QuadX1Y2 B} -attr @name {}
attribute {inst QPLL0.QuadX1Y2} -attr @fillcolor #00868b
load inst QPLL1.QuadX1Y2 QPLL1_X1 syn -hier QuadX1Y2 -pg 1 -y 1381 -x 12001 -autohide -attr @name {} -attr @cell {}
attribute {pin QPLL1.QuadX1Y2 A} -attr @name {}
attribute {pin QPLL1.QuadX1Y2 B} -attr @name {}
attribute {inst QPLL1.QuadX1Y2} -attr @fillcolor #00868b
load inst cpll.X1Y9 CPLL_X1 syn -hier QuadX1Y2 -pg 1 -y 1466 -x 12001 -autohide -attr @name {} -attr @cell {}
attribute {pin cpll.X1Y9 A} -attr @name {}
attribute {pin cpll.X1Y9 B} -attr @name {}
attribute {inst cpll.X1Y9} -attr @fillcolor #00868b
load symbol X1Y9 syn HIERGEN port TX out port RX out port RXRECCLK in
load inst GT.X1Y9 X1Y9 syn -hier QuadX1Y2 -pg 1 -y 1466 -x 12000 -autohide -attr @name {}
attribute {inst GT.X1Y9} -attr @fillcolor #7a7a7a
load inst cpll.X1Y8 CPLL_X1 syn -hier QuadX1Y2 -pg 1 -y 1551 -x 12001 -autohide -attr @name {} -attr @cell {}
attribute {pin cpll.X1Y8 A} -attr @name {}
attribute {pin cpll.X1Y8 B} -attr @name {}
attribute {inst cpll.X1Y8} -attr @fillcolor #00868b
load symbol X1Y8 syn HIERGEN port TX out port RX out port RXRECCLK in
load inst GT.X1Y8 X1Y8 syn -hier QuadX1Y2 -pg 1 -y 1551 -x 12000 -autohide -attr @name {}
attribute {inst GT.X1Y8} -attr @fillcolor #7a7a7a
load port QuadX1Y2_clk0 out -pg 1 -y 1265 -x 12001 -attr @fillcolor #3a5fcd
load port QuadX1Y2_clk1 out -pg 1 -y 1435 -x 12001 -attr @fillcolor #3a5fcd
load inst QuadX1Y1 QUAD_X1 v -pg 1 -y 1687 -x 12000 -autohide -attr @cell QuadX1Y1 -attr @name {} -attr @fillcolor #d9d9d9
attribute {pin QuadX1Y1 QPLL0 } -attr @name {}
attribute {hierPin QuadX1Y1 QPLL0 } -attr @name {}
attribute {pin QuadX1Y1 QPLL1 } -attr @name {}
attribute {hierPin QuadX1Y1 QPLL1 } -attr @name {}
attribute {pin QuadX1Y1 a0 } -attr @name {}
attribute {hierPin QuadX1Y1 a0 } -attr @name {}
attribute {pin QuadX1Y1 a1 } -attr @name {}
attribute {hierPin QuadX1Y1 a1 } -attr @name {}
attribute {pin QuadX1Y1 a2 } -attr @name {}
attribute {hierPin QuadX1Y1 a2 } -attr @name {}
attribute {pin QuadX1Y1 a3 } -attr @name {}
attribute {hierPin QuadX1Y1 a3 } -attr @name {}
attribute {pin QuadX1Y1 RECCLK_clk0 } -attr @name {}
attribute {hierPin QuadX1Y1 RECCLK_clk0 } -attr @name {}
attribute {pin QuadX1Y1 RECCLK_clk1 } -attr @name {}
attribute {hierPin QuadX1Y1 RECCLK_clk1 } -attr @name {}
load inst cpll.X1Y7 CPLL_X1 syn -hier QuadX1Y1 -pg 1 -y 1688 -x 12001 -autohide -attr @name {} -attr @cell {}
attribute {pin cpll.X1Y7 A} -attr @name {}
attribute {pin cpll.X1Y7 B} -attr @name {}
attribute {inst cpll.X1Y7} -attr @fillcolor #00868b
load symbol X1Y7 syn HIERGEN port TX out port RX out port RXRECCLK in
load inst GT.X1Y7 X1Y7 syn -hier QuadX1Y1 -pg 1 -y 1688 -x 12000 -autohide -attr @name {}
attribute {inst GT.X1Y7} -attr @fillcolor #7a7a7a
load inst cpll.X1Y6 CPLL_X1 syn -hier QuadX1Y1 -pg 1 -y 1773 -x 12001 -autohide -attr @name {} -attr @cell {}
attribute {pin cpll.X1Y6 A} -attr @name {}
attribute {pin cpll.X1Y6 B} -attr @name {}
attribute {inst cpll.X1Y6} -attr @fillcolor #00868b
load symbol X1Y6 syn HIERGEN port TX out port RX out port RXRECCLK in
load inst GT.X1Y6 X1Y6 syn -hier QuadX1Y1 -pg 1 -y 1773 -x 12000 -autohide -attr @name {}
attribute {inst GT.X1Y6} -attr @fillcolor #7a7a7a
load inst QPLL0.QuadX1Y1 QPLL0_X1 syn -hier QuadX1Y1 -pg 1 -y 1858 -x 12001 -autohide -attr @name {} -attr @cell {}
attribute {pin QPLL0.QuadX1Y1 A} -attr @name {}
attribute {pin QPLL0.QuadX1Y1 B} -attr @name {}
attribute {inst QPLL0.QuadX1Y1} -attr @fillcolor #00868b
load inst QPLL1.QuadX1Y1 QPLL1_X1 syn -hier QuadX1Y1 -pg 1 -y 1943 -x 12001 -autohide -attr @name {} -attr @cell {}
attribute {pin QPLL1.QuadX1Y1 A} -attr @name {}
attribute {pin QPLL1.QuadX1Y1 B} -attr @name {}
attribute {inst QPLL1.QuadX1Y1} -attr @fillcolor #00868b
load inst cpll.X1Y5 CPLL_X1 syn -hier QuadX1Y1 -pg 1 -y 2028 -x 12001 -autohide -attr @name {} -attr @cell {}
attribute {pin cpll.X1Y5 A} -attr @name {}
attribute {pin cpll.X1Y5 B} -attr @name {}
attribute {inst cpll.X1Y5} -attr @fillcolor #00868b
load symbol X1Y5 syn HIERGEN port TX out port RX out port RXRECCLK in
load inst GT.X1Y5 X1Y5 syn -hier QuadX1Y1 -pg 1 -y 2028 -x 12000 -autohide -attr @name {}
attribute {inst GT.X1Y5} -attr @fillcolor #7a7a7a
load inst cpll.X1Y4 CPLL_X1 syn -hier QuadX1Y1 -pg 1 -y 2113 -x 12001 -autohide -attr @name {} -attr @cell {}
attribute {pin cpll.X1Y4 A} -attr @name {}
attribute {pin cpll.X1Y4 B} -attr @name {}
attribute {inst cpll.X1Y4} -attr @fillcolor #00868b
load symbol X1Y4 syn HIERGEN port TX out port RX out port RXRECCLK in
load inst GT.X1Y4 X1Y4 syn -hier QuadX1Y1 -pg 1 -y 2113 -x 12000 -autohide -attr @name {}
attribute {inst GT.X1Y4} -attr @fillcolor #7a7a7a
load port QuadX1Y1_clk0 out -pg 1 -y 1827 -x 12001 -attr @fillcolor #3a5fcd
load port QuadX1Y1_clk1 out -pg 1 -y 1997 -x 12001 -attr @fillcolor #3a5fcd
load inst QuadX1Y0 QUAD_X1 v -pg 1 -y 2249 -x 12000 -autohide -attr @cell QuadX1Y0 -attr @name {} -attr @fillcolor #d9d9d9
attribute {pin QuadX1Y0 QPLL0 } -attr @name {}
attribute {hierPin QuadX1Y0 QPLL0 } -attr @name {}
attribute {pin QuadX1Y0 QPLL1 } -attr @name {}
attribute {hierPin QuadX1Y0 QPLL1 } -attr @name {}
attribute {pin QuadX1Y0 a0 } -attr @name {}
attribute {hierPin QuadX1Y0 a0 } -attr @name {}
attribute {pin QuadX1Y0 a1 } -attr @name {}
attribute {hierPin QuadX1Y0 a1 } -attr @name {}
attribute {pin QuadX1Y0 a2 } -attr @name {}
attribute {hierPin QuadX1Y0 a2 } -attr @name {}
attribute {pin QuadX1Y0 a3 } -attr @name {}
attribute {hierPin QuadX1Y0 a3 } -attr @name {}
attribute {pin QuadX1Y0 RECCLK_clk0 } -attr @name {}
attribute {hierPin QuadX1Y0 RECCLK_clk0 } -attr @name {}
attribute {pin QuadX1Y0 RECCLK_clk1 } -attr @name {}
attribute {hierPin QuadX1Y0 RECCLK_clk1 } -attr @name {}
load inst cpll.X1Y3 CPLL_X1 syn -hier QuadX1Y0 -pg 1 -y 2250 -x 12001 -autohide -attr @name {} -attr @cell {}
attribute {pin cpll.X1Y3 A} -attr @name {}
attribute {pin cpll.X1Y3 B} -attr @name {}
attribute {inst cpll.X1Y3} -attr @fillcolor #00868b
load symbol X1Y3 syn HIERGEN port TX out port RX out port RXRECCLK in
load inst GT.X1Y3 X1Y3 syn -hier QuadX1Y0 -pg 1 -y 2250 -x 12000 -autohide -attr @name {}
attribute {inst GT.X1Y3} -attr @fillcolor #7a7a7a
load inst cpll.X1Y2 CPLL_X1 syn -hier QuadX1Y0 -pg 1 -y 2335 -x 12001 -autohide -attr @name {} -attr @cell {}
attribute {pin cpll.X1Y2 A} -attr @name {}
attribute {pin cpll.X1Y2 B} -attr @name {}
attribute {inst cpll.X1Y2} -attr @fillcolor #00868b
load symbol X1Y2 syn HIERGEN port TX out port RX out port RXRECCLK in
load inst GT.X1Y2 X1Y2 syn -hier QuadX1Y0 -pg 1 -y 2335 -x 12000 -autohide -attr @name {}
attribute {inst GT.X1Y2} -attr @fillcolor #7a7a7a
load inst QPLL0.QuadX1Y0 QPLL0_X1 syn -hier QuadX1Y0 -pg 1 -y 2420 -x 12001 -autohide -attr @name {} -attr @cell {}
attribute {pin QPLL0.QuadX1Y0 A} -attr @name {}
attribute {pin QPLL0.QuadX1Y0 B} -attr @name {}
attribute {inst QPLL0.QuadX1Y0} -attr @fillcolor #00868b
load inst QPLL1.QuadX1Y0 QPLL1_X1 syn -hier QuadX1Y0 -pg 1 -y 2505 -x 12001 -autohide -attr @name {} -attr @cell {}
attribute {pin QPLL1.QuadX1Y0 A} -attr @name {}
attribute {pin QPLL1.QuadX1Y0 B} -attr @name {}
attribute {inst QPLL1.QuadX1Y0} -attr @fillcolor #00868b
load inst cpll.X1Y1 CPLL_X1 syn -hier QuadX1Y0 -pg 1 -y 2590 -x 12001 -autohide -attr @name {} -attr @cell {}
attribute {pin cpll.X1Y1 A} -attr @name {}
attribute {pin cpll.X1Y1 B} -attr @name {}
attribute {inst cpll.X1Y1} -attr @fillcolor #00868b
load symbol X1Y1 syn HIERGEN port TX out port RX out port RXRECCLK in
load inst GT.X1Y1 X1Y1 syn -hier QuadX1Y0 -pg 1 -y 2590 -x 12000 -autohide -attr @name {}
attribute {inst GT.X1Y1} -attr @fillcolor #7a7a7a
load inst cpll.X1Y0 CPLL_X1 syn -hier QuadX1Y0 -pg 1 -y 2675 -x 12001 -autohide -attr @name {} -attr @cell {}
attribute {pin cpll.X1Y0 A} -attr @name {}
attribute {pin cpll.X1Y0 B} -attr @name {}
attribute {inst cpll.X1Y0} -attr @fillcolor #00868b
load symbol X1Y0 syn HIERGEN port TX out port RX out port RXRECCLK in
load inst GT.X1Y0 X1Y0 syn -hier QuadX1Y0 -pg 1 -y 2675 -x 12000 -autohide -attr @name {}
attribute {inst GT.X1Y0} -attr @fillcolor #7a7a7a
load port QuadX1Y0_clk0 out -pg 1 -y 2389 -x 12001 -attr @fillcolor #3a5fcd
load port QuadX1Y0_clk1 out -pg 1 -y 2559 -x 12001 -attr @fillcolor #3a5fcd
attribute {inst GT.X0Y19} -attr @fillcolor #7a7a7a
attribute {inst cpll.X0Y19} -attr @fillcolor #00868b
attribute {inst QPLL0.QuadX0Y4} -attr @fillcolor #00868b
attribute {inst QPLL1.QuadX0Y4} -attr @fillcolor #00868b
attribute {inst GT.X0Y18} -attr @fillcolor #7a7a7a
attribute {inst cpll.X0Y18} -attr @fillcolor #00868b
attribute {inst GT.X0Y17} -attr @fillcolor #7a7a7a
attribute {inst cpll.X0Y17} -attr @fillcolor #00868b
attribute {inst GT.X0Y16} -attr @fillcolor #7a7a7a
attribute {inst cpll.X0Y16} -attr @fillcolor #00868b
attribute {inst GT.X0Y15} -attr @fillcolor #7a7a7a
attribute {inst cpll.X0Y15} -attr @fillcolor #00868b
attribute {inst QPLL0.QuadX0Y3} -attr @fillcolor #00868b
attribute {inst QPLL1.QuadX0Y3} -attr @fillcolor #00868b
attribute {inst GT.X0Y14} -attr @fillcolor #7a7a7a
attribute {inst cpll.X0Y14} -attr @fillcolor #00868b
attribute {inst GT.X0Y13} -attr @fillcolor #7a7a7a
attribute {inst cpll.X0Y13} -attr @fillcolor #00868b
attribute {inst GT.X0Y12} -attr @fillcolor #7a7a7a
attribute {inst cpll.X0Y12} -attr @fillcolor #00868b
attribute {inst GT.X1Y19} -attr @fillcolor #7a7a7a
attribute {inst cpll.X1Y19} -attr @fillcolor #00868b
attribute {inst QPLL0.QuadX1Y4} -attr @fillcolor #00868b
attribute {inst QPLL1.QuadX1Y4} -attr @fillcolor #00868b
attribute {inst GT.X1Y18} -attr @fillcolor #7a7a7a
attribute {inst cpll.X1Y18} -attr @fillcolor #00868b
attribute {inst GT.X1Y17} -attr @fillcolor #7a7a7a
attribute {inst cpll.X1Y17} -attr @fillcolor #00868b
attribute {inst GT.X1Y16} -attr @fillcolor #7a7a7a
attribute {inst cpll.X1Y16} -attr @fillcolor #00868b
attribute {inst GT.X1Y15} -attr @fillcolor #7a7a7a
attribute {inst cpll.X1Y15} -attr @fillcolor #00868b
attribute {inst QPLL0.QuadX1Y3} -attr @fillcolor #00868b
attribute {inst QPLL1.QuadX1Y3} -attr @fillcolor #00868b
attribute {inst GT.X1Y14} -attr @fillcolor #7a7a7a
attribute {inst cpll.X1Y14} -attr @fillcolor #00868b
attribute {inst GT.X1Y13} -attr @fillcolor #7a7a7a
attribute {inst cpll.X1Y13} -attr @fillcolor #00868b
attribute {inst GT.X1Y12} -attr @fillcolor #7a7a7a
attribute {inst cpll.X1Y12} -attr @fillcolor #00868b
attribute {inst GT.X1Y11} -attr @fillcolor #7a7a7a
attribute {inst cpll.X1Y11} -attr @fillcolor #00868b
attribute {inst QPLL0.QuadX1Y2} -attr @fillcolor #00868b
attribute {inst QPLL1.QuadX1Y2} -attr @fillcolor #00868b
attribute {inst GT.X1Y10} -attr @fillcolor #7a7a7a
attribute {inst cpll.X1Y10} -attr @fillcolor #00868b
attribute {inst GT.X1Y9} -attr @fillcolor #7a7a7a
attribute {inst cpll.X1Y9} -attr @fillcolor #00868b
attribute {inst GT.X1Y8} -attr @fillcolor #7a7a7a
attribute {inst cpll.X1Y8} -attr @fillcolor #00868b
attribute {inst GT.X1Y7} -attr @fillcolor #7a7a7a
attribute {inst cpll.X1Y7} -attr @fillcolor #00868b
attribute {inst QPLL0.QuadX1Y1} -attr @fillcolor #00868b
attribute {inst QPLL1.QuadX1Y1} -attr @fillcolor #00868b
attribute {inst GT.X1Y6} -attr @fillcolor #7a7a7a
attribute {inst cpll.X1Y6} -attr @fillcolor #00868b
attribute {inst GT.X1Y5} -attr @fillcolor #7a7a7a
attribute {inst cpll.X1Y5} -attr @fillcolor #00868b
attribute {inst GT.X1Y4} -attr @fillcolor #7a7a7a
attribute {inst cpll.X1Y4} -attr @fillcolor #00868b
attribute {inst GT.X1Y3} -attr @fillcolor #7a7a7a
attribute {inst cpll.X1Y3} -attr @fillcolor #00868b
attribute {inst QPLL0.QuadX1Y0} -attr @fillcolor #00868b
attribute {inst QPLL1.QuadX1Y0} -attr @fillcolor #00868b
attribute {inst GT.X1Y2} -attr @fillcolor #7a7a7a
attribute {inst cpll.X1Y2} -attr @fillcolor #00868b
attribute {inst GT.X1Y1} -attr @fillcolor #7a7a7a
attribute {inst cpll.X1Y1} -attr @fillcolor #00868b
attribute {inst GT.X1Y0} -attr @fillcolor #7a7a7a
attribute {inst cpll.X1Y0} -attr @fillcolor #00868b
increment -const
load net net.clk.QuadX0Y3_clk0 -port QuadX0Y3_clk0 -pin QuadX0Y3 QPLL0
load net net.quad.QPLL0.QuadX0Y3 -hierPin QuadX0Y3 QPLL0 -pin QPLL0.QuadX0Y3 A
load net net.chan.QPLL0.QuadX0Y3 -pin QPLL0.QuadX0Y3 B -pin GT.X0Y12 TX
attribute {inst QPLL0.QuadX0Y3} -attr @fillcolor #cccc00
attribute {inst GT.X0Y12} -attr @fillcolor #cccc00
load net net.chan.QPLL0.QuadX0Y3 -pin QPLL0.QuadX0Y3 B -pin GT.X0Y12 RX
attribute {inst QPLL0.QuadX0Y3} -attr @fillcolor #cccc00
attribute {inst GT.X0Y12} -attr @fillcolor #cccc00
show
# Starting Split Pages                                                  486.11
# Split Pages 91 Comps, 3 Nets 0 NetBundles 0 CGraphics                 486.11
# KwayPart started for 91 comps, 3 nets                                 486.11
# Init done: 1 nodes (1 locked nodes), 0 edges                          486.11
# Startpart done: 1 parts                                               486.11
# KwayPart done                                                         486.11
# End of Split Pages: 1 pages                                           486.11
# End of Split Pages                                                    486.11
# Generating Regions for Page 1:   91 Comps,    3 Nets                  486.11
# Analyze                                                               486.11
# Levelize                                                              486.11
# End of LevelAssign mode=I, 3 Levels, 10 Comps, limit=30000            486.11
# Nets                                                                  486.11
# Place                                                                 486.11
# PlaceNets                                                             486.11
# SpaceY                                                                486.11
# Track                                                                 486.11
# SpaceX                                                                486.11
# Wire                                                                  486.11
# End of Wire: 0 nets, 0 ch, wire: 0-->0 (0 with wbits)                 486.11
# End of doGenerate                                                     486.11
# Analyze                                                               486.11
# Levelize                                                              486.11
# End of LevelAssign mode=I, 3 Levels, 10 Comps, limit=30000            486.11
# Nets                                                                  486.11
# Place                                                                 486.11
# PlaceNets                                                             486.11
# SpaceY                                                                486.11
# Track                                                                 486.11
# SpaceX                                                                486.11
# Wire                                                                  486.11
# End of Wire: 0 nets, 0 ch, wire: 0-->0 (0 with wbits)                 486.11
# End of doGenerate                                                     486.11
# Analyze                                                               486.11
# Levelize                                                              486.11
# End of LevelAssign mode=I, 3 Levels, 10 Comps, limit=30000            486.11
# Nets                                                                  486.11
# Place                                                                 486.11
# PlaceNets                                                             486.11
# SpaceY                                                                486.11
# Track                                                                 486.11
# SpaceX                                                                486.11
# Wire                                                                  486.11
# End of Wire: 0 nets, 0 ch, wire: 0-->0 (0 with wbits)                 486.11
# End of doGenerate                                                     486.11
# Analyze                                                               486.11
# Levelize                                                              486.11
# End of LevelAssign mode=I, 3 Levels, 10 Comps, limit=30000            486.11
# Nets                                                                  486.11
# Place                                                                 486.11
# PlaceNets                                                             486.11
# SpaceY                                                                486.11
# Track                                                                 486.11
# SpaceX                                                                486.11
# Wire                                                                  486.11
# End of Wire: 0 nets, 0 ch, wire: 0-->0 (0 with wbits)                 486.11
# End of doGenerate                                                     486.11
# Analyze                                                               486.11
# Levelize                                                              486.11
# End of LevelAssign mode=I, 3 Levels, 10 Comps, limit=30000            486.11
# Nets                                                                  486.11
# Place                                                                 486.11
# PlaceNets                                                             486.11
# SpaceY                                                                486.11
# Track                                                                 486.11
# SpaceX                                                                486.11
# Wire                                                                  486.11
# End of Wire: 0 nets, 0 ch, wire: 0-->0 (0 with wbits)                 486.11
# End of doGenerate                                                     486.11
# Analyze                                                               486.11
# Levelize                                                              486.11
# End of LevelAssign mode=I, 3 Levels, 10 Comps, limit=30000            486.11
# Nets                                                                  486.11
# Place                                                                 486.11
# PlaceNets                                                             486.11
# SpaceY                                                                486.11
# Track                                                                 486.11
# SpaceX                                                                486.11
# Wire                                                                  486.11
# End of Wire: 0 nets, 0 ch, wire: 0-->0 (0 with wbits)                 486.11
# End of doGenerate                                                     486.11
# Analyze                                                               486.11
# Levelize                                                              486.11
# End of LevelAssign mode=I, 3 Levels, 11 Comps, limit=30000            486.11
# Nets                                                                  486.11
# Place                                                                 486.11
# PlaceNets                                                             486.11
# SpaceY                                                                486.11
# Track                                                                 486.11
# SpaceX                                                                486.11
# Wire                                                                  486.11
# End of Wire: 2 nets, 2 ch, wire: 10-->10 (0 with wbits)               486.11
# End of doGenerate                                                     486.11
# Analyze                                                               486.11
# Levelize                                                              486.11
# End of LevelAssign mode=I, 3 Levels, 21 Comps, limit=30000            486.11
# Nets                                                                  486.11
# Place                                                                 486.11
# PlaceNets                                                             486.11
# SpaceY                                                                486.11
# Track                                                                 486.11
# SpaceX                                                                486.11
# Wire                                                                  486.11
# End of Wire: 1 nets, 1 ch, wire: 4-->4 (0 with wbits)                 486.11
# End of doGenerate                                                     486.11
# End of Generating Regions for Page 1                                  486.11
scrollpos -19 805
zoom -x 0 -y 0 0.6
scrollpos -14 604
#R 0.6
#CMD scrollpos 0 0
scrollpos 0 0
selection -itemized {inst GT.X0Y12}
center_objects -itemized {inst GT.X0Y12}
scrollpos -63 282
selection -itemized {inst GT.X1Y11}
center_objects -itemized {inst GT.X1Y11}
scrollpos -6 365
attribute {inst GT.X0Y19} -attr @fillcolor #7a7a7a
attribute {inst cpll.X0Y19} -attr @fillcolor #00868b
attribute {inst QPLL0.QuadX0Y4} -attr @fillcolor #00868b
attribute {inst QPLL1.QuadX0Y4} -attr @fillcolor #00868b
attribute {inst GT.X0Y18} -attr @fillcolor #7a7a7a
attribute {inst cpll.X0Y18} -attr @fillcolor #00868b
attribute {inst GT.X0Y17} -attr @fillcolor #7a7a7a
attribute {inst cpll.X0Y17} -attr @fillcolor #00868b
attribute {inst GT.X0Y16} -attr @fillcolor #7a7a7a
attribute {inst cpll.X0Y16} -attr @fillcolor #00868b
attribute {inst GT.X0Y15} -attr @fillcolor #7a7a7a
attribute {inst cpll.X0Y15} -attr @fillcolor #00868b
attribute {inst QPLL0.QuadX0Y3} -attr @fillcolor #00868b
attribute {inst QPLL1.QuadX0Y3} -attr @fillcolor #00868b
attribute {inst GT.X0Y14} -attr @fillcolor #7a7a7a
attribute {inst cpll.X0Y14} -attr @fillcolor #00868b
attribute {inst GT.X0Y13} -attr @fillcolor #7a7a7a
attribute {inst cpll.X0Y13} -attr @fillcolor #00868b
attribute {inst GT.X0Y12} -attr @fillcolor #7a7a7a
attribute {inst cpll.X0Y12} -attr @fillcolor #00868b
attribute {inst GT.X1Y19} -attr @fillcolor #7a7a7a
attribute {inst cpll.X1Y19} -attr @fillcolor #00868b
attribute {inst QPLL0.QuadX1Y4} -attr @fillcolor #00868b
attribute {inst QPLL1.QuadX1Y4} -attr @fillcolor #00868b
attribute {inst GT.X1Y18} -attr @fillcolor #7a7a7a
attribute {inst cpll.X1Y18} -attr @fillcolor #00868b
attribute {inst GT.X1Y17} -attr @fillcolor #7a7a7a
attribute {inst cpll.X1Y17} -attr @fillcolor #00868b
attribute {inst GT.X1Y16} -attr @fillcolor #7a7a7a
attribute {inst cpll.X1Y16} -attr @fillcolor #00868b
attribute {inst GT.X1Y15} -attr @fillcolor #7a7a7a
attribute {inst cpll.X1Y15} -attr @fillcolor #00868b
attribute {inst QPLL0.QuadX1Y3} -attr @fillcolor #00868b
attribute {inst QPLL1.QuadX1Y3} -attr @fillcolor #00868b
attribute {inst GT.X1Y14} -attr @fillcolor #7a7a7a
attribute {inst cpll.X1Y14} -attr @fillcolor #00868b
attribute {inst GT.X1Y13} -attr @fillcolor #7a7a7a
attribute {inst cpll.X1Y13} -attr @fillcolor #00868b
attribute {inst GT.X1Y12} -attr @fillcolor #7a7a7a
attribute {inst cpll.X1Y12} -attr @fillcolor #00868b
attribute {inst GT.X1Y11} -attr @fillcolor #7a7a7a
attribute {inst cpll.X1Y11} -attr @fillcolor #00868b
attribute {inst QPLL0.QuadX1Y2} -attr @fillcolor #00868b
attribute {inst QPLL1.QuadX1Y2} -attr @fillcolor #00868b
attribute {inst GT.X1Y10} -attr @fillcolor #7a7a7a
attribute {inst cpll.X1Y10} -attr @fillcolor #00868b
attribute {inst GT.X1Y9} -attr @fillcolor #7a7a7a
attribute {inst cpll.X1Y9} -attr @fillcolor #00868b
attribute {inst GT.X1Y8} -attr @fillcolor #7a7a7a
attribute {inst cpll.X1Y8} -attr @fillcolor #00868b
attribute {inst GT.X1Y7} -attr @fillcolor #7a7a7a
attribute {inst cpll.X1Y7} -attr @fillcolor #00868b
attribute {inst QPLL0.QuadX1Y1} -attr @fillcolor #00868b
attribute {inst QPLL1.QuadX1Y1} -attr @fillcolor #00868b
attribute {inst GT.X1Y6} -attr @fillcolor #7a7a7a
attribute {inst cpll.X1Y6} -attr @fillcolor #00868b
attribute {inst GT.X1Y5} -attr @fillcolor #7a7a7a
attribute {inst cpll.X1Y5} -attr @fillcolor #00868b
attribute {inst GT.X1Y4} -attr @fillcolor #7a7a7a
attribute {inst cpll.X1Y4} -attr @fillcolor #00868b
attribute {inst GT.X1Y3} -attr @fillcolor #7a7a7a
attribute {inst cpll.X1Y3} -attr @fillcolor #00868b
attribute {inst QPLL0.QuadX1Y0} -attr @fillcolor #00868b
attribute {inst QPLL1.QuadX1Y0} -attr @fillcolor #00868b
attribute {inst GT.X1Y2} -attr @fillcolor #7a7a7a
attribute {inst cpll.X1Y2} -attr @fillcolor #00868b
attribute {inst GT.X1Y1} -attr @fillcolor #7a7a7a
attribute {inst cpll.X1Y1} -attr @fillcolor #00868b
attribute {inst GT.X1Y0} -attr @fillcolor #7a7a7a
attribute {inst cpll.X1Y0} -attr @fillcolor #00868b
increment -const
unload net net.clk.QuadX0Y3_clk0
unload net net.quad.QPLL0.QuadX0Y3
unload net net.chan.QPLL0.QuadX0Y3
load net net.clk.QuadX0Y3_clk0 -port QuadX0Y3_clk0 -pin QuadX0Y3 QPLL0
load net net.quad.QPLL0.QuadX0Y3 -hierPin QuadX0Y3 QPLL0 -pin QPLL0.QuadX0Y3 A
load net net.chan.QPLL0.QuadX0Y3 -pin QPLL0.QuadX0Y3 B -pin GT.X0Y12 TX
attribute {inst QPLL0.QuadX0Y3} -attr @fillcolor #cccc00
attribute {inst GT.X0Y12} -attr @fillcolor #cccc00
load net net.chan.QPLL0.QuadX0Y3 -pin QPLL0.QuadX0Y3 B -pin GT.X0Y12 RX
attribute {inst QPLL0.QuadX0Y3} -attr @fillcolor #cccc00
attribute {inst GT.X0Y12} -attr @fillcolor #cccc00
load net net.clk.QuadX1Y2_clk0 -port QuadX1Y2_clk0 -pin QuadX1Y2 QPLL0
load net net.quad.QPLL0.QuadX1Y2 -hierPin QuadX1Y2 QPLL0 -pin QPLL0.QuadX1Y2 A
load net net.chan.QPLL0.QuadX1Y2 -pin QPLL0.QuadX1Y2 B -pin GT.X1Y11 TX
attribute {inst QPLL0.QuadX1Y2} -attr @fillcolor #cccc00
attribute {inst GT.X1Y11} -attr @fillcolor #cccc00
load net net.chan.QPLL0.QuadX1Y2 -pin QPLL0.QuadX1Y2 B -pin GT.X1Y11 RX
attribute {inst QPLL0.QuadX1Y2} -attr @fillcolor #cccc00
attribute {inst GT.X1Y11} -attr @fillcolor #cccc00
show
# Starting Split Pages                                                  486.40
# Split Pages 91 Comps, 6 Nets 0 NetBundles 0 CGraphics                 486.40
# KwayPart started for 91 comps, 6 nets                                 486.40
# Init done: 1 nodes (1 locked nodes), 0 edges                          486.40
# Startpart done: 1 parts                                               486.40
# KwayPart done                                                         486.40
# End of Split Pages: 1 pages                                           486.40
# End of Split Pages                                                    486.40
# Generating Regions for Page 1:   91 Comps,    6 Nets                  486.40
# Analyze                                                               486.40
# Levelize                                                              486.40
# End of LevelAssign mode=I, 3 Levels, 10 Comps, limit=30000            486.40
# Nets                                                                  486.40
# Place                                                                 486.40
# PlaceNets                                                             486.40
# SpaceY                                                                486.40
# Track                                                                 486.40
# SpaceX                                                                486.40
# Wire                                                                  486.40
# End of Wire: 0 nets, 0 ch, wire: 0-->0 (0 with wbits)                 486.40
# End of doGenerate                                                     486.40
# Analyze                                                               486.40
# Levelize                                                              486.40
# End of LevelAssign mode=I, 3 Levels, 10 Comps, limit=30000            486.40
# Nets                                                                  486.40
# Place                                                                 486.40
# PlaceNets                                                             486.40
# SpaceY                                                                486.40
# Track                                                                 486.40
# SpaceX                                                                486.40
# Wire                                                                  486.40
# End of Wire: 0 nets, 0 ch, wire: 0-->0 (0 with wbits)                 486.40
# End of doGenerate                                                     486.40
# Analyze                                                               486.40
# Levelize                                                              486.40
# End of LevelAssign mode=I, 3 Levels, 11 Comps, limit=30000            486.40
# Nets                                                                  486.40
# Place                                                                 486.40
# PlaceNets                                                             486.40
# SpaceY                                                                486.40
# Track                                                                 486.40
# SpaceX                                                                486.40
# Wire                                                                  486.40
# End of Wire: 2 nets, 2 ch, wire: 10-->10 (0 with wbits)               486.40
# End of doGenerate                                                     486.40
# Analyze                                                               486.40
# Levelize                                                              486.40
# End of LevelAssign mode=I, 3 Levels, 10 Comps, limit=30000            486.40
# Nets                                                                  486.40
# Place                                                                 486.40
# PlaceNets                                                             486.40
# SpaceY                                                                486.40
# Track                                                                 486.40
# SpaceX                                                                486.40
# Wire                                                                  486.40
# End of Wire: 0 nets, 0 ch, wire: 0-->0 (0 with wbits)                 486.40
# End of doGenerate                                                     486.40
# Analyze                                                               486.40
# Levelize                                                              486.40
# End of LevelAssign mode=I, 3 Levels, 10 Comps, limit=30000            486.40
# Nets                                                                  486.40
# Place                                                                 486.40
# PlaceNets                                                             486.40
# SpaceY                                                                486.40
# Track                                                                 486.40
# SpaceX                                                                486.40
# Wire                                                                  486.40
# End of Wire: 0 nets, 0 ch, wire: 0-->0 (0 with wbits)                 486.40
# End of doGenerate                                                     486.40
# Analyze                                                               486.40
# Levelize                                                              486.40
# End of LevelAssign mode=I, 3 Levels, 10 Comps, limit=30000            486.40
# Nets                                                                  486.40
# Place                                                                 486.40
# PlaceNets                                                             486.40
# SpaceY                                                                486.40
# Track                                                                 486.40
# SpaceX                                                                486.40
# Wire                                                                  486.40
# End of Wire: 0 nets, 0 ch, wire: 0-->0 (0 with wbits)                 486.40
# End of doGenerate                                                     486.40
# Analyze                                                               486.40
# Levelize                                                              486.40
# End of LevelAssign mode=I, 3 Levels, 11 Comps, limit=30000            486.40
# Nets                                                                  486.40
# Place                                                                 486.40
# PlaceNets                                                             486.40
# SpaceY                                                                486.40
# Track                                                                 486.40
# SpaceX                                                                486.40
# Wire                                                                  486.40
# End of Wire: 2 nets, 2 ch, wire: 10-->10 (0 with wbits)               486.40
# End of doGenerate                                                     486.40
# Analyze                                                               486.40
# Levelize                                                              486.40
# End of LevelAssign mode=I, 3 Levels, 21 Comps, limit=30000            486.40
# Nets                                                                  486.40
# Place                                                                 486.40
# PlaceNets                                                             486.40
# SpaceY                                                                486.40
# Track                                                                 486.40
# SpaceX                                                                486.40
# Wire                                                                  486.40
# End of Wire: 2 nets, 2 ch, wire: 8-->8 (0 with wbits)                 486.40
# End of doGenerate                                                     486.40
# End of Generating Regions for Page 1                                  486.40
selection -itemized {inst GT.X1Y11}
center_objects -itemized {inst GT.X1Y11}
scrollpos -3 371
selection -itemized {inst GT.X1Y10}
center_objects -itemized {inst GT.X1Y10}
scrollpos -6 428
attribute {inst GT.X0Y19} -attr @fillcolor #7a7a7a
attribute {inst cpll.X0Y19} -attr @fillcolor #00868b
attribute {inst QPLL0.QuadX0Y4} -attr @fillcolor #00868b
attribute {inst QPLL1.QuadX0Y4} -attr @fillcolor #00868b
attribute {inst GT.X0Y18} -attr @fillcolor #7a7a7a
attribute {inst cpll.X0Y18} -attr @fillcolor #00868b
attribute {inst GT.X0Y17} -attr @fillcolor #7a7a7a
attribute {inst cpll.X0Y17} -attr @fillcolor #00868b
attribute {inst GT.X0Y16} -attr @fillcolor #7a7a7a
attribute {inst cpll.X0Y16} -attr @fillcolor #00868b
attribute {inst GT.X0Y15} -attr @fillcolor #7a7a7a
attribute {inst cpll.X0Y15} -attr @fillcolor #00868b
attribute {inst QPLL0.QuadX0Y3} -attr @fillcolor #00868b
attribute {inst QPLL1.QuadX0Y3} -attr @fillcolor #00868b
attribute {inst GT.X0Y14} -attr @fillcolor #7a7a7a
attribute {inst cpll.X0Y14} -attr @fillcolor #00868b
attribute {inst GT.X0Y13} -attr @fillcolor #7a7a7a
attribute {inst cpll.X0Y13} -attr @fillcolor #00868b
attribute {inst GT.X0Y12} -attr @fillcolor #7a7a7a
attribute {inst cpll.X0Y12} -attr @fillcolor #00868b
attribute {inst GT.X1Y19} -attr @fillcolor #7a7a7a
attribute {inst cpll.X1Y19} -attr @fillcolor #00868b
attribute {inst QPLL0.QuadX1Y4} -attr @fillcolor #00868b
attribute {inst QPLL1.QuadX1Y4} -attr @fillcolor #00868b
attribute {inst GT.X1Y18} -attr @fillcolor #7a7a7a
attribute {inst cpll.X1Y18} -attr @fillcolor #00868b
attribute {inst GT.X1Y17} -attr @fillcolor #7a7a7a
attribute {inst cpll.X1Y17} -attr @fillcolor #00868b
attribute {inst GT.X1Y16} -attr @fillcolor #7a7a7a
attribute {inst cpll.X1Y16} -attr @fillcolor #00868b
attribute {inst GT.X1Y15} -attr @fillcolor #7a7a7a
attribute {inst cpll.X1Y15} -attr @fillcolor #00868b
attribute {inst QPLL0.QuadX1Y3} -attr @fillcolor #00868b
attribute {inst QPLL1.QuadX1Y3} -attr @fillcolor #00868b
attribute {inst GT.X1Y14} -attr @fillcolor #7a7a7a
attribute {inst cpll.X1Y14} -attr @fillcolor #00868b
attribute {inst GT.X1Y13} -attr @fillcolor #7a7a7a
attribute {inst cpll.X1Y13} -attr @fillcolor #00868b
attribute {inst GT.X1Y12} -attr @fillcolor #7a7a7a
attribute {inst cpll.X1Y12} -attr @fillcolor #00868b
attribute {inst GT.X1Y11} -attr @fillcolor #7a7a7a
attribute {inst cpll.X1Y11} -attr @fillcolor #00868b
attribute {inst QPLL0.QuadX1Y2} -attr @fillcolor #00868b
attribute {inst QPLL1.QuadX1Y2} -attr @fillcolor #00868b
attribute {inst GT.X1Y10} -attr @fillcolor #7a7a7a
attribute {inst cpll.X1Y10} -attr @fillcolor #00868b
attribute {inst GT.X1Y9} -attr @fillcolor #7a7a7a
attribute {inst cpll.X1Y9} -attr @fillcolor #00868b
attribute {inst GT.X1Y8} -attr @fillcolor #7a7a7a
attribute {inst cpll.X1Y8} -attr @fillcolor #00868b
attribute {inst GT.X1Y7} -attr @fillcolor #7a7a7a
attribute {inst cpll.X1Y7} -attr @fillcolor #00868b
attribute {inst QPLL0.QuadX1Y1} -attr @fillcolor #00868b
attribute {inst QPLL1.QuadX1Y1} -attr @fillcolor #00868b
attribute {inst GT.X1Y6} -attr @fillcolor #7a7a7a
attribute {inst cpll.X1Y6} -attr @fillcolor #00868b
attribute {inst GT.X1Y5} -attr @fillcolor #7a7a7a
attribute {inst cpll.X1Y5} -attr @fillcolor #00868b
attribute {inst GT.X1Y4} -attr @fillcolor #7a7a7a
attribute {inst cpll.X1Y4} -attr @fillcolor #00868b
attribute {inst GT.X1Y3} -attr @fillcolor #7a7a7a
attribute {inst cpll.X1Y3} -attr @fillcolor #00868b
attribute {inst QPLL0.QuadX1Y0} -attr @fillcolor #00868b
attribute {inst QPLL1.QuadX1Y0} -attr @fillcolor #00868b
attribute {inst GT.X1Y2} -attr @fillcolor #7a7a7a
attribute {inst cpll.X1Y2} -attr @fillcolor #00868b
attribute {inst GT.X1Y1} -attr @fillcolor #7a7a7a
attribute {inst cpll.X1Y1} -attr @fillcolor #00868b
attribute {inst GT.X1Y0} -attr @fillcolor #7a7a7a
attribute {inst cpll.X1Y0} -attr @fillcolor #00868b
increment -const
unload net net.clk.QuadX0Y3_clk0
unload net net.quad.QPLL0.QuadX0Y3
unload net net.quad.QPLL0.QuadX1Y2
unload net net.clk.QuadX1Y2_clk0
unload net net.chan.QPLL0.QuadX0Y3
unload net net.chan.QPLL0.QuadX1Y2
load net net.clk.QuadX0Y3_clk0 -port QuadX0Y3_clk0 -pin QuadX0Y3 QPLL0
load net net.quad.QPLL0.QuadX0Y3 -hierPin QuadX0Y3 QPLL0 -pin QPLL0.QuadX0Y3 A
load net net.chan.QPLL0.QuadX0Y3 -pin QPLL0.QuadX0Y3 B -pin GT.X0Y12 TX
attribute {inst QPLL0.QuadX0Y3} -attr @fillcolor #cccc00
attribute {inst GT.X0Y12} -attr @fillcolor #cccc00
load net net.chan.QPLL0.QuadX0Y3 -pin QPLL0.QuadX0Y3 B -pin GT.X0Y12 RX
attribute {inst QPLL0.QuadX0Y3} -attr @fillcolor #cccc00
attribute {inst GT.X0Y12} -attr @fillcolor #cccc00
load net net.clk.QuadX1Y2_clk0 -port QuadX1Y2_clk0 -pin QuadX1Y2 QPLL0
load net net.quad.QPLL0.QuadX1Y2 -hierPin QuadX1Y2 QPLL0 -pin QPLL0.QuadX1Y2 A
load net net.chan.QPLL0.QuadX1Y2 -pin QPLL0.QuadX1Y2 B -pin GT.X1Y11 TX
attribute {inst QPLL0.QuadX1Y2} -attr @fillcolor #cccc00
attribute {inst GT.X1Y11} -attr @fillcolor #cccc00
load net net.chan.QPLL0.QuadX1Y2 -pin QPLL0.QuadX1Y2 B -pin GT.X1Y10 TX
attribute {inst QPLL0.QuadX1Y2} -attr @fillcolor #cccc00
attribute {inst GT.X1Y10} -attr @fillcolor #cccc00
load net net.chan.QPLL0.QuadX1Y2 -pin QPLL0.QuadX1Y2 B -pin GT.X1Y11 RX
attribute {inst QPLL0.QuadX1Y2} -attr @fillcolor #cccc00
attribute {inst GT.X1Y11} -attr @fillcolor #cccc00
load net net.chan.QPLL0.QuadX1Y2 -pin QPLL0.QuadX1Y2 B -pin GT.X1Y10 RX
attribute {inst QPLL0.QuadX1Y2} -attr @fillcolor #cccc00
attribute {inst GT.X1Y10} -attr @fillcolor #cccc00
show
# Starting Split Pages                                                  486.48
# Split Pages 91 Comps, 6 Nets 0 NetBundles 0 CGraphics                 486.48
# KwayPart started for 91 comps, 6 nets                                 486.48
# Init done: 1 nodes (1 locked nodes), 0 edges                          486.48
# Startpart done: 1 parts                                               486.48
# KwayPart done                                                         486.48
# End of Split Pages: 1 pages                                           486.48
# End of Split Pages                                                    486.48
# Generating Regions for Page 1:   91 Comps,    6 Nets                  486.48
# Analyze                                                               486.48
# Levelize                                                              486.48
# End of LevelAssign mode=I, 3 Levels, 10 Comps, limit=30000            486.48
# Nets                                                                  486.48
# Place                                                                 486.48
# PlaceNets                                                             486.48
# SpaceY                                                                486.48
# Track                                                                 486.48
# SpaceX                                                                486.48
# Wire                                                                  486.48
# End of Wire: 0 nets, 0 ch, wire: 0-->0 (0 with wbits)                 486.48
# End of doGenerate                                                     486.48
# Analyze                                                               486.48
# Levelize                                                              486.48
# End of LevelAssign mode=I, 3 Levels, 10 Comps, limit=30000            486.48
# Nets                                                                  486.48
# Place                                                                 486.48
# PlaceNets                                                             486.48
# SpaceY                                                                486.48
# Track                                                                 486.48
# SpaceX                                                                486.48
# Wire                                                                  486.48
# End of Wire: 0 nets, 0 ch, wire: 0-->0 (0 with wbits)                 486.48
# End of doGenerate                                                     486.48
# Analyze                                                               486.48
# Levelize                                                              486.48
# End of LevelAssign mode=I, 3 Levels, 11 Comps, limit=30000            486.48
# Nets                                                                  486.48
# Place                                                                 486.48
# PlaceNets                                                             486.48
# SpaceY                                                                486.48
# Track                                                                 486.48
# SpaceX                                                                486.48
# Wire                                                                  486.48
# End of Wire: 2 nets, 2 ch, wire: 18-->18 (0 with wbits)               486.48
# End of doGenerate                                                     486.48
# Analyze                                                               486.48
# Levelize                                                              486.48
# End of LevelAssign mode=I, 3 Levels, 10 Comps, limit=30000            486.48
# Nets                                                                  486.48
# Place                                                                 486.48
# PlaceNets                                                             486.48
# SpaceY                                                                486.48
# Track                                                                 486.48
# SpaceX                                                                486.48
# Wire                                                                  486.48
# End of Wire: 0 nets, 0 ch, wire: 0-->0 (0 with wbits)                 486.48
# End of doGenerate                                                     486.48
# Analyze                                                               486.48
# Levelize                                                              486.48
# End of LevelAssign mode=I, 3 Levels, 10 Comps, limit=30000            486.48
# Nets                                                                  486.48
# Place                                                                 486.48
# PlaceNets                                                             486.48
# SpaceY                                                                486.48
# Track                                                                 486.48
# SpaceX                                                                486.48
# Wire                                                                  486.48
# End of Wire: 0 nets, 0 ch, wire: 0-->0 (0 with wbits)                 486.48
# End of doGenerate                                                     486.48
# Analyze                                                               486.48
# Levelize                                                              486.48
# End of LevelAssign mode=I, 3 Levels, 10 Comps, limit=30000            486.48
# Nets                                                                  486.48
# Place                                                                 486.48
# PlaceNets                                                             486.48
# SpaceY                                                                486.48
# Track                                                                 486.48
# SpaceX                                                                486.48
# Wire                                                                  486.48
# End of Wire: 0 nets, 0 ch, wire: 0-->0 (0 with wbits)                 486.48
# End of doGenerate                                                     486.48
# Analyze                                                               486.48
# Levelize                                                              486.48
# End of LevelAssign mode=I, 3 Levels, 11 Comps, limit=30000            486.48
# Nets                                                                  486.48
# Place                                                                 486.48
# PlaceNets                                                             486.48
# SpaceY                                                                486.48
# Track                                                                 486.48
# SpaceX                                                                486.48
# Wire                                                                  486.48
# End of Wire: 2 nets, 2 ch, wire: 10-->10 (0 with wbits)               486.48
# End of doGenerate                                                     486.48
# Analyze                                                               486.48
# Levelize                                                              486.48
# End of LevelAssign mode=I, 3 Levels, 21 Comps, limit=30000            486.48
# Nets                                                                  486.48
# Place                                                                 486.48
# PlaceNets                                                             486.48
# SpaceY                                                                486.48
# Track                                                                 486.48
# SpaceX                                                                486.48
# Wire                                                                  486.48
# End of Wire: 2 nets, 2 ch, wire: 8-->8 (0 with wbits)                 486.48
# End of doGenerate                                                     486.48
# End of Generating Regions for Page 1                                  486.48
selection -itemized {inst GT.X1Y10}
center_objects -itemized {inst GT.X1Y10}
scrollpos -3 434
selection -itemized {inst GT.X1Y9}
center_objects -itemized {inst GT.X1Y9}
scrollpos -6 593
attribute {inst GT.X0Y19} -attr @fillcolor #7a7a7a
attribute {inst cpll.X0Y19} -attr @fillcolor #00868b
attribute {inst QPLL0.QuadX0Y4} -attr @fillcolor #00868b
attribute {inst QPLL1.QuadX0Y4} -attr @fillcolor #00868b
attribute {inst GT.X0Y18} -attr @fillcolor #7a7a7a
attribute {inst cpll.X0Y18} -attr @fillcolor #00868b
attribute {inst GT.X0Y17} -attr @fillcolor #7a7a7a
attribute {inst cpll.X0Y17} -attr @fillcolor #00868b
attribute {inst GT.X0Y16} -attr @fillcolor #7a7a7a
attribute {inst cpll.X0Y16} -attr @fillcolor #00868b
attribute {inst GT.X0Y15} -attr @fillcolor #7a7a7a
attribute {inst cpll.X0Y15} -attr @fillcolor #00868b
attribute {inst QPLL0.QuadX0Y3} -attr @fillcolor #00868b
attribute {inst QPLL1.QuadX0Y3} -attr @fillcolor #00868b
attribute {inst GT.X0Y14} -attr @fillcolor #7a7a7a
attribute {inst cpll.X0Y14} -attr @fillcolor #00868b
attribute {inst GT.X0Y13} -attr @fillcolor #7a7a7a
attribute {inst cpll.X0Y13} -attr @fillcolor #00868b
attribute {inst GT.X0Y12} -attr @fillcolor #7a7a7a
attribute {inst cpll.X0Y12} -attr @fillcolor #00868b
attribute {inst GT.X1Y19} -attr @fillcolor #7a7a7a
attribute {inst cpll.X1Y19} -attr @fillcolor #00868b
attribute {inst QPLL0.QuadX1Y4} -attr @fillcolor #00868b
attribute {inst QPLL1.QuadX1Y4} -attr @fillcolor #00868b
attribute {inst GT.X1Y18} -attr @fillcolor #7a7a7a
attribute {inst cpll.X1Y18} -attr @fillcolor #00868b
attribute {inst GT.X1Y17} -attr @fillcolor #7a7a7a
attribute {inst cpll.X1Y17} -attr @fillcolor #00868b
attribute {inst GT.X1Y16} -attr @fillcolor #7a7a7a
attribute {inst cpll.X1Y16} -attr @fillcolor #00868b
attribute {inst GT.X1Y15} -attr @fillcolor #7a7a7a
attribute {inst cpll.X1Y15} -attr @fillcolor #00868b
attribute {inst QPLL0.QuadX1Y3} -attr @fillcolor #00868b
attribute {inst QPLL1.QuadX1Y3} -attr @fillcolor #00868b
attribute {inst GT.X1Y14} -attr @fillcolor #7a7a7a
attribute {inst cpll.X1Y14} -attr @fillcolor #00868b
attribute {inst GT.X1Y13} -attr @fillcolor #7a7a7a
attribute {inst cpll.X1Y13} -attr @fillcolor #00868b
attribute {inst GT.X1Y12} -attr @fillcolor #7a7a7a
attribute {inst cpll.X1Y12} -attr @fillcolor #00868b
attribute {inst GT.X1Y11} -attr @fillcolor #7a7a7a
attribute {inst cpll.X1Y11} -attr @fillcolor #00868b
attribute {inst QPLL0.QuadX1Y2} -attr @fillcolor #00868b
attribute {inst QPLL1.QuadX1Y2} -attr @fillcolor #00868b
attribute {inst GT.X1Y10} -attr @fillcolor #7a7a7a
attribute {inst cpll.X1Y10} -attr @fillcolor #00868b
attribute {inst GT.X1Y9} -attr @fillcolor #7a7a7a
attribute {inst cpll.X1Y9} -attr @fillcolor #00868b
attribute {inst GT.X1Y8} -attr @fillcolor #7a7a7a
attribute {inst cpll.X1Y8} -attr @fillcolor #00868b
attribute {inst GT.X1Y7} -attr @fillcolor #7a7a7a
attribute {inst cpll.X1Y7} -attr @fillcolor #00868b
attribute {inst QPLL0.QuadX1Y1} -attr @fillcolor #00868b
attribute {inst QPLL1.QuadX1Y1} -attr @fillcolor #00868b
attribute {inst GT.X1Y6} -attr @fillcolor #7a7a7a
attribute {inst cpll.X1Y6} -attr @fillcolor #00868b
attribute {inst GT.X1Y5} -attr @fillcolor #7a7a7a
attribute {inst cpll.X1Y5} -attr @fillcolor #00868b
attribute {inst GT.X1Y4} -attr @fillcolor #7a7a7a
attribute {inst cpll.X1Y4} -attr @fillcolor #00868b
attribute {inst GT.X1Y3} -attr @fillcolor #7a7a7a
attribute {inst cpll.X1Y3} -attr @fillcolor #00868b
attribute {inst QPLL0.QuadX1Y0} -attr @fillcolor #00868b
attribute {inst QPLL1.QuadX1Y0} -attr @fillcolor #00868b
attribute {inst GT.X1Y2} -attr @fillcolor #7a7a7a
attribute {inst cpll.X1Y2} -attr @fillcolor #00868b
attribute {inst GT.X1Y1} -attr @fillcolor #7a7a7a
attribute {inst cpll.X1Y1} -attr @fillcolor #00868b
attribute {inst GT.X1Y0} -attr @fillcolor #7a7a7a
attribute {inst cpll.X1Y0} -attr @fillcolor #00868b
increment -const
unload net net.clk.QuadX0Y3_clk0
unload net net.quad.QPLL0.QuadX0Y3
unload net net.quad.QPLL0.QuadX1Y2
unload net net.clk.QuadX1Y2_clk0
unload net net.chan.QPLL0.QuadX0Y3
unload net net.chan.QPLL0.QuadX1Y2
load net net.clk.QuadX0Y3_clk0 -port QuadX0Y3_clk0 -pin QuadX0Y3 QPLL0
load net net.quad.QPLL0.QuadX0Y3 -hierPin QuadX0Y3 QPLL0 -pin QPLL0.QuadX0Y3 A
load net net.chan.QPLL0.QuadX0Y3 -pin QPLL0.QuadX0Y3 B -pin GT.X0Y12 TX
attribute {inst QPLL0.QuadX0Y3} -attr @fillcolor #cccc00
attribute {inst GT.X0Y12} -attr @fillcolor #cccc00
load net net.chan.QPLL0.QuadX0Y3 -pin QPLL0.QuadX0Y3 B -pin GT.X0Y12 RX
attribute {inst QPLL0.QuadX0Y3} -attr @fillcolor #cccc00
attribute {inst GT.X0Y12} -attr @fillcolor #cccc00
load net net.clk.QuadX1Y2_clk0 -port QuadX1Y2_clk0 -pin QuadX1Y2 QPLL0
load net net.quad.QPLL0.QuadX1Y2 -hierPin QuadX1Y2 QPLL0 -pin QPLL0.QuadX1Y2 A
load net net.chan.QPLL0.QuadX1Y2 -pin QPLL0.QuadX1Y2 B -pin GT.X1Y11 TX
attribute {inst QPLL0.QuadX1Y2} -attr @fillcolor #cccc00
attribute {inst GT.X1Y11} -attr @fillcolor #cccc00
load net net.chan.QPLL0.QuadX1Y2 -pin QPLL0.QuadX1Y2 B -pin GT.X1Y10 TX
attribute {inst QPLL0.QuadX1Y2} -attr @fillcolor #cccc00
attribute {inst GT.X1Y10} -attr @fillcolor #cccc00
load net net.chan.QPLL0.QuadX1Y2 -pin QPLL0.QuadX1Y2 B -pin GT.X1Y9 TX
attribute {inst QPLL0.QuadX1Y2} -attr @fillcolor #cccc00
attribute {inst GT.X1Y9} -attr @fillcolor #cccc00
load net net.chan.QPLL0.QuadX1Y2 -pin QPLL0.QuadX1Y2 B -pin GT.X1Y11 RX
attribute {inst QPLL0.QuadX1Y2} -attr @fillcolor #cccc00
attribute {inst GT.X1Y11} -attr @fillcolor #cccc00
load net net.chan.QPLL0.QuadX1Y2 -pin QPLL0.QuadX1Y2 B -pin GT.X1Y10 RX
attribute {inst QPLL0.QuadX1Y2} -attr @fillcolor #cccc00
attribute {inst GT.X1Y10} -attr @fillcolor #cccc00
load net net.chan.QPLL0.QuadX1Y2 -pin QPLL0.QuadX1Y2 B -pin GT.X1Y9 RX
attribute {inst QPLL0.QuadX1Y2} -attr @fillcolor #cccc00
attribute {inst GT.X1Y9} -attr @fillcolor #cccc00
show
# Starting Split Pages                                                  487.15
# Split Pages 91 Comps, 6 Nets 0 NetBundles 0 CGraphics                 487.15
# KwayPart started for 91 comps, 6 nets                                 487.15
# Init done: 1 nodes (1 locked nodes), 0 edges                          487.15
# Startpart done: 1 parts                                               487.15
# KwayPart done                                                         487.15
# End of Split Pages: 1 pages                                           487.15
# End of Split Pages                                                    487.15
# Generating Regions for Page 1:   91 Comps,    6 Nets                  487.15
# Analyze                                                               487.15
# Levelize                                                              487.15
# End of LevelAssign mode=I, 3 Levels, 10 Comps, limit=30000            487.15
# Nets                                                                  487.15
# Place                                                                 487.15
# PlaceNets                                                             487.15
# SpaceY                                                                487.15
# Track                                                                 487.15
# SpaceX                                                                487.15
# Wire                                                                  487.15
# End of Wire: 0 nets, 0 ch, wire: 0-->0 (0 with wbits)                 487.15
# End of doGenerate                                                     487.15
# Analyze                                                               487.15
# Levelize                                                              487.15
# End of LevelAssign mode=I, 3 Levels, 10 Comps, limit=30000            487.15
# Nets                                                                  487.15
# Place                                                                 487.15
# PlaceNets                                                             487.15
# SpaceY                                                                487.15
# Track                                                                 487.15
# SpaceX                                                                487.15
# Wire                                                                  487.15
# End of Wire: 0 nets, 0 ch, wire: 0-->0 (0 with wbits)                 487.15
# End of doGenerate                                                     487.15
# Analyze                                                               487.15
# Levelize                                                              487.15
# End of LevelAssign mode=I, 3 Levels, 11 Comps, limit=30000            487.15
# Nets                                                                  487.15
# Place                                                                 487.15
# PlaceNets                                                             487.15
# SpaceY                                                                487.15
# Track                                                                 487.15
# SpaceX                                                                487.15
# Wire                                                                  487.15
# End of Wire: 2 nets, 2 ch, wire: 26-->26 (0 with wbits)               487.15
# End of doGenerate                                                     487.15
# Analyze                                                               487.15
# Levelize                                                              487.15
# End of LevelAssign mode=I, 3 Levels, 10 Comps, limit=30000            487.15
# Nets                                                                  487.15
# Place                                                                 487.15
# PlaceNets                                                             487.15
# SpaceY                                                                487.15
# Track                                                                 487.15
# SpaceX                                                                487.15
# Wire                                                                  487.15
# End of Wire: 0 nets, 0 ch, wire: 0-->0 (0 with wbits)                 487.15
# End of doGenerate                                                     487.15
# Analyze                                                               487.15
# Levelize                                                              487.15
# End of LevelAssign mode=I, 3 Levels, 10 Comps, limit=30000            487.15
# Nets                                                                  487.15
# Place                                                                 487.15
# PlaceNets                                                             487.15
# SpaceY                                                                487.15
# Track                                                                 487.15
# SpaceX                                                                487.15
# Wire                                                                  487.15
# End of Wire: 0 nets, 0 ch, wire: 0-->0 (0 with wbits)                 487.15
# End of doGenerate                                                     487.15
# Analyze                                                               487.15
# Levelize                                                              487.15
# End of LevelAssign mode=I, 3 Levels, 10 Comps, limit=30000            487.15
# Nets                                                                  487.15
# Place                                                                 487.15
# PlaceNets                                                             487.15
# SpaceY                                                                487.15
# Track                                                                 487.15
# SpaceX                                                                487.15
# Wire                                                                  487.15
# End of Wire: 0 nets, 0 ch, wire: 0-->0 (0 with wbits)                 487.15
# End of doGenerate                                                     487.15
# Analyze                                                               487.15
# Levelize                                                              487.15
# End of LevelAssign mode=I, 3 Levels, 11 Comps, limit=30000            487.15
# Nets                                                                  487.15
# Place                                                                 487.15
# PlaceNets                                                             487.15
# SpaceY                                                                487.15
# Track                                                                 487.15
# SpaceX                                                                487.15
# Wire                                                                  487.15
# End of Wire: 2 nets, 2 ch, wire: 10-->10 (0 with wbits)               487.15
# End of doGenerate                                                     487.15
# Analyze                                                               487.15
# Levelize                                                              487.15
# End of LevelAssign mode=I, 3 Levels, 21 Comps, limit=30000            487.15
# Nets                                                                  487.15
# Place                                                                 487.15
# PlaceNets                                                             487.15
# SpaceY                                                                487.15
# Track                                                                 487.15
# SpaceX                                                                487.15
# Wire                                                                  487.15
# End of Wire: 2 nets, 2 ch, wire: 8-->8 (0 with wbits)                 487.15
# End of doGenerate                                                     487.15
# End of Generating Regions for Page 1                                  487.15
selection -itemized {inst GT.X1Y9}
center_objects -itemized {inst GT.X1Y9}
scrollpos -3 599
selection -itemized {inst GT.X1Y8}
center_objects -itemized {inst GT.X1Y8}
scrollpos -6 656
attribute {inst GT.X0Y19} -attr @fillcolor #7a7a7a
attribute {inst cpll.X0Y19} -attr @fillcolor #00868b
attribute {inst QPLL0.QuadX0Y4} -attr @fillcolor #00868b
attribute {inst QPLL1.QuadX0Y4} -attr @fillcolor #00868b
attribute {inst GT.X0Y18} -attr @fillcolor #7a7a7a
attribute {inst cpll.X0Y18} -attr @fillcolor #00868b
attribute {inst GT.X0Y17} -attr @fillcolor #7a7a7a
attribute {inst cpll.X0Y17} -attr @fillcolor #00868b
attribute {inst GT.X0Y16} -attr @fillcolor #7a7a7a
attribute {inst cpll.X0Y16} -attr @fillcolor #00868b
attribute {inst GT.X0Y15} -attr @fillcolor #7a7a7a
attribute {inst cpll.X0Y15} -attr @fillcolor #00868b
attribute {inst QPLL0.QuadX0Y3} -attr @fillcolor #00868b
attribute {inst QPLL1.QuadX0Y3} -attr @fillcolor #00868b
attribute {inst GT.X0Y14} -attr @fillcolor #7a7a7a
attribute {inst cpll.X0Y14} -attr @fillcolor #00868b
attribute {inst GT.X0Y13} -attr @fillcolor #7a7a7a
attribute {inst cpll.X0Y13} -attr @fillcolor #00868b
attribute {inst GT.X0Y12} -attr @fillcolor #7a7a7a
attribute {inst cpll.X0Y12} -attr @fillcolor #00868b
attribute {inst GT.X1Y19} -attr @fillcolor #7a7a7a
attribute {inst cpll.X1Y19} -attr @fillcolor #00868b
attribute {inst QPLL0.QuadX1Y4} -attr @fillcolor #00868b
attribute {inst QPLL1.QuadX1Y4} -attr @fillcolor #00868b
attribute {inst GT.X1Y18} -attr @fillcolor #7a7a7a
attribute {inst cpll.X1Y18} -attr @fillcolor #00868b
attribute {inst GT.X1Y17} -attr @fillcolor #7a7a7a
attribute {inst cpll.X1Y17} -attr @fillcolor #00868b
attribute {inst GT.X1Y16} -attr @fillcolor #7a7a7a
attribute {inst cpll.X1Y16} -attr @fillcolor #00868b
attribute {inst GT.X1Y15} -attr @fillcolor #7a7a7a
attribute {inst cpll.X1Y15} -attr @fillcolor #00868b
attribute {inst QPLL0.QuadX1Y3} -attr @fillcolor #00868b
attribute {inst QPLL1.QuadX1Y3} -attr @fillcolor #00868b
attribute {inst GT.X1Y14} -attr @fillcolor #7a7a7a
attribute {inst cpll.X1Y14} -attr @fillcolor #00868b
attribute {inst GT.X1Y13} -attr @fillcolor #7a7a7a
attribute {inst cpll.X1Y13} -attr @fillcolor #00868b
attribute {inst GT.X1Y12} -attr @fillcolor #7a7a7a
attribute {inst cpll.X1Y12} -attr @fillcolor #00868b
attribute {inst GT.X1Y11} -attr @fillcolor #7a7a7a
attribute {inst cpll.X1Y11} -attr @fillcolor #00868b
attribute {inst QPLL0.QuadX1Y2} -attr @fillcolor #00868b
attribute {inst QPLL1.QuadX1Y2} -attr @fillcolor #00868b
attribute {inst GT.X1Y10} -attr @fillcolor #7a7a7a
attribute {inst cpll.X1Y10} -attr @fillcolor #00868b
attribute {inst GT.X1Y9} -attr @fillcolor #7a7a7a
attribute {inst cpll.X1Y9} -attr @fillcolor #00868b
attribute {inst GT.X1Y8} -attr @fillcolor #7a7a7a
attribute {inst cpll.X1Y8} -attr @fillcolor #00868b
attribute {inst GT.X1Y7} -attr @fillcolor #7a7a7a
attribute {inst cpll.X1Y7} -attr @fillcolor #00868b
attribute {inst QPLL0.QuadX1Y1} -attr @fillcolor #00868b
attribute {inst QPLL1.QuadX1Y1} -attr @fillcolor #00868b
attribute {inst GT.X1Y6} -attr @fillcolor #7a7a7a
attribute {inst cpll.X1Y6} -attr @fillcolor #00868b
attribute {inst GT.X1Y5} -attr @fillcolor #7a7a7a
attribute {inst cpll.X1Y5} -attr @fillcolor #00868b
attribute {inst GT.X1Y4} -attr @fillcolor #7a7a7a
attribute {inst cpll.X1Y4} -attr @fillcolor #00868b
attribute {inst GT.X1Y3} -attr @fillcolor #7a7a7a
attribute {inst cpll.X1Y3} -attr @fillcolor #00868b
attribute {inst QPLL0.QuadX1Y0} -attr @fillcolor #00868b
attribute {inst QPLL1.QuadX1Y0} -attr @fillcolor #00868b
attribute {inst GT.X1Y2} -attr @fillcolor #7a7a7a
attribute {inst cpll.X1Y2} -attr @fillcolor #00868b
attribute {inst GT.X1Y1} -attr @fillcolor #7a7a7a
attribute {inst cpll.X1Y1} -attr @fillcolor #00868b
attribute {inst GT.X1Y0} -attr @fillcolor #7a7a7a
attribute {inst cpll.X1Y0} -attr @fillcolor #00868b
increment -const
unload net net.clk.QuadX0Y3_clk0
unload net net.quad.QPLL0.QuadX0Y3
unload net net.quad.QPLL0.QuadX1Y2
unload net net.clk.QuadX1Y2_clk0
unload net net.chan.QPLL0.QuadX0Y3
unload net net.chan.QPLL0.QuadX1Y2
load net net.clk.QuadX0Y3_clk0 -port QuadX0Y3_clk0 -pin QuadX0Y3 QPLL0
load net net.quad.QPLL0.QuadX0Y3 -hierPin QuadX0Y3 QPLL0 -pin QPLL0.QuadX0Y3 A
load net net.chan.QPLL0.QuadX0Y3 -pin QPLL0.QuadX0Y3 B -pin GT.X0Y12 TX
attribute {inst QPLL0.QuadX0Y3} -attr @fillcolor #cccc00
attribute {inst GT.X0Y12} -attr @fillcolor #cccc00
load net net.chan.QPLL0.QuadX0Y3 -pin QPLL0.QuadX0Y3 B -pin GT.X0Y12 RX
attribute {inst QPLL0.QuadX0Y3} -attr @fillcolor #cccc00
attribute {inst GT.X0Y12} -attr @fillcolor #cccc00
load net net.clk.QuadX1Y2_clk0 -port QuadX1Y2_clk0 -pin QuadX1Y2 QPLL0
load net net.quad.QPLL0.QuadX1Y2 -hierPin QuadX1Y2 QPLL0 -pin QPLL0.QuadX1Y2 A
load net net.chan.QPLL0.QuadX1Y2 -pin QPLL0.QuadX1Y2 B -pin GT.X1Y11 TX
attribute {inst QPLL0.QuadX1Y2} -attr @fillcolor #cccc00
attribute {inst GT.X1Y11} -attr @fillcolor #cccc00
load net net.chan.QPLL0.QuadX1Y2 -pin QPLL0.QuadX1Y2 B -pin GT.X1Y10 TX
attribute {inst QPLL0.QuadX1Y2} -attr @fillcolor #cccc00
attribute {inst GT.X1Y10} -attr @fillcolor #cccc00
load net net.chan.QPLL0.QuadX1Y2 -pin QPLL0.QuadX1Y2 B -pin GT.X1Y9 TX
attribute {inst QPLL0.QuadX1Y2} -attr @fillcolor #cccc00
attribute {inst GT.X1Y9} -attr @fillcolor #cccc00
load net net.chan.QPLL0.QuadX1Y2 -pin QPLL0.QuadX1Y2 B -pin GT.X1Y8 TX
attribute {inst QPLL0.QuadX1Y2} -attr @fillcolor #cccc00
attribute {inst GT.X1Y8} -attr @fillcolor #cccc00
load net net.chan.QPLL0.QuadX1Y2 -pin QPLL0.QuadX1Y2 B -pin GT.X1Y11 RX
attribute {inst QPLL0.QuadX1Y2} -attr @fillcolor #cccc00
attribute {inst GT.X1Y11} -attr @fillcolor #cccc00
load net net.chan.QPLL0.QuadX1Y2 -pin QPLL0.QuadX1Y2 B -pin GT.X1Y10 RX
attribute {inst QPLL0.QuadX1Y2} -attr @fillcolor #cccc00
attribute {inst GT.X1Y10} -attr @fillcolor #cccc00
load net net.chan.QPLL0.QuadX1Y2 -pin QPLL0.QuadX1Y2 B -pin GT.X1Y9 RX
attribute {inst QPLL0.QuadX1Y2} -attr @fillcolor #cccc00
attribute {inst GT.X1Y9} -attr @fillcolor #cccc00
load net net.chan.QPLL0.QuadX1Y2 -pin QPLL0.QuadX1Y2 B -pin GT.X1Y8 RX
attribute {inst QPLL0.QuadX1Y2} -attr @fillcolor #cccc00
attribute {inst GT.X1Y8} -attr @fillcolor #cccc00
show
# Starting Split Pages                                                  487.47
# Split Pages 91 Comps, 6 Nets 0 NetBundles 0 CGraphics                 487.47
# KwayPart started for 91 comps, 6 nets                                 487.47
# Init done: 1 nodes (1 locked nodes), 0 edges                          487.47
# Startpart done: 1 parts                                               487.47
# KwayPart done                                                         487.47
# End of Split Pages: 1 pages                                           487.47
# End of Split Pages                                                    487.47
# Generating Regions for Page 1:   91 Comps,    6 Nets                  487.47
# Analyze                                                               487.47
# Levelize                                                              487.47
# End of LevelAssign mode=I, 3 Levels, 10 Comps, limit=30000            487.47
# Nets                                                                  487.47
# Place                                                                 487.47
# PlaceNets                                                             487.47
# SpaceY                                                                487.47
# Track                                                                 487.47
# SpaceX                                                                487.47
# Wire                                                                  487.47
# End of Wire: 0 nets, 0 ch, wire: 0-->0 (0 with wbits)                 487.47
# End of doGenerate                                                     487.47
# Analyze                                                               487.47
# Levelize                                                              487.47
# End of LevelAssign mode=I, 3 Levels, 10 Comps, limit=30000            487.47
# Nets                                                                  487.47
# Place                                                                 487.47
# PlaceNets                                                             487.47
# SpaceY                                                                487.47
# Track                                                                 487.47
# SpaceX                                                                487.47
# Wire                                                                  487.47
# End of Wire: 0 nets, 0 ch, wire: 0-->0 (0 with wbits)                 487.47
# End of doGenerate                                                     487.47
# Analyze                                                               487.47
# Levelize                                                              487.47
# End of LevelAssign mode=I, 3 Levels, 11 Comps, limit=30000            487.47
# Nets                                                                  487.47
# Place                                                                 487.47
# PlaceNets                                                             487.47
# SpaceY                                                                487.47
# Track                                                                 487.47
# SpaceX                                                                487.47
# Wire                                                                  487.47
# End of Wire: 2 nets, 2 ch, wire: 34-->34 (0 with wbits)               487.47
# End of doGenerate                                                     487.47
# Analyze                                                               487.47
# Levelize                                                              487.47
# End of LevelAssign mode=I, 3 Levels, 10 Comps, limit=30000            487.47
# Nets                                                                  487.47
# Place                                                                 487.47
# PlaceNets                                                             487.47
# SpaceY                                                                487.47
# Track                                                                 487.47
# SpaceX                                                                487.47
# Wire                                                                  487.47
# End of Wire: 0 nets, 0 ch, wire: 0-->0 (0 with wbits)                 487.47
# End of doGenerate                                                     487.47
# Analyze                                                               487.47
# Levelize                                                              487.47
# End of LevelAssign mode=I, 3 Levels, 10 Comps, limit=30000            487.47
# Nets                                                                  487.47
# Place                                                                 487.47
# PlaceNets                                                             487.47
# SpaceY                                                                487.47
# Track                                                                 487.47
# SpaceX                                                                487.47
# Wire                                                                  487.47
# End of Wire: 0 nets, 0 ch, wire: 0-->0 (0 with wbits)                 487.47
# End of doGenerate                                                     487.47
# Analyze                                                               487.47
# Levelize                                                              487.47
# End of LevelAssign mode=I, 3 Levels, 10 Comps, limit=30000            487.47
# Nets                                                                  487.47
# Place                                                                 487.47
# PlaceNets                                                             487.47
# SpaceY                                                                487.47
# Track                                                                 487.47
# SpaceX                                                                487.47
# Wire                                                                  487.47
# End of Wire: 0 nets, 0 ch, wire: 0-->0 (0 with wbits)                 487.47
# End of doGenerate                                                     487.47
# Analyze                                                               487.47
# Levelize                                                              487.47
# End of LevelAssign mode=I, 3 Levels, 11 Comps, limit=30000            487.47
# Nets                                                                  487.47
# Place                                                                 487.47
# PlaceNets                                                             487.47
# SpaceY                                                                487.47
# Track                                                                 487.47
# SpaceX                                                                487.47
# Wire                                                                  487.47
# End of Wire: 2 nets, 2 ch, wire: 10-->10 (0 with wbits)               487.47
# End of doGenerate                                                     487.47
# Analyze                                                               487.47
# Levelize                                                              487.47
# End of LevelAssign mode=I, 3 Levels, 21 Comps, limit=30000            487.47
# Nets                                                                  487.47
# Place                                                                 487.47
# PlaceNets                                                             487.47
# SpaceY                                                                487.47
# Track                                                                 487.47
# SpaceX                                                                487.47
# Wire                                                                  487.47
# End of Wire: 2 nets, 2 ch, wire: 8-->8 (0 with wbits)                 487.47
# End of doGenerate                                                     487.47
# End of Generating Regions for Page 1                                  487.47
selection -itemized {inst GT.X1Y8}
center_objects -itemized {inst GT.X1Y8}
scrollpos -3 662
attribute {inst GT.X0Y19} -attr @fillcolor #7a7a7a
attribute {inst cpll.X0Y19} -attr @fillcolor #00868b
attribute {inst QPLL0.QuadX0Y4} -attr @fillcolor #00868b
attribute {inst QPLL1.QuadX0Y4} -attr @fillcolor #00868b
attribute {inst GT.X0Y18} -attr @fillcolor #7a7a7a
attribute {inst cpll.X0Y18} -attr @fillcolor #00868b
attribute {inst GT.X0Y17} -attr @fillcolor #7a7a7a
attribute {inst cpll.X0Y17} -attr @fillcolor #00868b
attribute {inst GT.X0Y16} -attr @fillcolor #7a7a7a
attribute {inst cpll.X0Y16} -attr @fillcolor #00868b
attribute {inst GT.X0Y15} -attr @fillcolor #7a7a7a
attribute {inst cpll.X0Y15} -attr @fillcolor #00868b
attribute {inst QPLL0.QuadX0Y3} -attr @fillcolor #00868b
attribute {inst QPLL1.QuadX0Y3} -attr @fillcolor #00868b
attribute {inst GT.X0Y14} -attr @fillcolor #7a7a7a
attribute {inst cpll.X0Y14} -attr @fillcolor #00868b
attribute {inst GT.X0Y13} -attr @fillcolor #7a7a7a
attribute {inst cpll.X0Y13} -attr @fillcolor #00868b
attribute {inst GT.X0Y12} -attr @fillcolor #7a7a7a
attribute {inst cpll.X0Y12} -attr @fillcolor #00868b
attribute {inst GT.X1Y19} -attr @fillcolor #7a7a7a
attribute {inst cpll.X1Y19} -attr @fillcolor #00868b
attribute {inst QPLL0.QuadX1Y4} -attr @fillcolor #00868b
attribute {inst QPLL1.QuadX1Y4} -attr @fillcolor #00868b
attribute {inst GT.X1Y18} -attr @fillcolor #7a7a7a
attribute {inst cpll.X1Y18} -attr @fillcolor #00868b
attribute {inst GT.X1Y17} -attr @fillcolor #7a7a7a
attribute {inst cpll.X1Y17} -attr @fillcolor #00868b
attribute {inst GT.X1Y16} -attr @fillcolor #7a7a7a
attribute {inst cpll.X1Y16} -attr @fillcolor #00868b
attribute {inst GT.X1Y15} -attr @fillcolor #7a7a7a
attribute {inst cpll.X1Y15} -attr @fillcolor #00868b
attribute {inst QPLL0.QuadX1Y3} -attr @fillcolor #00868b
attribute {inst QPLL1.QuadX1Y3} -attr @fillcolor #00868b
attribute {inst GT.X1Y14} -attr @fillcolor #7a7a7a
attribute {inst cpll.X1Y14} -attr @fillcolor #00868b
attribute {inst GT.X1Y13} -attr @fillcolor #7a7a7a
attribute {inst cpll.X1Y13} -attr @fillcolor #00868b
attribute {inst GT.X1Y12} -attr @fillcolor #7a7a7a
attribute {inst cpll.X1Y12} -attr @fillcolor #00868b
attribute {inst GT.X1Y11} -attr @fillcolor #7a7a7a
attribute {inst cpll.X1Y11} -attr @fillcolor #00868b
attribute {inst QPLL0.QuadX1Y2} -attr @fillcolor #00868b
attribute {inst QPLL1.QuadX1Y2} -attr @fillcolor #00868b
attribute {inst GT.X1Y10} -attr @fillcolor #7a7a7a
attribute {inst cpll.X1Y10} -attr @fillcolor #00868b
attribute {inst GT.X1Y9} -attr @fillcolor #7a7a7a
attribute {inst cpll.X1Y9} -attr @fillcolor #00868b
attribute {inst GT.X1Y8} -attr @fillcolor #7a7a7a
attribute {inst cpll.X1Y8} -attr @fillcolor #00868b
attribute {inst GT.X1Y7} -attr @fillcolor #7a7a7a
attribute {inst cpll.X1Y7} -attr @fillcolor #00868b
attribute {inst QPLL0.QuadX1Y1} -attr @fillcolor #00868b
attribute {inst QPLL1.QuadX1Y1} -attr @fillcolor #00868b
attribute {inst GT.X1Y6} -attr @fillcolor #7a7a7a
attribute {inst cpll.X1Y6} -attr @fillcolor #00868b
attribute {inst GT.X1Y5} -attr @fillcolor #7a7a7a
attribute {inst cpll.X1Y5} -attr @fillcolor #00868b
attribute {inst GT.X1Y4} -attr @fillcolor #7a7a7a
attribute {inst cpll.X1Y4} -attr @fillcolor #00868b
attribute {inst GT.X1Y3} -attr @fillcolor #7a7a7a
attribute {inst cpll.X1Y3} -attr @fillcolor #00868b
attribute {inst QPLL0.QuadX1Y0} -attr @fillcolor #00868b
attribute {inst QPLL1.QuadX1Y0} -attr @fillcolor #00868b
attribute {inst GT.X1Y2} -attr @fillcolor #7a7a7a
attribute {inst cpll.X1Y2} -attr @fillcolor #00868b
attribute {inst GT.X1Y1} -attr @fillcolor #7a7a7a
attribute {inst cpll.X1Y1} -attr @fillcolor #00868b
attribute {inst GT.X1Y0} -attr @fillcolor #7a7a7a
attribute {inst cpll.X1Y0} -attr @fillcolor #00868b
increment -const
unload net net.clk.QuadX0Y3_clk0
unload net net.quad.QPLL0.QuadX0Y3
unload net net.quad.QPLL0.QuadX1Y2
unload net net.clk.QuadX1Y2_clk0
unload net net.chan.QPLL0.QuadX0Y3
unload net net.chan.QPLL0.QuadX1Y2
load net net.clk.QuadX0Y3_clk0 -port QuadX0Y3_clk0 -pin QuadX0Y3 QPLL0
load net net.quad.QPLL0.QuadX0Y3 -hierPin QuadX0Y3 QPLL0 -pin QPLL0.QuadX0Y3 A
load net net.chan.QPLL0.QuadX0Y3 -pin QPLL0.QuadX0Y3 B -pin GT.X0Y12 TX
attribute {inst QPLL0.QuadX0Y3} -attr @fillcolor #cccc00
attribute {inst GT.X0Y12} -attr @fillcolor #cccc00
load net net.chan.QPLL0.QuadX0Y3 -pin QPLL0.QuadX0Y3 B -pin GT.X0Y12 RX
attribute {inst QPLL0.QuadX0Y3} -attr @fillcolor #cccc00
attribute {inst GT.X0Y12} -attr @fillcolor #cccc00
load net net.clk.QuadX1Y2_clk0 -port QuadX1Y2_clk0 -pin QuadX1Y2 QPLL0
load net net.quad.QPLL0.QuadX1Y2 -hierPin QuadX1Y2 QPLL0 -pin QPLL0.QuadX1Y2 A
load net net.chan.QPLL0.QuadX1Y2 -pin QPLL0.QuadX1Y2 B -pin GT.X1Y11 TX
attribute {inst QPLL0.QuadX1Y2} -attr @fillcolor #cccc00
attribute {inst GT.X1Y11} -attr @fillcolor #cccc00
load net net.chan.QPLL0.QuadX1Y2 -pin QPLL0.QuadX1Y2 B -pin GT.X1Y10 TX
attribute {inst QPLL0.QuadX1Y2} -attr @fillcolor #cccc00
attribute {inst GT.X1Y10} -attr @fillcolor #cccc00
load net net.chan.QPLL0.QuadX1Y2 -pin QPLL0.QuadX1Y2 B -pin GT.X1Y8 TX
attribute {inst QPLL0.QuadX1Y2} -attr @fillcolor #cccc00
attribute {inst GT.X1Y8} -attr @fillcolor #cccc00
load net net.chan.QPLL0.QuadX1Y2 -pin QPLL0.QuadX1Y2 B -pin GT.X1Y11 RX
attribute {inst QPLL0.QuadX1Y2} -attr @fillcolor #cccc00
attribute {inst GT.X1Y11} -attr @fillcolor #cccc00
load net net.chan.QPLL0.QuadX1Y2 -pin QPLL0.QuadX1Y2 B -pin GT.X1Y10 RX
attribute {inst QPLL0.QuadX1Y2} -attr @fillcolor #cccc00
attribute {inst GT.X1Y10} -attr @fillcolor #cccc00
load net net.chan.QPLL0.QuadX1Y2 -pin QPLL0.QuadX1Y2 B -pin GT.X1Y8 RX
attribute {inst QPLL0.QuadX1Y2} -attr @fillcolor #cccc00
attribute {inst GT.X1Y8} -attr @fillcolor #cccc00
show
# Starting Split Pages                                                  487.63
# Split Pages 91 Comps, 6 Nets 0 NetBundles 0 CGraphics                 487.63
# KwayPart started for 91 comps, 6 nets                                 487.63
# Init done: 1 nodes (1 locked nodes), 0 edges                          487.63
# Startpart done: 1 parts                                               487.63
# KwayPart done                                                         487.63
# End of Split Pages: 1 pages                                           487.63
# End of Split Pages                                                    487.63
# Generating Regions for Page 1:   91 Comps,    6 Nets                  487.63
# Analyze                                                               487.63
# Levelize                                                              487.63
# End of LevelAssign mode=I, 3 Levels, 10 Comps, limit=30000            487.63
# Nets                                                                  487.63
# Place                                                                 487.63
# PlaceNets                                                             487.63
# SpaceY                                                                487.63
# Track                                                                 487.63
# SpaceX                                                                487.63
# Wire                                                                  487.63
# End of Wire: 0 nets, 0 ch, wire: 0-->0 (0 with wbits)                 487.63
# End of doGenerate                                                     487.63
# Analyze                                                               487.63
# Levelize                                                              487.63
# End of LevelAssign mode=I, 3 Levels, 10 Comps, limit=30000            487.63
# Nets                                                                  487.63
# Place                                                                 487.63
# PlaceNets                                                             487.63
# SpaceY                                                                487.63
# Track                                                                 487.63
# SpaceX                                                                487.63
# Wire                                                                  487.63
# End of Wire: 0 nets, 0 ch, wire: 0-->0 (0 with wbits)                 487.63
# End of doGenerate                                                     487.63
# Analyze                                                               487.63
# Levelize                                                              487.63
# End of LevelAssign mode=I, 3 Levels, 11 Comps, limit=30000            487.63
# Nets                                                                  487.63
# Place                                                                 487.63
# PlaceNets                                                             487.63
# SpaceY                                                                487.63
# Track                                                                 487.63
# SpaceX                                                                487.63
# Wire                                                                  487.63
# End of Wire: 2 nets, 2 ch, wire: 26-->26 (0 with wbits)               487.63
# End of doGenerate                                                     487.63
# Analyze                                                               487.63
# Levelize                                                              487.63
# End of LevelAssign mode=I, 3 Levels, 10 Comps, limit=30000            487.63
# Nets                                                                  487.63
# Place                                                                 487.63
# PlaceNets                                                             487.63
# SpaceY                                                                487.63
# Track                                                                 487.63
# SpaceX                                                                487.63
# Wire                                                                  487.63
# End of Wire: 0 nets, 0 ch, wire: 0-->0 (0 with wbits)                 487.63
# End of doGenerate                                                     487.63
# Analyze                                                               487.63
# Levelize                                                              487.63
# End of LevelAssign mode=I, 3 Levels, 10 Comps, limit=30000            487.63
# Nets                                                                  487.63
# Place                                                                 487.63
# PlaceNets                                                             487.63
# SpaceY                                                                487.63
# Track                                                                 487.63
# SpaceX                                                                487.63
# Wire                                                                  487.63
# End of Wire: 0 nets, 0 ch, wire: 0-->0 (0 with wbits)                 487.63
# End of doGenerate                                                     487.63
# Analyze                                                               487.63
# Levelize                                                              487.63
# End of LevelAssign mode=I, 3 Levels, 10 Comps, limit=30000            487.63
# Nets                                                                  487.63
# Place                                                                 487.63
# PlaceNets                                                             487.63
# SpaceY                                                                487.63
# Track                                                                 487.63
# SpaceX                                                                487.63
# Wire                                                                  487.63
# End of Wire: 0 nets, 0 ch, wire: 0-->0 (0 with wbits)                 487.63
# End of doGenerate                                                     487.63
# Analyze                                                               487.63
# Levelize                                                              487.63
# End of LevelAssign mode=I, 3 Levels, 11 Comps, limit=30000            487.63
# Nets                                                                  487.63
# Place                                                                 487.63
# PlaceNets                                                             487.63
# SpaceY                                                                487.63
# Track                                                                 487.63
# SpaceX                                                                487.63
# Wire                                                                  487.63
# End of Wire: 2 nets, 2 ch, wire: 10-->10 (0 with wbits)               487.63
# End of doGenerate                                                     487.63
# Analyze                                                               487.63
# Levelize                                                              487.63
# End of LevelAssign mode=I, 3 Levels, 21 Comps, limit=30000            487.63
# Nets                                                                  487.63
# Place                                                                 487.63
# PlaceNets                                                             487.63
# SpaceY                                                                487.63
# Track                                                                 487.63
# SpaceX                                                                487.63
# Wire                                                                  487.63
# End of Wire: 2 nets, 2 ch, wire: 8-->8 (0 with wbits)                 487.63
# End of doGenerate                                                     487.63
# End of Generating Regions for Page 1                                  487.63
selection -itemized {inst GT.X1Y9}
center_objects -itemized {inst GT.X1Y9}
scrollpos -6 593
attribute {inst GT.X0Y19} -attr @fillcolor #7a7a7a
attribute {inst cpll.X0Y19} -attr @fillcolor #00868b
attribute {inst QPLL0.QuadX0Y4} -attr @fillcolor #00868b
attribute {inst QPLL1.QuadX0Y4} -attr @fillcolor #00868b
attribute {inst GT.X0Y18} -attr @fillcolor #7a7a7a
attribute {inst cpll.X0Y18} -attr @fillcolor #00868b
attribute {inst GT.X0Y17} -attr @fillcolor #7a7a7a
attribute {inst cpll.X0Y17} -attr @fillcolor #00868b
attribute {inst GT.X0Y16} -attr @fillcolor #7a7a7a
attribute {inst cpll.X0Y16} -attr @fillcolor #00868b
attribute {inst GT.X0Y15} -attr @fillcolor #7a7a7a
attribute {inst cpll.X0Y15} -attr @fillcolor #00868b
attribute {inst QPLL0.QuadX0Y3} -attr @fillcolor #00868b
attribute {inst QPLL1.QuadX0Y3} -attr @fillcolor #00868b
attribute {inst GT.X0Y14} -attr @fillcolor #7a7a7a
attribute {inst cpll.X0Y14} -attr @fillcolor #00868b
attribute {inst GT.X0Y13} -attr @fillcolor #7a7a7a
attribute {inst cpll.X0Y13} -attr @fillcolor #00868b
attribute {inst GT.X0Y12} -attr @fillcolor #7a7a7a
attribute {inst cpll.X0Y12} -attr @fillcolor #00868b
attribute {inst GT.X1Y19} -attr @fillcolor #7a7a7a
attribute {inst cpll.X1Y19} -attr @fillcolor #00868b
attribute {inst QPLL0.QuadX1Y4} -attr @fillcolor #00868b
attribute {inst QPLL1.QuadX1Y4} -attr @fillcolor #00868b
attribute {inst GT.X1Y18} -attr @fillcolor #7a7a7a
attribute {inst cpll.X1Y18} -attr @fillcolor #00868b
attribute {inst GT.X1Y17} -attr @fillcolor #7a7a7a
attribute {inst cpll.X1Y17} -attr @fillcolor #00868b
attribute {inst GT.X1Y16} -attr @fillcolor #7a7a7a
attribute {inst cpll.X1Y16} -attr @fillcolor #00868b
attribute {inst GT.X1Y15} -attr @fillcolor #7a7a7a
attribute {inst cpll.X1Y15} -attr @fillcolor #00868b
attribute {inst QPLL0.QuadX1Y3} -attr @fillcolor #00868b
attribute {inst QPLL1.QuadX1Y3} -attr @fillcolor #00868b
attribute {inst GT.X1Y14} -attr @fillcolor #7a7a7a
attribute {inst cpll.X1Y14} -attr @fillcolor #00868b
attribute {inst GT.X1Y13} -attr @fillcolor #7a7a7a
attribute {inst cpll.X1Y13} -attr @fillcolor #00868b
attribute {inst GT.X1Y12} -attr @fillcolor #7a7a7a
attribute {inst cpll.X1Y12} -attr @fillcolor #00868b
attribute {inst GT.X1Y11} -attr @fillcolor #7a7a7a
attribute {inst cpll.X1Y11} -attr @fillcolor #00868b
attribute {inst QPLL0.QuadX1Y2} -attr @fillcolor #00868b
attribute {inst QPLL1.QuadX1Y2} -attr @fillcolor #00868b
attribute {inst GT.X1Y10} -attr @fillcolor #7a7a7a
attribute {inst cpll.X1Y10} -attr @fillcolor #00868b
attribute {inst GT.X1Y9} -attr @fillcolor #7a7a7a
attribute {inst cpll.X1Y9} -attr @fillcolor #00868b
attribute {inst GT.X1Y8} -attr @fillcolor #7a7a7a
attribute {inst cpll.X1Y8} -attr @fillcolor #00868b
attribute {inst GT.X1Y7} -attr @fillcolor #7a7a7a
attribute {inst cpll.X1Y7} -attr @fillcolor #00868b
attribute {inst QPLL0.QuadX1Y1} -attr @fillcolor #00868b
attribute {inst QPLL1.QuadX1Y1} -attr @fillcolor #00868b
attribute {inst GT.X1Y6} -attr @fillcolor #7a7a7a
attribute {inst cpll.X1Y6} -attr @fillcolor #00868b
attribute {inst GT.X1Y5} -attr @fillcolor #7a7a7a
attribute {inst cpll.X1Y5} -attr @fillcolor #00868b
attribute {inst GT.X1Y4} -attr @fillcolor #7a7a7a
attribute {inst cpll.X1Y4} -attr @fillcolor #00868b
attribute {inst GT.X1Y3} -attr @fillcolor #7a7a7a
attribute {inst cpll.X1Y3} -attr @fillcolor #00868b
attribute {inst QPLL0.QuadX1Y0} -attr @fillcolor #00868b
attribute {inst QPLL1.QuadX1Y0} -attr @fillcolor #00868b
attribute {inst GT.X1Y2} -attr @fillcolor #7a7a7a
attribute {inst cpll.X1Y2} -attr @fillcolor #00868b
attribute {inst GT.X1Y1} -attr @fillcolor #7a7a7a
attribute {inst cpll.X1Y1} -attr @fillcolor #00868b
attribute {inst GT.X1Y0} -attr @fillcolor #7a7a7a
attribute {inst cpll.X1Y0} -attr @fillcolor #00868b
increment -const
unload net net.clk.QuadX0Y3_clk0
unload net net.quad.QPLL0.QuadX0Y3
unload net net.quad.QPLL0.QuadX1Y2
unload net net.clk.QuadX1Y2_clk0
unload net net.chan.QPLL0.QuadX0Y3
unload net net.chan.QPLL0.QuadX1Y2
load net net.clk.QuadX0Y3_clk0 -port QuadX0Y3_clk0 -pin QuadX0Y3 QPLL0
load net net.quad.QPLL0.QuadX0Y3 -hierPin QuadX0Y3 QPLL0 -pin QPLL0.QuadX0Y3 A
load net net.chan.QPLL0.QuadX0Y3 -pin QPLL0.QuadX0Y3 B -pin GT.X0Y12 TX
attribute {inst QPLL0.QuadX0Y3} -attr @fillcolor #cccc00
attribute {inst GT.X0Y12} -attr @fillcolor #cccc00
load net net.chan.QPLL0.QuadX0Y3 -pin QPLL0.QuadX0Y3 B -pin GT.X0Y12 RX
attribute {inst QPLL0.QuadX0Y3} -attr @fillcolor #cccc00
attribute {inst GT.X0Y12} -attr @fillcolor #cccc00
load net net.clk.QuadX1Y2_clk0 -port QuadX1Y2_clk0 -pin QuadX1Y2 QPLL0
load net net.quad.QPLL0.QuadX1Y2 -hierPin QuadX1Y2 QPLL0 -pin QPLL0.QuadX1Y2 A
load net net.chan.QPLL0.QuadX1Y2 -pin QPLL0.QuadX1Y2 B -pin GT.X1Y11 TX
attribute {inst QPLL0.QuadX1Y2} -attr @fillcolor #cccc00
attribute {inst GT.X1Y11} -attr @fillcolor #cccc00
load net net.chan.QPLL0.QuadX1Y2 -pin QPLL0.QuadX1Y2 B -pin GT.X1Y10 TX
attribute {inst QPLL0.QuadX1Y2} -attr @fillcolor #cccc00
attribute {inst GT.X1Y10} -attr @fillcolor #cccc00
load net net.chan.QPLL0.QuadX1Y2 -pin QPLL0.QuadX1Y2 B -pin GT.X1Y9 TX
attribute {inst QPLL0.QuadX1Y2} -attr @fillcolor #cccc00
attribute {inst GT.X1Y9} -attr @fillcolor #cccc00
load net net.chan.QPLL0.QuadX1Y2 -pin QPLL0.QuadX1Y2 B -pin GT.X1Y8 TX
attribute {inst QPLL0.QuadX1Y2} -attr @fillcolor #cccc00
attribute {inst GT.X1Y8} -attr @fillcolor #cccc00
load net net.chan.QPLL0.QuadX1Y2 -pin QPLL0.QuadX1Y2 B -pin GT.X1Y11 RX
attribute {inst QPLL0.QuadX1Y2} -attr @fillcolor #cccc00
attribute {inst GT.X1Y11} -attr @fillcolor #cccc00
load net net.chan.QPLL0.QuadX1Y2 -pin QPLL0.QuadX1Y2 B -pin GT.X1Y10 RX
attribute {inst QPLL0.QuadX1Y2} -attr @fillcolor #cccc00
attribute {inst GT.X1Y10} -attr @fillcolor #cccc00
load net net.chan.QPLL0.QuadX1Y2 -pin QPLL0.QuadX1Y2 B -pin GT.X1Y9 RX
attribute {inst QPLL0.QuadX1Y2} -attr @fillcolor #cccc00
attribute {inst GT.X1Y9} -attr @fillcolor #cccc00
load net net.chan.QPLL0.QuadX1Y2 -pin QPLL0.QuadX1Y2 B -pin GT.X1Y8 RX
attribute {inst QPLL0.QuadX1Y2} -attr @fillcolor #cccc00
attribute {inst GT.X1Y8} -attr @fillcolor #cccc00
show
# Starting Split Pages                                                  488.08
# Split Pages 91 Comps, 6 Nets 0 NetBundles 0 CGraphics                 488.08
# KwayPart started for 91 comps, 6 nets                                 488.08
# Init done: 1 nodes (1 locked nodes), 0 edges                          488.08
# Startpart done: 1 parts                                               488.08
# KwayPart done                                                         488.08
# End of Split Pages: 1 pages                                           488.08
# End of Split Pages                                                    488.08
# Generating Regions for Page 1:   91 Comps,    6 Nets                  488.08
# Analyze                                                               488.08
# Levelize                                                              488.08
# End of LevelAssign mode=I, 3 Levels, 10 Comps, limit=30000            488.08
# Nets                                                                  488.08
# Place                                                                 488.08
# PlaceNets                                                             488.08
# SpaceY                                                                488.08
# Track                                                                 488.08
# SpaceX                                                                488.08
# Wire                                                                  488.08
# End of Wire: 0 nets, 0 ch, wire: 0-->0 (0 with wbits)                 488.08
# End of doGenerate                                                     488.08
# Analyze                                                               488.08
# Levelize                                                              488.08
# End of LevelAssign mode=I, 3 Levels, 10 Comps, limit=30000            488.08
# Nets                                                                  488.08
# Place                                                                 488.08
# PlaceNets                                                             488.08
# SpaceY                                                                488.08
# Track                                                                 488.08
# SpaceX                                                                488.08
# Wire                                                                  488.08
# End of Wire: 0 nets, 0 ch, wire: 0-->0 (0 with wbits)                 488.08
# End of doGenerate                                                     488.08
# Analyze                                                               488.08
# Levelize                                                              488.08
# End of LevelAssign mode=I, 3 Levels, 11 Comps, limit=30000            488.08
# Nets                                                                  488.08
# Place                                                                 488.08
# PlaceNets                                                             488.08
# SpaceY                                                                488.08
# Track                                                                 488.08
# SpaceX                                                                488.08
# Wire                                                                  488.08
# End of Wire: 2 nets, 2 ch, wire: 34-->34 (0 with wbits)               488.08
# End of doGenerate                                                     488.08
# Analyze                                                               488.08
# Levelize                                                              488.08
# End of LevelAssign mode=I, 3 Levels, 10 Comps, limit=30000            488.08
# Nets                                                                  488.08
# Place                                                                 488.08
# PlaceNets                                                             488.08
# SpaceY                                                                488.08
# Track                                                                 488.08
# SpaceX                                                                488.08
# Wire                                                                  488.08
# End of Wire: 0 nets, 0 ch, wire: 0-->0 (0 with wbits)                 488.08
# End of doGenerate                                                     488.08
# Analyze                                                               488.08
# Levelize                                                              488.08
# End of LevelAssign mode=I, 3 Levels, 10 Comps, limit=30000            488.08
# Nets                                                                  488.08
# Place                                                                 488.08
# PlaceNets                                                             488.08
# SpaceY                                                                488.08
# Track                                                                 488.08
# SpaceX                                                                488.08
# Wire                                                                  488.08
# End of Wire: 0 nets, 0 ch, wire: 0-->0 (0 with wbits)                 488.08
# End of doGenerate                                                     488.08
# Analyze                                                               488.08
# Levelize                                                              488.08
# End of LevelAssign mode=I, 3 Levels, 10 Comps, limit=30000            488.08
# Nets                                                                  488.08
# Place                                                                 488.08
# PlaceNets                                                             488.08
# SpaceY                                                                488.08
# Track                                                                 488.08
# SpaceX                                                                488.08
# Wire                                                                  488.08
# End of Wire: 0 nets, 0 ch, wire: 0-->0 (0 with wbits)                 488.08
# End of doGenerate                                                     488.08
# Analyze                                                               488.08
# Levelize                                                              488.08
# End of LevelAssign mode=I, 3 Levels, 11 Comps, limit=30000            488.08
# Nets                                                                  488.08
# Place                                                                 488.08
# PlaceNets                                                             488.08
# SpaceY                                                                488.08
# Track                                                                 488.08
# SpaceX                                                                488.08
# Wire                                                                  488.08
# End of Wire: 2 nets, 2 ch, wire: 10-->10 (0 with wbits)               488.08
# End of doGenerate                                                     488.08
# Analyze                                                               488.08
# Levelize                                                              488.08
# End of LevelAssign mode=I, 3 Levels, 21 Comps, limit=30000            488.08
# Nets                                                                  488.08
# Place                                                                 488.08
# PlaceNets                                                             488.08
# SpaceY                                                                488.08
# Track                                                                 488.08
# SpaceX                                                                488.08
# Wire                                                                  488.08
# End of Wire: 2 nets, 2 ch, wire: 8-->8 (0 with wbits)                 488.08
# End of doGenerate                                                     488.08
# End of Generating Regions for Page 1                                  488.08
selection -itemized {inst GT.X1Y9}
center_objects -itemized {inst GT.X1Y9}
scrollpos -3 599
attribute {inst GT.X0Y19} -attr @fillcolor #7a7a7a
attribute {inst cpll.X0Y19} -attr @fillcolor #00868b
attribute {inst QPLL0.QuadX0Y4} -attr @fillcolor #00868b
attribute {inst QPLL1.QuadX0Y4} -attr @fillcolor #00868b
attribute {inst GT.X0Y18} -attr @fillcolor #7a7a7a
attribute {inst cpll.X0Y18} -attr @fillcolor #00868b
attribute {inst GT.X0Y17} -attr @fillcolor #7a7a7a
attribute {inst cpll.X0Y17} -attr @fillcolor #00868b
attribute {inst GT.X0Y16} -attr @fillcolor #7a7a7a
attribute {inst cpll.X0Y16} -attr @fillcolor #00868b
attribute {inst GT.X0Y15} -attr @fillcolor #7a7a7a
attribute {inst cpll.X0Y15} -attr @fillcolor #00868b
attribute {inst QPLL0.QuadX0Y3} -attr @fillcolor #00868b
attribute {inst QPLL1.QuadX0Y3} -attr @fillcolor #00868b
attribute {inst GT.X0Y14} -attr @fillcolor #7a7a7a
attribute {inst cpll.X0Y14} -attr @fillcolor #00868b
attribute {inst GT.X0Y13} -attr @fillcolor #7a7a7a
attribute {inst cpll.X0Y13} -attr @fillcolor #00868b
attribute {inst GT.X0Y12} -attr @fillcolor #7a7a7a
attribute {inst cpll.X0Y12} -attr @fillcolor #00868b
attribute {inst GT.X1Y19} -attr @fillcolor #7a7a7a
attribute {inst cpll.X1Y19} -attr @fillcolor #00868b
attribute {inst QPLL0.QuadX1Y4} -attr @fillcolor #00868b
attribute {inst QPLL1.QuadX1Y4} -attr @fillcolor #00868b
attribute {inst GT.X1Y18} -attr @fillcolor #7a7a7a
attribute {inst cpll.X1Y18} -attr @fillcolor #00868b
attribute {inst GT.X1Y17} -attr @fillcolor #7a7a7a
attribute {inst cpll.X1Y17} -attr @fillcolor #00868b
attribute {inst GT.X1Y16} -attr @fillcolor #7a7a7a
attribute {inst cpll.X1Y16} -attr @fillcolor #00868b
attribute {inst GT.X1Y15} -attr @fillcolor #7a7a7a
attribute {inst cpll.X1Y15} -attr @fillcolor #00868b
attribute {inst QPLL0.QuadX1Y3} -attr @fillcolor #00868b
attribute {inst QPLL1.QuadX1Y3} -attr @fillcolor #00868b
attribute {inst GT.X1Y14} -attr @fillcolor #7a7a7a
attribute {inst cpll.X1Y14} -attr @fillcolor #00868b
attribute {inst GT.X1Y13} -attr @fillcolor #7a7a7a
attribute {inst cpll.X1Y13} -attr @fillcolor #00868b
attribute {inst GT.X1Y12} -attr @fillcolor #7a7a7a
attribute {inst cpll.X1Y12} -attr @fillcolor #00868b
attribute {inst GT.X1Y11} -attr @fillcolor #7a7a7a
attribute {inst cpll.X1Y11} -attr @fillcolor #00868b
attribute {inst QPLL0.QuadX1Y2} -attr @fillcolor #00868b
attribute {inst QPLL1.QuadX1Y2} -attr @fillcolor #00868b
attribute {inst GT.X1Y10} -attr @fillcolor #7a7a7a
attribute {inst cpll.X1Y10} -attr @fillcolor #00868b
attribute {inst GT.X1Y9} -attr @fillcolor #7a7a7a
attribute {inst cpll.X1Y9} -attr @fillcolor #00868b
attribute {inst GT.X1Y8} -attr @fillcolor #7a7a7a
attribute {inst cpll.X1Y8} -attr @fillcolor #00868b
attribute {inst GT.X1Y7} -attr @fillcolor #7a7a7a
attribute {inst cpll.X1Y7} -attr @fillcolor #00868b
attribute {inst QPLL0.QuadX1Y1} -attr @fillcolor #00868b
attribute {inst QPLL1.QuadX1Y1} -attr @fillcolor #00868b
attribute {inst GT.X1Y6} -attr @fillcolor #7a7a7a
attribute {inst cpll.X1Y6} -attr @fillcolor #00868b
attribute {inst GT.X1Y5} -attr @fillcolor #7a7a7a
attribute {inst cpll.X1Y5} -attr @fillcolor #00868b
attribute {inst GT.X1Y4} -attr @fillcolor #7a7a7a
attribute {inst cpll.X1Y4} -attr @fillcolor #00868b
attribute {inst GT.X1Y3} -attr @fillcolor #7a7a7a
attribute {inst cpll.X1Y3} -attr @fillcolor #00868b
attribute {inst QPLL0.QuadX1Y0} -attr @fillcolor #00868b
attribute {inst QPLL1.QuadX1Y0} -attr @fillcolor #00868b
attribute {inst GT.X1Y2} -attr @fillcolor #7a7a7a
attribute {inst cpll.X1Y2} -attr @fillcolor #00868b
attribute {inst GT.X1Y1} -attr @fillcolor #7a7a7a
attribute {inst cpll.X1Y1} -attr @fillcolor #00868b
attribute {inst GT.X1Y0} -attr @fillcolor #7a7a7a
attribute {inst cpll.X1Y0} -attr @fillcolor #00868b
increment -const
unload net net.clk.QuadX0Y3_clk0
unload net net.quad.QPLL0.QuadX0Y3
unload net net.quad.QPLL0.QuadX1Y2
unload net net.clk.QuadX1Y2_clk0
unload net net.chan.QPLL0.QuadX0Y3
unload net net.chan.QPLL0.QuadX1Y2
load net net.clk.QuadX1Y2_clk0 -port QuadX1Y2_clk0 -pin QuadX1Y2 QPLL0
load net net.quad.QPLL0.QuadX1Y2 -hierPin QuadX1Y2 QPLL0 -pin QPLL0.QuadX1Y2 A
load net net.chan.QPLL0.QuadX1Y2 -pin QPLL0.QuadX1Y2 B -pin GT.X1Y11 TX
attribute {inst QPLL0.QuadX1Y2} -attr @fillcolor #cccc00
attribute {inst GT.X1Y11} -attr @fillcolor #cccc00
load net net.chan.QPLL0.QuadX1Y2 -pin QPLL0.QuadX1Y2 B -pin GT.X1Y10 TX
attribute {inst QPLL0.QuadX1Y2} -attr @fillcolor #cccc00
attribute {inst GT.X1Y10} -attr @fillcolor #cccc00
load net net.chan.QPLL0.QuadX1Y2 -pin QPLL0.QuadX1Y2 B -pin GT.X1Y9 TX
attribute {inst QPLL0.QuadX1Y2} -attr @fillcolor #cccc00
attribute {inst GT.X1Y9} -attr @fillcolor #cccc00
load net net.chan.QPLL0.QuadX1Y2 -pin QPLL0.QuadX1Y2 B -pin GT.X1Y8 TX
attribute {inst QPLL0.QuadX1Y2} -attr @fillcolor #cccc00
attribute {inst GT.X1Y8} -attr @fillcolor #cccc00
load net net.chan.QPLL0.QuadX1Y2 -pin QPLL0.QuadX1Y2 B -pin GT.X1Y11 RX
attribute {inst QPLL0.QuadX1Y2} -attr @fillcolor #cccc00
attribute {inst GT.X1Y11} -attr @fillcolor #cccc00
load net net.chan.QPLL0.QuadX1Y2 -pin QPLL0.QuadX1Y2 B -pin GT.X1Y10 RX
attribute {inst QPLL0.QuadX1Y2} -attr @fillcolor #cccc00
attribute {inst GT.X1Y10} -attr @fillcolor #cccc00
load net net.chan.QPLL0.QuadX1Y2 -pin QPLL0.QuadX1Y2 B -pin GT.X1Y9 RX
attribute {inst QPLL0.QuadX1Y2} -attr @fillcolor #cccc00
attribute {inst GT.X1Y9} -attr @fillcolor #cccc00
load net net.chan.QPLL0.QuadX1Y2 -pin QPLL0.QuadX1Y2 B -pin GT.X1Y8 RX
attribute {inst QPLL0.QuadX1Y2} -attr @fillcolor #cccc00
attribute {inst GT.X1Y8} -attr @fillcolor #cccc00
show
# Starting Split Pages                                                  489.45
# Split Pages 91 Comps, 3 Nets 0 NetBundles 0 CGraphics                 489.46
# KwayPart started for 91 comps, 3 nets                                 489.46
# Init done: 1 nodes (1 locked nodes), 0 edges                          489.46
# Startpart done: 1 parts                                               489.46
# KwayPart done                                                         489.46
# End of Split Pages: 1 pages                                           489.46
# End of Split Pages                                                    489.46
# Generating Regions for Page 1:   91 Comps,    3 Nets                  489.46
# Analyze                                                               489.46
# Levelize                                                              489.46
# End of LevelAssign mode=I, 3 Levels, 10 Comps, limit=30000            489.46
# Nets                                                                  489.46
# Place                                                                 489.46
# PlaceNets                                                             489.46
# SpaceY                                                                489.46
# Track                                                                 489.46
# SpaceX                                                                489.46
# Wire                                                                  489.46
# End of Wire: 0 nets, 0 ch, wire: 0-->0 (0 with wbits)                 489.46
# End of doGenerate                                                     489.46
# Analyze                                                               489.46
# Levelize                                                              489.46
# End of LevelAssign mode=I, 3 Levels, 10 Comps, limit=30000            489.46
# Nets                                                                  489.46
# Place                                                                 489.46
# PlaceNets                                                             489.46
# SpaceY                                                                489.46
# Track                                                                 489.46
# SpaceX                                                                489.46
# Wire                                                                  489.46
# End of Wire: 0 nets, 0 ch, wire: 0-->0 (0 with wbits)                 489.46
# End of doGenerate                                                     489.46
# Analyze                                                               489.46
# Levelize                                                              489.46
# End of LevelAssign mode=I, 3 Levels, 11 Comps, limit=30000            489.46
# Nets                                                                  489.46
# Place                                                                 489.46
# PlaceNets                                                             489.46
# SpaceY                                                                489.46
# Track                                                                 489.46
# SpaceX                                                                489.46
# Wire                                                                  489.46
# End of Wire: 2 nets, 2 ch, wire: 34-->34 (0 with wbits)               489.46
# End of doGenerate                                                     489.46
# Analyze                                                               489.46
# Levelize                                                              489.46
# End of LevelAssign mode=I, 3 Levels, 10 Comps, limit=30000            489.46
# Nets                                                                  489.46
# Place                                                                 489.46
# PlaceNets                                                             489.46
# SpaceY                                                                489.46
# Track                                                                 489.46
# SpaceX                                                                489.46
# Wire                                                                  489.46
# End of Wire: 0 nets, 0 ch, wire: 0-->0 (0 with wbits)                 489.46
# End of doGenerate                                                     489.46
# Analyze                                                               489.46
# Levelize                                                              489.46
# End of LevelAssign mode=I, 3 Levels, 10 Comps, limit=30000            489.46
# Nets                                                                  489.46
# Place                                                                 489.46
# PlaceNets                                                             489.46
# SpaceY                                                                489.46
# Track                                                                 489.46
# SpaceX                                                                489.46
# Wire                                                                  489.46
# End of Wire: 0 nets, 0 ch, wire: 0-->0 (0 with wbits)                 489.46
# End of doGenerate                                                     489.46
# Analyze                                                               489.46
# Levelize                                                              489.46
# End of LevelAssign mode=I, 3 Levels, 10 Comps, limit=30000            489.46
# Nets                                                                  489.46
# Place                                                                 489.46
# PlaceNets                                                             489.46
# SpaceY                                                                489.46
# Track                                                                 489.46
# SpaceX                                                                489.46
# Wire                                                                  489.46
# End of Wire: 0 nets, 0 ch, wire: 0-->0 (0 with wbits)                 489.46
# End of doGenerate                                                     489.46
# Analyze                                                               489.46
# Levelize                                                              489.46
# End of LevelAssign mode=I, 3 Levels, 10 Comps, limit=30000            489.46
# Nets                                                                  489.46
# Place                                                                 489.46
# PlaceNets                                                             489.46
# SpaceY                                                                489.46
# Track                                                                 489.46
# SpaceX                                                                489.46
# Wire                                                                  489.46
# End of Wire: 0 nets, 0 ch, wire: 0-->0 (0 with wbits)                 489.46
# End of doGenerate                                                     489.46
# Analyze                                                               489.46
# Levelize                                                              489.46
# End of LevelAssign mode=I, 3 Levels, 21 Comps, limit=30000            489.46
# Nets                                                                  489.46
# Place                                                                 489.46
# PlaceNets                                                             489.46
# SpaceY                                                                489.46
# Track                                                                 489.46
# SpaceX                                                                489.46
# Wire                                                                  489.46
# End of Wire: 1 nets, 1 ch, wire: 4-->4 (0 with wbits)                 489.46
# End of doGenerate                                                     489.46
# End of Generating Regions for Page 1                                  489.46
attribute {inst GT.X0Y19} -attr @fillcolor #7a7a7a
attribute {inst cpll.X0Y19} -attr @fillcolor #00868b
attribute {inst QPLL0.QuadX0Y4} -attr @fillcolor #00868b
attribute {inst QPLL1.QuadX0Y4} -attr @fillcolor #00868b
attribute {inst GT.X0Y18} -attr @fillcolor #7a7a7a
attribute {inst cpll.X0Y18} -attr @fillcolor #00868b
attribute {inst GT.X0Y17} -attr @fillcolor #7a7a7a
attribute {inst cpll.X0Y17} -attr @fillcolor #00868b
attribute {inst GT.X0Y16} -attr @fillcolor #7a7a7a
attribute {inst cpll.X0Y16} -attr @fillcolor #00868b
attribute {inst GT.X0Y15} -attr @fillcolor #7a7a7a
attribute {inst cpll.X0Y15} -attr @fillcolor #00868b
attribute {inst QPLL0.QuadX0Y3} -attr @fillcolor #00868b
attribute {inst QPLL1.QuadX0Y3} -attr @fillcolor #00868b
attribute {inst GT.X0Y14} -attr @fillcolor #7a7a7a
attribute {inst cpll.X0Y14} -attr @fillcolor #00868b
attribute {inst GT.X0Y13} -attr @fillcolor #7a7a7a
attribute {inst cpll.X0Y13} -attr @fillcolor #00868b
attribute {inst GT.X0Y12} -attr @fillcolor #7a7a7a
attribute {inst cpll.X0Y12} -attr @fillcolor #00868b
attribute {inst GT.X1Y19} -attr @fillcolor #7a7a7a
attribute {inst cpll.X1Y19} -attr @fillcolor #00868b
attribute {inst QPLL0.QuadX1Y4} -attr @fillcolor #00868b
attribute {inst QPLL1.QuadX1Y4} -attr @fillcolor #00868b
attribute {inst GT.X1Y18} -attr @fillcolor #7a7a7a
attribute {inst cpll.X1Y18} -attr @fillcolor #00868b
attribute {inst GT.X1Y17} -attr @fillcolor #7a7a7a
attribute {inst cpll.X1Y17} -attr @fillcolor #00868b
attribute {inst GT.X1Y16} -attr @fillcolor #7a7a7a
attribute {inst cpll.X1Y16} -attr @fillcolor #00868b
attribute {inst GT.X1Y15} -attr @fillcolor #7a7a7a
attribute {inst cpll.X1Y15} -attr @fillcolor #00868b
attribute {inst QPLL0.QuadX1Y3} -attr @fillcolor #00868b
attribute {inst QPLL1.QuadX1Y3} -attr @fillcolor #00868b
attribute {inst GT.X1Y14} -attr @fillcolor #7a7a7a
attribute {inst cpll.X1Y14} -attr @fillcolor #00868b
attribute {inst GT.X1Y13} -attr @fillcolor #7a7a7a
attribute {inst cpll.X1Y13} -attr @fillcolor #00868b
attribute {inst GT.X1Y12} -attr @fillcolor #7a7a7a
attribute {inst cpll.X1Y12} -attr @fillcolor #00868b
attribute {inst GT.X1Y11} -attr @fillcolor #7a7a7a
attribute {inst cpll.X1Y11} -attr @fillcolor #00868b
attribute {inst QPLL0.QuadX1Y2} -attr @fillcolor #00868b
attribute {inst QPLL1.QuadX1Y2} -attr @fillcolor #00868b
attribute {inst GT.X1Y10} -attr @fillcolor #7a7a7a
attribute {inst cpll.X1Y10} -attr @fillcolor #00868b
attribute {inst GT.X1Y9} -attr @fillcolor #7a7a7a
attribute {inst cpll.X1Y9} -attr @fillcolor #00868b
attribute {inst GT.X1Y8} -attr @fillcolor #7a7a7a
attribute {inst cpll.X1Y8} -attr @fillcolor #00868b
attribute {inst GT.X1Y7} -attr @fillcolor #7a7a7a
attribute {inst cpll.X1Y7} -attr @fillcolor #00868b
attribute {inst QPLL0.QuadX1Y1} -attr @fillcolor #00868b
attribute {inst QPLL1.QuadX1Y1} -attr @fillcolor #00868b
attribute {inst GT.X1Y6} -attr @fillcolor #7a7a7a
attribute {inst cpll.X1Y6} -attr @fillcolor #00868b
attribute {inst GT.X1Y5} -attr @fillcolor #7a7a7a
attribute {inst cpll.X1Y5} -attr @fillcolor #00868b
attribute {inst GT.X1Y4} -attr @fillcolor #7a7a7a
attribute {inst cpll.X1Y4} -attr @fillcolor #00868b
attribute {inst GT.X1Y3} -attr @fillcolor #7a7a7a
attribute {inst cpll.X1Y3} -attr @fillcolor #00868b
attribute {inst QPLL0.QuadX1Y0} -attr @fillcolor #00868b
attribute {inst QPLL1.QuadX1Y0} -attr @fillcolor #00868b
attribute {inst GT.X1Y2} -attr @fillcolor #7a7a7a
attribute {inst cpll.X1Y2} -attr @fillcolor #00868b
attribute {inst GT.X1Y1} -attr @fillcolor #7a7a7a
attribute {inst cpll.X1Y1} -attr @fillcolor #00868b
attribute {inst GT.X1Y0} -attr @fillcolor #7a7a7a
attribute {inst cpll.X1Y0} -attr @fillcolor #00868b
increment -const
unload net net.quad.QPLL0.QuadX1Y2
unload net net.clk.QuadX1Y2_clk0
unload net net.chan.QPLL0.QuadX1Y2
load net net.clk.QuadX1Y2_clk0 -port QuadX1Y2_clk0 -pin QuadX1Y2 QPLL0
load net net.quad.QPLL0.QuadX1Y2 -hierPin QuadX1Y2 QPLL0 -pin QPLL0.QuadX1Y2 A
load net net.chan.QPLL0.QuadX1Y2 -pin QPLL0.QuadX1Y2 B -pin GT.X1Y11 TX
attribute {inst QPLL0.QuadX1Y2} -attr @fillcolor #cccc00
attribute {inst GT.X1Y11} -attr @fillcolor #cccc00
load net net.chan.QPLL0.QuadX1Y2 -pin QPLL0.QuadX1Y2 B -pin GT.X1Y10 TX
attribute {inst QPLL0.QuadX1Y2} -attr @fillcolor #cccc00
attribute {inst GT.X1Y10} -attr @fillcolor #cccc00
load net net.chan.QPLL0.QuadX1Y2 -pin QPLL0.QuadX1Y2 B -pin GT.X1Y9 TX
attribute {inst QPLL0.QuadX1Y2} -attr @fillcolor #cccc00
attribute {inst GT.X1Y9} -attr @fillcolor #cccc00
load net net.chan.QPLL0.QuadX1Y2 -pin QPLL0.QuadX1Y2 B -pin GT.X1Y8 TX
attribute {inst QPLL0.QuadX1Y2} -attr @fillcolor #cccc00
attribute {inst GT.X1Y8} -attr @fillcolor #cccc00
load net net.chan.QPLL0.QuadX1Y2 -pin QPLL0.QuadX1Y2 B -pin GT.X1Y11 RX
attribute {inst QPLL0.QuadX1Y2} -attr @fillcolor #cccc00
attribute {inst GT.X1Y11} -attr @fillcolor #cccc00
load net net.chan.QPLL0.QuadX1Y2 -pin QPLL0.QuadX1Y2 B -pin GT.X1Y10 RX
attribute {inst QPLL0.QuadX1Y2} -attr @fillcolor #cccc00
attribute {inst GT.X1Y10} -attr @fillcolor #cccc00
load net net.chan.QPLL0.QuadX1Y2 -pin QPLL0.QuadX1Y2 B -pin GT.X1Y9 RX
attribute {inst QPLL0.QuadX1Y2} -attr @fillcolor #cccc00
attribute {inst GT.X1Y9} -attr @fillcolor #cccc00
load net net.chan.QPLL0.QuadX1Y2 -pin QPLL0.QuadX1Y2 B -pin GT.X1Y8 RX
attribute {inst QPLL0.QuadX1Y2} -attr @fillcolor #cccc00
attribute {inst GT.X1Y8} -attr @fillcolor #cccc00
show
# Starting Split Pages                                                  491.34
# Split Pages 91 Comps, 3 Nets 0 NetBundles 0 CGraphics                 491.34
# KwayPart started for 91 comps, 3 nets                                 491.34
# Init done: 1 nodes (1 locked nodes), 0 edges                          491.34
# Startpart done: 1 parts                                               491.34
# KwayPart done                                                         491.34
# End of Split Pages: 1 pages                                           491.34
# End of Split Pages                                                    491.34
# Generating Regions for Page 1:   91 Comps,    3 Nets                  491.34
# Analyze                                                               491.34
# Levelize                                                              491.34
# End of LevelAssign mode=I, 3 Levels, 10 Comps, limit=30000            491.34
# Nets                                                                  491.34
# Place                                                                 491.34
# PlaceNets                                                             491.34
# SpaceY                                                                491.34
# Track                                                                 491.34
# SpaceX                                                                491.34
# Wire                                                                  491.34
# End of Wire: 0 nets, 0 ch, wire: 0-->0 (0 with wbits)                 491.34
# End of doGenerate                                                     491.34
# Analyze                                                               491.34
# Levelize                                                              491.34
# End of LevelAssign mode=I, 3 Levels, 10 Comps, limit=30000            491.34
# Nets                                                                  491.34
# Place                                                                 491.34
# PlaceNets                                                             491.34
# SpaceY                                                                491.34
# Track                                                                 491.34
# SpaceX                                                                491.34
# Wire                                                                  491.34
# End of Wire: 0 nets, 0 ch, wire: 0-->0 (0 with wbits)                 491.34
# End of doGenerate                                                     491.34
# Analyze                                                               491.34
# Levelize                                                              491.34
# End of LevelAssign mode=I, 3 Levels, 11 Comps, limit=30000            491.34
# Nets                                                                  491.34
# Place                                                                 491.34
# PlaceNets                                                             491.34
# SpaceY                                                                491.34
# Track                                                                 491.34
# SpaceX                                                                491.34
# Wire                                                                  491.34
# End of Wire: 2 nets, 2 ch, wire: 34-->34 (0 with wbits)               491.34
# End of doGenerate                                                     491.34
# Analyze                                                               491.34
# Levelize                                                              491.34
# End of LevelAssign mode=I, 3 Levels, 10 Comps, limit=30000            491.34
# Nets                                                                  491.34
# Place                                                                 491.34
# PlaceNets                                                             491.34
# SpaceY                                                                491.34
# Track                                                                 491.34
# SpaceX                                                                491.34
# Wire                                                                  491.34
# End of Wire: 0 nets, 0 ch, wire: 0-->0 (0 with wbits)                 491.34
# End of doGenerate                                                     491.34
# Analyze                                                               491.34
# Levelize                                                              491.34
# End of LevelAssign mode=I, 3 Levels, 10 Comps, limit=30000            491.34
# Nets                                                                  491.34
# Place                                                                 491.34
# PlaceNets                                                             491.34
# SpaceY                                                                491.34
# Track                                                                 491.34
# SpaceX                                                                491.34
# Wire                                                                  491.34
# End of Wire: 0 nets, 0 ch, wire: 0-->0 (0 with wbits)                 491.34
# End of doGenerate                                                     491.34
# Analyze                                                               491.34
# Levelize                                                              491.34
# End of LevelAssign mode=I, 3 Levels, 10 Comps, limit=30000            491.34
# Nets                                                                  491.34
# Place                                                                 491.34
# PlaceNets                                                             491.34
# SpaceY                                                                491.34
# Track                                                                 491.34
# SpaceX                                                                491.34
# Wire                                                                  491.34
# End of Wire: 0 nets, 0 ch, wire: 0-->0 (0 with wbits)                 491.34
# End of doGenerate                                                     491.34
# Analyze                                                               491.34
# Levelize                                                              491.34
# End of LevelAssign mode=I, 3 Levels, 10 Comps, limit=30000            491.34
# Nets                                                                  491.34
# Place                                                                 491.34
# PlaceNets                                                             491.34
# SpaceY                                                                491.34
# Track                                                                 491.34
# SpaceX                                                                491.34
# Wire                                                                  491.34
# End of Wire: 0 nets, 0 ch, wire: 0-->0 (0 with wbits)                 491.34
# End of doGenerate                                                     491.34
# Analyze                                                               491.34
# Levelize                                                              491.34
# End of LevelAssign mode=I, 3 Levels, 21 Comps, limit=30000            491.34
# Nets                                                                  491.34
# Place                                                                 491.34
# PlaceNets                                                             491.34
# SpaceY                                                                491.34
# Track                                                                 491.34
# SpaceX                                                                491.34
# Wire                                                                  491.34
# End of Wire: 1 nets, 1 ch, wire: 4-->4 (0 with wbits)                 491.34
# End of doGenerate                                                     491.34
# End of Generating Regions for Page 1                                  491.34
module new gtmodule
#  * Current module is gtmodule 
load symbol QUAD_X0 v HIERBOX port a0 in port a1 in port a2 in port a3 in port QPLL0 in port QPLL1 in port RECCLK_clk0 out port RECCLK_clk1 out
load symbol QUAD_X1 v HIERBOX port a0 out port a1 out port a2 out port a3 out port QPLL0 out port QPLL1 out port RECCLK_clk0 in port RECCLK_clk1 in
load symbol CPLL_X0 syn BOX port A in port B out text CPLL -cc 25 0 12
load symbol CPLL_X1 syn BOX port A out port B in text CPLL -cc 25 0 12
load symbol QPLL0_X0 syn BOX port A in port B out text QPLL0 -cc 25 0 12
load symbol QPLL0_X1 syn BOX port A out port B in text QPLL0 -cc 25 0 12
load symbol QPLL1_X0 syn BOX port A in port B out text QPLL1 -cc 25 0 12
load symbol QPLL1_X1 syn BOX port A out port B in text QPLL1 -cc 25 0 12
load inst QuadX0Y4 QUAD_X0 v -pg 1 -y 1 -x 2000 -autohide -attr @cell QuadX0Y4 -attr @name {} -attr @fillcolor #d9d9d9
attribute {pin QuadX0Y4 QPLL0 } -attr @name {}
attribute {hierPin QuadX0Y4 QPLL0 } -attr @name {}
attribute {pin QuadX0Y4 QPLL1 } -attr @name {}
attribute {hierPin QuadX0Y4 QPLL1 } -attr @name {}
attribute {pin QuadX0Y4 a0 } -attr @name {}
attribute {hierPin QuadX0Y4 a0 } -attr @name {}
attribute {pin QuadX0Y4 a1 } -attr @name {}
attribute {hierPin QuadX0Y4 a1 } -attr @name {}
attribute {pin QuadX0Y4 a2 } -attr @name {}
attribute {hierPin QuadX0Y4 a2 } -attr @name {}
attribute {pin QuadX0Y4 a3 } -attr @name {}
attribute {hierPin QuadX0Y4 a3 } -attr @name {}
attribute {pin QuadX0Y4 RECCLK_clk0 } -attr @name {}
attribute {hierPin QuadX0Y4 RECCLK_clk0 } -attr @name {}
attribute {pin QuadX0Y4 RECCLK_clk1 } -attr @name {}
attribute {hierPin QuadX0Y4 RECCLK_clk1 } -attr @name {}
load inst cpll.X0Y19 CPLL_X0 syn -hier QuadX0Y4 -pg 1 -y 2 -x 1 -autohide -attr @name {} -attr @cell {}
attribute {pin cpll.X0Y19 A} -attr @name {}
attribute {pin cpll.X0Y19 B} -attr @name {}
attribute {inst cpll.X0Y19} -attr @fillcolor #00868b
load symbol X0Y19 syn HIERGEN port TX in port RX in port RXRECCLK out
load inst GT.X0Y19 X0Y19 syn -hier QuadX0Y4 -pg 1 -y 2 -x 2000 -autohide -attr @name {}
attribute {inst GT.X0Y19} -attr @fillcolor #7a7a7a
load inst cpll.X0Y18 CPLL_X0 syn -hier QuadX0Y4 -pg 1 -y 87 -x 1 -autohide -attr @name {} -attr @cell {}
attribute {pin cpll.X0Y18 A} -attr @name {}
attribute {pin cpll.X0Y18 B} -attr @name {}
attribute {inst cpll.X0Y18} -attr @fillcolor #00868b
load symbol X0Y18 syn HIERGEN port TX in port RX in port RXRECCLK out
load inst GT.X0Y18 X0Y18 syn -hier QuadX0Y4 -pg 1 -y 87 -x 2000 -autohide -attr @name {}
attribute {inst GT.X0Y18} -attr @fillcolor #7a7a7a
load inst QPLL0.QuadX0Y4 QPLL0_X0 syn -hier QuadX0Y4 -pg 1 -y 172 -x 1 -autohide -attr @name {} -attr @cell {}
attribute {pin QPLL0.QuadX0Y4 A} -attr @name {}
attribute {pin QPLL0.QuadX0Y4 B} -attr @name {}
attribute {inst QPLL0.QuadX0Y4} -attr @fillcolor #00868b
load inst QPLL1.QuadX0Y4 QPLL1_X0 syn -hier QuadX0Y4 -pg 1 -y 257 -x 1 -autohide -attr @name {} -attr @cell {}
attribute {pin QPLL1.QuadX0Y4 A} -attr @name {}
attribute {pin QPLL1.QuadX0Y4 B} -attr @name {}
attribute {inst QPLL1.QuadX0Y4} -attr @fillcolor #00868b
load inst cpll.X0Y17 CPLL_X0 syn -hier QuadX0Y4 -pg 1 -y 342 -x 1 -autohide -attr @name {} -attr @cell {}
attribute {pin cpll.X0Y17 A} -attr @name {}
attribute {pin cpll.X0Y17 B} -attr @name {}
attribute {inst cpll.X0Y17} -attr @fillcolor #00868b
load symbol X0Y17 syn HIERGEN port TX in port RX in port RXRECCLK out
load inst GT.X0Y17 X0Y17 syn -hier QuadX0Y4 -pg 1 -y 342 -x 2000 -autohide -attr @name {}
attribute {inst GT.X0Y17} -attr @fillcolor #7a7a7a
load inst cpll.X0Y16 CPLL_X0 syn -hier QuadX0Y4 -pg 1 -y 427 -x 1 -autohide -attr @name {} -attr @cell {}
attribute {pin cpll.X0Y16 A} -attr @name {}
attribute {pin cpll.X0Y16 B} -attr @name {}
attribute {inst cpll.X0Y16} -attr @fillcolor #00868b
load symbol X0Y16 syn HIERGEN port TX in port RX in port RXRECCLK out
load inst GT.X0Y16 X0Y16 syn -hier QuadX0Y4 -pg 1 -y 427 -x 2000 -autohide -attr @name {}
attribute {inst GT.X0Y16} -attr @fillcolor #7a7a7a
load port QuadX0Y4_clk0 in -pg 1 -y 141 -x 1 -attr @fillcolor #3a5fcd
load port QuadX0Y4_clk1 in -pg 1 -y 311 -x 1 -attr @fillcolor #3a5fcd
load inst QuadX0Y3 QUAD_X0 v -pg 1 -y 563 -x 2000 -autohide -attr @cell QuadX0Y3 -attr @name {} -attr @fillcolor #d9d9d9
attribute {pin QuadX0Y3 QPLL0 } -attr @name {}
attribute {hierPin QuadX0Y3 QPLL0 } -attr @name {}
attribute {pin QuadX0Y3 QPLL1 } -attr @name {}
attribute {hierPin QuadX0Y3 QPLL1 } -attr @name {}
attribute {pin QuadX0Y3 a0 } -attr @name {}
attribute {hierPin QuadX0Y3 a0 } -attr @name {}
attribute {pin QuadX0Y3 a1 } -attr @name {}
attribute {hierPin QuadX0Y3 a1 } -attr @name {}
attribute {pin QuadX0Y3 a2 } -attr @name {}
attribute {hierPin QuadX0Y3 a2 } -attr @name {}
attribute {pin QuadX0Y3 a3 } -attr @name {}
attribute {hierPin QuadX0Y3 a3 } -attr @name {}
attribute {pin QuadX0Y3 RECCLK_clk0 } -attr @name {}
attribute {hierPin QuadX0Y3 RECCLK_clk0 } -attr @name {}
attribute {pin QuadX0Y3 RECCLK_clk1 } -attr @name {}
attribute {hierPin QuadX0Y3 RECCLK_clk1 } -attr @name {}
load inst cpll.X0Y15 CPLL_X0 syn -hier QuadX0Y3 -pg 1 -y 564 -x 1 -autohide -attr @name {} -attr @cell {}
attribute {pin cpll.X0Y15 A} -attr @name {}
attribute {pin cpll.X0Y15 B} -attr @name {}
attribute {inst cpll.X0Y15} -attr @fillcolor #00868b
load symbol X0Y15 syn HIERGEN port TX in port RX in port RXRECCLK out
load inst GT.X0Y15 X0Y15 syn -hier QuadX0Y3 -pg 1 -y 564 -x 2000 -autohide -attr @name {}
attribute {inst GT.X0Y15} -attr @fillcolor #7a7a7a
load inst cpll.X0Y14 CPLL_X0 syn -hier QuadX0Y3 -pg 1 -y 649 -x 1 -autohide -attr @name {} -attr @cell {}
attribute {pin cpll.X0Y14 A} -attr @name {}
attribute {pin cpll.X0Y14 B} -attr @name {}
attribute {inst cpll.X0Y14} -attr @fillcolor #00868b
load symbol X0Y14 syn HIERGEN port TX in port RX in port RXRECCLK out
load inst GT.X0Y14 X0Y14 syn -hier QuadX0Y3 -pg 1 -y 649 -x 2000 -autohide -attr @name {}
attribute {inst GT.X0Y14} -attr @fillcolor #7a7a7a
load inst QPLL0.QuadX0Y3 QPLL0_X0 syn -hier QuadX0Y3 -pg 1 -y 734 -x 1 -autohide -attr @name {} -attr @cell {}
attribute {pin QPLL0.QuadX0Y3 A} -attr @name {}
attribute {pin QPLL0.QuadX0Y3 B} -attr @name {}
attribute {inst QPLL0.QuadX0Y3} -attr @fillcolor #00868b
load inst QPLL1.QuadX0Y3 QPLL1_X0 syn -hier QuadX0Y3 -pg 1 -y 819 -x 1 -autohide -attr @name {} -attr @cell {}
attribute {pin QPLL1.QuadX0Y3 A} -attr @name {}
attribute {pin QPLL1.QuadX0Y3 B} -attr @name {}
attribute {inst QPLL1.QuadX0Y3} -attr @fillcolor #00868b
load inst cpll.X0Y13 CPLL_X0 syn -hier QuadX0Y3 -pg 1 -y 904 -x 1 -autohide -attr @name {} -attr @cell {}
attribute {pin cpll.X0Y13 A} -attr @name {}
attribute {pin cpll.X0Y13 B} -attr @name {}
attribute {inst cpll.X0Y13} -attr @fillcolor #00868b
load symbol X0Y13 syn HIERGEN port TX in port RX in port RXRECCLK out
load inst GT.X0Y13 X0Y13 syn -hier QuadX0Y3 -pg 1 -y 904 -x 2000 -autohide -attr @name {}
attribute {inst GT.X0Y13} -attr @fillcolor #7a7a7a
load inst cpll.X0Y12 CPLL_X0 syn -hier QuadX0Y3 -pg 1 -y 989 -x 1 -autohide -attr @name {} -attr @cell {}
attribute {pin cpll.X0Y12 A} -attr @name {}
attribute {pin cpll.X0Y12 B} -attr @name {}
attribute {inst cpll.X0Y12} -attr @fillcolor #00868b
load symbol X0Y12 syn HIERGEN port TX in port RX in port RXRECCLK out
load inst GT.X0Y12 X0Y12 syn -hier QuadX0Y3 -pg 1 -y 989 -x 2000 -autohide -attr @name {}
attribute {inst GT.X0Y12} -attr @fillcolor #7a7a7a
load port QuadX0Y3_clk0 in -pg 1 -y 703 -x 1 -attr @fillcolor #3a5fcd
load port QuadX0Y3_clk1 in -pg 1 -y 873 -x 1 -attr @fillcolor #3a5fcd
load inst QuadX1Y4 QUAD_X1 v -pg 1 -y 1 -x 12000 -autohide -attr @cell QuadX1Y4 -attr @name {} -attr @fillcolor #d9d9d9
attribute {pin QuadX1Y4 QPLL0 } -attr @name {}
attribute {hierPin QuadX1Y4 QPLL0 } -attr @name {}
attribute {pin QuadX1Y4 QPLL1 } -attr @name {}
attribute {hierPin QuadX1Y4 QPLL1 } -attr @name {}
attribute {pin QuadX1Y4 a0 } -attr @name {}
attribute {hierPin QuadX1Y4 a0 } -attr @name {}
attribute {pin QuadX1Y4 a1 } -attr @name {}
attribute {hierPin QuadX1Y4 a1 } -attr @name {}
attribute {pin QuadX1Y4 a2 } -attr @name {}
attribute {hierPin QuadX1Y4 a2 } -attr @name {}
attribute {pin QuadX1Y4 a3 } -attr @name {}
attribute {hierPin QuadX1Y4 a3 } -attr @name {}
attribute {pin QuadX1Y4 RECCLK_clk0 } -attr @name {}
attribute {hierPin QuadX1Y4 RECCLK_clk0 } -attr @name {}
attribute {pin QuadX1Y4 RECCLK_clk1 } -attr @name {}
attribute {hierPin QuadX1Y4 RECCLK_clk1 } -attr @name {}
load inst cpll.X1Y19 CPLL_X1 syn -hier QuadX1Y4 -pg 1 -y 2 -x 12001 -autohide -attr @name {} -attr @cell {}
attribute {pin cpll.X1Y19 A} -attr @name {}
attribute {pin cpll.X1Y19 B} -attr @name {}
attribute {inst cpll.X1Y19} -attr @fillcolor #00868b
load symbol X1Y19 syn HIERGEN port TX out port RX out port RXRECCLK in
load inst GT.X1Y19 X1Y19 syn -hier QuadX1Y4 -pg 1 -y 2 -x 12000 -autohide -attr @name {}
attribute {inst GT.X1Y19} -attr @fillcolor #7a7a7a
load inst cpll.X1Y18 CPLL_X1 syn -hier QuadX1Y4 -pg 1 -y 87 -x 12001 -autohide -attr @name {} -attr @cell {}
attribute {pin cpll.X1Y18 A} -attr @name {}
attribute {pin cpll.X1Y18 B} -attr @name {}
attribute {inst cpll.X1Y18} -attr @fillcolor #00868b
load symbol X1Y18 syn HIERGEN port TX out port RX out port RXRECCLK in
load inst GT.X1Y18 X1Y18 syn -hier QuadX1Y4 -pg 1 -y 87 -x 12000 -autohide -attr @name {}
attribute {inst GT.X1Y18} -attr @fillcolor #7a7a7a
load inst QPLL0.QuadX1Y4 QPLL0_X1 syn -hier QuadX1Y4 -pg 1 -y 172 -x 12001 -autohide -attr @name {} -attr @cell {}
attribute {pin QPLL0.QuadX1Y4 A} -attr @name {}
attribute {pin QPLL0.QuadX1Y4 B} -attr @name {}
attribute {inst QPLL0.QuadX1Y4} -attr @fillcolor #00868b
load inst QPLL1.QuadX1Y4 QPLL1_X1 syn -hier QuadX1Y4 -pg 1 -y 257 -x 12001 -autohide -attr @name {} -attr @cell {}
attribute {pin QPLL1.QuadX1Y4 A} -attr @name {}
attribute {pin QPLL1.QuadX1Y4 B} -attr @name {}
attribute {inst QPLL1.QuadX1Y4} -attr @fillcolor #00868b
load inst cpll.X1Y17 CPLL_X1 syn -hier QuadX1Y4 -pg 1 -y 342 -x 12001 -autohide -attr @name {} -attr @cell {}
attribute {pin cpll.X1Y17 A} -attr @name {}
attribute {pin cpll.X1Y17 B} -attr @name {}
attribute {inst cpll.X1Y17} -attr @fillcolor #00868b
load symbol X1Y17 syn HIERGEN port TX out port RX out port RXRECCLK in
load inst GT.X1Y17 X1Y17 syn -hier QuadX1Y4 -pg 1 -y 342 -x 12000 -autohide -attr @name {}
attribute {inst GT.X1Y17} -attr @fillcolor #7a7a7a
load inst cpll.X1Y16 CPLL_X1 syn -hier QuadX1Y4 -pg 1 -y 427 -x 12001 -autohide -attr @name {} -attr @cell {}
attribute {pin cpll.X1Y16 A} -attr @name {}
attribute {pin cpll.X1Y16 B} -attr @name {}
attribute {inst cpll.X1Y16} -attr @fillcolor #00868b
load symbol X1Y16 syn HIERGEN port TX out port RX out port RXRECCLK in
load inst GT.X1Y16 X1Y16 syn -hier QuadX1Y4 -pg 1 -y 427 -x 12000 -autohide -attr @name {}
attribute {inst GT.X1Y16} -attr @fillcolor #7a7a7a
load port QuadX1Y4_clk0 out -pg 1 -y 141 -x 12001 -attr @fillcolor #3a5fcd
load port QuadX1Y4_clk1 out -pg 1 -y 311 -x 12001 -attr @fillcolor #3a5fcd
load inst QuadX1Y3 QUAD_X1 v -pg 1 -y 563 -x 12000 -autohide -attr @cell QuadX1Y3 -attr @name {} -attr @fillcolor #d9d9d9
attribute {pin QuadX1Y3 QPLL0 } -attr @name {}
attribute {hierPin QuadX1Y3 QPLL0 } -attr @name {}
attribute {pin QuadX1Y3 QPLL1 } -attr @name {}
attribute {hierPin QuadX1Y3 QPLL1 } -attr @name {}
attribute {pin QuadX1Y3 a0 } -attr @name {}
attribute {hierPin QuadX1Y3 a0 } -attr @name {}
attribute {pin QuadX1Y3 a1 } -attr @name {}
attribute {hierPin QuadX1Y3 a1 } -attr @name {}
attribute {pin QuadX1Y3 a2 } -attr @name {}
attribute {hierPin QuadX1Y3 a2 } -attr @name {}
attribute {pin QuadX1Y3 a3 } -attr @name {}
attribute {hierPin QuadX1Y3 a3 } -attr @name {}
attribute {pin QuadX1Y3 RECCLK_clk0 } -attr @name {}
attribute {hierPin QuadX1Y3 RECCLK_clk0 } -attr @name {}
attribute {pin QuadX1Y3 RECCLK_clk1 } -attr @name {}
attribute {hierPin QuadX1Y3 RECCLK_clk1 } -attr @name {}
load inst cpll.X1Y15 CPLL_X1 syn -hier QuadX1Y3 -pg 1 -y 564 -x 12001 -autohide -attr @name {} -attr @cell {}
attribute {pin cpll.X1Y15 A} -attr @name {}
attribute {pin cpll.X1Y15 B} -attr @name {}
attribute {inst cpll.X1Y15} -attr @fillcolor #00868b
load symbol X1Y15 syn HIERGEN port TX out port RX out port RXRECCLK in
load inst GT.X1Y15 X1Y15 syn -hier QuadX1Y3 -pg 1 -y 564 -x 12000 -autohide -attr @name {}
attribute {inst GT.X1Y15} -attr @fillcolor #7a7a7a
load inst cpll.X1Y14 CPLL_X1 syn -hier QuadX1Y3 -pg 1 -y 649 -x 12001 -autohide -attr @name {} -attr @cell {}
attribute {pin cpll.X1Y14 A} -attr @name {}
attribute {pin cpll.X1Y14 B} -attr @name {}
attribute {inst cpll.X1Y14} -attr @fillcolor #00868b
load symbol X1Y14 syn HIERGEN port TX out port RX out port RXRECCLK in
load inst GT.X1Y14 X1Y14 syn -hier QuadX1Y3 -pg 1 -y 649 -x 12000 -autohide -attr @name {}
attribute {inst GT.X1Y14} -attr @fillcolor #7a7a7a
load inst QPLL0.QuadX1Y3 QPLL0_X1 syn -hier QuadX1Y3 -pg 1 -y 734 -x 12001 -autohide -attr @name {} -attr @cell {}
attribute {pin QPLL0.QuadX1Y3 A} -attr @name {}
attribute {pin QPLL0.QuadX1Y3 B} -attr @name {}
attribute {inst QPLL0.QuadX1Y3} -attr @fillcolor #00868b
load inst QPLL1.QuadX1Y3 QPLL1_X1 syn -hier QuadX1Y3 -pg 1 -y 819 -x 12001 -autohide -attr @name {} -attr @cell {}
attribute {pin QPLL1.QuadX1Y3 A} -attr @name {}
attribute {pin QPLL1.QuadX1Y3 B} -attr @name {}
attribute {inst QPLL1.QuadX1Y3} -attr @fillcolor #00868b
load inst cpll.X1Y13 CPLL_X1 syn -hier QuadX1Y3 -pg 1 -y 904 -x 12001 -autohide -attr @name {} -attr @cell {}
attribute {pin cpll.X1Y13 A} -attr @name {}
attribute {pin cpll.X1Y13 B} -attr @name {}
attribute {inst cpll.X1Y13} -attr @fillcolor #00868b
load symbol X1Y13 syn HIERGEN port TX out port RX out port RXRECCLK in
load inst GT.X1Y13 X1Y13 syn -hier QuadX1Y3 -pg 1 -y 904 -x 12000 -autohide -attr @name {}
attribute {inst GT.X1Y13} -attr @fillcolor #7a7a7a
load inst cpll.X1Y12 CPLL_X1 syn -hier QuadX1Y3 -pg 1 -y 989 -x 12001 -autohide -attr @name {} -attr @cell {}
attribute {pin cpll.X1Y12 A} -attr @name {}
attribute {pin cpll.X1Y12 B} -attr @name {}
attribute {inst cpll.X1Y12} -attr @fillcolor #00868b
load symbol X1Y12 syn HIERGEN port TX out port RX out port RXRECCLK in
load inst GT.X1Y12 X1Y12 syn -hier QuadX1Y3 -pg 1 -y 989 -x 12000 -autohide -attr @name {}
attribute {inst GT.X1Y12} -attr @fillcolor #7a7a7a
load port QuadX1Y3_clk0 out -pg 1 -y 703 -x 12001 -attr @fillcolor #3a5fcd
load port QuadX1Y3_clk1 out -pg 1 -y 873 -x 12001 -attr @fillcolor #3a5fcd
load inst QuadX1Y2 QUAD_X1 v -pg 1 -y 1125 -x 12000 -autohide -attr @cell QuadX1Y2 -attr @name {} -attr @fillcolor #d9d9d9
attribute {pin QuadX1Y2 QPLL0 } -attr @name {}
attribute {hierPin QuadX1Y2 QPLL0 } -attr @name {}
attribute {pin QuadX1Y2 QPLL1 } -attr @name {}
attribute {hierPin QuadX1Y2 QPLL1 } -attr @name {}
attribute {pin QuadX1Y2 a0 } -attr @name {}
attribute {hierPin QuadX1Y2 a0 } -attr @name {}
attribute {pin QuadX1Y2 a1 } -attr @name {}
attribute {hierPin QuadX1Y2 a1 } -attr @name {}
attribute {pin QuadX1Y2 a2 } -attr @name {}
attribute {hierPin QuadX1Y2 a2 } -attr @name {}
attribute {pin QuadX1Y2 a3 } -attr @name {}
attribute {hierPin QuadX1Y2 a3 } -attr @name {}
attribute {pin QuadX1Y2 RECCLK_clk0 } -attr @name {}
attribute {hierPin QuadX1Y2 RECCLK_clk0 } -attr @name {}
attribute {pin QuadX1Y2 RECCLK_clk1 } -attr @name {}
attribute {hierPin QuadX1Y2 RECCLK_clk1 } -attr @name {}
load inst cpll.X1Y11 CPLL_X1 syn -hier QuadX1Y2 -pg 1 -y 1126 -x 12001 -autohide -attr @name {} -attr @cell {}
attribute {pin cpll.X1Y11 A} -attr @name {}
attribute {pin cpll.X1Y11 B} -attr @name {}
attribute {inst cpll.X1Y11} -attr @fillcolor #00868b
load symbol X1Y11 syn HIERGEN port TX out port RX out port RXRECCLK in
load inst GT.X1Y11 X1Y11 syn -hier QuadX1Y2 -pg 1 -y 1126 -x 12000 -autohide -attr @name {}
attribute {inst GT.X1Y11} -attr @fillcolor #7a7a7a
load inst cpll.X1Y10 CPLL_X1 syn -hier QuadX1Y2 -pg 1 -y 1211 -x 12001 -autohide -attr @name {} -attr @cell {}
attribute {pin cpll.X1Y10 A} -attr @name {}
attribute {pin cpll.X1Y10 B} -attr @name {}
attribute {inst cpll.X1Y10} -attr @fillcolor #00868b
load symbol X1Y10 syn HIERGEN port TX out port RX out port RXRECCLK in
load inst GT.X1Y10 X1Y10 syn -hier QuadX1Y2 -pg 1 -y 1211 -x 12000 -autohide -attr @name {}
attribute {inst GT.X1Y10} -attr @fillcolor #7a7a7a
load inst QPLL0.QuadX1Y2 QPLL0_X1 syn -hier QuadX1Y2 -pg 1 -y 1296 -x 12001 -autohide -attr @name {} -attr @cell {}
attribute {pin QPLL0.QuadX1Y2 A} -attr @name {}
attribute {pin QPLL0.QuadX1Y2 B} -attr @name {}
attribute {inst QPLL0.QuadX1Y2} -attr @fillcolor #00868b
load inst QPLL1.QuadX1Y2 QPLL1_X1 syn -hier QuadX1Y2 -pg 1 -y 1381 -x 12001 -autohide -attr @name {} -attr @cell {}
attribute {pin QPLL1.QuadX1Y2 A} -attr @name {}
attribute {pin QPLL1.QuadX1Y2 B} -attr @name {}
attribute {inst QPLL1.QuadX1Y2} -attr @fillcolor #00868b
load inst cpll.X1Y9 CPLL_X1 syn -hier QuadX1Y2 -pg 1 -y 1466 -x 12001 -autohide -attr @name {} -attr @cell {}
attribute {pin cpll.X1Y9 A} -attr @name {}
attribute {pin cpll.X1Y9 B} -attr @name {}
attribute {inst cpll.X1Y9} -attr @fillcolor #00868b
load symbol X1Y9 syn HIERGEN port TX out port RX out port RXRECCLK in
load inst GT.X1Y9 X1Y9 syn -hier QuadX1Y2 -pg 1 -y 1466 -x 12000 -autohide -attr @name {}
attribute {inst GT.X1Y9} -attr @fillcolor #7a7a7a
load inst cpll.X1Y8 CPLL_X1 syn -hier QuadX1Y2 -pg 1 -y 1551 -x 12001 -autohide -attr @name {} -attr @cell {}
attribute {pin cpll.X1Y8 A} -attr @name {}
attribute {pin cpll.X1Y8 B} -attr @name {}
attribute {inst cpll.X1Y8} -attr @fillcolor #00868b
load symbol X1Y8 syn HIERGEN port TX out port RX out port RXRECCLK in
load inst GT.X1Y8 X1Y8 syn -hier QuadX1Y2 -pg 1 -y 1551 -x 12000 -autohide -attr @name {}
attribute {inst GT.X1Y8} -attr @fillcolor #7a7a7a
load port QuadX1Y2_clk0 out -pg 1 -y 1265 -x 12001 -attr @fillcolor #3a5fcd
load port QuadX1Y2_clk1 out -pg 1 -y 1435 -x 12001 -attr @fillcolor #3a5fcd
load inst QuadX1Y1 QUAD_X1 v -pg 1 -y 1687 -x 12000 -autohide -attr @cell QuadX1Y1 -attr @name {} -attr @fillcolor #d9d9d9
attribute {pin QuadX1Y1 QPLL0 } -attr @name {}
attribute {hierPin QuadX1Y1 QPLL0 } -attr @name {}
attribute {pin QuadX1Y1 QPLL1 } -attr @name {}
attribute {hierPin QuadX1Y1 QPLL1 } -attr @name {}
attribute {pin QuadX1Y1 a0 } -attr @name {}
attribute {hierPin QuadX1Y1 a0 } -attr @name {}
attribute {pin QuadX1Y1 a1 } -attr @name {}
attribute {hierPin QuadX1Y1 a1 } -attr @name {}
attribute {pin QuadX1Y1 a2 } -attr @name {}
attribute {hierPin QuadX1Y1 a2 } -attr @name {}
attribute {pin QuadX1Y1 a3 } -attr @name {}
attribute {hierPin QuadX1Y1 a3 } -attr @name {}
attribute {pin QuadX1Y1 RECCLK_clk0 } -attr @name {}
attribute {hierPin QuadX1Y1 RECCLK_clk0 } -attr @name {}
attribute {pin QuadX1Y1 RECCLK_clk1 } -attr @name {}
attribute {hierPin QuadX1Y1 RECCLK_clk1 } -attr @name {}
load inst cpll.X1Y7 CPLL_X1 syn -hier QuadX1Y1 -pg 1 -y 1688 -x 12001 -autohide -attr @name {} -attr @cell {}
attribute {pin cpll.X1Y7 A} -attr @name {}
attribute {pin cpll.X1Y7 B} -attr @name {}
attribute {inst cpll.X1Y7} -attr @fillcolor #00868b
load symbol X1Y7 syn HIERGEN port TX out port RX out port RXRECCLK in
load inst GT.X1Y7 X1Y7 syn -hier QuadX1Y1 -pg 1 -y 1688 -x 12000 -autohide -attr @name {}
attribute {inst GT.X1Y7} -attr @fillcolor #7a7a7a
load inst cpll.X1Y6 CPLL_X1 syn -hier QuadX1Y1 -pg 1 -y 1773 -x 12001 -autohide -attr @name {} -attr @cell {}
attribute {pin cpll.X1Y6 A} -attr @name {}
attribute {pin cpll.X1Y6 B} -attr @name {}
attribute {inst cpll.X1Y6} -attr @fillcolor #00868b
load symbol X1Y6 syn HIERGEN port TX out port RX out port RXRECCLK in
load inst GT.X1Y6 X1Y6 syn -hier QuadX1Y1 -pg 1 -y 1773 -x 12000 -autohide -attr @name {}
attribute {inst GT.X1Y6} -attr @fillcolor #7a7a7a
load inst QPLL0.QuadX1Y1 QPLL0_X1 syn -hier QuadX1Y1 -pg 1 -y 1858 -x 12001 -autohide -attr @name {} -attr @cell {}
attribute {pin QPLL0.QuadX1Y1 A} -attr @name {}
attribute {pin QPLL0.QuadX1Y1 B} -attr @name {}
attribute {inst QPLL0.QuadX1Y1} -attr @fillcolor #00868b
load inst QPLL1.QuadX1Y1 QPLL1_X1 syn -hier QuadX1Y1 -pg 1 -y 1943 -x 12001 -autohide -attr @name {} -attr @cell {}
attribute {pin QPLL1.QuadX1Y1 A} -attr @name {}
attribute {pin QPLL1.QuadX1Y1 B} -attr @name {}
attribute {inst QPLL1.QuadX1Y1} -attr @fillcolor #00868b
load inst cpll.X1Y5 CPLL_X1 syn -hier QuadX1Y1 -pg 1 -y 2028 -x 12001 -autohide -attr @name {} -attr @cell {}
attribute {pin cpll.X1Y5 A} -attr @name {}
attribute {pin cpll.X1Y5 B} -attr @name {}
attribute {inst cpll.X1Y5} -attr @fillcolor #00868b
load symbol X1Y5 syn HIERGEN port TX out port RX out port RXRECCLK in
load inst GT.X1Y5 X1Y5 syn -hier QuadX1Y1 -pg 1 -y 2028 -x 12000 -autohide -attr @name {}
attribute {inst GT.X1Y5} -attr @fillcolor #7a7a7a
load inst cpll.X1Y4 CPLL_X1 syn -hier QuadX1Y1 -pg 1 -y 2113 -x 12001 -autohide -attr @name {} -attr @cell {}
attribute {pin cpll.X1Y4 A} -attr @name {}
attribute {pin cpll.X1Y4 B} -attr @name {}
attribute {inst cpll.X1Y4} -attr @fillcolor #00868b
load symbol X1Y4 syn HIERGEN port TX out port RX out port RXRECCLK in
load inst GT.X1Y4 X1Y4 syn -hier QuadX1Y1 -pg 1 -y 2113 -x 12000 -autohide -attr @name {}
attribute {inst GT.X1Y4} -attr @fillcolor #7a7a7a
load port QuadX1Y1_clk0 out -pg 1 -y 1827 -x 12001 -attr @fillcolor #3a5fcd
load port QuadX1Y1_clk1 out -pg 1 -y 1997 -x 12001 -attr @fillcolor #3a5fcd
load inst QuadX1Y0 QUAD_X1 v -pg 1 -y 2249 -x 12000 -autohide -attr @cell QuadX1Y0 -attr @name {} -attr @fillcolor #d9d9d9
attribute {pin QuadX1Y0 QPLL0 } -attr @name {}
attribute {hierPin QuadX1Y0 QPLL0 } -attr @name {}
attribute {pin QuadX1Y0 QPLL1 } -attr @name {}
attribute {hierPin QuadX1Y0 QPLL1 } -attr @name {}
attribute {pin QuadX1Y0 a0 } -attr @name {}
attribute {hierPin QuadX1Y0 a0 } -attr @name {}
attribute {pin QuadX1Y0 a1 } -attr @name {}
attribute {hierPin QuadX1Y0 a1 } -attr @name {}
attribute {pin QuadX1Y0 a2 } -attr @name {}
attribute {hierPin QuadX1Y0 a2 } -attr @name {}
attribute {pin QuadX1Y0 a3 } -attr @name {}
attribute {hierPin QuadX1Y0 a3 } -attr @name {}
attribute {pin QuadX1Y0 RECCLK_clk0 } -attr @name {}
attribute {hierPin QuadX1Y0 RECCLK_clk0 } -attr @name {}
attribute {pin QuadX1Y0 RECCLK_clk1 } -attr @name {}
attribute {hierPin QuadX1Y0 RECCLK_clk1 } -attr @name {}
load inst cpll.X1Y3 CPLL_X1 syn -hier QuadX1Y0 -pg 1 -y 2250 -x 12001 -autohide -attr @name {} -attr @cell {}
attribute {pin cpll.X1Y3 A} -attr @name {}
attribute {pin cpll.X1Y3 B} -attr @name {}
attribute {inst cpll.X1Y3} -attr @fillcolor #00868b
load symbol X1Y3 syn HIERGEN port TX out port RX out port RXRECCLK in
load inst GT.X1Y3 X1Y3 syn -hier QuadX1Y0 -pg 1 -y 2250 -x 12000 -autohide -attr @name {}
attribute {inst GT.X1Y3} -attr @fillcolor #7a7a7a
load inst cpll.X1Y2 CPLL_X1 syn -hier QuadX1Y0 -pg 1 -y 2335 -x 12001 -autohide -attr @name {} -attr @cell {}
attribute {pin cpll.X1Y2 A} -attr @name {}
attribute {pin cpll.X1Y2 B} -attr @name {}
attribute {inst cpll.X1Y2} -attr @fillcolor #00868b
load symbol X1Y2 syn HIERGEN port TX out port RX out port RXRECCLK in
load inst GT.X1Y2 X1Y2 syn -hier QuadX1Y0 -pg 1 -y 2335 -x 12000 -autohide -attr @name {}
attribute {inst GT.X1Y2} -attr @fillcolor #7a7a7a
load inst QPLL0.QuadX1Y0 QPLL0_X1 syn -hier QuadX1Y0 -pg 1 -y 2420 -x 12001 -autohide -attr @name {} -attr @cell {}
attribute {pin QPLL0.QuadX1Y0 A} -attr @name {}
attribute {pin QPLL0.QuadX1Y0 B} -attr @name {}
attribute {inst QPLL0.QuadX1Y0} -attr @fillcolor #00868b
load inst QPLL1.QuadX1Y0 QPLL1_X1 syn -hier QuadX1Y0 -pg 1 -y 2505 -x 12001 -autohide -attr @name {} -attr @cell {}
attribute {pin QPLL1.QuadX1Y0 A} -attr @name {}
attribute {pin QPLL1.QuadX1Y0 B} -attr @name {}
attribute {inst QPLL1.QuadX1Y0} -attr @fillcolor #00868b
load inst cpll.X1Y1 CPLL_X1 syn -hier QuadX1Y0 -pg 1 -y 2590 -x 12001 -autohide -attr @name {} -attr @cell {}
attribute {pin cpll.X1Y1 A} -attr @name {}
attribute {pin cpll.X1Y1 B} -attr @name {}
attribute {inst cpll.X1Y1} -attr @fillcolor #00868b
load symbol X1Y1 syn HIERGEN port TX out port RX out port RXRECCLK in
load inst GT.X1Y1 X1Y1 syn -hier QuadX1Y0 -pg 1 -y 2590 -x 12000 -autohide -attr @name {}
attribute {inst GT.X1Y1} -attr @fillcolor #7a7a7a
load inst cpll.X1Y0 CPLL_X1 syn -hier QuadX1Y0 -pg 1 -y 2675 -x 12001 -autohide -attr @name {} -attr @cell {}
attribute {pin cpll.X1Y0 A} -attr @name {}
attribute {pin cpll.X1Y0 B} -attr @name {}
attribute {inst cpll.X1Y0} -attr @fillcolor #00868b
load symbol X1Y0 syn HIERGEN port TX out port RX out port RXRECCLK in
load inst GT.X1Y0 X1Y0 syn -hier QuadX1Y0 -pg 1 -y 2675 -x 12000 -autohide -attr @name {}
attribute {inst GT.X1Y0} -attr @fillcolor #7a7a7a
load port QuadX1Y0_clk0 out -pg 1 -y 2389 -x 12001 -attr @fillcolor #3a5fcd
load port QuadX1Y0_clk1 out -pg 1 -y 2559 -x 12001 -attr @fillcolor #3a5fcd
attribute {inst GT.X0Y19} -attr @fillcolor #7a7a7a
attribute {inst cpll.X0Y19} -attr @fillcolor #00868b
attribute {inst QPLL0.QuadX0Y4} -attr @fillcolor #00868b
attribute {inst QPLL1.QuadX0Y4} -attr @fillcolor #00868b
attribute {inst GT.X0Y18} -attr @fillcolor #7a7a7a
attribute {inst cpll.X0Y18} -attr @fillcolor #00868b
attribute {inst GT.X0Y17} -attr @fillcolor #7a7a7a
attribute {inst cpll.X0Y17} -attr @fillcolor #00868b
attribute {inst GT.X0Y16} -attr @fillcolor #7a7a7a
attribute {inst cpll.X0Y16} -attr @fillcolor #00868b
attribute {inst GT.X0Y15} -attr @fillcolor #7a7a7a
attribute {inst cpll.X0Y15} -attr @fillcolor #00868b
attribute {inst QPLL0.QuadX0Y3} -attr @fillcolor #00868b
attribute {inst QPLL1.QuadX0Y3} -attr @fillcolor #00868b
attribute {inst GT.X0Y14} -attr @fillcolor #7a7a7a
attribute {inst cpll.X0Y14} -attr @fillcolor #00868b
attribute {inst GT.X0Y13} -attr @fillcolor #7a7a7a
attribute {inst cpll.X0Y13} -attr @fillcolor #00868b
attribute {inst GT.X0Y12} -attr @fillcolor #7a7a7a
attribute {inst cpll.X0Y12} -attr @fillcolor #00868b
attribute {inst GT.X1Y19} -attr @fillcolor #7a7a7a
attribute {inst cpll.X1Y19} -attr @fillcolor #00868b
attribute {inst QPLL0.QuadX1Y4} -attr @fillcolor #00868b
attribute {inst QPLL1.QuadX1Y4} -attr @fillcolor #00868b
attribute {inst GT.X1Y18} -attr @fillcolor #7a7a7a
attribute {inst cpll.X1Y18} -attr @fillcolor #00868b
attribute {inst GT.X1Y17} -attr @fillcolor #7a7a7a
attribute {inst cpll.X1Y17} -attr @fillcolor #00868b
attribute {inst GT.X1Y16} -attr @fillcolor #7a7a7a
attribute {inst cpll.X1Y16} -attr @fillcolor #00868b
attribute {inst GT.X1Y15} -attr @fillcolor #7a7a7a
attribute {inst cpll.X1Y15} -attr @fillcolor #00868b
attribute {inst QPLL0.QuadX1Y3} -attr @fillcolor #00868b
attribute {inst QPLL1.QuadX1Y3} -attr @fillcolor #00868b
attribute {inst GT.X1Y14} -attr @fillcolor #7a7a7a
attribute {inst cpll.X1Y14} -attr @fillcolor #00868b
attribute {inst GT.X1Y13} -attr @fillcolor #7a7a7a
attribute {inst cpll.X1Y13} -attr @fillcolor #00868b
attribute {inst GT.X1Y12} -attr @fillcolor #7a7a7a
attribute {inst cpll.X1Y12} -attr @fillcolor #00868b
attribute {inst GT.X1Y11} -attr @fillcolor #7a7a7a
attribute {inst cpll.X1Y11} -attr @fillcolor #00868b
attribute {inst QPLL0.QuadX1Y2} -attr @fillcolor #00868b
attribute {inst QPLL1.QuadX1Y2} -attr @fillcolor #00868b
attribute {inst GT.X1Y10} -attr @fillcolor #7a7a7a
attribute {inst cpll.X1Y10} -attr @fillcolor #00868b
attribute {inst GT.X1Y9} -attr @fillcolor #7a7a7a
attribute {inst cpll.X1Y9} -attr @fillcolor #00868b
attribute {inst GT.X1Y8} -attr @fillcolor #7a7a7a
attribute {inst cpll.X1Y8} -attr @fillcolor #00868b
attribute {inst GT.X1Y7} -attr @fillcolor #7a7a7a
attribute {inst cpll.X1Y7} -attr @fillcolor #00868b
attribute {inst QPLL0.QuadX1Y1} -attr @fillcolor #00868b
attribute {inst QPLL1.QuadX1Y1} -attr @fillcolor #00868b
attribute {inst GT.X1Y6} -attr @fillcolor #7a7a7a
attribute {inst cpll.X1Y6} -attr @fillcolor #00868b
attribute {inst GT.X1Y5} -attr @fillcolor #7a7a7a
attribute {inst cpll.X1Y5} -attr @fillcolor #00868b
attribute {inst GT.X1Y4} -attr @fillcolor #7a7a7a
attribute {inst cpll.X1Y4} -attr @fillcolor #00868b
attribute {inst GT.X1Y3} -attr @fillcolor #7a7a7a
attribute {inst cpll.X1Y3} -attr @fillcolor #00868b
attribute {inst QPLL0.QuadX1Y0} -attr @fillcolor #00868b
attribute {inst QPLL1.QuadX1Y0} -attr @fillcolor #00868b
attribute {inst GT.X1Y2} -attr @fillcolor #7a7a7a
attribute {inst cpll.X1Y2} -attr @fillcolor #00868b
attribute {inst GT.X1Y1} -attr @fillcolor #7a7a7a
attribute {inst cpll.X1Y1} -attr @fillcolor #00868b
attribute {inst GT.X1Y0} -attr @fillcolor #7a7a7a
attribute {inst cpll.X1Y0} -attr @fillcolor #00868b
increment -const
load net net.clk.QuadX1Y2_clk0 -port QuadX1Y2_clk0 -pin QuadX1Y2 QPLL0
load net net.quad.QPLL0.QuadX1Y2 -hierPin QuadX1Y2 QPLL0 -pin QPLL0.QuadX1Y2 A
load net net.chan.QPLL0.QuadX1Y2 -pin QPLL0.QuadX1Y2 B -pin GT.X1Y11 TX
attribute {inst QPLL0.QuadX1Y2} -attr @fillcolor #cccc00
attribute {inst GT.X1Y11} -attr @fillcolor #cccc00
load net net.chan.QPLL0.QuadX1Y2 -pin QPLL0.QuadX1Y2 B -pin GT.X1Y10 TX
attribute {inst QPLL0.QuadX1Y2} -attr @fillcolor #cccc00
attribute {inst GT.X1Y10} -attr @fillcolor #cccc00
load net net.chan.QPLL0.QuadX1Y2 -pin QPLL0.QuadX1Y2 B -pin GT.X1Y9 TX
attribute {inst QPLL0.QuadX1Y2} -attr @fillcolor #cccc00
attribute {inst GT.X1Y9} -attr @fillcolor #cccc00
load net net.chan.QPLL0.QuadX1Y2 -pin QPLL0.QuadX1Y2 B -pin GT.X1Y8 TX
attribute {inst QPLL0.QuadX1Y2} -attr @fillcolor #cccc00
attribute {inst GT.X1Y8} -attr @fillcolor #cccc00
load net net.chan.QPLL0.QuadX1Y2 -pin QPLL0.QuadX1Y2 B -pin GT.X1Y11 RX
attribute {inst QPLL0.QuadX1Y2} -attr @fillcolor #cccc00
attribute {inst GT.X1Y11} -attr @fillcolor #cccc00
load net net.chan.QPLL0.QuadX1Y2 -pin QPLL0.QuadX1Y2 B -pin GT.X1Y10 RX
attribute {inst QPLL0.QuadX1Y2} -attr @fillcolor #cccc00
attribute {inst GT.X1Y10} -attr @fillcolor #cccc00
load net net.chan.QPLL0.QuadX1Y2 -pin QPLL0.QuadX1Y2 B -pin GT.X1Y9 RX
attribute {inst QPLL0.QuadX1Y2} -attr @fillcolor #cccc00
attribute {inst GT.X1Y9} -attr @fillcolor #cccc00
load net net.chan.QPLL0.QuadX1Y2 -pin QPLL0.QuadX1Y2 B -pin GT.X1Y8 RX
attribute {inst QPLL0.QuadX1Y2} -attr @fillcolor #cccc00
attribute {inst GT.X1Y8} -attr @fillcolor #cccc00
show
# Starting Split Pages                                                  494.85
# Split Pages 91 Comps, 3 Nets 0 NetBundles 0 CGraphics                 494.85
# KwayPart started for 91 comps, 3 nets                                 494.85
# Init done: 1 nodes (1 locked nodes), 0 edges                          494.85
# Startpart done: 1 parts                                               494.85
# KwayPart done                                                         494.85
# End of Split Pages: 1 pages                                           494.85
# End of Split Pages                                                    494.85
# Generating Regions for Page 1:   91 Comps,    3 Nets                  494.85
# Analyze                                                               494.85
# Levelize                                                              494.85
# End of LevelAssign mode=I, 3 Levels, 10 Comps, limit=30000            494.85
# Nets                                                                  494.85
# Place                                                                 494.85
# PlaceNets                                                             494.85
# SpaceY                                                                494.85
# Track                                                                 494.85
# SpaceX                                                                494.85
# Wire                                                                  494.85
# End of Wire: 0 nets, 0 ch, wire: 0-->0 (0 with wbits)                 494.85
# End of doGenerate                                                     494.85
# Analyze                                                               494.85
# Levelize                                                              494.85
# End of LevelAssign mode=I, 3 Levels, 10 Comps, limit=30000            494.85
# Nets                                                                  494.85
# Place                                                                 494.85
# PlaceNets                                                             494.85
# SpaceY                                                                494.85
# Track                                                                 494.85
# SpaceX                                                                494.85
# Wire                                                                  494.85
# End of Wire: 0 nets, 0 ch, wire: 0-->0 (0 with wbits)                 494.85
# End of doGenerate                                                     494.85
# Analyze                                                               494.85
# Levelize                                                              494.85
# End of LevelAssign mode=I, 3 Levels, 11 Comps, limit=30000            494.85
# Nets                                                                  494.85
# Place                                                                 494.85
# PlaceNets                                                             494.85
# SpaceY                                                                494.85
# Track                                                                 494.85
# SpaceX                                                                494.85
# Wire                                                                  494.85
# End of Wire: 2 nets, 2 ch, wire: 34-->34 (0 with wbits)               494.85
# End of doGenerate                                                     494.85
# Analyze                                                               494.85
# Levelize                                                              494.85
# End of LevelAssign mode=I, 3 Levels, 10 Comps, limit=30000            494.85
# Nets                                                                  494.85
# Place                                                                 494.85
# PlaceNets                                                             494.85
# SpaceY                                                                494.85
# Track                                                                 494.85
# SpaceX                                                                494.85
# Wire                                                                  494.85
# End of Wire: 0 nets, 0 ch, wire: 0-->0 (0 with wbits)                 494.85
# End of doGenerate                                                     494.85
# Analyze                                                               494.85
# Levelize                                                              494.85
# End of LevelAssign mode=I, 3 Levels, 10 Comps, limit=30000            494.85
# Nets                                                                  494.85
# Place                                                                 494.85
# PlaceNets                                                             494.85
# SpaceY                                                                494.85
# Track                                                                 494.85
# SpaceX                                                                494.85
# Wire                                                                  494.85
# End of Wire: 0 nets, 0 ch, wire: 0-->0 (0 with wbits)                 494.85
# End of doGenerate                                                     494.85
# Analyze                                                               494.85
# Levelize                                                              494.85
# End of LevelAssign mode=I, 3 Levels, 10 Comps, limit=30000            494.85
# Nets                                                                  494.85
# Place                                                                 494.85
# PlaceNets                                                             494.85
# SpaceY                                                                494.85
# Track                                                                 494.85
# SpaceX                                                                494.85
# Wire                                                                  494.85
# End of Wire: 0 nets, 0 ch, wire: 0-->0 (0 with wbits)                 494.85
# End of doGenerate                                                     494.85
# Analyze                                                               494.85
# Levelize                                                              494.85
# End of LevelAssign mode=I, 3 Levels, 10 Comps, limit=30000            494.85
# Nets                                                                  494.85
# Place                                                                 494.85
# PlaceNets                                                             494.85
# SpaceY                                                                494.85
# Track                                                                 494.85
# SpaceX                                                                494.85
# Wire                                                                  494.85
# End of Wire: 0 nets, 0 ch, wire: 0-->0 (0 with wbits)                 494.85
# End of doGenerate                                                     494.85
# Analyze                                                               494.85
# Levelize                                                              494.85
# End of LevelAssign mode=I, 3 Levels, 21 Comps, limit=30000            494.85
# Nets                                                                  494.85
# Place                                                                 494.85
# PlaceNets                                                             494.85
# SpaceY                                                                494.85
# Track                                                                 494.85
# SpaceX                                                                494.85
# Wire                                                                  494.85
# End of Wire: 1 nets, 1 ch, wire: 4-->4 (0 with wbits)                 494.85
# End of doGenerate                                                     494.85
# End of Generating Regions for Page 1                                  494.85
scrollpos -19 805
zoom -x 0 -y 0 0.6
scrollpos -14 604
#R 0.6
#CMD scrollpos 0 0
scrollpos 0 0
selection -itemized {inst GT.X1Y11}
center_objects -itemized {inst GT.X1Y11}
scrollpos -63 362
module new gtmodule
#  * Current module is gtmodule 
load symbol QUAD_X0 v HIERBOX port a0 in port a1 in port a2 in port a3 in port QPLL0 in port QPLL1 in port RECCLK_clk0 out port RECCLK_clk1 out
load symbol QUAD_X1 v HIERBOX port a0 out port a1 out port a2 out port a3 out port QPLL0 out port QPLL1 out port RECCLK_clk0 in port RECCLK_clk1 in
load symbol CPLL_X0 syn BOX port A in port B out text CPLL -cc 25 0 12
load symbol CPLL_X1 syn BOX port A out port B in text CPLL -cc 25 0 12
load symbol QPLL0_X0 syn BOX port A in port B out text QPLL0 -cc 25 0 12
load symbol QPLL0_X1 syn BOX port A out port B in text QPLL0 -cc 25 0 12
load symbol QPLL1_X0 syn BOX port A in port B out text QPLL1 -cc 25 0 12
load symbol QPLL1_X1 syn BOX port A out port B in text QPLL1 -cc 25 0 12
load inst QuadX0Y4 QUAD_X0 v -pg 1 -y 1 -x 2000 -autohide -attr @cell QuadX0Y4 -attr @name {} -attr @fillcolor #d9d9d9
attribute {pin QuadX0Y4 QPLL0 } -attr @name {}
attribute {hierPin QuadX0Y4 QPLL0 } -attr @name {}
attribute {pin QuadX0Y4 QPLL1 } -attr @name {}
attribute {hierPin QuadX0Y4 QPLL1 } -attr @name {}
attribute {pin QuadX0Y4 a0 } -attr @name {}
attribute {hierPin QuadX0Y4 a0 } -attr @name {}
attribute {pin QuadX0Y4 a1 } -attr @name {}
attribute {hierPin QuadX0Y4 a1 } -attr @name {}
attribute {pin QuadX0Y4 a2 } -attr @name {}
attribute {hierPin QuadX0Y4 a2 } -attr @name {}
attribute {pin QuadX0Y4 a3 } -attr @name {}
attribute {hierPin QuadX0Y4 a3 } -attr @name {}
attribute {pin QuadX0Y4 RECCLK_clk0 } -attr @name {}
attribute {hierPin QuadX0Y4 RECCLK_clk0 } -attr @name {}
attribute {pin QuadX0Y4 RECCLK_clk1 } -attr @name {}
attribute {hierPin QuadX0Y4 RECCLK_clk1 } -attr @name {}
load inst cpll.X0Y19 CPLL_X0 syn -hier QuadX0Y4 -pg 1 -y 2 -x 1 -autohide -attr @name {} -attr @cell {}
attribute {pin cpll.X0Y19 A} -attr @name {}
attribute {pin cpll.X0Y19 B} -attr @name {}
attribute {inst cpll.X0Y19} -attr @fillcolor #00868b
load symbol X0Y19 syn HIERGEN port TX in port RX in port RXRECCLK out
load inst GT.X0Y19 X0Y19 syn -hier QuadX0Y4 -pg 1 -y 2 -x 2000 -autohide -attr @name {}
attribute {inst GT.X0Y19} -attr @fillcolor #7a7a7a
load inst cpll.X0Y18 CPLL_X0 syn -hier QuadX0Y4 -pg 1 -y 87 -x 1 -autohide -attr @name {} -attr @cell {}
attribute {pin cpll.X0Y18 A} -attr @name {}
attribute {pin cpll.X0Y18 B} -attr @name {}
attribute {inst cpll.X0Y18} -attr @fillcolor #00868b
load symbol X0Y18 syn HIERGEN port TX in port RX in port RXRECCLK out
load inst GT.X0Y18 X0Y18 syn -hier QuadX0Y4 -pg 1 -y 87 -x 2000 -autohide -attr @name {}
attribute {inst GT.X0Y18} -attr @fillcolor #7a7a7a
load inst QPLL0.QuadX0Y4 QPLL0_X0 syn -hier QuadX0Y4 -pg 1 -y 172 -x 1 -autohide -attr @name {} -attr @cell {}
attribute {pin QPLL0.QuadX0Y4 A} -attr @name {}
attribute {pin QPLL0.QuadX0Y4 B} -attr @name {}
attribute {inst QPLL0.QuadX0Y4} -attr @fillcolor #00868b
load inst QPLL1.QuadX0Y4 QPLL1_X0 syn -hier QuadX0Y4 -pg 1 -y 257 -x 1 -autohide -attr @name {} -attr @cell {}
attribute {pin QPLL1.QuadX0Y4 A} -attr @name {}
attribute {pin QPLL1.QuadX0Y4 B} -attr @name {}
attribute {inst QPLL1.QuadX0Y4} -attr @fillcolor #00868b
load inst cpll.X0Y17 CPLL_X0 syn -hier QuadX0Y4 -pg 1 -y 342 -x 1 -autohide -attr @name {} -attr @cell {}
attribute {pin cpll.X0Y17 A} -attr @name {}
attribute {pin cpll.X0Y17 B} -attr @name {}
attribute {inst cpll.X0Y17} -attr @fillcolor #00868b
load symbol X0Y17 syn HIERGEN port TX in port RX in port RXRECCLK out
load inst GT.X0Y17 X0Y17 syn -hier QuadX0Y4 -pg 1 -y 342 -x 2000 -autohide -attr @name {}
attribute {inst GT.X0Y17} -attr @fillcolor #7a7a7a
load inst cpll.X0Y16 CPLL_X0 syn -hier QuadX0Y4 -pg 1 -y 427 -x 1 -autohide -attr @name {} -attr @cell {}
attribute {pin cpll.X0Y16 A} -attr @name {}
attribute {pin cpll.X0Y16 B} -attr @name {}
attribute {inst cpll.X0Y16} -attr @fillcolor #00868b
load symbol X0Y16 syn HIERGEN port TX in port RX in port RXRECCLK out
load inst GT.X0Y16 X0Y16 syn -hier QuadX0Y4 -pg 1 -y 427 -x 2000 -autohide -attr @name {}
attribute {inst GT.X0Y16} -attr @fillcolor #7a7a7a
load port QuadX0Y4_clk0 in -pg 1 -y 141 -x 1 -attr @fillcolor #3a5fcd
load port QuadX0Y4_clk1 in -pg 1 -y 311 -x 1 -attr @fillcolor #3a5fcd
load inst QuadX0Y3 QUAD_X0 v -pg 1 -y 563 -x 2000 -autohide -attr @cell QuadX0Y3 -attr @name {} -attr @fillcolor #d9d9d9
attribute {pin QuadX0Y3 QPLL0 } -attr @name {}
attribute {hierPin QuadX0Y3 QPLL0 } -attr @name {}
attribute {pin QuadX0Y3 QPLL1 } -attr @name {}
attribute {hierPin QuadX0Y3 QPLL1 } -attr @name {}
attribute {pin QuadX0Y3 a0 } -attr @name {}
attribute {hierPin QuadX0Y3 a0 } -attr @name {}
attribute {pin QuadX0Y3 a1 } -attr @name {}
attribute {hierPin QuadX0Y3 a1 } -attr @name {}
attribute {pin QuadX0Y3 a2 } -attr @name {}
attribute {hierPin QuadX0Y3 a2 } -attr @name {}
attribute {pin QuadX0Y3 a3 } -attr @name {}
attribute {hierPin QuadX0Y3 a3 } -attr @name {}
attribute {pin QuadX0Y3 RECCLK_clk0 } -attr @name {}
attribute {hierPin QuadX0Y3 RECCLK_clk0 } -attr @name {}
attribute {pin QuadX0Y3 RECCLK_clk1 } -attr @name {}
attribute {hierPin QuadX0Y3 RECCLK_clk1 } -attr @name {}
load inst cpll.X0Y15 CPLL_X0 syn -hier QuadX0Y3 -pg 1 -y 564 -x 1 -autohide -attr @name {} -attr @cell {}
attribute {pin cpll.X0Y15 A} -attr @name {}
attribute {pin cpll.X0Y15 B} -attr @name {}
attribute {inst cpll.X0Y15} -attr @fillcolor #00868b
load symbol X0Y15 syn HIERGEN port TX in port RX in port RXRECCLK out
load inst GT.X0Y15 X0Y15 syn -hier QuadX0Y3 -pg 1 -y 564 -x 2000 -autohide -attr @name {}
attribute {inst GT.X0Y15} -attr @fillcolor #7a7a7a
load inst cpll.X0Y14 CPLL_X0 syn -hier QuadX0Y3 -pg 1 -y 649 -x 1 -autohide -attr @name {} -attr @cell {}
attribute {pin cpll.X0Y14 A} -attr @name {}
attribute {pin cpll.X0Y14 B} -attr @name {}
attribute {inst cpll.X0Y14} -attr @fillcolor #00868b
load symbol X0Y14 syn HIERGEN port TX in port RX in port RXRECCLK out
load inst GT.X0Y14 X0Y14 syn -hier QuadX0Y3 -pg 1 -y 649 -x 2000 -autohide -attr @name {}
attribute {inst GT.X0Y14} -attr @fillcolor #7a7a7a
load inst QPLL0.QuadX0Y3 QPLL0_X0 syn -hier QuadX0Y3 -pg 1 -y 734 -x 1 -autohide -attr @name {} -attr @cell {}
attribute {pin QPLL0.QuadX0Y3 A} -attr @name {}
attribute {pin QPLL0.QuadX0Y3 B} -attr @name {}
attribute {inst QPLL0.QuadX0Y3} -attr @fillcolor #00868b
load inst QPLL1.QuadX0Y3 QPLL1_X0 syn -hier QuadX0Y3 -pg 1 -y 819 -x 1 -autohide -attr @name {} -attr @cell {}
attribute {pin QPLL1.QuadX0Y3 A} -attr @name {}
attribute {pin QPLL1.QuadX0Y3 B} -attr @name {}
attribute {inst QPLL1.QuadX0Y3} -attr @fillcolor #00868b
load inst cpll.X0Y13 CPLL_X0 syn -hier QuadX0Y3 -pg 1 -y 904 -x 1 -autohide -attr @name {} -attr @cell {}
attribute {pin cpll.X0Y13 A} -attr @name {}
attribute {pin cpll.X0Y13 B} -attr @name {}
attribute {inst cpll.X0Y13} -attr @fillcolor #00868b
load symbol X0Y13 syn HIERGEN port TX in port RX in port RXRECCLK out
load inst GT.X0Y13 X0Y13 syn -hier QuadX0Y3 -pg 1 -y 904 -x 2000 -autohide -attr @name {}
attribute {inst GT.X0Y13} -attr @fillcolor #7a7a7a
load inst cpll.X0Y12 CPLL_X0 syn -hier QuadX0Y3 -pg 1 -y 989 -x 1 -autohide -attr @name {} -attr @cell {}
attribute {pin cpll.X0Y12 A} -attr @name {}
attribute {pin cpll.X0Y12 B} -attr @name {}
attribute {inst cpll.X0Y12} -attr @fillcolor #00868b
load symbol X0Y12 syn HIERGEN port TX in port RX in port RXRECCLK out
load inst GT.X0Y12 X0Y12 syn -hier QuadX0Y3 -pg 1 -y 989 -x 2000 -autohide -attr @name {}
attribute {inst GT.X0Y12} -attr @fillcolor #7a7a7a
load port QuadX0Y3_clk0 in -pg 1 -y 703 -x 1 -attr @fillcolor #3a5fcd
load port QuadX0Y3_clk1 in -pg 1 -y 873 -x 1 -attr @fillcolor #3a5fcd
load inst QuadX1Y4 QUAD_X1 v -pg 1 -y 1 -x 12000 -autohide -attr @cell QuadX1Y4 -attr @name {} -attr @fillcolor #d9d9d9
attribute {pin QuadX1Y4 QPLL0 } -attr @name {}
attribute {hierPin QuadX1Y4 QPLL0 } -attr @name {}
attribute {pin QuadX1Y4 QPLL1 } -attr @name {}
attribute {hierPin QuadX1Y4 QPLL1 } -attr @name {}
attribute {pin QuadX1Y4 a0 } -attr @name {}
attribute {hierPin QuadX1Y4 a0 } -attr @name {}
attribute {pin QuadX1Y4 a1 } -attr @name {}
attribute {hierPin QuadX1Y4 a1 } -attr @name {}
attribute {pin QuadX1Y4 a2 } -attr @name {}
attribute {hierPin QuadX1Y4 a2 } -attr @name {}
attribute {pin QuadX1Y4 a3 } -attr @name {}
attribute {hierPin QuadX1Y4 a3 } -attr @name {}
attribute {pin QuadX1Y4 RECCLK_clk0 } -attr @name {}
attribute {hierPin QuadX1Y4 RECCLK_clk0 } -attr @name {}
attribute {pin QuadX1Y4 RECCLK_clk1 } -attr @name {}
attribute {hierPin QuadX1Y4 RECCLK_clk1 } -attr @name {}
load inst cpll.X1Y19 CPLL_X1 syn -hier QuadX1Y4 -pg 1 -y 2 -x 12001 -autohide -attr @name {} -attr @cell {}
attribute {pin cpll.X1Y19 A} -attr @name {}
attribute {pin cpll.X1Y19 B} -attr @name {}
attribute {inst cpll.X1Y19} -attr @fillcolor #00868b
load symbol X1Y19 syn HIERGEN port TX out port RX out port RXRECCLK in
load inst GT.X1Y19 X1Y19 syn -hier QuadX1Y4 -pg 1 -y 2 -x 12000 -autohide -attr @name {}
attribute {inst GT.X1Y19} -attr @fillcolor #7a7a7a
load inst cpll.X1Y18 CPLL_X1 syn -hier QuadX1Y4 -pg 1 -y 87 -x 12001 -autohide -attr @name {} -attr @cell {}
attribute {pin cpll.X1Y18 A} -attr @name {}
attribute {pin cpll.X1Y18 B} -attr @name {}
attribute {inst cpll.X1Y18} -attr @fillcolor #00868b
load symbol X1Y18 syn HIERGEN port TX out port RX out port RXRECCLK in
load inst GT.X1Y18 X1Y18 syn -hier QuadX1Y4 -pg 1 -y 87 -x 12000 -autohide -attr @name {}
attribute {inst GT.X1Y18} -attr @fillcolor #7a7a7a
load inst QPLL0.QuadX1Y4 QPLL0_X1 syn -hier QuadX1Y4 -pg 1 -y 172 -x 12001 -autohide -attr @name {} -attr @cell {}
attribute {pin QPLL0.QuadX1Y4 A} -attr @name {}
attribute {pin QPLL0.QuadX1Y4 B} -attr @name {}
attribute {inst QPLL0.QuadX1Y4} -attr @fillcolor #00868b
load inst QPLL1.QuadX1Y4 QPLL1_X1 syn -hier QuadX1Y4 -pg 1 -y 257 -x 12001 -autohide -attr @name {} -attr @cell {}
attribute {pin QPLL1.QuadX1Y4 A} -attr @name {}
attribute {pin QPLL1.QuadX1Y4 B} -attr @name {}
attribute {inst QPLL1.QuadX1Y4} -attr @fillcolor #00868b
load inst cpll.X1Y17 CPLL_X1 syn -hier QuadX1Y4 -pg 1 -y 342 -x 12001 -autohide -attr @name {} -attr @cell {}
attribute {pin cpll.X1Y17 A} -attr @name {}
attribute {pin cpll.X1Y17 B} -attr @name {}
attribute {inst cpll.X1Y17} -attr @fillcolor #00868b
load symbol X1Y17 syn HIERGEN port TX out port RX out port RXRECCLK in
load inst GT.X1Y17 X1Y17 syn -hier QuadX1Y4 -pg 1 -y 342 -x 12000 -autohide -attr @name {}
attribute {inst GT.X1Y17} -attr @fillcolor #7a7a7a
load inst cpll.X1Y16 CPLL_X1 syn -hier QuadX1Y4 -pg 1 -y 427 -x 12001 -autohide -attr @name {} -attr @cell {}
attribute {pin cpll.X1Y16 A} -attr @name {}
attribute {pin cpll.X1Y16 B} -attr @name {}
attribute {inst cpll.X1Y16} -attr @fillcolor #00868b
load symbol X1Y16 syn HIERGEN port TX out port RX out port RXRECCLK in
load inst GT.X1Y16 X1Y16 syn -hier QuadX1Y4 -pg 1 -y 427 -x 12000 -autohide -attr @name {}
attribute {inst GT.X1Y16} -attr @fillcolor #7a7a7a
load port QuadX1Y4_clk0 out -pg 1 -y 141 -x 12001 -attr @fillcolor #3a5fcd
load port QuadX1Y4_clk1 out -pg 1 -y 311 -x 12001 -attr @fillcolor #3a5fcd
load inst QuadX1Y3 QUAD_X1 v -pg 1 -y 563 -x 12000 -autohide -attr @cell QuadX1Y3 -attr @name {} -attr @fillcolor #d9d9d9
attribute {pin QuadX1Y3 QPLL0 } -attr @name {}
attribute {hierPin QuadX1Y3 QPLL0 } -attr @name {}
attribute {pin QuadX1Y3 QPLL1 } -attr @name {}
attribute {hierPin QuadX1Y3 QPLL1 } -attr @name {}
attribute {pin QuadX1Y3 a0 } -attr @name {}
attribute {hierPin QuadX1Y3 a0 } -attr @name {}
attribute {pin QuadX1Y3 a1 } -attr @name {}
attribute {hierPin QuadX1Y3 a1 } -attr @name {}
attribute {pin QuadX1Y3 a2 } -attr @name {}
attribute {hierPin QuadX1Y3 a2 } -attr @name {}
attribute {pin QuadX1Y3 a3 } -attr @name {}
attribute {hierPin QuadX1Y3 a3 } -attr @name {}
attribute {pin QuadX1Y3 RECCLK_clk0 } -attr @name {}
attribute {hierPin QuadX1Y3 RECCLK_clk0 } -attr @name {}
attribute {pin QuadX1Y3 RECCLK_clk1 } -attr @name {}
attribute {hierPin QuadX1Y3 RECCLK_clk1 } -attr @name {}
load inst cpll.X1Y15 CPLL_X1 syn -hier QuadX1Y3 -pg 1 -y 564 -x 12001 -autohide -attr @name {} -attr @cell {}
attribute {pin cpll.X1Y15 A} -attr @name {}
attribute {pin cpll.X1Y15 B} -attr @name {}
attribute {inst cpll.X1Y15} -attr @fillcolor #00868b
load symbol X1Y15 syn HIERGEN port TX out port RX out port RXRECCLK in
load inst GT.X1Y15 X1Y15 syn -hier QuadX1Y3 -pg 1 -y 564 -x 12000 -autohide -attr @name {}
attribute {inst GT.X1Y15} -attr @fillcolor #7a7a7a
load inst cpll.X1Y14 CPLL_X1 syn -hier QuadX1Y3 -pg 1 -y 649 -x 12001 -autohide -attr @name {} -attr @cell {}
attribute {pin cpll.X1Y14 A} -attr @name {}
attribute {pin cpll.X1Y14 B} -attr @name {}
attribute {inst cpll.X1Y14} -attr @fillcolor #00868b
load symbol X1Y14 syn HIERGEN port TX out port RX out port RXRECCLK in
load inst GT.X1Y14 X1Y14 syn -hier QuadX1Y3 -pg 1 -y 649 -x 12000 -autohide -attr @name {}
attribute {inst GT.X1Y14} -attr @fillcolor #7a7a7a
load inst QPLL0.QuadX1Y3 QPLL0_X1 syn -hier QuadX1Y3 -pg 1 -y 734 -x 12001 -autohide -attr @name {} -attr @cell {}
attribute {pin QPLL0.QuadX1Y3 A} -attr @name {}
attribute {pin QPLL0.QuadX1Y3 B} -attr @name {}
attribute {inst QPLL0.QuadX1Y3} -attr @fillcolor #00868b
load inst QPLL1.QuadX1Y3 QPLL1_X1 syn -hier QuadX1Y3 -pg 1 -y 819 -x 12001 -autohide -attr @name {} -attr @cell {}
attribute {pin QPLL1.QuadX1Y3 A} -attr @name {}
attribute {pin QPLL1.QuadX1Y3 B} -attr @name {}
attribute {inst QPLL1.QuadX1Y3} -attr @fillcolor #00868b
load inst cpll.X1Y13 CPLL_X1 syn -hier QuadX1Y3 -pg 1 -y 904 -x 12001 -autohide -attr @name {} -attr @cell {}
attribute {pin cpll.X1Y13 A} -attr @name {}
attribute {pin cpll.X1Y13 B} -attr @name {}
attribute {inst cpll.X1Y13} -attr @fillcolor #00868b
load symbol X1Y13 syn HIERGEN port TX out port RX out port RXRECCLK in
load inst GT.X1Y13 X1Y13 syn -hier QuadX1Y3 -pg 1 -y 904 -x 12000 -autohide -attr @name {}
attribute {inst GT.X1Y13} -attr @fillcolor #7a7a7a
load inst cpll.X1Y12 CPLL_X1 syn -hier QuadX1Y3 -pg 1 -y 989 -x 12001 -autohide -attr @name {} -attr @cell {}
attribute {pin cpll.X1Y12 A} -attr @name {}
attribute {pin cpll.X1Y12 B} -attr @name {}
attribute {inst cpll.X1Y12} -attr @fillcolor #00868b
load symbol X1Y12 syn HIERGEN port TX out port RX out port RXRECCLK in
load inst GT.X1Y12 X1Y12 syn -hier QuadX1Y3 -pg 1 -y 989 -x 12000 -autohide -attr @name {}
attribute {inst GT.X1Y12} -attr @fillcolor #7a7a7a
load port QuadX1Y3_clk0 out -pg 1 -y 703 -x 12001 -attr @fillcolor #3a5fcd
load port QuadX1Y3_clk1 out -pg 1 -y 873 -x 12001 -attr @fillcolor #3a5fcd
load inst QuadX1Y2 QUAD_X1 v -pg 1 -y 1125 -x 12000 -autohide -attr @cell QuadX1Y2 -attr @name {} -attr @fillcolor #d9d9d9
attribute {pin QuadX1Y2 QPLL0 } -attr @name {}
attribute {hierPin QuadX1Y2 QPLL0 } -attr @name {}
attribute {pin QuadX1Y2 QPLL1 } -attr @name {}
attribute {hierPin QuadX1Y2 QPLL1 } -attr @name {}
attribute {pin QuadX1Y2 a0 } -attr @name {}
attribute {hierPin QuadX1Y2 a0 } -attr @name {}
attribute {pin QuadX1Y2 a1 } -attr @name {}
attribute {hierPin QuadX1Y2 a1 } -attr @name {}
attribute {pin QuadX1Y2 a2 } -attr @name {}
attribute {hierPin QuadX1Y2 a2 } -attr @name {}
attribute {pin QuadX1Y2 a3 } -attr @name {}
attribute {hierPin QuadX1Y2 a3 } -attr @name {}
attribute {pin QuadX1Y2 RECCLK_clk0 } -attr @name {}
attribute {hierPin QuadX1Y2 RECCLK_clk0 } -attr @name {}
attribute {pin QuadX1Y2 RECCLK_clk1 } -attr @name {}
attribute {hierPin QuadX1Y2 RECCLK_clk1 } -attr @name {}
load inst cpll.X1Y11 CPLL_X1 syn -hier QuadX1Y2 -pg 1 -y 1126 -x 12001 -autohide -attr @name {} -attr @cell {}
attribute {pin cpll.X1Y11 A} -attr @name {}
attribute {pin cpll.X1Y11 B} -attr @name {}
attribute {inst cpll.X1Y11} -attr @fillcolor #00868b
load symbol X1Y11 syn HIERGEN port TX out port RX out port RXRECCLK in
load inst GT.X1Y11 X1Y11 syn -hier QuadX1Y2 -pg 1 -y 1126 -x 12000 -autohide -attr @name {}
attribute {inst GT.X1Y11} -attr @fillcolor #7a7a7a
load inst cpll.X1Y10 CPLL_X1 syn -hier QuadX1Y2 -pg 1 -y 1211 -x 12001 -autohide -attr @name {} -attr @cell {}
attribute {pin cpll.X1Y10 A} -attr @name {}
attribute {pin cpll.X1Y10 B} -attr @name {}
attribute {inst cpll.X1Y10} -attr @fillcolor #00868b
load symbol X1Y10 syn HIERGEN port TX out port RX out port RXRECCLK in
load inst GT.X1Y10 X1Y10 syn -hier QuadX1Y2 -pg 1 -y 1211 -x 12000 -autohide -attr @name {}
attribute {inst GT.X1Y10} -attr @fillcolor #7a7a7a
load inst QPLL0.QuadX1Y2 QPLL0_X1 syn -hier QuadX1Y2 -pg 1 -y 1296 -x 12001 -autohide -attr @name {} -attr @cell {}
attribute {pin QPLL0.QuadX1Y2 A} -attr @name {}
attribute {pin QPLL0.QuadX1Y2 B} -attr @name {}
attribute {inst QPLL0.QuadX1Y2} -attr @fillcolor #00868b
load inst QPLL1.QuadX1Y2 QPLL1_X1 syn -hier QuadX1Y2 -pg 1 -y 1381 -x 12001 -autohide -attr @name {} -attr @cell {}
attribute {pin QPLL1.QuadX1Y2 A} -attr @name {}
attribute {pin QPLL1.QuadX1Y2 B} -attr @name {}
attribute {inst QPLL1.QuadX1Y2} -attr @fillcolor #00868b
load inst cpll.X1Y9 CPLL_X1 syn -hier QuadX1Y2 -pg 1 -y 1466 -x 12001 -autohide -attr @name {} -attr @cell {}
attribute {pin cpll.X1Y9 A} -attr @name {}
attribute {pin cpll.X1Y9 B} -attr @name {}
attribute {inst cpll.X1Y9} -attr @fillcolor #00868b
load symbol X1Y9 syn HIERGEN port TX out port RX out port RXRECCLK in
load inst GT.X1Y9 X1Y9 syn -hier QuadX1Y2 -pg 1 -y 1466 -x 12000 -autohide -attr @name {}
attribute {inst GT.X1Y9} -attr @fillcolor #7a7a7a
load inst cpll.X1Y8 CPLL_X1 syn -hier QuadX1Y2 -pg 1 -y 1551 -x 12001 -autohide -attr @name {} -attr @cell {}
attribute {pin cpll.X1Y8 A} -attr @name {}
attribute {pin cpll.X1Y8 B} -attr @name {}
attribute {inst cpll.X1Y8} -attr @fillcolor #00868b
load symbol X1Y8 syn HIERGEN port TX out port RX out port RXRECCLK in
load inst GT.X1Y8 X1Y8 syn -hier QuadX1Y2 -pg 1 -y 1551 -x 12000 -autohide -attr @name {}
attribute {inst GT.X1Y8} -attr @fillcolor #7a7a7a
load port QuadX1Y2_clk0 out -pg 1 -y 1265 -x 12001 -attr @fillcolor #3a5fcd
load port QuadX1Y2_clk1 out -pg 1 -y 1435 -x 12001 -attr @fillcolor #3a5fcd
load inst QuadX1Y1 QUAD_X1 v -pg 1 -y 1687 -x 12000 -autohide -attr @cell QuadX1Y1 -attr @name {} -attr @fillcolor #d9d9d9
attribute {pin QuadX1Y1 QPLL0 } -attr @name {}
attribute {hierPin QuadX1Y1 QPLL0 } -attr @name {}
attribute {pin QuadX1Y1 QPLL1 } -attr @name {}
attribute {hierPin QuadX1Y1 QPLL1 } -attr @name {}
attribute {pin QuadX1Y1 a0 } -attr @name {}
attribute {hierPin QuadX1Y1 a0 } -attr @name {}
attribute {pin QuadX1Y1 a1 } -attr @name {}
attribute {hierPin QuadX1Y1 a1 } -attr @name {}
attribute {pin QuadX1Y1 a2 } -attr @name {}
attribute {hierPin QuadX1Y1 a2 } -attr @name {}
attribute {pin QuadX1Y1 a3 } -attr @name {}
attribute {hierPin QuadX1Y1 a3 } -attr @name {}
attribute {pin QuadX1Y1 RECCLK_clk0 } -attr @name {}
attribute {hierPin QuadX1Y1 RECCLK_clk0 } -attr @name {}
attribute {pin QuadX1Y1 RECCLK_clk1 } -attr @name {}
attribute {hierPin QuadX1Y1 RECCLK_clk1 } -attr @name {}
load inst cpll.X1Y7 CPLL_X1 syn -hier QuadX1Y1 -pg 1 -y 1688 -x 12001 -autohide -attr @name {} -attr @cell {}
attribute {pin cpll.X1Y7 A} -attr @name {}
attribute {pin cpll.X1Y7 B} -attr @name {}
attribute {inst cpll.X1Y7} -attr @fillcolor #00868b
load symbol X1Y7 syn HIERGEN port TX out port RX out port RXRECCLK in
load inst GT.X1Y7 X1Y7 syn -hier QuadX1Y1 -pg 1 -y 1688 -x 12000 -autohide -attr @name {}
attribute {inst GT.X1Y7} -attr @fillcolor #7a7a7a
load inst cpll.X1Y6 CPLL_X1 syn -hier QuadX1Y1 -pg 1 -y 1773 -x 12001 -autohide -attr @name {} -attr @cell {}
attribute {pin cpll.X1Y6 A} -attr @name {}
attribute {pin cpll.X1Y6 B} -attr @name {}
attribute {inst cpll.X1Y6} -attr @fillcolor #00868b
load symbol X1Y6 syn HIERGEN port TX out port RX out port RXRECCLK in
load inst GT.X1Y6 X1Y6 syn -hier QuadX1Y1 -pg 1 -y 1773 -x 12000 -autohide -attr @name {}
attribute {inst GT.X1Y6} -attr @fillcolor #7a7a7a
load inst QPLL0.QuadX1Y1 QPLL0_X1 syn -hier QuadX1Y1 -pg 1 -y 1858 -x 12001 -autohide -attr @name {} -attr @cell {}
attribute {pin QPLL0.QuadX1Y1 A} -attr @name {}
attribute {pin QPLL0.QuadX1Y1 B} -attr @name {}
attribute {inst QPLL0.QuadX1Y1} -attr @fillcolor #00868b
load inst QPLL1.QuadX1Y1 QPLL1_X1 syn -hier QuadX1Y1 -pg 1 -y 1943 -x 12001 -autohide -attr @name {} -attr @cell {}
attribute {pin QPLL1.QuadX1Y1 A} -attr @name {}
attribute {pin QPLL1.QuadX1Y1 B} -attr @name {}
attribute {inst QPLL1.QuadX1Y1} -attr @fillcolor #00868b
load inst cpll.X1Y5 CPLL_X1 syn -hier QuadX1Y1 -pg 1 -y 2028 -x 12001 -autohide -attr @name {} -attr @cell {}
attribute {pin cpll.X1Y5 A} -attr @name {}
attribute {pin cpll.X1Y5 B} -attr @name {}
attribute {inst cpll.X1Y5} -attr @fillcolor #00868b
load symbol X1Y5 syn HIERGEN port TX out port RX out port RXRECCLK in
load inst GT.X1Y5 X1Y5 syn -hier QuadX1Y1 -pg 1 -y 2028 -x 12000 -autohide -attr @name {}
attribute {inst GT.X1Y5} -attr @fillcolor #7a7a7a
load inst cpll.X1Y4 CPLL_X1 syn -hier QuadX1Y1 -pg 1 -y 2113 -x 12001 -autohide -attr @name {} -attr @cell {}
attribute {pin cpll.X1Y4 A} -attr @name {}
attribute {pin cpll.X1Y4 B} -attr @name {}
attribute {inst cpll.X1Y4} -attr @fillcolor #00868b
load symbol X1Y4 syn HIERGEN port TX out port RX out port RXRECCLK in
load inst GT.X1Y4 X1Y4 syn -hier QuadX1Y1 -pg 1 -y 2113 -x 12000 -autohide -attr @name {}
attribute {inst GT.X1Y4} -attr @fillcolor #7a7a7a
load port QuadX1Y1_clk0 out -pg 1 -y 1827 -x 12001 -attr @fillcolor #3a5fcd
load port QuadX1Y1_clk1 out -pg 1 -y 1997 -x 12001 -attr @fillcolor #3a5fcd
load inst QuadX1Y0 QUAD_X1 v -pg 1 -y 2249 -x 12000 -autohide -attr @cell QuadX1Y0 -attr @name {} -attr @fillcolor #d9d9d9
attribute {pin QuadX1Y0 QPLL0 } -attr @name {}
attribute {hierPin QuadX1Y0 QPLL0 } -attr @name {}
attribute {pin QuadX1Y0 QPLL1 } -attr @name {}
attribute {hierPin QuadX1Y0 QPLL1 } -attr @name {}
attribute {pin QuadX1Y0 a0 } -attr @name {}
attribute {hierPin QuadX1Y0 a0 } -attr @name {}
attribute {pin QuadX1Y0 a1 } -attr @name {}
attribute {hierPin QuadX1Y0 a1 } -attr @name {}
attribute {pin QuadX1Y0 a2 } -attr @name {}
attribute {hierPin QuadX1Y0 a2 } -attr @name {}
attribute {pin QuadX1Y0 a3 } -attr @name {}
attribute {hierPin QuadX1Y0 a3 } -attr @name {}
attribute {pin QuadX1Y0 RECCLK_clk0 } -attr @name {}
attribute {hierPin QuadX1Y0 RECCLK_clk0 } -attr @name {}
attribute {pin QuadX1Y0 RECCLK_clk1 } -attr @name {}
attribute {hierPin QuadX1Y0 RECCLK_clk1 } -attr @name {}
load inst cpll.X1Y3 CPLL_X1 syn -hier QuadX1Y0 -pg 1 -y 2250 -x 12001 -autohide -attr @name {} -attr @cell {}
attribute {pin cpll.X1Y3 A} -attr @name {}
attribute {pin cpll.X1Y3 B} -attr @name {}
attribute {inst cpll.X1Y3} -attr @fillcolor #00868b
load symbol X1Y3 syn HIERGEN port TX out port RX out port RXRECCLK in
load inst GT.X1Y3 X1Y3 syn -hier QuadX1Y0 -pg 1 -y 2250 -x 12000 -autohide -attr @name {}
attribute {inst GT.X1Y3} -attr @fillcolor #7a7a7a
load inst cpll.X1Y2 CPLL_X1 syn -hier QuadX1Y0 -pg 1 -y 2335 -x 12001 -autohide -attr @name {} -attr @cell {}
attribute {pin cpll.X1Y2 A} -attr @name {}
attribute {pin cpll.X1Y2 B} -attr @name {}
attribute {inst cpll.X1Y2} -attr @fillcolor #00868b
load symbol X1Y2 syn HIERGEN port TX out port RX out port RXRECCLK in
load inst GT.X1Y2 X1Y2 syn -hier QuadX1Y0 -pg 1 -y 2335 -x 12000 -autohide -attr @name {}
attribute {inst GT.X1Y2} -attr @fillcolor #7a7a7a
load inst QPLL0.QuadX1Y0 QPLL0_X1 syn -hier QuadX1Y0 -pg 1 -y 2420 -x 12001 -autohide -attr @name {} -attr @cell {}
attribute {pin QPLL0.QuadX1Y0 A} -attr @name {}
attribute {pin QPLL0.QuadX1Y0 B} -attr @name {}
attribute {inst QPLL0.QuadX1Y0} -attr @fillcolor #00868b
load inst QPLL1.QuadX1Y0 QPLL1_X1 syn -hier QuadX1Y0 -pg 1 -y 2505 -x 12001 -autohide -attr @name {} -attr @cell {}
attribute {pin QPLL1.QuadX1Y0 A} -attr @name {}
attribute {pin QPLL1.QuadX1Y0 B} -attr @name {}
attribute {inst QPLL1.QuadX1Y0} -attr @fillcolor #00868b
load inst cpll.X1Y1 CPLL_X1 syn -hier QuadX1Y0 -pg 1 -y 2590 -x 12001 -autohide -attr @name {} -attr @cell {}
attribute {pin cpll.X1Y1 A} -attr @name {}
attribute {pin cpll.X1Y1 B} -attr @name {}
attribute {inst cpll.X1Y1} -attr @fillcolor #00868b
load symbol X1Y1 syn HIERGEN port TX out port RX out port RXRECCLK in
load inst GT.X1Y1 X1Y1 syn -hier QuadX1Y0 -pg 1 -y 2590 -x 12000 -autohide -attr @name {}
attribute {inst GT.X1Y1} -attr @fillcolor #7a7a7a
load inst cpll.X1Y0 CPLL_X1 syn -hier QuadX1Y0 -pg 1 -y 2675 -x 12001 -autohide -attr @name {} -attr @cell {}
attribute {pin cpll.X1Y0 A} -attr @name {}
attribute {pin cpll.X1Y0 B} -attr @name {}
attribute {inst cpll.X1Y0} -attr @fillcolor #00868b
load symbol X1Y0 syn HIERGEN port TX out port RX out port RXRECCLK in
load inst GT.X1Y0 X1Y0 syn -hier QuadX1Y0 -pg 1 -y 2675 -x 12000 -autohide -attr @name {}
attribute {inst GT.X1Y0} -attr @fillcolor #7a7a7a
load port QuadX1Y0_clk0 out -pg 1 -y 2389 -x 12001 -attr @fillcolor #3a5fcd
load port QuadX1Y0_clk1 out -pg 1 -y 2559 -x 12001 -attr @fillcolor #3a5fcd
attribute {inst GT.X0Y19} -attr @fillcolor #7a7a7a
attribute {inst cpll.X0Y19} -attr @fillcolor #00868b
attribute {inst QPLL0.QuadX0Y4} -attr @fillcolor #00868b
attribute {inst QPLL1.QuadX0Y4} -attr @fillcolor #00868b
attribute {inst GT.X0Y18} -attr @fillcolor #7a7a7a
attribute {inst cpll.X0Y18} -attr @fillcolor #00868b
attribute {inst GT.X0Y17} -attr @fillcolor #7a7a7a
attribute {inst cpll.X0Y17} -attr @fillcolor #00868b
attribute {inst GT.X0Y16} -attr @fillcolor #7a7a7a
attribute {inst cpll.X0Y16} -attr @fillcolor #00868b
attribute {inst GT.X0Y15} -attr @fillcolor #7a7a7a
attribute {inst cpll.X0Y15} -attr @fillcolor #00868b
attribute {inst QPLL0.QuadX0Y3} -attr @fillcolor #00868b
attribute {inst QPLL1.QuadX0Y3} -attr @fillcolor #00868b
attribute {inst GT.X0Y14} -attr @fillcolor #7a7a7a
attribute {inst cpll.X0Y14} -attr @fillcolor #00868b
attribute {inst GT.X0Y13} -attr @fillcolor #7a7a7a
attribute {inst cpll.X0Y13} -attr @fillcolor #00868b
attribute {inst GT.X0Y12} -attr @fillcolor #7a7a7a
attribute {inst cpll.X0Y12} -attr @fillcolor #00868b
attribute {inst GT.X1Y19} -attr @fillcolor #7a7a7a
attribute {inst cpll.X1Y19} -attr @fillcolor #00868b
attribute {inst QPLL0.QuadX1Y4} -attr @fillcolor #00868b
attribute {inst QPLL1.QuadX1Y4} -attr @fillcolor #00868b
attribute {inst GT.X1Y18} -attr @fillcolor #7a7a7a
attribute {inst cpll.X1Y18} -attr @fillcolor #00868b
attribute {inst GT.X1Y17} -attr @fillcolor #7a7a7a
attribute {inst cpll.X1Y17} -attr @fillcolor #00868b
attribute {inst GT.X1Y16} -attr @fillcolor #7a7a7a
attribute {inst cpll.X1Y16} -attr @fillcolor #00868b
attribute {inst GT.X1Y15} -attr @fillcolor #7a7a7a
attribute {inst cpll.X1Y15} -attr @fillcolor #00868b
attribute {inst QPLL0.QuadX1Y3} -attr @fillcolor #00868b
attribute {inst QPLL1.QuadX1Y3} -attr @fillcolor #00868b
attribute {inst GT.X1Y14} -attr @fillcolor #7a7a7a
attribute {inst cpll.X1Y14} -attr @fillcolor #00868b
attribute {inst GT.X1Y13} -attr @fillcolor #7a7a7a
attribute {inst cpll.X1Y13} -attr @fillcolor #00868b
attribute {inst GT.X1Y12} -attr @fillcolor #7a7a7a
attribute {inst cpll.X1Y12} -attr @fillcolor #00868b
attribute {inst GT.X1Y11} -attr @fillcolor #7a7a7a
attribute {inst cpll.X1Y11} -attr @fillcolor #00868b
attribute {inst QPLL0.QuadX1Y2} -attr @fillcolor #00868b
attribute {inst QPLL1.QuadX1Y2} -attr @fillcolor #00868b
attribute {inst GT.X1Y10} -attr @fillcolor #7a7a7a
attribute {inst cpll.X1Y10} -attr @fillcolor #00868b
attribute {inst GT.X1Y9} -attr @fillcolor #7a7a7a
attribute {inst cpll.X1Y9} -attr @fillcolor #00868b
attribute {inst GT.X1Y8} -attr @fillcolor #7a7a7a
attribute {inst cpll.X1Y8} -attr @fillcolor #00868b
attribute {inst GT.X1Y7} -attr @fillcolor #7a7a7a
attribute {inst cpll.X1Y7} -attr @fillcolor #00868b
attribute {inst QPLL0.QuadX1Y1} -attr @fillcolor #00868b
attribute {inst QPLL1.QuadX1Y1} -attr @fillcolor #00868b
attribute {inst GT.X1Y6} -attr @fillcolor #7a7a7a
attribute {inst cpll.X1Y6} -attr @fillcolor #00868b
attribute {inst GT.X1Y5} -attr @fillcolor #7a7a7a
attribute {inst cpll.X1Y5} -attr @fillcolor #00868b
attribute {inst GT.X1Y4} -attr @fillcolor #7a7a7a
attribute {inst cpll.X1Y4} -attr @fillcolor #00868b
attribute {inst GT.X1Y3} -attr @fillcolor #7a7a7a
attribute {inst cpll.X1Y3} -attr @fillcolor #00868b
attribute {inst QPLL0.QuadX1Y0} -attr @fillcolor #00868b
attribute {inst QPLL1.QuadX1Y0} -attr @fillcolor #00868b
attribute {inst GT.X1Y2} -attr @fillcolor #7a7a7a
attribute {inst cpll.X1Y2} -attr @fillcolor #00868b
attribute {inst GT.X1Y1} -attr @fillcolor #7a7a7a
attribute {inst cpll.X1Y1} -attr @fillcolor #00868b
attribute {inst GT.X1Y0} -attr @fillcolor #7a7a7a
attribute {inst cpll.X1Y0} -attr @fillcolor #00868b
increment -const
load net net.clk.QuadX1Y2_clk0 -port QuadX1Y2_clk0 -pin QuadX1Y2 QPLL0
load net net.quad.QPLL0.QuadX1Y2 -hierPin QuadX1Y2 QPLL0 -pin QPLL0.QuadX1Y2 A
load net net.chan.QPLL0.QuadX1Y2 -pin QPLL0.QuadX1Y2 B -pin GT.X1Y11 TX
attribute {inst QPLL0.QuadX1Y2} -attr @fillcolor #cccc00
attribute {inst GT.X1Y11} -attr @fillcolor #cccc00
load net net.chan.QPLL0.QuadX1Y2 -pin QPLL0.QuadX1Y2 B -pin GT.X1Y10 TX
attribute {inst QPLL0.QuadX1Y2} -attr @fillcolor #cccc00
attribute {inst GT.X1Y10} -attr @fillcolor #cccc00
load net net.chan.QPLL0.QuadX1Y2 -pin QPLL0.QuadX1Y2 B -pin GT.X1Y9 TX
attribute {inst QPLL0.QuadX1Y2} -attr @fillcolor #cccc00
attribute {inst GT.X1Y9} -attr @fillcolor #cccc00
load net net.chan.QPLL0.QuadX1Y2 -pin QPLL0.QuadX1Y2 B -pin GT.X1Y8 TX
attribute {inst QPLL0.QuadX1Y2} -attr @fillcolor #cccc00
attribute {inst GT.X1Y8} -attr @fillcolor #cccc00
load net net.chan.QPLL0.QuadX1Y2 -pin QPLL0.QuadX1Y2 B -pin GT.X1Y11 RX
attribute {inst QPLL0.QuadX1Y2} -attr @fillcolor #cccc00
attribute {inst GT.X1Y11} -attr @fillcolor #cccc00
load net net.chan.QPLL0.QuadX1Y2 -pin QPLL0.QuadX1Y2 B -pin GT.X1Y10 RX
attribute {inst QPLL0.QuadX1Y2} -attr @fillcolor #cccc00
attribute {inst GT.X1Y10} -attr @fillcolor #cccc00
load net net.chan.QPLL0.QuadX1Y2 -pin QPLL0.QuadX1Y2 B -pin GT.X1Y9 RX
attribute {inst QPLL0.QuadX1Y2} -attr @fillcolor #cccc00
attribute {inst GT.X1Y9} -attr @fillcolor #cccc00
load net net.chan.QPLL0.QuadX1Y2 -pin QPLL0.QuadX1Y2 B -pin GT.X1Y8 RX
attribute {inst QPLL0.QuadX1Y2} -attr @fillcolor #cccc00
attribute {inst GT.X1Y8} -attr @fillcolor #cccc00
show
# Starting Split Pages                                                  495.70
# Split Pages 91 Comps, 3 Nets 0 NetBundles 0 CGraphics                 495.70
# KwayPart started for 91 comps, 3 nets                                 495.70
# Init done: 1 nodes (1 locked nodes), 0 edges                          495.70
# Startpart done: 1 parts                                               495.70
# KwayPart done                                                         495.70
# End of Split Pages: 1 pages                                           495.70
# End of Split Pages                                                    495.70
# Generating Regions for Page 1:   91 Comps,    3 Nets                  495.70
# Analyze                                                               495.70
# Levelize                                                              495.70
# End of LevelAssign mode=I, 3 Levels, 10 Comps, limit=30000            495.70
# Nets                                                                  495.70
# Place                                                                 495.70
# PlaceNets                                                             495.70
# SpaceY                                                                495.70
# Track                                                                 495.70
# SpaceX                                                                495.70
# Wire                                                                  495.70
# End of Wire: 0 nets, 0 ch, wire: 0-->0 (0 with wbits)                 495.70
# End of doGenerate                                                     495.70
# Analyze                                                               495.70
# Levelize                                                              495.70
# End of LevelAssign mode=I, 3 Levels, 10 Comps, limit=30000            495.70
# Nets                                                                  495.70
# Place                                                                 495.70
# PlaceNets                                                             495.70
# SpaceY                                                                495.70
# Track                                                                 495.70
# SpaceX                                                                495.70
# Wire                                                                  495.70
# End of Wire: 0 nets, 0 ch, wire: 0-->0 (0 with wbits)                 495.70
# End of doGenerate                                                     495.70
# Analyze                                                               495.70
# Levelize                                                              495.70
# End of LevelAssign mode=I, 3 Levels, 11 Comps, limit=30000            495.70
# Nets                                                                  495.70
# Place                                                                 495.70
# PlaceNets                                                             495.70
# SpaceY                                                                495.70
# Track                                                                 495.70
# SpaceX                                                                495.70
# Wire                                                                  495.70
# End of Wire: 2 nets, 2 ch, wire: 34-->34 (0 with wbits)               495.70
# End of doGenerate                                                     495.70
# Analyze                                                               495.70
# Levelize                                                              495.70
# End of LevelAssign mode=I, 3 Levels, 10 Comps, limit=30000            495.70
# Nets                                                                  495.70
# Place                                                                 495.70
# PlaceNets                                                             495.70
# SpaceY                                                                495.70
# Track                                                                 495.70
# SpaceX                                                                495.70
# Wire                                                                  495.70
# End of Wire: 0 nets, 0 ch, wire: 0-->0 (0 with wbits)                 495.70
# End of doGenerate                                                     495.70
# Analyze                                                               495.70
# Levelize                                                              495.70
# End of LevelAssign mode=I, 3 Levels, 10 Comps, limit=30000            495.70
# Nets                                                                  495.70
# Place                                                                 495.70
# PlaceNets                                                             495.70
# SpaceY                                                                495.70
# Track                                                                 495.70
# SpaceX                                                                495.70
# Wire                                                                  495.70
# End of Wire: 0 nets, 0 ch, wire: 0-->0 (0 with wbits)                 495.70
# End of doGenerate                                                     495.70
# Analyze                                                               495.70
# Levelize                                                              495.70
# End of LevelAssign mode=I, 3 Levels, 10 Comps, limit=30000            495.70
# Nets                                                                  495.70
# Place                                                                 495.70
# PlaceNets                                                             495.70
# SpaceY                                                                495.70
# Track                                                                 495.70
# SpaceX                                                                495.70
# Wire                                                                  495.70
# End of Wire: 0 nets, 0 ch, wire: 0-->0 (0 with wbits)                 495.70
# End of doGenerate                                                     495.70
# Analyze                                                               495.70
# Levelize                                                              495.70
# End of LevelAssign mode=I, 3 Levels, 10 Comps, limit=30000            495.70
# Nets                                                                  495.70
# Place                                                                 495.70
# PlaceNets                                                             495.70
# SpaceY                                                                495.70
# Track                                                                 495.70
# SpaceX                                                                495.70
# Wire                                                                  495.70
# End of Wire: 0 nets, 0 ch, wire: 0-->0 (0 with wbits)                 495.70
# End of doGenerate                                                     495.70
# Analyze                                                               495.70
# Levelize                                                              495.70
# End of LevelAssign mode=I, 3 Levels, 21 Comps, limit=30000            495.70
# Nets                                                                  495.70
# Place                                                                 495.70
# PlaceNets                                                             495.70
# SpaceY                                                                495.70
# Track                                                                 495.70
# SpaceX                                                                495.70
# Wire                                                                  495.70
# End of Wire: 1 nets, 1 ch, wire: 4-->4 (0 with wbits)                 495.70
# End of doGenerate                                                     495.70
# End of Generating Regions for Page 1                                  495.70
scrollpos -19 805
zoom -x 0 -y 0 0.6
scrollpos -14 604
#R 0.6
#CMD scrollpos 0 0
scrollpos 0 0
selection -itemized {inst GT.X1Y11}
center_objects -itemized {inst GT.X1Y11}
scrollpos -63 362
module new gtmodule
#  * Current module is gtmodule 
load symbol QUAD_X0 v HIERBOX port a0 in port a1 in port a2 in port a3 in port QPLL0 in port QPLL1 in port RECCLK_clk0 out port RECCLK_clk1 out
load symbol QUAD_X1 v HIERBOX port a0 out port a1 out port a2 out port a3 out port QPLL0 out port QPLL1 out port RECCLK_clk0 in port RECCLK_clk1 in
load symbol CPLL_X0 syn BOX port A in port B out text CPLL -cc 25 0 12
load symbol CPLL_X1 syn BOX port A out port B in text CPLL -cc 25 0 12
load symbol QPLL0_X0 syn BOX port A in port B out text QPLL0 -cc 25 0 12
load symbol QPLL0_X1 syn BOX port A out port B in text QPLL0 -cc 25 0 12
load symbol QPLL1_X0 syn BOX port A in port B out text QPLL1 -cc 25 0 12
load symbol QPLL1_X1 syn BOX port A out port B in text QPLL1 -cc 25 0 12
load inst QuadX0Y4 QUAD_X0 v -pg 1 -y 1 -x 2000 -autohide -attr @cell QuadX0Y4 -attr @name {} -attr @fillcolor #d9d9d9
attribute {pin QuadX0Y4 QPLL0 } -attr @name {}
attribute {hierPin QuadX0Y4 QPLL0 } -attr @name {}
attribute {pin QuadX0Y4 QPLL1 } -attr @name {}
attribute {hierPin QuadX0Y4 QPLL1 } -attr @name {}
attribute {pin QuadX0Y4 a0 } -attr @name {}
attribute {hierPin QuadX0Y4 a0 } -attr @name {}
attribute {pin QuadX0Y4 a1 } -attr @name {}
attribute {hierPin QuadX0Y4 a1 } -attr @name {}
attribute {pin QuadX0Y4 a2 } -attr @name {}
attribute {hierPin QuadX0Y4 a2 } -attr @name {}
attribute {pin QuadX0Y4 a3 } -attr @name {}
attribute {hierPin QuadX0Y4 a3 } -attr @name {}
attribute {pin QuadX0Y4 RECCLK_clk0 } -attr @name {}
attribute {hierPin QuadX0Y4 RECCLK_clk0 } -attr @name {}
attribute {pin QuadX0Y4 RECCLK_clk1 } -attr @name {}
attribute {hierPin QuadX0Y4 RECCLK_clk1 } -attr @name {}
load inst cpll.X0Y19 CPLL_X0 syn -hier QuadX0Y4 -pg 1 -y 2 -x 1 -autohide -attr @name {} -attr @cell {}
attribute {pin cpll.X0Y19 A} -attr @name {}
attribute {pin cpll.X0Y19 B} -attr @name {}
attribute {inst cpll.X0Y19} -attr @fillcolor #00868b
load symbol X0Y19 syn HIERGEN port TX in port RX in port RXRECCLK out
load inst GT.X0Y19 X0Y19 syn -hier QuadX0Y4 -pg 1 -y 2 -x 2000 -autohide -attr @name {}
attribute {inst GT.X0Y19} -attr @fillcolor #7a7a7a
load inst cpll.X0Y18 CPLL_X0 syn -hier QuadX0Y4 -pg 1 -y 87 -x 1 -autohide -attr @name {} -attr @cell {}
attribute {pin cpll.X0Y18 A} -attr @name {}
attribute {pin cpll.X0Y18 B} -attr @name {}
attribute {inst cpll.X0Y18} -attr @fillcolor #00868b
load symbol X0Y18 syn HIERGEN port TX in port RX in port RXRECCLK out
load inst GT.X0Y18 X0Y18 syn -hier QuadX0Y4 -pg 1 -y 87 -x 2000 -autohide -attr @name {}
attribute {inst GT.X0Y18} -attr @fillcolor #7a7a7a
load inst QPLL0.QuadX0Y4 QPLL0_X0 syn -hier QuadX0Y4 -pg 1 -y 172 -x 1 -autohide -attr @name {} -attr @cell {}
attribute {pin QPLL0.QuadX0Y4 A} -attr @name {}
attribute {pin QPLL0.QuadX0Y4 B} -attr @name {}
attribute {inst QPLL0.QuadX0Y4} -attr @fillcolor #00868b
load inst QPLL1.QuadX0Y4 QPLL1_X0 syn -hier QuadX0Y4 -pg 1 -y 257 -x 1 -autohide -attr @name {} -attr @cell {}
attribute {pin QPLL1.QuadX0Y4 A} -attr @name {}
attribute {pin QPLL1.QuadX0Y4 B} -attr @name {}
attribute {inst QPLL1.QuadX0Y4} -attr @fillcolor #00868b
load inst cpll.X0Y17 CPLL_X0 syn -hier QuadX0Y4 -pg 1 -y 342 -x 1 -autohide -attr @name {} -attr @cell {}
attribute {pin cpll.X0Y17 A} -attr @name {}
attribute {pin cpll.X0Y17 B} -attr @name {}
attribute {inst cpll.X0Y17} -attr @fillcolor #00868b
load symbol X0Y17 syn HIERGEN port TX in port RX in port RXRECCLK out
load inst GT.X0Y17 X0Y17 syn -hier QuadX0Y4 -pg 1 -y 342 -x 2000 -autohide -attr @name {}
attribute {inst GT.X0Y17} -attr @fillcolor #7a7a7a
load inst cpll.X0Y16 CPLL_X0 syn -hier QuadX0Y4 -pg 1 -y 427 -x 1 -autohide -attr @name {} -attr @cell {}
attribute {pin cpll.X0Y16 A} -attr @name {}
attribute {pin cpll.X0Y16 B} -attr @name {}
attribute {inst cpll.X0Y16} -attr @fillcolor #00868b
load symbol X0Y16 syn HIERGEN port TX in port RX in port RXRECCLK out
load inst GT.X0Y16 X0Y16 syn -hier QuadX0Y4 -pg 1 -y 427 -x 2000 -autohide -attr @name {}
attribute {inst GT.X0Y16} -attr @fillcolor #7a7a7a
load port QuadX0Y4_clk0 in -pg 1 -y 141 -x 1 -attr @fillcolor #3a5fcd
load port QuadX0Y4_clk1 in -pg 1 -y 311 -x 1 -attr @fillcolor #3a5fcd
load inst QuadX0Y3 QUAD_X0 v -pg 1 -y 563 -x 2000 -autohide -attr @cell QuadX0Y3 -attr @name {} -attr @fillcolor #d9d9d9
attribute {pin QuadX0Y3 QPLL0 } -attr @name {}
attribute {hierPin QuadX0Y3 QPLL0 } -attr @name {}
attribute {pin QuadX0Y3 QPLL1 } -attr @name {}
attribute {hierPin QuadX0Y3 QPLL1 } -attr @name {}
attribute {pin QuadX0Y3 a0 } -attr @name {}
attribute {hierPin QuadX0Y3 a0 } -attr @name {}
attribute {pin QuadX0Y3 a1 } -attr @name {}
attribute {hierPin QuadX0Y3 a1 } -attr @name {}
attribute {pin QuadX0Y3 a2 } -attr @name {}
attribute {hierPin QuadX0Y3 a2 } -attr @name {}
attribute {pin QuadX0Y3 a3 } -attr @name {}
attribute {hierPin QuadX0Y3 a3 } -attr @name {}
attribute {pin QuadX0Y3 RECCLK_clk0 } -attr @name {}
attribute {hierPin QuadX0Y3 RECCLK_clk0 } -attr @name {}
attribute {pin QuadX0Y3 RECCLK_clk1 } -attr @name {}
attribute {hierPin QuadX0Y3 RECCLK_clk1 } -attr @name {}
load inst cpll.X0Y15 CPLL_X0 syn -hier QuadX0Y3 -pg 1 -y 564 -x 1 -autohide -attr @name {} -attr @cell {}
attribute {pin cpll.X0Y15 A} -attr @name {}
attribute {pin cpll.X0Y15 B} -attr @name {}
attribute {inst cpll.X0Y15} -attr @fillcolor #00868b
load symbol X0Y15 syn HIERGEN port TX in port RX in port RXRECCLK out
load inst GT.X0Y15 X0Y15 syn -hier QuadX0Y3 -pg 1 -y 564 -x 2000 -autohide -attr @name {}
attribute {inst GT.X0Y15} -attr @fillcolor #7a7a7a
load inst cpll.X0Y14 CPLL_X0 syn -hier QuadX0Y3 -pg 1 -y 649 -x 1 -autohide -attr @name {} -attr @cell {}
attribute {pin cpll.X0Y14 A} -attr @name {}
attribute {pin cpll.X0Y14 B} -attr @name {}
attribute {inst cpll.X0Y14} -attr @fillcolor #00868b
load symbol X0Y14 syn HIERGEN port TX in port RX in port RXRECCLK out
load inst GT.X0Y14 X0Y14 syn -hier QuadX0Y3 -pg 1 -y 649 -x 2000 -autohide -attr @name {}
attribute {inst GT.X0Y14} -attr @fillcolor #7a7a7a
load inst QPLL0.QuadX0Y3 QPLL0_X0 syn -hier QuadX0Y3 -pg 1 -y 734 -x 1 -autohide -attr @name {} -attr @cell {}
attribute {pin QPLL0.QuadX0Y3 A} -attr @name {}
attribute {pin QPLL0.QuadX0Y3 B} -attr @name {}
attribute {inst QPLL0.QuadX0Y3} -attr @fillcolor #00868b
load inst QPLL1.QuadX0Y3 QPLL1_X0 syn -hier QuadX0Y3 -pg 1 -y 819 -x 1 -autohide -attr @name {} -attr @cell {}
attribute {pin QPLL1.QuadX0Y3 A} -attr @name {}
attribute {pin QPLL1.QuadX0Y3 B} -attr @name {}
attribute {inst QPLL1.QuadX0Y3} -attr @fillcolor #00868b
load inst cpll.X0Y13 CPLL_X0 syn -hier QuadX0Y3 -pg 1 -y 904 -x 1 -autohide -attr @name {} -attr @cell {}
attribute {pin cpll.X0Y13 A} -attr @name {}
attribute {pin cpll.X0Y13 B} -attr @name {}
attribute {inst cpll.X0Y13} -attr @fillcolor #00868b
load symbol X0Y13 syn HIERGEN port TX in port RX in port RXRECCLK out
load inst GT.X0Y13 X0Y13 syn -hier QuadX0Y3 -pg 1 -y 904 -x 2000 -autohide -attr @name {}
attribute {inst GT.X0Y13} -attr @fillcolor #7a7a7a
load inst cpll.X0Y12 CPLL_X0 syn -hier QuadX0Y3 -pg 1 -y 989 -x 1 -autohide -attr @name {} -attr @cell {}
attribute {pin cpll.X0Y12 A} -attr @name {}
attribute {pin cpll.X0Y12 B} -attr @name {}
attribute {inst cpll.X0Y12} -attr @fillcolor #00868b
load symbol X0Y12 syn HIERGEN port TX in port RX in port RXRECCLK out
load inst GT.X0Y12 X0Y12 syn -hier QuadX0Y3 -pg 1 -y 989 -x 2000 -autohide -attr @name {}
attribute {inst GT.X0Y12} -attr @fillcolor #7a7a7a
load port QuadX0Y3_clk0 in -pg 1 -y 703 -x 1 -attr @fillcolor #3a5fcd
load port QuadX0Y3_clk1 in -pg 1 -y 873 -x 1 -attr @fillcolor #3a5fcd
load inst QuadX1Y4 QUAD_X1 v -pg 1 -y 1 -x 12000 -autohide -attr @cell QuadX1Y4 -attr @name {} -attr @fillcolor #d9d9d9
attribute {pin QuadX1Y4 QPLL0 } -attr @name {}
attribute {hierPin QuadX1Y4 QPLL0 } -attr @name {}
attribute {pin QuadX1Y4 QPLL1 } -attr @name {}
attribute {hierPin QuadX1Y4 QPLL1 } -attr @name {}
attribute {pin QuadX1Y4 a0 } -attr @name {}
attribute {hierPin QuadX1Y4 a0 } -attr @name {}
attribute {pin QuadX1Y4 a1 } -attr @name {}
attribute {hierPin QuadX1Y4 a1 } -attr @name {}
attribute {pin QuadX1Y4 a2 } -attr @name {}
attribute {hierPin QuadX1Y4 a2 } -attr @name {}
attribute {pin QuadX1Y4 a3 } -attr @name {}
attribute {hierPin QuadX1Y4 a3 } -attr @name {}
attribute {pin QuadX1Y4 RECCLK_clk0 } -attr @name {}
attribute {hierPin QuadX1Y4 RECCLK_clk0 } -attr @name {}
attribute {pin QuadX1Y4 RECCLK_clk1 } -attr @name {}
attribute {hierPin QuadX1Y4 RECCLK_clk1 } -attr @name {}
load inst cpll.X1Y19 CPLL_X1 syn -hier QuadX1Y4 -pg 1 -y 2 -x 12001 -autohide -attr @name {} -attr @cell {}
attribute {pin cpll.X1Y19 A} -attr @name {}
attribute {pin cpll.X1Y19 B} -attr @name {}
attribute {inst cpll.X1Y19} -attr @fillcolor #00868b
load symbol X1Y19 syn HIERGEN port TX out port RX out port RXRECCLK in
load inst GT.X1Y19 X1Y19 syn -hier QuadX1Y4 -pg 1 -y 2 -x 12000 -autohide -attr @name {}
attribute {inst GT.X1Y19} -attr @fillcolor #7a7a7a
load inst cpll.X1Y18 CPLL_X1 syn -hier QuadX1Y4 -pg 1 -y 87 -x 12001 -autohide -attr @name {} -attr @cell {}
attribute {pin cpll.X1Y18 A} -attr @name {}
attribute {pin cpll.X1Y18 B} -attr @name {}
attribute {inst cpll.X1Y18} -attr @fillcolor #00868b
load symbol X1Y18 syn HIERGEN port TX out port RX out port RXRECCLK in
load inst GT.X1Y18 X1Y18 syn -hier QuadX1Y4 -pg 1 -y 87 -x 12000 -autohide -attr @name {}
attribute {inst GT.X1Y18} -attr @fillcolor #7a7a7a
load inst QPLL0.QuadX1Y4 QPLL0_X1 syn -hier QuadX1Y4 -pg 1 -y 172 -x 12001 -autohide -attr @name {} -attr @cell {}
attribute {pin QPLL0.QuadX1Y4 A} -attr @name {}
attribute {pin QPLL0.QuadX1Y4 B} -attr @name {}
attribute {inst QPLL0.QuadX1Y4} -attr @fillcolor #00868b
load inst QPLL1.QuadX1Y4 QPLL1_X1 syn -hier QuadX1Y4 -pg 1 -y 257 -x 12001 -autohide -attr @name {} -attr @cell {}
attribute {pin QPLL1.QuadX1Y4 A} -attr @name {}
attribute {pin QPLL1.QuadX1Y4 B} -attr @name {}
attribute {inst QPLL1.QuadX1Y4} -attr @fillcolor #00868b
load inst cpll.X1Y17 CPLL_X1 syn -hier QuadX1Y4 -pg 1 -y 342 -x 12001 -autohide -attr @name {} -attr @cell {}
attribute {pin cpll.X1Y17 A} -attr @name {}
attribute {pin cpll.X1Y17 B} -attr @name {}
attribute {inst cpll.X1Y17} -attr @fillcolor #00868b
load symbol X1Y17 syn HIERGEN port TX out port RX out port RXRECCLK in
load inst GT.X1Y17 X1Y17 syn -hier QuadX1Y4 -pg 1 -y 342 -x 12000 -autohide -attr @name {}
attribute {inst GT.X1Y17} -attr @fillcolor #7a7a7a
load inst cpll.X1Y16 CPLL_X1 syn -hier QuadX1Y4 -pg 1 -y 427 -x 12001 -autohide -attr @name {} -attr @cell {}
attribute {pin cpll.X1Y16 A} -attr @name {}
attribute {pin cpll.X1Y16 B} -attr @name {}
attribute {inst cpll.X1Y16} -attr @fillcolor #00868b
load symbol X1Y16 syn HIERGEN port TX out port RX out port RXRECCLK in
load inst GT.X1Y16 X1Y16 syn -hier QuadX1Y4 -pg 1 -y 427 -x 12000 -autohide -attr @name {}
attribute {inst GT.X1Y16} -attr @fillcolor #7a7a7a
load port QuadX1Y4_clk0 out -pg 1 -y 141 -x 12001 -attr @fillcolor #3a5fcd
load port QuadX1Y4_clk1 out -pg 1 -y 311 -x 12001 -attr @fillcolor #3a5fcd
load inst QuadX1Y3 QUAD_X1 v -pg 1 -y 563 -x 12000 -autohide -attr @cell QuadX1Y3 -attr @name {} -attr @fillcolor #d9d9d9
attribute {pin QuadX1Y3 QPLL0 } -attr @name {}
attribute {hierPin QuadX1Y3 QPLL0 } -attr @name {}
attribute {pin QuadX1Y3 QPLL1 } -attr @name {}
attribute {hierPin QuadX1Y3 QPLL1 } -attr @name {}
attribute {pin QuadX1Y3 a0 } -attr @name {}
attribute {hierPin QuadX1Y3 a0 } -attr @name {}
attribute {pin QuadX1Y3 a1 } -attr @name {}
attribute {hierPin QuadX1Y3 a1 } -attr @name {}
attribute {pin QuadX1Y3 a2 } -attr @name {}
attribute {hierPin QuadX1Y3 a2 } -attr @name {}
attribute {pin QuadX1Y3 a3 } -attr @name {}
attribute {hierPin QuadX1Y3 a3 } -attr @name {}
attribute {pin QuadX1Y3 RECCLK_clk0 } -attr @name {}
attribute {hierPin QuadX1Y3 RECCLK_clk0 } -attr @name {}
attribute {pin QuadX1Y3 RECCLK_clk1 } -attr @name {}
attribute {hierPin QuadX1Y3 RECCLK_clk1 } -attr @name {}
load inst cpll.X1Y15 CPLL_X1 syn -hier QuadX1Y3 -pg 1 -y 564 -x 12001 -autohide -attr @name {} -attr @cell {}
attribute {pin cpll.X1Y15 A} -attr @name {}
attribute {pin cpll.X1Y15 B} -attr @name {}
attribute {inst cpll.X1Y15} -attr @fillcolor #00868b
load symbol X1Y15 syn HIERGEN port TX out port RX out port RXRECCLK in
load inst GT.X1Y15 X1Y15 syn -hier QuadX1Y3 -pg 1 -y 564 -x 12000 -autohide -attr @name {}
attribute {inst GT.X1Y15} -attr @fillcolor #7a7a7a
load inst cpll.X1Y14 CPLL_X1 syn -hier QuadX1Y3 -pg 1 -y 649 -x 12001 -autohide -attr @name {} -attr @cell {}
attribute {pin cpll.X1Y14 A} -attr @name {}
attribute {pin cpll.X1Y14 B} -attr @name {}
attribute {inst cpll.X1Y14} -attr @fillcolor #00868b
load symbol X1Y14 syn HIERGEN port TX out port RX out port RXRECCLK in
load inst GT.X1Y14 X1Y14 syn -hier QuadX1Y3 -pg 1 -y 649 -x 12000 -autohide -attr @name {}
attribute {inst GT.X1Y14} -attr @fillcolor #7a7a7a
load inst QPLL0.QuadX1Y3 QPLL0_X1 syn -hier QuadX1Y3 -pg 1 -y 734 -x 12001 -autohide -attr @name {} -attr @cell {}
attribute {pin QPLL0.QuadX1Y3 A} -attr @name {}
attribute {pin QPLL0.QuadX1Y3 B} -attr @name {}
attribute {inst QPLL0.QuadX1Y3} -attr @fillcolor #00868b
load inst QPLL1.QuadX1Y3 QPLL1_X1 syn -hier QuadX1Y3 -pg 1 -y 819 -x 12001 -autohide -attr @name {} -attr @cell {}
attribute {pin QPLL1.QuadX1Y3 A} -attr @name {}
attribute {pin QPLL1.QuadX1Y3 B} -attr @name {}
attribute {inst QPLL1.QuadX1Y3} -attr @fillcolor #00868b
load inst cpll.X1Y13 CPLL_X1 syn -hier QuadX1Y3 -pg 1 -y 904 -x 12001 -autohide -attr @name {} -attr @cell {}
attribute {pin cpll.X1Y13 A} -attr @name {}
attribute {pin cpll.X1Y13 B} -attr @name {}
attribute {inst cpll.X1Y13} -attr @fillcolor #00868b
load symbol X1Y13 syn HIERGEN port TX out port RX out port RXRECCLK in
load inst GT.X1Y13 X1Y13 syn -hier QuadX1Y3 -pg 1 -y 904 -x 12000 -autohide -attr @name {}
attribute {inst GT.X1Y13} -attr @fillcolor #7a7a7a
load inst cpll.X1Y12 CPLL_X1 syn -hier QuadX1Y3 -pg 1 -y 989 -x 12001 -autohide -attr @name {} -attr @cell {}
attribute {pin cpll.X1Y12 A} -attr @name {}
attribute {pin cpll.X1Y12 B} -attr @name {}
attribute {inst cpll.X1Y12} -attr @fillcolor #00868b
load symbol X1Y12 syn HIERGEN port TX out port RX out port RXRECCLK in
load inst GT.X1Y12 X1Y12 syn -hier QuadX1Y3 -pg 1 -y 989 -x 12000 -autohide -attr @name {}
attribute {inst GT.X1Y12} -attr @fillcolor #7a7a7a
load port QuadX1Y3_clk0 out -pg 1 -y 703 -x 12001 -attr @fillcolor #3a5fcd
load port QuadX1Y3_clk1 out -pg 1 -y 873 -x 12001 -attr @fillcolor #3a5fcd
load inst QuadX1Y2 QUAD_X1 v -pg 1 -y 1125 -x 12000 -autohide -attr @cell QuadX1Y2 -attr @name {} -attr @fillcolor #d9d9d9
attribute {pin QuadX1Y2 QPLL0 } -attr @name {}
attribute {hierPin QuadX1Y2 QPLL0 } -attr @name {}
attribute {pin QuadX1Y2 QPLL1 } -attr @name {}
attribute {hierPin QuadX1Y2 QPLL1 } -attr @name {}
attribute {pin QuadX1Y2 a0 } -attr @name {}
attribute {hierPin QuadX1Y2 a0 } -attr @name {}
attribute {pin QuadX1Y2 a1 } -attr @name {}
attribute {hierPin QuadX1Y2 a1 } -attr @name {}
attribute {pin QuadX1Y2 a2 } -attr @name {}
attribute {hierPin QuadX1Y2 a2 } -attr @name {}
attribute {pin QuadX1Y2 a3 } -attr @name {}
attribute {hierPin QuadX1Y2 a3 } -attr @name {}
attribute {pin QuadX1Y2 RECCLK_clk0 } -attr @name {}
attribute {hierPin QuadX1Y2 RECCLK_clk0 } -attr @name {}
attribute {pin QuadX1Y2 RECCLK_clk1 } -attr @name {}
attribute {hierPin QuadX1Y2 RECCLK_clk1 } -attr @name {}
load inst cpll.X1Y11 CPLL_X1 syn -hier QuadX1Y2 -pg 1 -y 1126 -x 12001 -autohide -attr @name {} -attr @cell {}
attribute {pin cpll.X1Y11 A} -attr @name {}
attribute {pin cpll.X1Y11 B} -attr @name {}
attribute {inst cpll.X1Y11} -attr @fillcolor #00868b
load symbol X1Y11 syn HIERGEN port TX out port RX out port RXRECCLK in
load inst GT.X1Y11 X1Y11 syn -hier QuadX1Y2 -pg 1 -y 1126 -x 12000 -autohide -attr @name {}
attribute {inst GT.X1Y11} -attr @fillcolor #7a7a7a
load inst cpll.X1Y10 CPLL_X1 syn -hier QuadX1Y2 -pg 1 -y 1211 -x 12001 -autohide -attr @name {} -attr @cell {}
attribute {pin cpll.X1Y10 A} -attr @name {}
attribute {pin cpll.X1Y10 B} -attr @name {}
attribute {inst cpll.X1Y10} -attr @fillcolor #00868b
load symbol X1Y10 syn HIERGEN port TX out port RX out port RXRECCLK in
load inst GT.X1Y10 X1Y10 syn -hier QuadX1Y2 -pg 1 -y 1211 -x 12000 -autohide -attr @name {}
attribute {inst GT.X1Y10} -attr @fillcolor #7a7a7a
load inst QPLL0.QuadX1Y2 QPLL0_X1 syn -hier QuadX1Y2 -pg 1 -y 1296 -x 12001 -autohide -attr @name {} -attr @cell {}
attribute {pin QPLL0.QuadX1Y2 A} -attr @name {}
attribute {pin QPLL0.QuadX1Y2 B} -attr @name {}
attribute {inst QPLL0.QuadX1Y2} -attr @fillcolor #00868b
load inst QPLL1.QuadX1Y2 QPLL1_X1 syn -hier QuadX1Y2 -pg 1 -y 1381 -x 12001 -autohide -attr @name {} -attr @cell {}
attribute {pin QPLL1.QuadX1Y2 A} -attr @name {}
attribute {pin QPLL1.QuadX1Y2 B} -attr @name {}
attribute {inst QPLL1.QuadX1Y2} -attr @fillcolor #00868b
load inst cpll.X1Y9 CPLL_X1 syn -hier QuadX1Y2 -pg 1 -y 1466 -x 12001 -autohide -attr @name {} -attr @cell {}
attribute {pin cpll.X1Y9 A} -attr @name {}
attribute {pin cpll.X1Y9 B} -attr @name {}
attribute {inst cpll.X1Y9} -attr @fillcolor #00868b
load symbol X1Y9 syn HIERGEN port TX out port RX out port RXRECCLK in
load inst GT.X1Y9 X1Y9 syn -hier QuadX1Y2 -pg 1 -y 1466 -x 12000 -autohide -attr @name {}
attribute {inst GT.X1Y9} -attr @fillcolor #7a7a7a
load inst cpll.X1Y8 CPLL_X1 syn -hier QuadX1Y2 -pg 1 -y 1551 -x 12001 -autohide -attr @name {} -attr @cell {}
attribute {pin cpll.X1Y8 A} -attr @name {}
attribute {pin cpll.X1Y8 B} -attr @name {}
attribute {inst cpll.X1Y8} -attr @fillcolor #00868b
load symbol X1Y8 syn HIERGEN port TX out port RX out port RXRECCLK in
load inst GT.X1Y8 X1Y8 syn -hier QuadX1Y2 -pg 1 -y 1551 -x 12000 -autohide -attr @name {}
attribute {inst GT.X1Y8} -attr @fillcolor #7a7a7a
load port QuadX1Y2_clk0 out -pg 1 -y 1265 -x 12001 -attr @fillcolor #3a5fcd
load port QuadX1Y2_clk1 out -pg 1 -y 1435 -x 12001 -attr @fillcolor #3a5fcd
load inst QuadX1Y1 QUAD_X1 v -pg 1 -y 1687 -x 12000 -autohide -attr @cell QuadX1Y1 -attr @name {} -attr @fillcolor #d9d9d9
attribute {pin QuadX1Y1 QPLL0 } -attr @name {}
attribute {hierPin QuadX1Y1 QPLL0 } -attr @name {}
attribute {pin QuadX1Y1 QPLL1 } -attr @name {}
attribute {hierPin QuadX1Y1 QPLL1 } -attr @name {}
attribute {pin QuadX1Y1 a0 } -attr @name {}
attribute {hierPin QuadX1Y1 a0 } -attr @name {}
attribute {pin QuadX1Y1 a1 } -attr @name {}
attribute {hierPin QuadX1Y1 a1 } -attr @name {}
attribute {pin QuadX1Y1 a2 } -attr @name {}
attribute {hierPin QuadX1Y1 a2 } -attr @name {}
attribute {pin QuadX1Y1 a3 } -attr @name {}
attribute {hierPin QuadX1Y1 a3 } -attr @name {}
attribute {pin QuadX1Y1 RECCLK_clk0 } -attr @name {}
attribute {hierPin QuadX1Y1 RECCLK_clk0 } -attr @name {}
attribute {pin QuadX1Y1 RECCLK_clk1 } -attr @name {}
attribute {hierPin QuadX1Y1 RECCLK_clk1 } -attr @name {}
load inst cpll.X1Y7 CPLL_X1 syn -hier QuadX1Y1 -pg 1 -y 1688 -x 12001 -autohide -attr @name {} -attr @cell {}
attribute {pin cpll.X1Y7 A} -attr @name {}
attribute {pin cpll.X1Y7 B} -attr @name {}
attribute {inst cpll.X1Y7} -attr @fillcolor #00868b
load symbol X1Y7 syn HIERGEN port TX out port RX out port RXRECCLK in
load inst GT.X1Y7 X1Y7 syn -hier QuadX1Y1 -pg 1 -y 1688 -x 12000 -autohide -attr @name {}
attribute {inst GT.X1Y7} -attr @fillcolor #7a7a7a
load inst cpll.X1Y6 CPLL_X1 syn -hier QuadX1Y1 -pg 1 -y 1773 -x 12001 -autohide -attr @name {} -attr @cell {}
attribute {pin cpll.X1Y6 A} -attr @name {}
attribute {pin cpll.X1Y6 B} -attr @name {}
attribute {inst cpll.X1Y6} -attr @fillcolor #00868b
load symbol X1Y6 syn HIERGEN port TX out port RX out port RXRECCLK in
load inst GT.X1Y6 X1Y6 syn -hier QuadX1Y1 -pg 1 -y 1773 -x 12000 -autohide -attr @name {}
attribute {inst GT.X1Y6} -attr @fillcolor #7a7a7a
load inst QPLL0.QuadX1Y1 QPLL0_X1 syn -hier QuadX1Y1 -pg 1 -y 1858 -x 12001 -autohide -attr @name {} -attr @cell {}
attribute {pin QPLL0.QuadX1Y1 A} -attr @name {}
attribute {pin QPLL0.QuadX1Y1 B} -attr @name {}
attribute {inst QPLL0.QuadX1Y1} -attr @fillcolor #00868b
load inst QPLL1.QuadX1Y1 QPLL1_X1 syn -hier QuadX1Y1 -pg 1 -y 1943 -x 12001 -autohide -attr @name {} -attr @cell {}
attribute {pin QPLL1.QuadX1Y1 A} -attr @name {}
attribute {pin QPLL1.QuadX1Y1 B} -attr @name {}
attribute {inst QPLL1.QuadX1Y1} -attr @fillcolor #00868b
load inst cpll.X1Y5 CPLL_X1 syn -hier QuadX1Y1 -pg 1 -y 2028 -x 12001 -autohide -attr @name {} -attr @cell {}
attribute {pin cpll.X1Y5 A} -attr @name {}
attribute {pin cpll.X1Y5 B} -attr @name {}
attribute {inst cpll.X1Y5} -attr @fillcolor #00868b
load symbol X1Y5 syn HIERGEN port TX out port RX out port RXRECCLK in
load inst GT.X1Y5 X1Y5 syn -hier QuadX1Y1 -pg 1 -y 2028 -x 12000 -autohide -attr @name {}
attribute {inst GT.X1Y5} -attr @fillcolor #7a7a7a
load inst cpll.X1Y4 CPLL_X1 syn -hier QuadX1Y1 -pg 1 -y 2113 -x 12001 -autohide -attr @name {} -attr @cell {}
attribute {pin cpll.X1Y4 A} -attr @name {}
attribute {pin cpll.X1Y4 B} -attr @name {}
attribute {inst cpll.X1Y4} -attr @fillcolor #00868b
load symbol X1Y4 syn HIERGEN port TX out port RX out port RXRECCLK in
load inst GT.X1Y4 X1Y4 syn -hier QuadX1Y1 -pg 1 -y 2113 -x 12000 -autohide -attr @name {}
attribute {inst GT.X1Y4} -attr @fillcolor #7a7a7a
load port QuadX1Y1_clk0 out -pg 1 -y 1827 -x 12001 -attr @fillcolor #3a5fcd
load port QuadX1Y1_clk1 out -pg 1 -y 1997 -x 12001 -attr @fillcolor #3a5fcd
load inst QuadX1Y0 QUAD_X1 v -pg 1 -y 2249 -x 12000 -autohide -attr @cell QuadX1Y0 -attr @name {} -attr @fillcolor #d9d9d9
attribute {pin QuadX1Y0 QPLL0 } -attr @name {}
attribute {hierPin QuadX1Y0 QPLL0 } -attr @name {}
attribute {pin QuadX1Y0 QPLL1 } -attr @name {}
attribute {hierPin QuadX1Y0 QPLL1 } -attr @name {}
attribute {pin QuadX1Y0 a0 } -attr @name {}
attribute {hierPin QuadX1Y0 a0 } -attr @name {}
attribute {pin QuadX1Y0 a1 } -attr @name {}
attribute {hierPin QuadX1Y0 a1 } -attr @name {}
attribute {pin QuadX1Y0 a2 } -attr @name {}
attribute {hierPin QuadX1Y0 a2 } -attr @name {}
attribute {pin QuadX1Y0 a3 } -attr @name {}
attribute {hierPin QuadX1Y0 a3 } -attr @name {}
attribute {pin QuadX1Y0 RECCLK_clk0 } -attr @name {}
attribute {hierPin QuadX1Y0 RECCLK_clk0 } -attr @name {}
attribute {pin QuadX1Y0 RECCLK_clk1 } -attr @name {}
attribute {hierPin QuadX1Y0 RECCLK_clk1 } -attr @name {}
load inst cpll.X1Y3 CPLL_X1 syn -hier QuadX1Y0 -pg 1 -y 2250 -x 12001 -autohide -attr @name {} -attr @cell {}
attribute {pin cpll.X1Y3 A} -attr @name {}
attribute {pin cpll.X1Y3 B} -attr @name {}
attribute {inst cpll.X1Y3} -attr @fillcolor #00868b
load symbol X1Y3 syn HIERGEN port TX out port RX out port RXRECCLK in
load inst GT.X1Y3 X1Y3 syn -hier QuadX1Y0 -pg 1 -y 2250 -x 12000 -autohide -attr @name {}
attribute {inst GT.X1Y3} -attr @fillcolor #7a7a7a
load inst cpll.X1Y2 CPLL_X1 syn -hier QuadX1Y0 -pg 1 -y 2335 -x 12001 -autohide -attr @name {} -attr @cell {}
attribute {pin cpll.X1Y2 A} -attr @name {}
attribute {pin cpll.X1Y2 B} -attr @name {}
attribute {inst cpll.X1Y2} -attr @fillcolor #00868b
load symbol X1Y2 syn HIERGEN port TX out port RX out port RXRECCLK in
load inst GT.X1Y2 X1Y2 syn -hier QuadX1Y0 -pg 1 -y 2335 -x 12000 -autohide -attr @name {}
attribute {inst GT.X1Y2} -attr @fillcolor #7a7a7a
load inst QPLL0.QuadX1Y0 QPLL0_X1 syn -hier QuadX1Y0 -pg 1 -y 2420 -x 12001 -autohide -attr @name {} -attr @cell {}
attribute {pin QPLL0.QuadX1Y0 A} -attr @name {}
attribute {pin QPLL0.QuadX1Y0 B} -attr @name {}
attribute {inst QPLL0.QuadX1Y0} -attr @fillcolor #00868b
load inst QPLL1.QuadX1Y0 QPLL1_X1 syn -hier QuadX1Y0 -pg 1 -y 2505 -x 12001 -autohide -attr @name {} -attr @cell {}
attribute {pin QPLL1.QuadX1Y0 A} -attr @name {}
attribute {pin QPLL1.QuadX1Y0 B} -attr @name {}
attribute {inst QPLL1.QuadX1Y0} -attr @fillcolor #00868b
load inst cpll.X1Y1 CPLL_X1 syn -hier QuadX1Y0 -pg 1 -y 2590 -x 12001 -autohide -attr @name {} -attr @cell {}
attribute {pin cpll.X1Y1 A} -attr @name {}
attribute {pin cpll.X1Y1 B} -attr @name {}
attribute {inst cpll.X1Y1} -attr @fillcolor #00868b
load symbol X1Y1 syn HIERGEN port TX out port RX out port RXRECCLK in
load inst GT.X1Y1 X1Y1 syn -hier QuadX1Y0 -pg 1 -y 2590 -x 12000 -autohide -attr @name {}
attribute {inst GT.X1Y1} -attr @fillcolor #7a7a7a
load inst cpll.X1Y0 CPLL_X1 syn -hier QuadX1Y0 -pg 1 -y 2675 -x 12001 -autohide -attr @name {} -attr @cell {}
attribute {pin cpll.X1Y0 A} -attr @name {}
attribute {pin cpll.X1Y0 B} -attr @name {}
attribute {inst cpll.X1Y0} -attr @fillcolor #00868b
load symbol X1Y0 syn HIERGEN port TX out port RX out port RXRECCLK in
load inst GT.X1Y0 X1Y0 syn -hier QuadX1Y0 -pg 1 -y 2675 -x 12000 -autohide -attr @name {}
attribute {inst GT.X1Y0} -attr @fillcolor #7a7a7a
load port QuadX1Y0_clk0 out -pg 1 -y 2389 -x 12001 -attr @fillcolor #3a5fcd
load port QuadX1Y0_clk1 out -pg 1 -y 2559 -x 12001 -attr @fillcolor #3a5fcd
attribute {inst GT.X0Y19} -attr @fillcolor #7a7a7a
attribute {inst cpll.X0Y19} -attr @fillcolor #00868b
attribute {inst QPLL0.QuadX0Y4} -attr @fillcolor #00868b
attribute {inst QPLL1.QuadX0Y4} -attr @fillcolor #00868b
attribute {inst GT.X0Y18} -attr @fillcolor #7a7a7a
attribute {inst cpll.X0Y18} -attr @fillcolor #00868b
attribute {inst GT.X0Y17} -attr @fillcolor #7a7a7a
attribute {inst cpll.X0Y17} -attr @fillcolor #00868b
attribute {inst GT.X0Y16} -attr @fillcolor #7a7a7a
attribute {inst cpll.X0Y16} -attr @fillcolor #00868b
attribute {inst GT.X0Y15} -attr @fillcolor #7a7a7a
attribute {inst cpll.X0Y15} -attr @fillcolor #00868b
attribute {inst QPLL0.QuadX0Y3} -attr @fillcolor #00868b
attribute {inst QPLL1.QuadX0Y3} -attr @fillcolor #00868b
attribute {inst GT.X0Y14} -attr @fillcolor #7a7a7a
attribute {inst cpll.X0Y14} -attr @fillcolor #00868b
attribute {inst GT.X0Y13} -attr @fillcolor #7a7a7a
attribute {inst cpll.X0Y13} -attr @fillcolor #00868b
attribute {inst GT.X0Y12} -attr @fillcolor #7a7a7a
attribute {inst cpll.X0Y12} -attr @fillcolor #00868b
attribute {inst GT.X1Y19} -attr @fillcolor #7a7a7a
attribute {inst cpll.X1Y19} -attr @fillcolor #00868b
attribute {inst QPLL0.QuadX1Y4} -attr @fillcolor #00868b
attribute {inst QPLL1.QuadX1Y4} -attr @fillcolor #00868b
attribute {inst GT.X1Y18} -attr @fillcolor #7a7a7a
attribute {inst cpll.X1Y18} -attr @fillcolor #00868b
attribute {inst GT.X1Y17} -attr @fillcolor #7a7a7a
attribute {inst cpll.X1Y17} -attr @fillcolor #00868b
attribute {inst GT.X1Y16} -attr @fillcolor #7a7a7a
attribute {inst cpll.X1Y16} -attr @fillcolor #00868b
attribute {inst GT.X1Y15} -attr @fillcolor #7a7a7a
attribute {inst cpll.X1Y15} -attr @fillcolor #00868b
attribute {inst QPLL0.QuadX1Y3} -attr @fillcolor #00868b
attribute {inst QPLL1.QuadX1Y3} -attr @fillcolor #00868b
attribute {inst GT.X1Y14} -attr @fillcolor #7a7a7a
attribute {inst cpll.X1Y14} -attr @fillcolor #00868b
attribute {inst GT.X1Y13} -attr @fillcolor #7a7a7a
attribute {inst cpll.X1Y13} -attr @fillcolor #00868b
attribute {inst GT.X1Y12} -attr @fillcolor #7a7a7a
attribute {inst cpll.X1Y12} -attr @fillcolor #00868b
attribute {inst GT.X1Y11} -attr @fillcolor #7a7a7a
attribute {inst cpll.X1Y11} -attr @fillcolor #00868b
attribute {inst QPLL0.QuadX1Y2} -attr @fillcolor #00868b
attribute {inst QPLL1.QuadX1Y2} -attr @fillcolor #00868b
attribute {inst GT.X1Y10} -attr @fillcolor #7a7a7a
attribute {inst cpll.X1Y10} -attr @fillcolor #00868b
attribute {inst GT.X1Y9} -attr @fillcolor #7a7a7a
attribute {inst cpll.X1Y9} -attr @fillcolor #00868b
attribute {inst GT.X1Y8} -attr @fillcolor #7a7a7a
attribute {inst cpll.X1Y8} -attr @fillcolor #00868b
attribute {inst GT.X1Y7} -attr @fillcolor #7a7a7a
attribute {inst cpll.X1Y7} -attr @fillcolor #00868b
attribute {inst QPLL0.QuadX1Y1} -attr @fillcolor #00868b
attribute {inst QPLL1.QuadX1Y1} -attr @fillcolor #00868b
attribute {inst GT.X1Y6} -attr @fillcolor #7a7a7a
attribute {inst cpll.X1Y6} -attr @fillcolor #00868b
attribute {inst GT.X1Y5} -attr @fillcolor #7a7a7a
attribute {inst cpll.X1Y5} -attr @fillcolor #00868b
attribute {inst GT.X1Y4} -attr @fillcolor #7a7a7a
attribute {inst cpll.X1Y4} -attr @fillcolor #00868b
attribute {inst GT.X1Y3} -attr @fillcolor #7a7a7a
attribute {inst cpll.X1Y3} -attr @fillcolor #00868b
attribute {inst QPLL0.QuadX1Y0} -attr @fillcolor #00868b
attribute {inst QPLL1.QuadX1Y0} -attr @fillcolor #00868b
attribute {inst GT.X1Y2} -attr @fillcolor #7a7a7a
attribute {inst cpll.X1Y2} -attr @fillcolor #00868b
attribute {inst GT.X1Y1} -attr @fillcolor #7a7a7a
attribute {inst cpll.X1Y1} -attr @fillcolor #00868b
attribute {inst GT.X1Y0} -attr @fillcolor #7a7a7a
attribute {inst cpll.X1Y0} -attr @fillcolor #00868b
increment -const
load net net.clk.QuadX1Y2_clk0 -port QuadX1Y2_clk0 -pin QuadX1Y2 QPLL0
load net net.quad.QPLL0.QuadX1Y2 -hierPin QuadX1Y2 QPLL0 -pin QPLL0.QuadX1Y2 A
load net net.chan.QPLL0.QuadX1Y2 -pin QPLL0.QuadX1Y2 B -pin GT.X1Y11 TX
attribute {inst QPLL0.QuadX1Y2} -attr @fillcolor #cccc00
attribute {inst GT.X1Y11} -attr @fillcolor #cccc00
load net net.chan.QPLL0.QuadX1Y2 -pin QPLL0.QuadX1Y2 B -pin GT.X1Y10 TX
attribute {inst QPLL0.QuadX1Y2} -attr @fillcolor #cccc00
attribute {inst GT.X1Y10} -attr @fillcolor #cccc00
load net net.chan.QPLL0.QuadX1Y2 -pin QPLL0.QuadX1Y2 B -pin GT.X1Y9 TX
attribute {inst QPLL0.QuadX1Y2} -attr @fillcolor #cccc00
attribute {inst GT.X1Y9} -attr @fillcolor #cccc00
load net net.chan.QPLL0.QuadX1Y2 -pin QPLL0.QuadX1Y2 B -pin GT.X1Y8 TX
attribute {inst QPLL0.QuadX1Y2} -attr @fillcolor #cccc00
attribute {inst GT.X1Y8} -attr @fillcolor #cccc00
load net net.chan.QPLL0.QuadX1Y2 -pin QPLL0.QuadX1Y2 B -pin GT.X1Y11 RX
attribute {inst QPLL0.QuadX1Y2} -attr @fillcolor #cccc00
attribute {inst GT.X1Y11} -attr @fillcolor #cccc00
load net net.chan.QPLL0.QuadX1Y2 -pin QPLL0.QuadX1Y2 B -pin GT.X1Y10 RX
attribute {inst QPLL0.QuadX1Y2} -attr @fillcolor #cccc00
attribute {inst GT.X1Y10} -attr @fillcolor #cccc00
load net net.chan.QPLL0.QuadX1Y2 -pin QPLL0.QuadX1Y2 B -pin GT.X1Y9 RX
attribute {inst QPLL0.QuadX1Y2} -attr @fillcolor #cccc00
attribute {inst GT.X1Y9} -attr @fillcolor #cccc00
load net net.chan.QPLL0.QuadX1Y2 -pin QPLL0.QuadX1Y2 B -pin GT.X1Y8 RX
attribute {inst QPLL0.QuadX1Y2} -attr @fillcolor #cccc00
attribute {inst GT.X1Y8} -attr @fillcolor #cccc00
show
# Starting Split Pages                                                  496.81
# Split Pages 91 Comps, 3 Nets 0 NetBundles 0 CGraphics                 496.81
# KwayPart started for 91 comps, 3 nets                                 496.81
# Init done: 1 nodes (1 locked nodes), 0 edges                          496.81
# Startpart done: 1 parts                                               496.81
# KwayPart done                                                         496.81
# End of Split Pages: 1 pages                                           496.81
# End of Split Pages                                                    496.81
# Generating Regions for Page 1:   91 Comps,    3 Nets                  496.81
# Analyze                                                               496.81
# Levelize                                                              496.81
# End of LevelAssign mode=I, 3 Levels, 10 Comps, limit=30000            496.81
# Nets                                                                  496.81
# Place                                                                 496.81
# PlaceNets                                                             496.81
# SpaceY                                                                496.81
# Track                                                                 496.81
# SpaceX                                                                496.81
# Wire                                                                  496.81
# End of Wire: 0 nets, 0 ch, wire: 0-->0 (0 with wbits)                 496.81
# End of doGenerate                                                     496.81
# Analyze                                                               496.81
# Levelize                                                              496.81
# End of LevelAssign mode=I, 3 Levels, 10 Comps, limit=30000            496.81
# Nets                                                                  496.81
# Place                                                                 496.81
# PlaceNets                                                             496.81
# SpaceY                                                                496.81
# Track                                                                 496.81
# SpaceX                                                                496.81
# Wire                                                                  496.81
# End of Wire: 0 nets, 0 ch, wire: 0-->0 (0 with wbits)                 496.81
# End of doGenerate                                                     496.81
# Analyze                                                               496.81
# Levelize                                                              496.81
# End of LevelAssign mode=I, 3 Levels, 11 Comps, limit=30000            496.81
# Nets                                                                  496.81
# Place                                                                 496.81
# PlaceNets                                                             496.81
# SpaceY                                                                496.81
# Track                                                                 496.81
# SpaceX                                                                496.81
# Wire                                                                  496.81
# End of Wire: 2 nets, 2 ch, wire: 34-->34 (0 with wbits)               496.81
# End of doGenerate                                                     496.81
# Analyze                                                               496.81
# Levelize                                                              496.81
# End of LevelAssign mode=I, 3 Levels, 10 Comps, limit=30000            496.81
# Nets                                                                  496.81
# Place                                                                 496.81
# PlaceNets                                                             496.81
# SpaceY                                                                496.81
# Track                                                                 496.81
# SpaceX                                                                496.81
# Wire                                                                  496.81
# End of Wire: 0 nets, 0 ch, wire: 0-->0 (0 with wbits)                 496.81
# End of doGenerate                                                     496.81
# Analyze                                                               496.81
# Levelize                                                              496.81
# End of LevelAssign mode=I, 3 Levels, 10 Comps, limit=30000            496.81
# Nets                                                                  496.81
# Place                                                                 496.81
# PlaceNets                                                             496.81
# SpaceY                                                                496.81
# Track                                                                 496.81
# SpaceX                                                                496.81
# Wire                                                                  496.81
# End of Wire: 0 nets, 0 ch, wire: 0-->0 (0 with wbits)                 496.81
# End of doGenerate                                                     496.81
# Analyze                                                               496.81
# Levelize                                                              496.81
# End of LevelAssign mode=I, 3 Levels, 10 Comps, limit=30000            496.81
# Nets                                                                  496.81
# Place                                                                 496.81
# PlaceNets                                                             496.81
# SpaceY                                                                496.81
# Track                                                                 496.81
# SpaceX                                                                496.81
# Wire                                                                  496.81
# End of Wire: 0 nets, 0 ch, wire: 0-->0 (0 with wbits)                 496.81
# End of doGenerate                                                     496.81
# Analyze                                                               496.81
# Levelize                                                              496.81
# End of LevelAssign mode=I, 3 Levels, 10 Comps, limit=30000            496.81
# Nets                                                                  496.81
# Place                                                                 496.81
# PlaceNets                                                             496.81
# SpaceY                                                                496.81
# Track                                                                 496.81
# SpaceX                                                                496.81
# Wire                                                                  496.81
# End of Wire: 0 nets, 0 ch, wire: 0-->0 (0 with wbits)                 496.81
# End of doGenerate                                                     496.81
# Analyze                                                               496.81
# Levelize                                                              496.81
# End of LevelAssign mode=I, 3 Levels, 21 Comps, limit=30000            496.81
# Nets                                                                  496.81
# Place                                                                 496.81
# PlaceNets                                                             496.81
# SpaceY                                                                496.81
# Track                                                                 496.81
# SpaceX                                                                496.81
# Wire                                                                  496.81
# End of Wire: 1 nets, 1 ch, wire: 4-->4 (0 with wbits)                 496.81
# End of doGenerate                                                     496.81
# End of Generating Regions for Page 1                                  496.81
scrollpos -19 805
zoom -x 0 -y 0 0.6
scrollpos -14 604
#R 0.6
#CMD scrollpos 0 0
scrollpos 0 0
selection -itemized {inst GT.X1Y11}
center_objects -itemized {inst GT.X1Y11}
scrollpos -63 362
module new gtmodule
#  * Current module is gtmodule 
load symbol QUAD_X0 v HIERBOX port a0 in port a1 in port a2 in port a3 in port QPLL0 in port QPLL1 in port RECCLK_clk0 out port RECCLK_clk1 out
load symbol QUAD_X1 v HIERBOX port a0 out port a1 out port a2 out port a3 out port QPLL0 out port QPLL1 out port RECCLK_clk0 in port RECCLK_clk1 in
load symbol CPLL_X0 syn BOX port A in port B out text CPLL -cc 25 0 12
load symbol CPLL_X1 syn BOX port A out port B in text CPLL -cc 25 0 12
load symbol QPLL0_X0 syn BOX port A in port B out text QPLL0 -cc 25 0 12
load symbol QPLL0_X1 syn BOX port A out port B in text QPLL0 -cc 25 0 12
load symbol QPLL1_X0 syn BOX port A in port B out text QPLL1 -cc 25 0 12
load symbol QPLL1_X1 syn BOX port A out port B in text QPLL1 -cc 25 0 12
load inst QuadX0Y4 QUAD_X0 v -pg 1 -y 1 -x 2000 -autohide -attr @cell QuadX0Y4 -attr @name {} -attr @fillcolor #d9d9d9
attribute {pin QuadX0Y4 QPLL0 } -attr @name {}
attribute {hierPin QuadX0Y4 QPLL0 } -attr @name {}
attribute {pin QuadX0Y4 QPLL1 } -attr @name {}
attribute {hierPin QuadX0Y4 QPLL1 } -attr @name {}
attribute {pin QuadX0Y4 a0 } -attr @name {}
attribute {hierPin QuadX0Y4 a0 } -attr @name {}
attribute {pin QuadX0Y4 a1 } -attr @name {}
attribute {hierPin QuadX0Y4 a1 } -attr @name {}
attribute {pin QuadX0Y4 a2 } -attr @name {}
attribute {hierPin QuadX0Y4 a2 } -attr @name {}
attribute {pin QuadX0Y4 a3 } -attr @name {}
attribute {hierPin QuadX0Y4 a3 } -attr @name {}
attribute {pin QuadX0Y4 RECCLK_clk0 } -attr @name {}
attribute {hierPin QuadX0Y4 RECCLK_clk0 } -attr @name {}
attribute {pin QuadX0Y4 RECCLK_clk1 } -attr @name {}
attribute {hierPin QuadX0Y4 RECCLK_clk1 } -attr @name {}
load inst cpll.X0Y19 CPLL_X0 syn -hier QuadX0Y4 -pg 1 -y 2 -x 1 -autohide -attr @name {} -attr @cell {}
attribute {pin cpll.X0Y19 A} -attr @name {}
attribute {pin cpll.X0Y19 B} -attr @name {}
attribute {inst cpll.X0Y19} -attr @fillcolor #00868b
load symbol X0Y19 syn HIERGEN port TX in port RX in port RXRECCLK out
load inst GT.X0Y19 X0Y19 syn -hier QuadX0Y4 -pg 1 -y 2 -x 2000 -autohide -attr @name {}
attribute {inst GT.X0Y19} -attr @fillcolor #7a7a7a
load inst cpll.X0Y18 CPLL_X0 syn -hier QuadX0Y4 -pg 1 -y 87 -x 1 -autohide -attr @name {} -attr @cell {}
attribute {pin cpll.X0Y18 A} -attr @name {}
attribute {pin cpll.X0Y18 B} -attr @name {}
attribute {inst cpll.X0Y18} -attr @fillcolor #00868b
load symbol X0Y18 syn HIERGEN port TX in port RX in port RXRECCLK out
load inst GT.X0Y18 X0Y18 syn -hier QuadX0Y4 -pg 1 -y 87 -x 2000 -autohide -attr @name {}
attribute {inst GT.X0Y18} -attr @fillcolor #7a7a7a
load inst QPLL0.QuadX0Y4 QPLL0_X0 syn -hier QuadX0Y4 -pg 1 -y 172 -x 1 -autohide -attr @name {} -attr @cell {}
attribute {pin QPLL0.QuadX0Y4 A} -attr @name {}
attribute {pin QPLL0.QuadX0Y4 B} -attr @name {}
attribute {inst QPLL0.QuadX0Y4} -attr @fillcolor #00868b
load inst QPLL1.QuadX0Y4 QPLL1_X0 syn -hier QuadX0Y4 -pg 1 -y 257 -x 1 -autohide -attr @name {} -attr @cell {}
attribute {pin QPLL1.QuadX0Y4 A} -attr @name {}
attribute {pin QPLL1.QuadX0Y4 B} -attr @name {}
attribute {inst QPLL1.QuadX0Y4} -attr @fillcolor #00868b
load inst cpll.X0Y17 CPLL_X0 syn -hier QuadX0Y4 -pg 1 -y 342 -x 1 -autohide -attr @name {} -attr @cell {}
attribute {pin cpll.X0Y17 A} -attr @name {}
attribute {pin cpll.X0Y17 B} -attr @name {}
attribute {inst cpll.X0Y17} -attr @fillcolor #00868b
load symbol X0Y17 syn HIERGEN port TX in port RX in port RXRECCLK out
load inst GT.X0Y17 X0Y17 syn -hier QuadX0Y4 -pg 1 -y 342 -x 2000 -autohide -attr @name {}
attribute {inst GT.X0Y17} -attr @fillcolor #7a7a7a
load inst cpll.X0Y16 CPLL_X0 syn -hier QuadX0Y4 -pg 1 -y 427 -x 1 -autohide -attr @name {} -attr @cell {}
attribute {pin cpll.X0Y16 A} -attr @name {}
attribute {pin cpll.X0Y16 B} -attr @name {}
attribute {inst cpll.X0Y16} -attr @fillcolor #00868b
load symbol X0Y16 syn HIERGEN port TX in port RX in port RXRECCLK out
load inst GT.X0Y16 X0Y16 syn -hier QuadX0Y4 -pg 1 -y 427 -x 2000 -autohide -attr @name {}
attribute {inst GT.X0Y16} -attr @fillcolor #7a7a7a
load port QuadX0Y4_clk0 in -pg 1 -y 141 -x 1 -attr @fillcolor #3a5fcd
load port QuadX0Y4_clk1 in -pg 1 -y 311 -x 1 -attr @fillcolor #3a5fcd
load inst QuadX0Y3 QUAD_X0 v -pg 1 -y 563 -x 2000 -autohide -attr @cell QuadX0Y3 -attr @name {} -attr @fillcolor #d9d9d9
attribute {pin QuadX0Y3 QPLL0 } -attr @name {}
attribute {hierPin QuadX0Y3 QPLL0 } -attr @name {}
attribute {pin QuadX0Y3 QPLL1 } -attr @name {}
attribute {hierPin QuadX0Y3 QPLL1 } -attr @name {}
attribute {pin QuadX0Y3 a0 } -attr @name {}
attribute {hierPin QuadX0Y3 a0 } -attr @name {}
attribute {pin QuadX0Y3 a1 } -attr @name {}
attribute {hierPin QuadX0Y3 a1 } -attr @name {}
attribute {pin QuadX0Y3 a2 } -attr @name {}
attribute {hierPin QuadX0Y3 a2 } -attr @name {}
attribute {pin QuadX0Y3 a3 } -attr @name {}
attribute {hierPin QuadX0Y3 a3 } -attr @name {}
attribute {pin QuadX0Y3 RECCLK_clk0 } -attr @name {}
attribute {hierPin QuadX0Y3 RECCLK_clk0 } -attr @name {}
attribute {pin QuadX0Y3 RECCLK_clk1 } -attr @name {}
attribute {hierPin QuadX0Y3 RECCLK_clk1 } -attr @name {}
load inst cpll.X0Y15 CPLL_X0 syn -hier QuadX0Y3 -pg 1 -y 564 -x 1 -autohide -attr @name {} -attr @cell {}
attribute {pin cpll.X0Y15 A} -attr @name {}
attribute {pin cpll.X0Y15 B} -attr @name {}
attribute {inst cpll.X0Y15} -attr @fillcolor #00868b
load symbol X0Y15 syn HIERGEN port TX in port RX in port RXRECCLK out
load inst GT.X0Y15 X0Y15 syn -hier QuadX0Y3 -pg 1 -y 564 -x 2000 -autohide -attr @name {}
attribute {inst GT.X0Y15} -attr @fillcolor #7a7a7a
load inst cpll.X0Y14 CPLL_X0 syn -hier QuadX0Y3 -pg 1 -y 649 -x 1 -autohide -attr @name {} -attr @cell {}
attribute {pin cpll.X0Y14 A} -attr @name {}
attribute {pin cpll.X0Y14 B} -attr @name {}
attribute {inst cpll.X0Y14} -attr @fillcolor #00868b
load symbol X0Y14 syn HIERGEN port TX in port RX in port RXRECCLK out
load inst GT.X0Y14 X0Y14 syn -hier QuadX0Y3 -pg 1 -y 649 -x 2000 -autohide -attr @name {}
attribute {inst GT.X0Y14} -attr @fillcolor #7a7a7a
load inst QPLL0.QuadX0Y3 QPLL0_X0 syn -hier QuadX0Y3 -pg 1 -y 734 -x 1 -autohide -attr @name {} -attr @cell {}
attribute {pin QPLL0.QuadX0Y3 A} -attr @name {}
attribute {pin QPLL0.QuadX0Y3 B} -attr @name {}
attribute {inst QPLL0.QuadX0Y3} -attr @fillcolor #00868b
load inst QPLL1.QuadX0Y3 QPLL1_X0 syn -hier QuadX0Y3 -pg 1 -y 819 -x 1 -autohide -attr @name {} -attr @cell {}
attribute {pin QPLL1.QuadX0Y3 A} -attr @name {}
attribute {pin QPLL1.QuadX0Y3 B} -attr @name {}
attribute {inst QPLL1.QuadX0Y3} -attr @fillcolor #00868b
load inst cpll.X0Y13 CPLL_X0 syn -hier QuadX0Y3 -pg 1 -y 904 -x 1 -autohide -attr @name {} -attr @cell {}
attribute {pin cpll.X0Y13 A} -attr @name {}
attribute {pin cpll.X0Y13 B} -attr @name {}
attribute {inst cpll.X0Y13} -attr @fillcolor #00868b
load symbol X0Y13 syn HIERGEN port TX in port RX in port RXRECCLK out
load inst GT.X0Y13 X0Y13 syn -hier QuadX0Y3 -pg 1 -y 904 -x 2000 -autohide -attr @name {}
attribute {inst GT.X0Y13} -attr @fillcolor #7a7a7a
load inst cpll.X0Y12 CPLL_X0 syn -hier QuadX0Y3 -pg 1 -y 989 -x 1 -autohide -attr @name {} -attr @cell {}
attribute {pin cpll.X0Y12 A} -attr @name {}
attribute {pin cpll.X0Y12 B} -attr @name {}
attribute {inst cpll.X0Y12} -attr @fillcolor #00868b
load symbol X0Y12 syn HIERGEN port TX in port RX in port RXRECCLK out
load inst GT.X0Y12 X0Y12 syn -hier QuadX0Y3 -pg 1 -y 989 -x 2000 -autohide -attr @name {}
attribute {inst GT.X0Y12} -attr @fillcolor #7a7a7a
load port QuadX0Y3_clk0 in -pg 1 -y 703 -x 1 -attr @fillcolor #3a5fcd
load port QuadX0Y3_clk1 in -pg 1 -y 873 -x 1 -attr @fillcolor #3a5fcd
load inst QuadX1Y4 QUAD_X1 v -pg 1 -y 1 -x 12000 -autohide -attr @cell QuadX1Y4 -attr @name {} -attr @fillcolor #d9d9d9
attribute {pin QuadX1Y4 QPLL0 } -attr @name {}
attribute {hierPin QuadX1Y4 QPLL0 } -attr @name {}
attribute {pin QuadX1Y4 QPLL1 } -attr @name {}
attribute {hierPin QuadX1Y4 QPLL1 } -attr @name {}
attribute {pin QuadX1Y4 a0 } -attr @name {}
attribute {hierPin QuadX1Y4 a0 } -attr @name {}
attribute {pin QuadX1Y4 a1 } -attr @name {}
attribute {hierPin QuadX1Y4 a1 } -attr @name {}
attribute {pin QuadX1Y4 a2 } -attr @name {}
attribute {hierPin QuadX1Y4 a2 } -attr @name {}
attribute {pin QuadX1Y4 a3 } -attr @name {}
attribute {hierPin QuadX1Y4 a3 } -attr @name {}
attribute {pin QuadX1Y4 RECCLK_clk0 } -attr @name {}
attribute {hierPin QuadX1Y4 RECCLK_clk0 } -attr @name {}
attribute {pin QuadX1Y4 RECCLK_clk1 } -attr @name {}
attribute {hierPin QuadX1Y4 RECCLK_clk1 } -attr @name {}
load inst cpll.X1Y19 CPLL_X1 syn -hier QuadX1Y4 -pg 1 -y 2 -x 12001 -autohide -attr @name {} -attr @cell {}
attribute {pin cpll.X1Y19 A} -attr @name {}
attribute {pin cpll.X1Y19 B} -attr @name {}
attribute {inst cpll.X1Y19} -attr @fillcolor #00868b
load symbol X1Y19 syn HIERGEN port TX out port RX out port RXRECCLK in
load inst GT.X1Y19 X1Y19 syn -hier QuadX1Y4 -pg 1 -y 2 -x 12000 -autohide -attr @name {}
attribute {inst GT.X1Y19} -attr @fillcolor #7a7a7a
load inst cpll.X1Y18 CPLL_X1 syn -hier QuadX1Y4 -pg 1 -y 87 -x 12001 -autohide -attr @name {} -attr @cell {}
attribute {pin cpll.X1Y18 A} -attr @name {}
attribute {pin cpll.X1Y18 B} -attr @name {}
attribute {inst cpll.X1Y18} -attr @fillcolor #00868b
load symbol X1Y18 syn HIERGEN port TX out port RX out port RXRECCLK in
load inst GT.X1Y18 X1Y18 syn -hier QuadX1Y4 -pg 1 -y 87 -x 12000 -autohide -attr @name {}
attribute {inst GT.X1Y18} -attr @fillcolor #7a7a7a
load inst QPLL0.QuadX1Y4 QPLL0_X1 syn -hier QuadX1Y4 -pg 1 -y 172 -x 12001 -autohide -attr @name {} -attr @cell {}
attribute {pin QPLL0.QuadX1Y4 A} -attr @name {}
attribute {pin QPLL0.QuadX1Y4 B} -attr @name {}
attribute {inst QPLL0.QuadX1Y4} -attr @fillcolor #00868b
load inst QPLL1.QuadX1Y4 QPLL1_X1 syn -hier QuadX1Y4 -pg 1 -y 257 -x 12001 -autohide -attr @name {} -attr @cell {}
attribute {pin QPLL1.QuadX1Y4 A} -attr @name {}
attribute {pin QPLL1.QuadX1Y4 B} -attr @name {}
attribute {inst QPLL1.QuadX1Y4} -attr @fillcolor #00868b
load inst cpll.X1Y17 CPLL_X1 syn -hier QuadX1Y4 -pg 1 -y 342 -x 12001 -autohide -attr @name {} -attr @cell {}
attribute {pin cpll.X1Y17 A} -attr @name {}
attribute {pin cpll.X1Y17 B} -attr @name {}
attribute {inst cpll.X1Y17} -attr @fillcolor #00868b
load symbol X1Y17 syn HIERGEN port TX out port RX out port RXRECCLK in
load inst GT.X1Y17 X1Y17 syn -hier QuadX1Y4 -pg 1 -y 342 -x 12000 -autohide -attr @name {}
attribute {inst GT.X1Y17} -attr @fillcolor #7a7a7a
load inst cpll.X1Y16 CPLL_X1 syn -hier QuadX1Y4 -pg 1 -y 427 -x 12001 -autohide -attr @name {} -attr @cell {}
attribute {pin cpll.X1Y16 A} -attr @name {}
attribute {pin cpll.X1Y16 B} -attr @name {}
attribute {inst cpll.X1Y16} -attr @fillcolor #00868b
load symbol X1Y16 syn HIERGEN port TX out port RX out port RXRECCLK in
load inst GT.X1Y16 X1Y16 syn -hier QuadX1Y4 -pg 1 -y 427 -x 12000 -autohide -attr @name {}
attribute {inst GT.X1Y16} -attr @fillcolor #7a7a7a
load port QuadX1Y4_clk0 out -pg 1 -y 141 -x 12001 -attr @fillcolor #3a5fcd
load port QuadX1Y4_clk1 out -pg 1 -y 311 -x 12001 -attr @fillcolor #3a5fcd
load inst QuadX1Y3 QUAD_X1 v -pg 1 -y 563 -x 12000 -autohide -attr @cell QuadX1Y3 -attr @name {} -attr @fillcolor #d9d9d9
attribute {pin QuadX1Y3 QPLL0 } -attr @name {}
attribute {hierPin QuadX1Y3 QPLL0 } -attr @name {}
attribute {pin QuadX1Y3 QPLL1 } -attr @name {}
attribute {hierPin QuadX1Y3 QPLL1 } -attr @name {}
attribute {pin QuadX1Y3 a0 } -attr @name {}
attribute {hierPin QuadX1Y3 a0 } -attr @name {}
attribute {pin QuadX1Y3 a1 } -attr @name {}
attribute {hierPin QuadX1Y3 a1 } -attr @name {}
attribute {pin QuadX1Y3 a2 } -attr @name {}
attribute {hierPin QuadX1Y3 a2 } -attr @name {}
attribute {pin QuadX1Y3 a3 } -attr @name {}
attribute {hierPin QuadX1Y3 a3 } -attr @name {}
attribute {pin QuadX1Y3 RECCLK_clk0 } -attr @name {}
attribute {hierPin QuadX1Y3 RECCLK_clk0 } -attr @name {}
attribute {pin QuadX1Y3 RECCLK_clk1 } -attr @name {}
attribute {hierPin QuadX1Y3 RECCLK_clk1 } -attr @name {}
load inst cpll.X1Y15 CPLL_X1 syn -hier QuadX1Y3 -pg 1 -y 564 -x 12001 -autohide -attr @name {} -attr @cell {}
attribute {pin cpll.X1Y15 A} -attr @name {}
attribute {pin cpll.X1Y15 B} -attr @name {}
attribute {inst cpll.X1Y15} -attr @fillcolor #00868b
load symbol X1Y15 syn HIERGEN port TX out port RX out port RXRECCLK in
load inst GT.X1Y15 X1Y15 syn -hier QuadX1Y3 -pg 1 -y 564 -x 12000 -autohide -attr @name {}
attribute {inst GT.X1Y15} -attr @fillcolor #7a7a7a
load inst cpll.X1Y14 CPLL_X1 syn -hier QuadX1Y3 -pg 1 -y 649 -x 12001 -autohide -attr @name {} -attr @cell {}
attribute {pin cpll.X1Y14 A} -attr @name {}
attribute {pin cpll.X1Y14 B} -attr @name {}
attribute {inst cpll.X1Y14} -attr @fillcolor #00868b
load symbol X1Y14 syn HIERGEN port TX out port RX out port RXRECCLK in
load inst GT.X1Y14 X1Y14 syn -hier QuadX1Y3 -pg 1 -y 649 -x 12000 -autohide -attr @name {}
attribute {inst GT.X1Y14} -attr @fillcolor #7a7a7a
load inst QPLL0.QuadX1Y3 QPLL0_X1 syn -hier QuadX1Y3 -pg 1 -y 734 -x 12001 -autohide -attr @name {} -attr @cell {}
attribute {pin QPLL0.QuadX1Y3 A} -attr @name {}
attribute {pin QPLL0.QuadX1Y3 B} -attr @name {}
attribute {inst QPLL0.QuadX1Y3} -attr @fillcolor #00868b
load inst QPLL1.QuadX1Y3 QPLL1_X1 syn -hier QuadX1Y3 -pg 1 -y 819 -x 12001 -autohide -attr @name {} -attr @cell {}
attribute {pin QPLL1.QuadX1Y3 A} -attr @name {}
attribute {pin QPLL1.QuadX1Y3 B} -attr @name {}
attribute {inst QPLL1.QuadX1Y3} -attr @fillcolor #00868b
load inst cpll.X1Y13 CPLL_X1 syn -hier QuadX1Y3 -pg 1 -y 904 -x 12001 -autohide -attr @name {} -attr @cell {}
attribute {pin cpll.X1Y13 A} -attr @name {}
attribute {pin cpll.X1Y13 B} -attr @name {}
attribute {inst cpll.X1Y13} -attr @fillcolor #00868b
load symbol X1Y13 syn HIERGEN port TX out port RX out port RXRECCLK in
load inst GT.X1Y13 X1Y13 syn -hier QuadX1Y3 -pg 1 -y 904 -x 12000 -autohide -attr @name {}
attribute {inst GT.X1Y13} -attr @fillcolor #7a7a7a
load inst cpll.X1Y12 CPLL_X1 syn -hier QuadX1Y3 -pg 1 -y 989 -x 12001 -autohide -attr @name {} -attr @cell {}
attribute {pin cpll.X1Y12 A} -attr @name {}
attribute {pin cpll.X1Y12 B} -attr @name {}
attribute {inst cpll.X1Y12} -attr @fillcolor #00868b
load symbol X1Y12 syn HIERGEN port TX out port RX out port RXRECCLK in
load inst GT.X1Y12 X1Y12 syn -hier QuadX1Y3 -pg 1 -y 989 -x 12000 -autohide -attr @name {}
attribute {inst GT.X1Y12} -attr @fillcolor #7a7a7a
load port QuadX1Y3_clk0 out -pg 1 -y 703 -x 12001 -attr @fillcolor #3a5fcd
load port QuadX1Y3_clk1 out -pg 1 -y 873 -x 12001 -attr @fillcolor #3a5fcd
load inst QuadX1Y2 QUAD_X1 v -pg 1 -y 1125 -x 12000 -autohide -attr @cell QuadX1Y2 -attr @name {} -attr @fillcolor #d9d9d9
attribute {pin QuadX1Y2 QPLL0 } -attr @name {}
attribute {hierPin QuadX1Y2 QPLL0 } -attr @name {}
attribute {pin QuadX1Y2 QPLL1 } -attr @name {}
attribute {hierPin QuadX1Y2 QPLL1 } -attr @name {}
attribute {pin QuadX1Y2 a0 } -attr @name {}
attribute {hierPin QuadX1Y2 a0 } -attr @name {}
attribute {pin QuadX1Y2 a1 } -attr @name {}
attribute {hierPin QuadX1Y2 a1 } -attr @name {}
attribute {pin QuadX1Y2 a2 } -attr @name {}
attribute {hierPin QuadX1Y2 a2 } -attr @name {}
attribute {pin QuadX1Y2 a3 } -attr @name {}
attribute {hierPin QuadX1Y2 a3 } -attr @name {}
attribute {pin QuadX1Y2 RECCLK_clk0 } -attr @name {}
attribute {hierPin QuadX1Y2 RECCLK_clk0 } -attr @name {}
attribute {pin QuadX1Y2 RECCLK_clk1 } -attr @name {}
attribute {hierPin QuadX1Y2 RECCLK_clk1 } -attr @name {}
load inst cpll.X1Y11 CPLL_X1 syn -hier QuadX1Y2 -pg 1 -y 1126 -x 12001 -autohide -attr @name {} -attr @cell {}
attribute {pin cpll.X1Y11 A} -attr @name {}
attribute {pin cpll.X1Y11 B} -attr @name {}
attribute {inst cpll.X1Y11} -attr @fillcolor #00868b
load symbol X1Y11 syn HIERGEN port TX out port RX out port RXRECCLK in
load inst GT.X1Y11 X1Y11 syn -hier QuadX1Y2 -pg 1 -y 1126 -x 12000 -autohide -attr @name {}
attribute {inst GT.X1Y11} -attr @fillcolor #7a7a7a
load inst cpll.X1Y10 CPLL_X1 syn -hier QuadX1Y2 -pg 1 -y 1211 -x 12001 -autohide -attr @name {} -attr @cell {}
attribute {pin cpll.X1Y10 A} -attr @name {}
attribute {pin cpll.X1Y10 B} -attr @name {}
attribute {inst cpll.X1Y10} -attr @fillcolor #00868b
load symbol X1Y10 syn HIERGEN port TX out port RX out port RXRECCLK in
load inst GT.X1Y10 X1Y10 syn -hier QuadX1Y2 -pg 1 -y 1211 -x 12000 -autohide -attr @name {}
attribute {inst GT.X1Y10} -attr @fillcolor #7a7a7a
load inst QPLL0.QuadX1Y2 QPLL0_X1 syn -hier QuadX1Y2 -pg 1 -y 1296 -x 12001 -autohide -attr @name {} -attr @cell {}
attribute {pin QPLL0.QuadX1Y2 A} -attr @name {}
attribute {pin QPLL0.QuadX1Y2 B} -attr @name {}
attribute {inst QPLL0.QuadX1Y2} -attr @fillcolor #00868b
load inst QPLL1.QuadX1Y2 QPLL1_X1 syn -hier QuadX1Y2 -pg 1 -y 1381 -x 12001 -autohide -attr @name {} -attr @cell {}
attribute {pin QPLL1.QuadX1Y2 A} -attr @name {}
attribute {pin QPLL1.QuadX1Y2 B} -attr @name {}
attribute {inst QPLL1.QuadX1Y2} -attr @fillcolor #00868b
load inst cpll.X1Y9 CPLL_X1 syn -hier QuadX1Y2 -pg 1 -y 1466 -x 12001 -autohide -attr @name {} -attr @cell {}
attribute {pin cpll.X1Y9 A} -attr @name {}
attribute {pin cpll.X1Y9 B} -attr @name {}
attribute {inst cpll.X1Y9} -attr @fillcolor #00868b
load symbol X1Y9 syn HIERGEN port TX out port RX out port RXRECCLK in
load inst GT.X1Y9 X1Y9 syn -hier QuadX1Y2 -pg 1 -y 1466 -x 12000 -autohide -attr @name {}
attribute {inst GT.X1Y9} -attr @fillcolor #7a7a7a
load inst cpll.X1Y8 CPLL_X1 syn -hier QuadX1Y2 -pg 1 -y 1551 -x 12001 -autohide -attr @name {} -attr @cell {}
attribute {pin cpll.X1Y8 A} -attr @name {}
attribute {pin cpll.X1Y8 B} -attr @name {}
attribute {inst cpll.X1Y8} -attr @fillcolor #00868b
load symbol X1Y8 syn HIERGEN port TX out port RX out port RXRECCLK in
load inst GT.X1Y8 X1Y8 syn -hier QuadX1Y2 -pg 1 -y 1551 -x 12000 -autohide -attr @name {}
attribute {inst GT.X1Y8} -attr @fillcolor #7a7a7a
load port QuadX1Y2_clk0 out -pg 1 -y 1265 -x 12001 -attr @fillcolor #3a5fcd
load port QuadX1Y2_clk1 out -pg 1 -y 1435 -x 12001 -attr @fillcolor #3a5fcd
load inst QuadX1Y1 QUAD_X1 v -pg 1 -y 1687 -x 12000 -autohide -attr @cell QuadX1Y1 -attr @name {} -attr @fillcolor #d9d9d9
attribute {pin QuadX1Y1 QPLL0 } -attr @name {}
attribute {hierPin QuadX1Y1 QPLL0 } -attr @name {}
attribute {pin QuadX1Y1 QPLL1 } -attr @name {}
attribute {hierPin QuadX1Y1 QPLL1 } -attr @name {}
attribute {pin QuadX1Y1 a0 } -attr @name {}
attribute {hierPin QuadX1Y1 a0 } -attr @name {}
attribute {pin QuadX1Y1 a1 } -attr @name {}
attribute {hierPin QuadX1Y1 a1 } -attr @name {}
attribute {pin QuadX1Y1 a2 } -attr @name {}
attribute {hierPin QuadX1Y1 a2 } -attr @name {}
attribute {pin QuadX1Y1 a3 } -attr @name {}
attribute {hierPin QuadX1Y1 a3 } -attr @name {}
attribute {pin QuadX1Y1 RECCLK_clk0 } -attr @name {}
attribute {hierPin QuadX1Y1 RECCLK_clk0 } -attr @name {}
attribute {pin QuadX1Y1 RECCLK_clk1 } -attr @name {}
attribute {hierPin QuadX1Y1 RECCLK_clk1 } -attr @name {}
load inst cpll.X1Y7 CPLL_X1 syn -hier QuadX1Y1 -pg 1 -y 1688 -x 12001 -autohide -attr @name {} -attr @cell {}
attribute {pin cpll.X1Y7 A} -attr @name {}
attribute {pin cpll.X1Y7 B} -attr @name {}
attribute {inst cpll.X1Y7} -attr @fillcolor #00868b
load symbol X1Y7 syn HIERGEN port TX out port RX out port RXRECCLK in
load inst GT.X1Y7 X1Y7 syn -hier QuadX1Y1 -pg 1 -y 1688 -x 12000 -autohide -attr @name {}
attribute {inst GT.X1Y7} -attr @fillcolor #7a7a7a
load inst cpll.X1Y6 CPLL_X1 syn -hier QuadX1Y1 -pg 1 -y 1773 -x 12001 -autohide -attr @name {} -attr @cell {}
attribute {pin cpll.X1Y6 A} -attr @name {}
attribute {pin cpll.X1Y6 B} -attr @name {}
attribute {inst cpll.X1Y6} -attr @fillcolor #00868b
load symbol X1Y6 syn HIERGEN port TX out port RX out port RXRECCLK in
load inst GT.X1Y6 X1Y6 syn -hier QuadX1Y1 -pg 1 -y 1773 -x 12000 -autohide -attr @name {}
attribute {inst GT.X1Y6} -attr @fillcolor #7a7a7a
load inst QPLL0.QuadX1Y1 QPLL0_X1 syn -hier QuadX1Y1 -pg 1 -y 1858 -x 12001 -autohide -attr @name {} -attr @cell {}
attribute {pin QPLL0.QuadX1Y1 A} -attr @name {}
attribute {pin QPLL0.QuadX1Y1 B} -attr @name {}
attribute {inst QPLL0.QuadX1Y1} -attr @fillcolor #00868b
load inst QPLL1.QuadX1Y1 QPLL1_X1 syn -hier QuadX1Y1 -pg 1 -y 1943 -x 12001 -autohide -attr @name {} -attr @cell {}
attribute {pin QPLL1.QuadX1Y1 A} -attr @name {}
attribute {pin QPLL1.QuadX1Y1 B} -attr @name {}
attribute {inst QPLL1.QuadX1Y1} -attr @fillcolor #00868b
load inst cpll.X1Y5 CPLL_X1 syn -hier QuadX1Y1 -pg 1 -y 2028 -x 12001 -autohide -attr @name {} -attr @cell {}
attribute {pin cpll.X1Y5 A} -attr @name {}
attribute {pin cpll.X1Y5 B} -attr @name {}
attribute {inst cpll.X1Y5} -attr @fillcolor #00868b
load symbol X1Y5 syn HIERGEN port TX out port RX out port RXRECCLK in
load inst GT.X1Y5 X1Y5 syn -hier QuadX1Y1 -pg 1 -y 2028 -x 12000 -autohide -attr @name {}
attribute {inst GT.X1Y5} -attr @fillcolor #7a7a7a
load inst cpll.X1Y4 CPLL_X1 syn -hier QuadX1Y1 -pg 1 -y 2113 -x 12001 -autohide -attr @name {} -attr @cell {}
attribute {pin cpll.X1Y4 A} -attr @name {}
attribute {pin cpll.X1Y4 B} -attr @name {}
attribute {inst cpll.X1Y4} -attr @fillcolor #00868b
load symbol X1Y4 syn HIERGEN port TX out port RX out port RXRECCLK in
load inst GT.X1Y4 X1Y4 syn -hier QuadX1Y1 -pg 1 -y 2113 -x 12000 -autohide -attr @name {}
attribute {inst GT.X1Y4} -attr @fillcolor #7a7a7a
load port QuadX1Y1_clk0 out -pg 1 -y 1827 -x 12001 -attr @fillcolor #3a5fcd
load port QuadX1Y1_clk1 out -pg 1 -y 1997 -x 12001 -attr @fillcolor #3a5fcd
load inst QuadX1Y0 QUAD_X1 v -pg 1 -y 2249 -x 12000 -autohide -attr @cell QuadX1Y0 -attr @name {} -attr @fillcolor #d9d9d9
attribute {pin QuadX1Y0 QPLL0 } -attr @name {}
attribute {hierPin QuadX1Y0 QPLL0 } -attr @name {}
attribute {pin QuadX1Y0 QPLL1 } -attr @name {}
attribute {hierPin QuadX1Y0 QPLL1 } -attr @name {}
attribute {pin QuadX1Y0 a0 } -attr @name {}
attribute {hierPin QuadX1Y0 a0 } -attr @name {}
attribute {pin QuadX1Y0 a1 } -attr @name {}
attribute {hierPin QuadX1Y0 a1 } -attr @name {}
attribute {pin QuadX1Y0 a2 } -attr @name {}
attribute {hierPin QuadX1Y0 a2 } -attr @name {}
attribute {pin QuadX1Y0 a3 } -attr @name {}
attribute {hierPin QuadX1Y0 a3 } -attr @name {}
attribute {pin QuadX1Y0 RECCLK_clk0 } -attr @name {}
attribute {hierPin QuadX1Y0 RECCLK_clk0 } -attr @name {}
attribute {pin QuadX1Y0 RECCLK_clk1 } -attr @name {}
attribute {hierPin QuadX1Y0 RECCLK_clk1 } -attr @name {}
load inst cpll.X1Y3 CPLL_X1 syn -hier QuadX1Y0 -pg 1 -y 2250 -x 12001 -autohide -attr @name {} -attr @cell {}
attribute {pin cpll.X1Y3 A} -attr @name {}
attribute {pin cpll.X1Y3 B} -attr @name {}
attribute {inst cpll.X1Y3} -attr @fillcolor #00868b
load symbol X1Y3 syn HIERGEN port TX out port RX out port RXRECCLK in
load inst GT.X1Y3 X1Y3 syn -hier QuadX1Y0 -pg 1 -y 2250 -x 12000 -autohide -attr @name {}
attribute {inst GT.X1Y3} -attr @fillcolor #7a7a7a
load inst cpll.X1Y2 CPLL_X1 syn -hier QuadX1Y0 -pg 1 -y 2335 -x 12001 -autohide -attr @name {} -attr @cell {}
attribute {pin cpll.X1Y2 A} -attr @name {}
attribute {pin cpll.X1Y2 B} -attr @name {}
attribute {inst cpll.X1Y2} -attr @fillcolor #00868b
load symbol X1Y2 syn HIERGEN port TX out port RX out port RXRECCLK in
load inst GT.X1Y2 X1Y2 syn -hier QuadX1Y0 -pg 1 -y 2335 -x 12000 -autohide -attr @name {}
attribute {inst GT.X1Y2} -attr @fillcolor #7a7a7a
load inst QPLL0.QuadX1Y0 QPLL0_X1 syn -hier QuadX1Y0 -pg 1 -y 2420 -x 12001 -autohide -attr @name {} -attr @cell {}
attribute {pin QPLL0.QuadX1Y0 A} -attr @name {}
attribute {pin QPLL0.QuadX1Y0 B} -attr @name {}
attribute {inst QPLL0.QuadX1Y0} -attr @fillcolor #00868b
load inst QPLL1.QuadX1Y0 QPLL1_X1 syn -hier QuadX1Y0 -pg 1 -y 2505 -x 12001 -autohide -attr @name {} -attr @cell {}
attribute {pin QPLL1.QuadX1Y0 A} -attr @name {}
attribute {pin QPLL1.QuadX1Y0 B} -attr @name {}
attribute {inst QPLL1.QuadX1Y0} -attr @fillcolor #00868b
load inst cpll.X1Y1 CPLL_X1 syn -hier QuadX1Y0 -pg 1 -y 2590 -x 12001 -autohide -attr @name {} -attr @cell {}
attribute {pin cpll.X1Y1 A} -attr @name {}
attribute {pin cpll.X1Y1 B} -attr @name {}
attribute {inst cpll.X1Y1} -attr @fillcolor #00868b
load symbol X1Y1 syn HIERGEN port TX out port RX out port RXRECCLK in
load inst GT.X1Y1 X1Y1 syn -hier QuadX1Y0 -pg 1 -y 2590 -x 12000 -autohide -attr @name {}
attribute {inst GT.X1Y1} -attr @fillcolor #7a7a7a
load inst cpll.X1Y0 CPLL_X1 syn -hier QuadX1Y0 -pg 1 -y 2675 -x 12001 -autohide -attr @name {} -attr @cell {}
attribute {pin cpll.X1Y0 A} -attr @name {}
attribute {pin cpll.X1Y0 B} -attr @name {}
attribute {inst cpll.X1Y0} -attr @fillcolor #00868b
load symbol X1Y0 syn HIERGEN port TX out port RX out port RXRECCLK in
load inst GT.X1Y0 X1Y0 syn -hier QuadX1Y0 -pg 1 -y 2675 -x 12000 -autohide -attr @name {}
attribute {inst GT.X1Y0} -attr @fillcolor #7a7a7a
load port QuadX1Y0_clk0 out -pg 1 -y 2389 -x 12001 -attr @fillcolor #3a5fcd
load port QuadX1Y0_clk1 out -pg 1 -y 2559 -x 12001 -attr @fillcolor #3a5fcd
attribute {inst GT.X0Y19} -attr @fillcolor #7a7a7a
attribute {inst cpll.X0Y19} -attr @fillcolor #00868b
attribute {inst QPLL0.QuadX0Y4} -attr @fillcolor #00868b
attribute {inst QPLL1.QuadX0Y4} -attr @fillcolor #00868b
attribute {inst GT.X0Y18} -attr @fillcolor #7a7a7a
attribute {inst cpll.X0Y18} -attr @fillcolor #00868b
attribute {inst GT.X0Y17} -attr @fillcolor #7a7a7a
attribute {inst cpll.X0Y17} -attr @fillcolor #00868b
attribute {inst GT.X0Y16} -attr @fillcolor #7a7a7a
attribute {inst cpll.X0Y16} -attr @fillcolor #00868b
attribute {inst GT.X0Y15} -attr @fillcolor #7a7a7a
attribute {inst cpll.X0Y15} -attr @fillcolor #00868b
attribute {inst QPLL0.QuadX0Y3} -attr @fillcolor #00868b
attribute {inst QPLL1.QuadX0Y3} -attr @fillcolor #00868b
attribute {inst GT.X0Y14} -attr @fillcolor #7a7a7a
attribute {inst cpll.X0Y14} -attr @fillcolor #00868b
attribute {inst GT.X0Y13} -attr @fillcolor #7a7a7a
attribute {inst cpll.X0Y13} -attr @fillcolor #00868b
attribute {inst GT.X0Y12} -attr @fillcolor #7a7a7a
attribute {inst cpll.X0Y12} -attr @fillcolor #00868b
attribute {inst GT.X1Y19} -attr @fillcolor #7a7a7a
attribute {inst cpll.X1Y19} -attr @fillcolor #00868b
attribute {inst QPLL0.QuadX1Y4} -attr @fillcolor #00868b
attribute {inst QPLL1.QuadX1Y4} -attr @fillcolor #00868b
attribute {inst GT.X1Y18} -attr @fillcolor #7a7a7a
attribute {inst cpll.X1Y18} -attr @fillcolor #00868b
attribute {inst GT.X1Y17} -attr @fillcolor #7a7a7a
attribute {inst cpll.X1Y17} -attr @fillcolor #00868b
attribute {inst GT.X1Y16} -attr @fillcolor #7a7a7a
attribute {inst cpll.X1Y16} -attr @fillcolor #00868b
attribute {inst GT.X1Y15} -attr @fillcolor #7a7a7a
attribute {inst cpll.X1Y15} -attr @fillcolor #00868b
attribute {inst QPLL0.QuadX1Y3} -attr @fillcolor #00868b
attribute {inst QPLL1.QuadX1Y3} -attr @fillcolor #00868b
attribute {inst GT.X1Y14} -attr @fillcolor #7a7a7a
attribute {inst cpll.X1Y14} -attr @fillcolor #00868b
attribute {inst GT.X1Y13} -attr @fillcolor #7a7a7a
attribute {inst cpll.X1Y13} -attr @fillcolor #00868b
attribute {inst GT.X1Y12} -attr @fillcolor #7a7a7a
attribute {inst cpll.X1Y12} -attr @fillcolor #00868b
attribute {inst GT.X1Y11} -attr @fillcolor #7a7a7a
attribute {inst cpll.X1Y11} -attr @fillcolor #00868b
attribute {inst QPLL0.QuadX1Y2} -attr @fillcolor #00868b
attribute {inst QPLL1.QuadX1Y2} -attr @fillcolor #00868b
attribute {inst GT.X1Y10} -attr @fillcolor #7a7a7a
attribute {inst cpll.X1Y10} -attr @fillcolor #00868b
attribute {inst GT.X1Y9} -attr @fillcolor #7a7a7a
attribute {inst cpll.X1Y9} -attr @fillcolor #00868b
attribute {inst GT.X1Y8} -attr @fillcolor #7a7a7a
attribute {inst cpll.X1Y8} -attr @fillcolor #00868b
attribute {inst GT.X1Y7} -attr @fillcolor #7a7a7a
attribute {inst cpll.X1Y7} -attr @fillcolor #00868b
attribute {inst QPLL0.QuadX1Y1} -attr @fillcolor #00868b
attribute {inst QPLL1.QuadX1Y1} -attr @fillcolor #00868b
attribute {inst GT.X1Y6} -attr @fillcolor #7a7a7a
attribute {inst cpll.X1Y6} -attr @fillcolor #00868b
attribute {inst GT.X1Y5} -attr @fillcolor #7a7a7a
attribute {inst cpll.X1Y5} -attr @fillcolor #00868b
attribute {inst GT.X1Y4} -attr @fillcolor #7a7a7a
attribute {inst cpll.X1Y4} -attr @fillcolor #00868b
attribute {inst GT.X1Y3} -attr @fillcolor #7a7a7a
attribute {inst cpll.X1Y3} -attr @fillcolor #00868b
attribute {inst QPLL0.QuadX1Y0} -attr @fillcolor #00868b
attribute {inst QPLL1.QuadX1Y0} -attr @fillcolor #00868b
attribute {inst GT.X1Y2} -attr @fillcolor #7a7a7a
attribute {inst cpll.X1Y2} -attr @fillcolor #00868b
attribute {inst GT.X1Y1} -attr @fillcolor #7a7a7a
attribute {inst cpll.X1Y1} -attr @fillcolor #00868b
attribute {inst GT.X1Y0} -attr @fillcolor #7a7a7a
attribute {inst cpll.X1Y0} -attr @fillcolor #00868b
increment -const
load net net.clk.QuadX1Y2_clk0 -port QuadX1Y2_clk0 -pin QuadX1Y2 QPLL0
load net net.quad.QPLL0.QuadX1Y2 -hierPin QuadX1Y2 QPLL0 -pin QPLL0.QuadX1Y2 A
load net net.chan.QPLL0.QuadX1Y2 -pin QPLL0.QuadX1Y2 B -pin GT.X1Y11 TX
attribute {inst QPLL0.QuadX1Y2} -attr @fillcolor #cccc00
attribute {inst GT.X1Y11} -attr @fillcolor #cccc00
load net net.chan.QPLL0.QuadX1Y2 -pin QPLL0.QuadX1Y2 B -pin GT.X1Y10 TX
attribute {inst QPLL0.QuadX1Y2} -attr @fillcolor #cccc00
attribute {inst GT.X1Y10} -attr @fillcolor #cccc00
load net net.chan.QPLL0.QuadX1Y2 -pin QPLL0.QuadX1Y2 B -pin GT.X1Y9 TX
attribute {inst QPLL0.QuadX1Y2} -attr @fillcolor #cccc00
attribute {inst GT.X1Y9} -attr @fillcolor #cccc00
load net net.chan.QPLL0.QuadX1Y2 -pin QPLL0.QuadX1Y2 B -pin GT.X1Y8 TX
attribute {inst QPLL0.QuadX1Y2} -attr @fillcolor #cccc00
attribute {inst GT.X1Y8} -attr @fillcolor #cccc00
load net net.chan.QPLL0.QuadX1Y2 -pin QPLL0.QuadX1Y2 B -pin GT.X1Y11 RX
attribute {inst QPLL0.QuadX1Y2} -attr @fillcolor #cccc00
attribute {inst GT.X1Y11} -attr @fillcolor #cccc00
load net net.chan.QPLL0.QuadX1Y2 -pin QPLL0.QuadX1Y2 B -pin GT.X1Y10 RX
attribute {inst QPLL0.QuadX1Y2} -attr @fillcolor #cccc00
attribute {inst GT.X1Y10} -attr @fillcolor #cccc00
load net net.chan.QPLL0.QuadX1Y2 -pin QPLL0.QuadX1Y2 B -pin GT.X1Y9 RX
attribute {inst QPLL0.QuadX1Y2} -attr @fillcolor #cccc00
attribute {inst GT.X1Y9} -attr @fillcolor #cccc00
load net net.chan.QPLL0.QuadX1Y2 -pin QPLL0.QuadX1Y2 B -pin GT.X1Y8 RX
attribute {inst QPLL0.QuadX1Y2} -attr @fillcolor #cccc00
attribute {inst GT.X1Y8} -attr @fillcolor #cccc00
show
# Starting Split Pages                                                  498.67
# Split Pages 91 Comps, 3 Nets 0 NetBundles 0 CGraphics                 498.67
# KwayPart started for 91 comps, 3 nets                                 498.67
# Init done: 1 nodes (1 locked nodes), 0 edges                          498.67
# Startpart done: 1 parts                                               498.67
# KwayPart done                                                         498.67
# End of Split Pages: 1 pages                                           498.67
# End of Split Pages                                                    498.67
# Generating Regions for Page 1:   91 Comps,    3 Nets                  498.67
# Analyze                                                               498.67
# Levelize                                                              498.67
# End of LevelAssign mode=I, 3 Levels, 10 Comps, limit=30000            498.67
# Nets                                                                  498.67
# Place                                                                 498.67
# PlaceNets                                                             498.67
# SpaceY                                                                498.67
# Track                                                                 498.67
# SpaceX                                                                498.67
# Wire                                                                  498.67
# End of Wire: 0 nets, 0 ch, wire: 0-->0 (0 with wbits)                 498.67
# End of doGenerate                                                     498.67
# Analyze                                                               498.67
# Levelize                                                              498.67
# End of LevelAssign mode=I, 3 Levels, 10 Comps, limit=30000            498.67
# Nets                                                                  498.67
# Place                                                                 498.67
# PlaceNets                                                             498.67
# SpaceY                                                                498.67
# Track                                                                 498.67
# SpaceX                                                                498.67
# Wire                                                                  498.67
# End of Wire: 0 nets, 0 ch, wire: 0-->0 (0 with wbits)                 498.67
# End of doGenerate                                                     498.67
# Analyze                                                               498.67
# Levelize                                                              498.67
# End of LevelAssign mode=I, 3 Levels, 11 Comps, limit=30000            498.67
# Nets                                                                  498.67
# Place                                                                 498.67
# PlaceNets                                                             498.67
# SpaceY                                                                498.67
# Track                                                                 498.67
# SpaceX                                                                498.67
# Wire                                                                  498.67
# End of Wire: 2 nets, 2 ch, wire: 34-->34 (0 with wbits)               498.67
# End of doGenerate                                                     498.67
# Analyze                                                               498.67
# Levelize                                                              498.67
# End of LevelAssign mode=I, 3 Levels, 10 Comps, limit=30000            498.67
# Nets                                                                  498.67
# Place                                                                 498.67
# PlaceNets                                                             498.67
# SpaceY                                                                498.67
# Track                                                                 498.67
# SpaceX                                                                498.67
# Wire                                                                  498.67
# End of Wire: 0 nets, 0 ch, wire: 0-->0 (0 with wbits)                 498.67
# End of doGenerate                                                     498.67
# Analyze                                                               498.67
# Levelize                                                              498.67
# End of LevelAssign mode=I, 3 Levels, 10 Comps, limit=30000            498.67
# Nets                                                                  498.67
# Place                                                                 498.67
# PlaceNets                                                             498.67
# SpaceY                                                                498.67
# Track                                                                 498.67
# SpaceX                                                                498.67
# Wire                                                                  498.67
# End of Wire: 0 nets, 0 ch, wire: 0-->0 (0 with wbits)                 498.67
# End of doGenerate                                                     498.67
# Analyze                                                               498.67
# Levelize                                                              498.67
# End of LevelAssign mode=I, 3 Levels, 10 Comps, limit=30000            498.67
# Nets                                                                  498.67
# Place                                                                 498.67
# PlaceNets                                                             498.67
# SpaceY                                                                498.67
# Track                                                                 498.67
# SpaceX                                                                498.67
# Wire                                                                  498.67
# End of Wire: 0 nets, 0 ch, wire: 0-->0 (0 with wbits)                 498.67
# End of doGenerate                                                     498.67
# Analyze                                                               498.67
# Levelize                                                              498.67
# End of LevelAssign mode=I, 3 Levels, 10 Comps, limit=30000            498.67
# Nets                                                                  498.67
# Place                                                                 498.67
# PlaceNets                                                             498.67
# SpaceY                                                                498.67
# Track                                                                 498.67
# SpaceX                                                                498.67
# Wire                                                                  498.67
# End of Wire: 0 nets, 0 ch, wire: 0-->0 (0 with wbits)                 498.67
# End of doGenerate                                                     498.67
# Analyze                                                               498.67
# Levelize                                                              498.67
# End of LevelAssign mode=I, 3 Levels, 21 Comps, limit=30000            498.67
# Nets                                                                  498.67
# Place                                                                 498.67
# PlaceNets                                                             498.67
# SpaceY                                                                498.67
# Track                                                                 498.67
# SpaceX                                                                498.67
# Wire                                                                  498.67
# End of Wire: 1 nets, 1 ch, wire: 4-->4 (0 with wbits)                 498.67
# End of doGenerate                                                     498.67
# End of Generating Regions for Page 1                                  498.67
scrollpos -19 805
zoom -x 0 -y 0 0.6
scrollpos -14 604
#R 0.6
#CMD scrollpos 0 0
scrollpos 0 0
selection -itemized {inst GT.X1Y11}
center_objects -itemized {inst GT.X1Y11}
scrollpos -63 362
module new gtmodule
#  * Current module is gtmodule 
load symbol QUAD_X0 v HIERBOX port a0 in port a1 in port a2 in port a3 in port QPLL0 in port QPLL1 in port RECCLK_clk0 out port RECCLK_clk1 out
load symbol QUAD_X1 v HIERBOX port a0 out port a1 out port a2 out port a3 out port QPLL0 out port QPLL1 out port RECCLK_clk0 in port RECCLK_clk1 in
load symbol CPLL_X0 syn BOX port A in port B out text CPLL -cc 25 0 12
load symbol CPLL_X1 syn BOX port A out port B in text CPLL -cc 25 0 12
load symbol QPLL0_X0 syn BOX port A in port B out text QPLL0 -cc 25 0 12
load symbol QPLL0_X1 syn BOX port A out port B in text QPLL0 -cc 25 0 12
load symbol QPLL1_X0 syn BOX port A in port B out text QPLL1 -cc 25 0 12
load symbol QPLL1_X1 syn BOX port A out port B in text QPLL1 -cc 25 0 12
load inst QuadX0Y4 QUAD_X0 v -pg 1 -y 1 -x 2000 -autohide -attr @cell QuadX0Y4 -attr @name {} -attr @fillcolor #d9d9d9
attribute {pin QuadX0Y4 QPLL0 } -attr @name {}
attribute {hierPin QuadX0Y4 QPLL0 } -attr @name {}
attribute {pin QuadX0Y4 QPLL1 } -attr @name {}
attribute {hierPin QuadX0Y4 QPLL1 } -attr @name {}
attribute {pin QuadX0Y4 a0 } -attr @name {}
attribute {hierPin QuadX0Y4 a0 } -attr @name {}
attribute {pin QuadX0Y4 a1 } -attr @name {}
attribute {hierPin QuadX0Y4 a1 } -attr @name {}
attribute {pin QuadX0Y4 a2 } -attr @name {}
attribute {hierPin QuadX0Y4 a2 } -attr @name {}
attribute {pin QuadX0Y4 a3 } -attr @name {}
attribute {hierPin QuadX0Y4 a3 } -attr @name {}
attribute {pin QuadX0Y4 RECCLK_clk0 } -attr @name {}
attribute {hierPin QuadX0Y4 RECCLK_clk0 } -attr @name {}
attribute {pin QuadX0Y4 RECCLK_clk1 } -attr @name {}
attribute {hierPin QuadX0Y4 RECCLK_clk1 } -attr @name {}
load inst cpll.X0Y19 CPLL_X0 syn -hier QuadX0Y4 -pg 1 -y 2 -x 1 -autohide -attr @name {} -attr @cell {}
attribute {pin cpll.X0Y19 A} -attr @name {}
attribute {pin cpll.X0Y19 B} -attr @name {}
attribute {inst cpll.X0Y19} -attr @fillcolor #00868b
load symbol X0Y19 syn HIERGEN port TX in port RX in port RXRECCLK out
load inst GT.X0Y19 X0Y19 syn -hier QuadX0Y4 -pg 1 -y 2 -x 2000 -autohide -attr @name {}
attribute {inst GT.X0Y19} -attr @fillcolor #7a7a7a
load inst cpll.X0Y18 CPLL_X0 syn -hier QuadX0Y4 -pg 1 -y 87 -x 1 -autohide -attr @name {} -attr @cell {}
attribute {pin cpll.X0Y18 A} -attr @name {}
attribute {pin cpll.X0Y18 B} -attr @name {}
attribute {inst cpll.X0Y18} -attr @fillcolor #00868b
load symbol X0Y18 syn HIERGEN port TX in port RX in port RXRECCLK out
load inst GT.X0Y18 X0Y18 syn -hier QuadX0Y4 -pg 1 -y 87 -x 2000 -autohide -attr @name {}
attribute {inst GT.X0Y18} -attr @fillcolor #7a7a7a
load inst QPLL0.QuadX0Y4 QPLL0_X0 syn -hier QuadX0Y4 -pg 1 -y 172 -x 1 -autohide -attr @name {} -attr @cell {}
attribute {pin QPLL0.QuadX0Y4 A} -attr @name {}
attribute {pin QPLL0.QuadX0Y4 B} -attr @name {}
attribute {inst QPLL0.QuadX0Y4} -attr @fillcolor #00868b
load inst QPLL1.QuadX0Y4 QPLL1_X0 syn -hier QuadX0Y4 -pg 1 -y 257 -x 1 -autohide -attr @name {} -attr @cell {}
attribute {pin QPLL1.QuadX0Y4 A} -attr @name {}
attribute {pin QPLL1.QuadX0Y4 B} -attr @name {}
attribute {inst QPLL1.QuadX0Y4} -attr @fillcolor #00868b
load inst cpll.X0Y17 CPLL_X0 syn -hier QuadX0Y4 -pg 1 -y 342 -x 1 -autohide -attr @name {} -attr @cell {}
attribute {pin cpll.X0Y17 A} -attr @name {}
attribute {pin cpll.X0Y17 B} -attr @name {}
attribute {inst cpll.X0Y17} -attr @fillcolor #00868b
load symbol X0Y17 syn HIERGEN port TX in port RX in port RXRECCLK out
load inst GT.X0Y17 X0Y17 syn -hier QuadX0Y4 -pg 1 -y 342 -x 2000 -autohide -attr @name {}
attribute {inst GT.X0Y17} -attr @fillcolor #7a7a7a
load inst cpll.X0Y16 CPLL_X0 syn -hier QuadX0Y4 -pg 1 -y 427 -x 1 -autohide -attr @name {} -attr @cell {}
attribute {pin cpll.X0Y16 A} -attr @name {}
attribute {pin cpll.X0Y16 B} -attr @name {}
attribute {inst cpll.X0Y16} -attr @fillcolor #00868b
load symbol X0Y16 syn HIERGEN port TX in port RX in port RXRECCLK out
load inst GT.X0Y16 X0Y16 syn -hier QuadX0Y4 -pg 1 -y 427 -x 2000 -autohide -attr @name {}
attribute {inst GT.X0Y16} -attr @fillcolor #7a7a7a
load port QuadX0Y4_clk0 in -pg 1 -y 141 -x 1 -attr @fillcolor #3a5fcd
load port QuadX0Y4_clk1 in -pg 1 -y 311 -x 1 -attr @fillcolor #3a5fcd
load inst QuadX0Y3 QUAD_X0 v -pg 1 -y 563 -x 2000 -autohide -attr @cell QuadX0Y3 -attr @name {} -attr @fillcolor #d9d9d9
attribute {pin QuadX0Y3 QPLL0 } -attr @name {}
attribute {hierPin QuadX0Y3 QPLL0 } -attr @name {}
attribute {pin QuadX0Y3 QPLL1 } -attr @name {}
attribute {hierPin QuadX0Y3 QPLL1 } -attr @name {}
attribute {pin QuadX0Y3 a0 } -attr @name {}
attribute {hierPin QuadX0Y3 a0 } -attr @name {}
attribute {pin QuadX0Y3 a1 } -attr @name {}
attribute {hierPin QuadX0Y3 a1 } -attr @name {}
attribute {pin QuadX0Y3 a2 } -attr @name {}
attribute {hierPin QuadX0Y3 a2 } -attr @name {}
attribute {pin QuadX0Y3 a3 } -attr @name {}
attribute {hierPin QuadX0Y3 a3 } -attr @name {}
attribute {pin QuadX0Y3 RECCLK_clk0 } -attr @name {}
attribute {hierPin QuadX0Y3 RECCLK_clk0 } -attr @name {}
attribute {pin QuadX0Y3 RECCLK_clk1 } -attr @name {}
attribute {hierPin QuadX0Y3 RECCLK_clk1 } -attr @name {}
load inst cpll.X0Y15 CPLL_X0 syn -hier QuadX0Y3 -pg 1 -y 564 -x 1 -autohide -attr @name {} -attr @cell {}
attribute {pin cpll.X0Y15 A} -attr @name {}
attribute {pin cpll.X0Y15 B} -attr @name {}
attribute {inst cpll.X0Y15} -attr @fillcolor #00868b
load symbol X0Y15 syn HIERGEN port TX in port RX in port RXRECCLK out
load inst GT.X0Y15 X0Y15 syn -hier QuadX0Y3 -pg 1 -y 564 -x 2000 -autohide -attr @name {}
attribute {inst GT.X0Y15} -attr @fillcolor #7a7a7a
load inst cpll.X0Y14 CPLL_X0 syn -hier QuadX0Y3 -pg 1 -y 649 -x 1 -autohide -attr @name {} -attr @cell {}
attribute {pin cpll.X0Y14 A} -attr @name {}
attribute {pin cpll.X0Y14 B} -attr @name {}
attribute {inst cpll.X0Y14} -attr @fillcolor #00868b
load symbol X0Y14 syn HIERGEN port TX in port RX in port RXRECCLK out
load inst GT.X0Y14 X0Y14 syn -hier QuadX0Y3 -pg 1 -y 649 -x 2000 -autohide -attr @name {}
attribute {inst GT.X0Y14} -attr @fillcolor #7a7a7a
load inst QPLL0.QuadX0Y3 QPLL0_X0 syn -hier QuadX0Y3 -pg 1 -y 734 -x 1 -autohide -attr @name {} -attr @cell {}
attribute {pin QPLL0.QuadX0Y3 A} -attr @name {}
attribute {pin QPLL0.QuadX0Y3 B} -attr @name {}
attribute {inst QPLL0.QuadX0Y3} -attr @fillcolor #00868b
load inst QPLL1.QuadX0Y3 QPLL1_X0 syn -hier QuadX0Y3 -pg 1 -y 819 -x 1 -autohide -attr @name {} -attr @cell {}
attribute {pin QPLL1.QuadX0Y3 A} -attr @name {}
attribute {pin QPLL1.QuadX0Y3 B} -attr @name {}
attribute {inst QPLL1.QuadX0Y3} -attr @fillcolor #00868b
load inst cpll.X0Y13 CPLL_X0 syn -hier QuadX0Y3 -pg 1 -y 904 -x 1 -autohide -attr @name {} -attr @cell {}
attribute {pin cpll.X0Y13 A} -attr @name {}
attribute {pin cpll.X0Y13 B} -attr @name {}
attribute {inst cpll.X0Y13} -attr @fillcolor #00868b
load symbol X0Y13 syn HIERGEN port TX in port RX in port RXRECCLK out
load inst GT.X0Y13 X0Y13 syn -hier QuadX0Y3 -pg 1 -y 904 -x 2000 -autohide -attr @name {}
attribute {inst GT.X0Y13} -attr @fillcolor #7a7a7a
load inst cpll.X0Y12 CPLL_X0 syn -hier QuadX0Y3 -pg 1 -y 989 -x 1 -autohide -attr @name {} -attr @cell {}
attribute {pin cpll.X0Y12 A} -attr @name {}
attribute {pin cpll.X0Y12 B} -attr @name {}
attribute {inst cpll.X0Y12} -attr @fillcolor #00868b
load symbol X0Y12 syn HIERGEN port TX in port RX in port RXRECCLK out
load inst GT.X0Y12 X0Y12 syn -hier QuadX0Y3 -pg 1 -y 989 -x 2000 -autohide -attr @name {}
attribute {inst GT.X0Y12} -attr @fillcolor #7a7a7a
load port QuadX0Y3_clk0 in -pg 1 -y 703 -x 1 -attr @fillcolor #3a5fcd
load port QuadX0Y3_clk1 in -pg 1 -y 873 -x 1 -attr @fillcolor #3a5fcd
load inst QuadX1Y4 QUAD_X1 v -pg 1 -y 1 -x 12000 -autohide -attr @cell QuadX1Y4 -attr @name {} -attr @fillcolor #d9d9d9
attribute {pin QuadX1Y4 QPLL0 } -attr @name {}
attribute {hierPin QuadX1Y4 QPLL0 } -attr @name {}
attribute {pin QuadX1Y4 QPLL1 } -attr @name {}
attribute {hierPin QuadX1Y4 QPLL1 } -attr @name {}
attribute {pin QuadX1Y4 a0 } -attr @name {}
attribute {hierPin QuadX1Y4 a0 } -attr @name {}
attribute {pin QuadX1Y4 a1 } -attr @name {}
attribute {hierPin QuadX1Y4 a1 } -attr @name {}
attribute {pin QuadX1Y4 a2 } -attr @name {}
attribute {hierPin QuadX1Y4 a2 } -attr @name {}
attribute {pin QuadX1Y4 a3 } -attr @name {}
attribute {hierPin QuadX1Y4 a3 } -attr @name {}
attribute {pin QuadX1Y4 RECCLK_clk0 } -attr @name {}
attribute {hierPin QuadX1Y4 RECCLK_clk0 } -attr @name {}
attribute {pin QuadX1Y4 RECCLK_clk1 } -attr @name {}
attribute {hierPin QuadX1Y4 RECCLK_clk1 } -attr @name {}
load inst cpll.X1Y19 CPLL_X1 syn -hier QuadX1Y4 -pg 1 -y 2 -x 12001 -autohide -attr @name {} -attr @cell {}
attribute {pin cpll.X1Y19 A} -attr @name {}
attribute {pin cpll.X1Y19 B} -attr @name {}
attribute {inst cpll.X1Y19} -attr @fillcolor #00868b
load symbol X1Y19 syn HIERGEN port TX out port RX out port RXRECCLK in
load inst GT.X1Y19 X1Y19 syn -hier QuadX1Y4 -pg 1 -y 2 -x 12000 -autohide -attr @name {}
attribute {inst GT.X1Y19} -attr @fillcolor #7a7a7a
load inst cpll.X1Y18 CPLL_X1 syn -hier QuadX1Y4 -pg 1 -y 87 -x 12001 -autohide -attr @name {} -attr @cell {}
attribute {pin cpll.X1Y18 A} -attr @name {}
attribute {pin cpll.X1Y18 B} -attr @name {}
attribute {inst cpll.X1Y18} -attr @fillcolor #00868b
load symbol X1Y18 syn HIERGEN port TX out port RX out port RXRECCLK in
load inst GT.X1Y18 X1Y18 syn -hier QuadX1Y4 -pg 1 -y 87 -x 12000 -autohide -attr @name {}
attribute {inst GT.X1Y18} -attr @fillcolor #7a7a7a
load inst QPLL0.QuadX1Y4 QPLL0_X1 syn -hier QuadX1Y4 -pg 1 -y 172 -x 12001 -autohide -attr @name {} -attr @cell {}
attribute {pin QPLL0.QuadX1Y4 A} -attr @name {}
attribute {pin QPLL0.QuadX1Y4 B} -attr @name {}
attribute {inst QPLL0.QuadX1Y4} -attr @fillcolor #00868b
load inst QPLL1.QuadX1Y4 QPLL1_X1 syn -hier QuadX1Y4 -pg 1 -y 257 -x 12001 -autohide -attr @name {} -attr @cell {}
attribute {pin QPLL1.QuadX1Y4 A} -attr @name {}
attribute {pin QPLL1.QuadX1Y4 B} -attr @name {}
attribute {inst QPLL1.QuadX1Y4} -attr @fillcolor #00868b
load inst cpll.X1Y17 CPLL_X1 syn -hier QuadX1Y4 -pg 1 -y 342 -x 12001 -autohide -attr @name {} -attr @cell {}
attribute {pin cpll.X1Y17 A} -attr @name {}
attribute {pin cpll.X1Y17 B} -attr @name {}
attribute {inst cpll.X1Y17} -attr @fillcolor #00868b
load symbol X1Y17 syn HIERGEN port TX out port RX out port RXRECCLK in
load inst GT.X1Y17 X1Y17 syn -hier QuadX1Y4 -pg 1 -y 342 -x 12000 -autohide -attr @name {}
attribute {inst GT.X1Y17} -attr @fillcolor #7a7a7a
load inst cpll.X1Y16 CPLL_X1 syn -hier QuadX1Y4 -pg 1 -y 427 -x 12001 -autohide -attr @name {} -attr @cell {}
attribute {pin cpll.X1Y16 A} -attr @name {}
attribute {pin cpll.X1Y16 B} -attr @name {}
attribute {inst cpll.X1Y16} -attr @fillcolor #00868b
load symbol X1Y16 syn HIERGEN port TX out port RX out port RXRECCLK in
load inst GT.X1Y16 X1Y16 syn -hier QuadX1Y4 -pg 1 -y 427 -x 12000 -autohide -attr @name {}
attribute {inst GT.X1Y16} -attr @fillcolor #7a7a7a
load port QuadX1Y4_clk0 out -pg 1 -y 141 -x 12001 -attr @fillcolor #3a5fcd
load port QuadX1Y4_clk1 out -pg 1 -y 311 -x 12001 -attr @fillcolor #3a5fcd
load inst QuadX1Y3 QUAD_X1 v -pg 1 -y 563 -x 12000 -autohide -attr @cell QuadX1Y3 -attr @name {} -attr @fillcolor #d9d9d9
attribute {pin QuadX1Y3 QPLL0 } -attr @name {}
attribute {hierPin QuadX1Y3 QPLL0 } -attr @name {}
attribute {pin QuadX1Y3 QPLL1 } -attr @name {}
attribute {hierPin QuadX1Y3 QPLL1 } -attr @name {}
attribute {pin QuadX1Y3 a0 } -attr @name {}
attribute {hierPin QuadX1Y3 a0 } -attr @name {}
attribute {pin QuadX1Y3 a1 } -attr @name {}
attribute {hierPin QuadX1Y3 a1 } -attr @name {}
attribute {pin QuadX1Y3 a2 } -attr @name {}
attribute {hierPin QuadX1Y3 a2 } -attr @name {}
attribute {pin QuadX1Y3 a3 } -attr @name {}
attribute {hierPin QuadX1Y3 a3 } -attr @name {}
attribute {pin QuadX1Y3 RECCLK_clk0 } -attr @name {}
attribute {hierPin QuadX1Y3 RECCLK_clk0 } -attr @name {}
attribute {pin QuadX1Y3 RECCLK_clk1 } -attr @name {}
attribute {hierPin QuadX1Y3 RECCLK_clk1 } -attr @name {}
load inst cpll.X1Y15 CPLL_X1 syn -hier QuadX1Y3 -pg 1 -y 564 -x 12001 -autohide -attr @name {} -attr @cell {}
attribute {pin cpll.X1Y15 A} -attr @name {}
attribute {pin cpll.X1Y15 B} -attr @name {}
attribute {inst cpll.X1Y15} -attr @fillcolor #00868b
load symbol X1Y15 syn HIERGEN port TX out port RX out port RXRECCLK in
load inst GT.X1Y15 X1Y15 syn -hier QuadX1Y3 -pg 1 -y 564 -x 12000 -autohide -attr @name {}
attribute {inst GT.X1Y15} -attr @fillcolor #7a7a7a
load inst cpll.X1Y14 CPLL_X1 syn -hier QuadX1Y3 -pg 1 -y 649 -x 12001 -autohide -attr @name {} -attr @cell {}
attribute {pin cpll.X1Y14 A} -attr @name {}
attribute {pin cpll.X1Y14 B} -attr @name {}
attribute {inst cpll.X1Y14} -attr @fillcolor #00868b
load symbol X1Y14 syn HIERGEN port TX out port RX out port RXRECCLK in
load inst GT.X1Y14 X1Y14 syn -hier QuadX1Y3 -pg 1 -y 649 -x 12000 -autohide -attr @name {}
attribute {inst GT.X1Y14} -attr @fillcolor #7a7a7a
load inst QPLL0.QuadX1Y3 QPLL0_X1 syn -hier QuadX1Y3 -pg 1 -y 734 -x 12001 -autohide -attr @name {} -attr @cell {}
attribute {pin QPLL0.QuadX1Y3 A} -attr @name {}
attribute {pin QPLL0.QuadX1Y3 B} -attr @name {}
attribute {inst QPLL0.QuadX1Y3} -attr @fillcolor #00868b
load inst QPLL1.QuadX1Y3 QPLL1_X1 syn -hier QuadX1Y3 -pg 1 -y 819 -x 12001 -autohide -attr @name {} -attr @cell {}
attribute {pin QPLL1.QuadX1Y3 A} -attr @name {}
attribute {pin QPLL1.QuadX1Y3 B} -attr @name {}
attribute {inst QPLL1.QuadX1Y3} -attr @fillcolor #00868b
load inst cpll.X1Y13 CPLL_X1 syn -hier QuadX1Y3 -pg 1 -y 904 -x 12001 -autohide -attr @name {} -attr @cell {}
attribute {pin cpll.X1Y13 A} -attr @name {}
attribute {pin cpll.X1Y13 B} -attr @name {}
attribute {inst cpll.X1Y13} -attr @fillcolor #00868b
load symbol X1Y13 syn HIERGEN port TX out port RX out port RXRECCLK in
load inst GT.X1Y13 X1Y13 syn -hier QuadX1Y3 -pg 1 -y 904 -x 12000 -autohide -attr @name {}
attribute {inst GT.X1Y13} -attr @fillcolor #7a7a7a
load inst cpll.X1Y12 CPLL_X1 syn -hier QuadX1Y3 -pg 1 -y 989 -x 12001 -autohide -attr @name {} -attr @cell {}
attribute {pin cpll.X1Y12 A} -attr @name {}
attribute {pin cpll.X1Y12 B} -attr @name {}
attribute {inst cpll.X1Y12} -attr @fillcolor #00868b
load symbol X1Y12 syn HIERGEN port TX out port RX out port RXRECCLK in
load inst GT.X1Y12 X1Y12 syn -hier QuadX1Y3 -pg 1 -y 989 -x 12000 -autohide -attr @name {}
attribute {inst GT.X1Y12} -attr @fillcolor #7a7a7a
load port QuadX1Y3_clk0 out -pg 1 -y 703 -x 12001 -attr @fillcolor #3a5fcd
load port QuadX1Y3_clk1 out -pg 1 -y 873 -x 12001 -attr @fillcolor #3a5fcd
load inst QuadX1Y2 QUAD_X1 v -pg 1 -y 1125 -x 12000 -autohide -attr @cell QuadX1Y2 -attr @name {} -attr @fillcolor #d9d9d9
attribute {pin QuadX1Y2 QPLL0 } -attr @name {}
attribute {hierPin QuadX1Y2 QPLL0 } -attr @name {}
attribute {pin QuadX1Y2 QPLL1 } -attr @name {}
attribute {hierPin QuadX1Y2 QPLL1 } -attr @name {}
attribute {pin QuadX1Y2 a0 } -attr @name {}
attribute {hierPin QuadX1Y2 a0 } -attr @name {}
attribute {pin QuadX1Y2 a1 } -attr @name {}
attribute {hierPin QuadX1Y2 a1 } -attr @name {}
attribute {pin QuadX1Y2 a2 } -attr @name {}
attribute {hierPin QuadX1Y2 a2 } -attr @name {}
attribute {pin QuadX1Y2 a3 } -attr @name {}
attribute {hierPin QuadX1Y2 a3 } -attr @name {}
attribute {pin QuadX1Y2 RECCLK_clk0 } -attr @name {}
attribute {hierPin QuadX1Y2 RECCLK_clk0 } -attr @name {}
attribute {pin QuadX1Y2 RECCLK_clk1 } -attr @name {}
attribute {hierPin QuadX1Y2 RECCLK_clk1 } -attr @name {}
load inst cpll.X1Y11 CPLL_X1 syn -hier QuadX1Y2 -pg 1 -y 1126 -x 12001 -autohide -attr @name {} -attr @cell {}
attribute {pin cpll.X1Y11 A} -attr @name {}
attribute {pin cpll.X1Y11 B} -attr @name {}
attribute {inst cpll.X1Y11} -attr @fillcolor #00868b
load symbol X1Y11 syn HIERGEN port TX out port RX out port RXRECCLK in
load inst GT.X1Y11 X1Y11 syn -hier QuadX1Y2 -pg 1 -y 1126 -x 12000 -autohide -attr @name {}
attribute {inst GT.X1Y11} -attr @fillcolor #7a7a7a
load inst cpll.X1Y10 CPLL_X1 syn -hier QuadX1Y2 -pg 1 -y 1211 -x 12001 -autohide -attr @name {} -attr @cell {}
attribute {pin cpll.X1Y10 A} -attr @name {}
attribute {pin cpll.X1Y10 B} -attr @name {}
attribute {inst cpll.X1Y10} -attr @fillcolor #00868b
load symbol X1Y10 syn HIERGEN port TX out port RX out port RXRECCLK in
load inst GT.X1Y10 X1Y10 syn -hier QuadX1Y2 -pg 1 -y 1211 -x 12000 -autohide -attr @name {}
attribute {inst GT.X1Y10} -attr @fillcolor #7a7a7a
load inst QPLL0.QuadX1Y2 QPLL0_X1 syn -hier QuadX1Y2 -pg 1 -y 1296 -x 12001 -autohide -attr @name {} -attr @cell {}
attribute {pin QPLL0.QuadX1Y2 A} -attr @name {}
attribute {pin QPLL0.QuadX1Y2 B} -attr @name {}
attribute {inst QPLL0.QuadX1Y2} -attr @fillcolor #00868b
load inst QPLL1.QuadX1Y2 QPLL1_X1 syn -hier QuadX1Y2 -pg 1 -y 1381 -x 12001 -autohide -attr @name {} -attr @cell {}
attribute {pin QPLL1.QuadX1Y2 A} -attr @name {}
attribute {pin QPLL1.QuadX1Y2 B} -attr @name {}
attribute {inst QPLL1.QuadX1Y2} -attr @fillcolor #00868b
load inst cpll.X1Y9 CPLL_X1 syn -hier QuadX1Y2 -pg 1 -y 1466 -x 12001 -autohide -attr @name {} -attr @cell {}
attribute {pin cpll.X1Y9 A} -attr @name {}
attribute {pin cpll.X1Y9 B} -attr @name {}
attribute {inst cpll.X1Y9} -attr @fillcolor #00868b
load symbol X1Y9 syn HIERGEN port TX out port RX out port RXRECCLK in
load inst GT.X1Y9 X1Y9 syn -hier QuadX1Y2 -pg 1 -y 1466 -x 12000 -autohide -attr @name {}
attribute {inst GT.X1Y9} -attr @fillcolor #7a7a7a
load inst cpll.X1Y8 CPLL_X1 syn -hier QuadX1Y2 -pg 1 -y 1551 -x 12001 -autohide -attr @name {} -attr @cell {}
attribute {pin cpll.X1Y8 A} -attr @name {}
attribute {pin cpll.X1Y8 B} -attr @name {}
attribute {inst cpll.X1Y8} -attr @fillcolor #00868b
load symbol X1Y8 syn HIERGEN port TX out port RX out port RXRECCLK in
load inst GT.X1Y8 X1Y8 syn -hier QuadX1Y2 -pg 1 -y 1551 -x 12000 -autohide -attr @name {}
attribute {inst GT.X1Y8} -attr @fillcolor #7a7a7a
load port QuadX1Y2_clk0 out -pg 1 -y 1265 -x 12001 -attr @fillcolor #3a5fcd
load port QuadX1Y2_clk1 out -pg 1 -y 1435 -x 12001 -attr @fillcolor #3a5fcd
load inst QuadX1Y1 QUAD_X1 v -pg 1 -y 1687 -x 12000 -autohide -attr @cell QuadX1Y1 -attr @name {} -attr @fillcolor #d9d9d9
attribute {pin QuadX1Y1 QPLL0 } -attr @name {}
attribute {hierPin QuadX1Y1 QPLL0 } -attr @name {}
attribute {pin QuadX1Y1 QPLL1 } -attr @name {}
attribute {hierPin QuadX1Y1 QPLL1 } -attr @name {}
attribute {pin QuadX1Y1 a0 } -attr @name {}
attribute {hierPin QuadX1Y1 a0 } -attr @name {}
attribute {pin QuadX1Y1 a1 } -attr @name {}
attribute {hierPin QuadX1Y1 a1 } -attr @name {}
attribute {pin QuadX1Y1 a2 } -attr @name {}
attribute {hierPin QuadX1Y1 a2 } -attr @name {}
attribute {pin QuadX1Y1 a3 } -attr @name {}
attribute {hierPin QuadX1Y1 a3 } -attr @name {}
attribute {pin QuadX1Y1 RECCLK_clk0 } -attr @name {}
attribute {hierPin QuadX1Y1 RECCLK_clk0 } -attr @name {}
attribute {pin QuadX1Y1 RECCLK_clk1 } -attr @name {}
attribute {hierPin QuadX1Y1 RECCLK_clk1 } -attr @name {}
load inst cpll.X1Y7 CPLL_X1 syn -hier QuadX1Y1 -pg 1 -y 1688 -x 12001 -autohide -attr @name {} -attr @cell {}
attribute {pin cpll.X1Y7 A} -attr @name {}
attribute {pin cpll.X1Y7 B} -attr @name {}
attribute {inst cpll.X1Y7} -attr @fillcolor #00868b
load symbol X1Y7 syn HIERGEN port TX out port RX out port RXRECCLK in
load inst GT.X1Y7 X1Y7 syn -hier QuadX1Y1 -pg 1 -y 1688 -x 12000 -autohide -attr @name {}
attribute {inst GT.X1Y7} -attr @fillcolor #7a7a7a
load inst cpll.X1Y6 CPLL_X1 syn -hier QuadX1Y1 -pg 1 -y 1773 -x 12001 -autohide -attr @name {} -attr @cell {}
attribute {pin cpll.X1Y6 A} -attr @name {}
attribute {pin cpll.X1Y6 B} -attr @name {}
attribute {inst cpll.X1Y6} -attr @fillcolor #00868b
load symbol X1Y6 syn HIERGEN port TX out port RX out port RXRECCLK in
load inst GT.X1Y6 X1Y6 syn -hier QuadX1Y1 -pg 1 -y 1773 -x 12000 -autohide -attr @name {}
attribute {inst GT.X1Y6} -attr @fillcolor #7a7a7a
load inst QPLL0.QuadX1Y1 QPLL0_X1 syn -hier QuadX1Y1 -pg 1 -y 1858 -x 12001 -autohide -attr @name {} -attr @cell {}
attribute {pin QPLL0.QuadX1Y1 A} -attr @name {}
attribute {pin QPLL0.QuadX1Y1 B} -attr @name {}
attribute {inst QPLL0.QuadX1Y1} -attr @fillcolor #00868b
load inst QPLL1.QuadX1Y1 QPLL1_X1 syn -hier QuadX1Y1 -pg 1 -y 1943 -x 12001 -autohide -attr @name {} -attr @cell {}
attribute {pin QPLL1.QuadX1Y1 A} -attr @name {}
attribute {pin QPLL1.QuadX1Y1 B} -attr @name {}
attribute {inst QPLL1.QuadX1Y1} -attr @fillcolor #00868b
load inst cpll.X1Y5 CPLL_X1 syn -hier QuadX1Y1 -pg 1 -y 2028 -x 12001 -autohide -attr @name {} -attr @cell {}
attribute {pin cpll.X1Y5 A} -attr @name {}
attribute {pin cpll.X1Y5 B} -attr @name {}
attribute {inst cpll.X1Y5} -attr @fillcolor #00868b
load symbol X1Y5 syn HIERGEN port TX out port RX out port RXRECCLK in
load inst GT.X1Y5 X1Y5 syn -hier QuadX1Y1 -pg 1 -y 2028 -x 12000 -autohide -attr @name {}
attribute {inst GT.X1Y5} -attr @fillcolor #7a7a7a
load inst cpll.X1Y4 CPLL_X1 syn -hier QuadX1Y1 -pg 1 -y 2113 -x 12001 -autohide -attr @name {} -attr @cell {}
attribute {pin cpll.X1Y4 A} -attr @name {}
attribute {pin cpll.X1Y4 B} -attr @name {}
attribute {inst cpll.X1Y4} -attr @fillcolor #00868b
load symbol X1Y4 syn HIERGEN port TX out port RX out port RXRECCLK in
load inst GT.X1Y4 X1Y4 syn -hier QuadX1Y1 -pg 1 -y 2113 -x 12000 -autohide -attr @name {}
attribute {inst GT.X1Y4} -attr @fillcolor #7a7a7a
load port QuadX1Y1_clk0 out -pg 1 -y 1827 -x 12001 -attr @fillcolor #3a5fcd
load port QuadX1Y1_clk1 out -pg 1 -y 1997 -x 12001 -attr @fillcolor #3a5fcd
load inst QuadX1Y0 QUAD_X1 v -pg 1 -y 2249 -x 12000 -autohide -attr @cell QuadX1Y0 -attr @name {} -attr @fillcolor #d9d9d9
attribute {pin QuadX1Y0 QPLL0 } -attr @name {}
attribute {hierPin QuadX1Y0 QPLL0 } -attr @name {}
attribute {pin QuadX1Y0 QPLL1 } -attr @name {}
attribute {hierPin QuadX1Y0 QPLL1 } -attr @name {}
attribute {pin QuadX1Y0 a0 } -attr @name {}
attribute {hierPin QuadX1Y0 a0 } -attr @name {}
attribute {pin QuadX1Y0 a1 } -attr @name {}
attribute {hierPin QuadX1Y0 a1 } -attr @name {}
attribute {pin QuadX1Y0 a2 } -attr @name {}
attribute {hierPin QuadX1Y0 a2 } -attr @name {}
attribute {pin QuadX1Y0 a3 } -attr @name {}
attribute {hierPin QuadX1Y0 a3 } -attr @name {}
attribute {pin QuadX1Y0 RECCLK_clk0 } -attr @name {}
attribute {hierPin QuadX1Y0 RECCLK_clk0 } -attr @name {}
attribute {pin QuadX1Y0 RECCLK_clk1 } -attr @name {}
attribute {hierPin QuadX1Y0 RECCLK_clk1 } -attr @name {}
load inst cpll.X1Y3 CPLL_X1 syn -hier QuadX1Y0 -pg 1 -y 2250 -x 12001 -autohide -attr @name {} -attr @cell {}
attribute {pin cpll.X1Y3 A} -attr @name {}
attribute {pin cpll.X1Y3 B} -attr @name {}
attribute {inst cpll.X1Y3} -attr @fillcolor #00868b
load symbol X1Y3 syn HIERGEN port TX out port RX out port RXRECCLK in
load inst GT.X1Y3 X1Y3 syn -hier QuadX1Y0 -pg 1 -y 2250 -x 12000 -autohide -attr @name {}
attribute {inst GT.X1Y3} -attr @fillcolor #7a7a7a
load inst cpll.X1Y2 CPLL_X1 syn -hier QuadX1Y0 -pg 1 -y 2335 -x 12001 -autohide -attr @name {} -attr @cell {}
attribute {pin cpll.X1Y2 A} -attr @name {}
attribute {pin cpll.X1Y2 B} -attr @name {}
attribute {inst cpll.X1Y2} -attr @fillcolor #00868b
load symbol X1Y2 syn HIERGEN port TX out port RX out port RXRECCLK in
load inst GT.X1Y2 X1Y2 syn -hier QuadX1Y0 -pg 1 -y 2335 -x 12000 -autohide -attr @name {}
attribute {inst GT.X1Y2} -attr @fillcolor #7a7a7a
load inst QPLL0.QuadX1Y0 QPLL0_X1 syn -hier QuadX1Y0 -pg 1 -y 2420 -x 12001 -autohide -attr @name {} -attr @cell {}
attribute {pin QPLL0.QuadX1Y0 A} -attr @name {}
attribute {pin QPLL0.QuadX1Y0 B} -attr @name {}
attribute {inst QPLL0.QuadX1Y0} -attr @fillcolor #00868b
load inst QPLL1.QuadX1Y0 QPLL1_X1 syn -hier QuadX1Y0 -pg 1 -y 2505 -x 12001 -autohide -attr @name {} -attr @cell {}
attribute {pin QPLL1.QuadX1Y0 A} -attr @name {}
attribute {pin QPLL1.QuadX1Y0 B} -attr @name {}
attribute {inst QPLL1.QuadX1Y0} -attr @fillcolor #00868b
load inst cpll.X1Y1 CPLL_X1 syn -hier QuadX1Y0 -pg 1 -y 2590 -x 12001 -autohide -attr @name {} -attr @cell {}
attribute {pin cpll.X1Y1 A} -attr @name {}
attribute {pin cpll.X1Y1 B} -attr @name {}
attribute {inst cpll.X1Y1} -attr @fillcolor #00868b
load symbol X1Y1 syn HIERGEN port TX out port RX out port RXRECCLK in
load inst GT.X1Y1 X1Y1 syn -hier QuadX1Y0 -pg 1 -y 2590 -x 12000 -autohide -attr @name {}
attribute {inst GT.X1Y1} -attr @fillcolor #7a7a7a
load inst cpll.X1Y0 CPLL_X1 syn -hier QuadX1Y0 -pg 1 -y 2675 -x 12001 -autohide -attr @name {} -attr @cell {}
attribute {pin cpll.X1Y0 A} -attr @name {}
attribute {pin cpll.X1Y0 B} -attr @name {}
attribute {inst cpll.X1Y0} -attr @fillcolor #00868b
load symbol X1Y0 syn HIERGEN port TX out port RX out port RXRECCLK in
load inst GT.X1Y0 X1Y0 syn -hier QuadX1Y0 -pg 1 -y 2675 -x 12000 -autohide -attr @name {}
attribute {inst GT.X1Y0} -attr @fillcolor #7a7a7a
load port QuadX1Y0_clk0 out -pg 1 -y 2389 -x 12001 -attr @fillcolor #3a5fcd
load port QuadX1Y0_clk1 out -pg 1 -y 2559 -x 12001 -attr @fillcolor #3a5fcd
attribute {inst GT.X0Y19} -attr @fillcolor #7a7a7a
attribute {inst cpll.X0Y19} -attr @fillcolor #00868b
attribute {inst QPLL0.QuadX0Y4} -attr @fillcolor #00868b
attribute {inst QPLL1.QuadX0Y4} -attr @fillcolor #00868b
attribute {inst GT.X0Y18} -attr @fillcolor #7a7a7a
attribute {inst cpll.X0Y18} -attr @fillcolor #00868b
attribute {inst GT.X0Y17} -attr @fillcolor #7a7a7a
attribute {inst cpll.X0Y17} -attr @fillcolor #00868b
attribute {inst GT.X0Y16} -attr @fillcolor #7a7a7a
attribute {inst cpll.X0Y16} -attr @fillcolor #00868b
attribute {inst GT.X0Y15} -attr @fillcolor #7a7a7a
attribute {inst cpll.X0Y15} -attr @fillcolor #00868b
attribute {inst QPLL0.QuadX0Y3} -attr @fillcolor #00868b
attribute {inst QPLL1.QuadX0Y3} -attr @fillcolor #00868b
attribute {inst GT.X0Y14} -attr @fillcolor #7a7a7a
attribute {inst cpll.X0Y14} -attr @fillcolor #00868b
attribute {inst GT.X0Y13} -attr @fillcolor #7a7a7a
attribute {inst cpll.X0Y13} -attr @fillcolor #00868b
attribute {inst GT.X0Y12} -attr @fillcolor #7a7a7a
attribute {inst cpll.X0Y12} -attr @fillcolor #00868b
attribute {inst GT.X1Y19} -attr @fillcolor #7a7a7a
attribute {inst cpll.X1Y19} -attr @fillcolor #00868b
attribute {inst QPLL0.QuadX1Y4} -attr @fillcolor #00868b
attribute {inst QPLL1.QuadX1Y4} -attr @fillcolor #00868b
attribute {inst GT.X1Y18} -attr @fillcolor #7a7a7a
attribute {inst cpll.X1Y18} -attr @fillcolor #00868b
attribute {inst GT.X1Y17} -attr @fillcolor #7a7a7a
attribute {inst cpll.X1Y17} -attr @fillcolor #00868b
attribute {inst GT.X1Y16} -attr @fillcolor #7a7a7a
attribute {inst cpll.X1Y16} -attr @fillcolor #00868b
attribute {inst GT.X1Y15} -attr @fillcolor #7a7a7a
attribute {inst cpll.X1Y15} -attr @fillcolor #00868b
attribute {inst QPLL0.QuadX1Y3} -attr @fillcolor #00868b
attribute {inst QPLL1.QuadX1Y3} -attr @fillcolor #00868b
attribute {inst GT.X1Y14} -attr @fillcolor #7a7a7a
attribute {inst cpll.X1Y14} -attr @fillcolor #00868b
attribute {inst GT.X1Y13} -attr @fillcolor #7a7a7a
attribute {inst cpll.X1Y13} -attr @fillcolor #00868b
attribute {inst GT.X1Y12} -attr @fillcolor #7a7a7a
attribute {inst cpll.X1Y12} -attr @fillcolor #00868b
attribute {inst GT.X1Y11} -attr @fillcolor #7a7a7a
attribute {inst cpll.X1Y11} -attr @fillcolor #00868b
attribute {inst QPLL0.QuadX1Y2} -attr @fillcolor #00868b
attribute {inst QPLL1.QuadX1Y2} -attr @fillcolor #00868b
attribute {inst GT.X1Y10} -attr @fillcolor #7a7a7a
attribute {inst cpll.X1Y10} -attr @fillcolor #00868b
attribute {inst GT.X1Y9} -attr @fillcolor #7a7a7a
attribute {inst cpll.X1Y9} -attr @fillcolor #00868b
attribute {inst GT.X1Y8} -attr @fillcolor #7a7a7a
attribute {inst cpll.X1Y8} -attr @fillcolor #00868b
attribute {inst GT.X1Y7} -attr @fillcolor #7a7a7a
attribute {inst cpll.X1Y7} -attr @fillcolor #00868b
attribute {inst QPLL0.QuadX1Y1} -attr @fillcolor #00868b
attribute {inst QPLL1.QuadX1Y1} -attr @fillcolor #00868b
attribute {inst GT.X1Y6} -attr @fillcolor #7a7a7a
attribute {inst cpll.X1Y6} -attr @fillcolor #00868b
attribute {inst GT.X1Y5} -attr @fillcolor #7a7a7a
attribute {inst cpll.X1Y5} -attr @fillcolor #00868b
attribute {inst GT.X1Y4} -attr @fillcolor #7a7a7a
attribute {inst cpll.X1Y4} -attr @fillcolor #00868b
attribute {inst GT.X1Y3} -attr @fillcolor #7a7a7a
attribute {inst cpll.X1Y3} -attr @fillcolor #00868b
attribute {inst QPLL0.QuadX1Y0} -attr @fillcolor #00868b
attribute {inst QPLL1.QuadX1Y0} -attr @fillcolor #00868b
attribute {inst GT.X1Y2} -attr @fillcolor #7a7a7a
attribute {inst cpll.X1Y2} -attr @fillcolor #00868b
attribute {inst GT.X1Y1} -attr @fillcolor #7a7a7a
attribute {inst cpll.X1Y1} -attr @fillcolor #00868b
attribute {inst GT.X1Y0} -attr @fillcolor #7a7a7a
attribute {inst cpll.X1Y0} -attr @fillcolor #00868b
increment -const
load net net.clk.QuadX1Y2_clk0 -port QuadX1Y2_clk0 -pin QuadX1Y2 QPLL0
load net net.quad.QPLL0.QuadX1Y2 -hierPin QuadX1Y2 QPLL0 -pin QPLL0.QuadX1Y2 A
load net net.chan.QPLL0.QuadX1Y2 -pin QPLL0.QuadX1Y2 B -pin GT.X1Y11 TX
attribute {inst QPLL0.QuadX1Y2} -attr @fillcolor #cccc00
attribute {inst GT.X1Y11} -attr @fillcolor #cccc00
load net net.chan.QPLL0.QuadX1Y2 -pin QPLL0.QuadX1Y2 B -pin GT.X1Y10 TX
attribute {inst QPLL0.QuadX1Y2} -attr @fillcolor #cccc00
attribute {inst GT.X1Y10} -attr @fillcolor #cccc00
load net net.chan.QPLL0.QuadX1Y2 -pin QPLL0.QuadX1Y2 B -pin GT.X1Y9 TX
attribute {inst QPLL0.QuadX1Y2} -attr @fillcolor #cccc00
attribute {inst GT.X1Y9} -attr @fillcolor #cccc00
load net net.chan.QPLL0.QuadX1Y2 -pin QPLL0.QuadX1Y2 B -pin GT.X1Y8 TX
attribute {inst QPLL0.QuadX1Y2} -attr @fillcolor #cccc00
attribute {inst GT.X1Y8} -attr @fillcolor #cccc00
load net net.chan.QPLL0.QuadX1Y2 -pin QPLL0.QuadX1Y2 B -pin GT.X1Y11 RX
attribute {inst QPLL0.QuadX1Y2} -attr @fillcolor #cccc00
attribute {inst GT.X1Y11} -attr @fillcolor #cccc00
load net net.chan.QPLL0.QuadX1Y2 -pin QPLL0.QuadX1Y2 B -pin GT.X1Y10 RX
attribute {inst QPLL0.QuadX1Y2} -attr @fillcolor #cccc00
attribute {inst GT.X1Y10} -attr @fillcolor #cccc00
load net net.chan.QPLL0.QuadX1Y2 -pin QPLL0.QuadX1Y2 B -pin GT.X1Y9 RX
attribute {inst QPLL0.QuadX1Y2} -attr @fillcolor #cccc00
attribute {inst GT.X1Y9} -attr @fillcolor #cccc00
load net net.chan.QPLL0.QuadX1Y2 -pin QPLL0.QuadX1Y2 B -pin GT.X1Y8 RX
attribute {inst QPLL0.QuadX1Y2} -attr @fillcolor #cccc00
attribute {inst GT.X1Y8} -attr @fillcolor #cccc00
show
# Starting Split Pages                                                  499.48
# Split Pages 91 Comps, 3 Nets 0 NetBundles 0 CGraphics                 499.48
# KwayPart started for 91 comps, 3 nets                                 499.48
# Init done: 1 nodes (1 locked nodes), 0 edges                          499.48
# Startpart done: 1 parts                                               499.48
# KwayPart done                                                         499.48
# End of Split Pages: 1 pages                                           499.48
# End of Split Pages                                                    499.48
# Generating Regions for Page 1:   91 Comps,    3 Nets                  499.48
# Analyze                                                               499.48
# Levelize                                                              499.48
# End of LevelAssign mode=I, 3 Levels, 10 Comps, limit=30000            499.48
# Nets                                                                  499.48
# Place                                                                 499.48
# PlaceNets                                                             499.48
# SpaceY                                                                499.48
# Track                                                                 499.48
# SpaceX                                                                499.48
# Wire                                                                  499.48
# End of Wire: 0 nets, 0 ch, wire: 0-->0 (0 with wbits)                 499.48
# End of doGenerate                                                     499.48
# Analyze                                                               499.48
# Levelize                                                              499.48
# End of LevelAssign mode=I, 3 Levels, 10 Comps, limit=30000            499.48
# Nets                                                                  499.48
# Place                                                                 499.48
# PlaceNets                                                             499.48
# SpaceY                                                                499.48
# Track                                                                 499.48
# SpaceX                                                                499.48
# Wire                                                                  499.48
# End of Wire: 0 nets, 0 ch, wire: 0-->0 (0 with wbits)                 499.48
# End of doGenerate                                                     499.48
# Analyze                                                               499.48
# Levelize                                                              499.48
# End of LevelAssign mode=I, 3 Levels, 11 Comps, limit=30000            499.48
# Nets                                                                  499.48
# Place                                                                 499.48
# PlaceNets                                                             499.48
# SpaceY                                                                499.48
# Track                                                                 499.48
# SpaceX                                                                499.48
# Wire                                                                  499.48
# End of Wire: 2 nets, 2 ch, wire: 34-->34 (0 with wbits)               499.48
# End of doGenerate                                                     499.48
# Analyze                                                               499.48
# Levelize                                                              499.48
# End of LevelAssign mode=I, 3 Levels, 10 Comps, limit=30000            499.48
# Nets                                                                  499.48
# Place                                                                 499.48
# PlaceNets                                                             499.48
# SpaceY                                                                499.48
# Track                                                                 499.48
# SpaceX                                                                499.48
# Wire                                                                  499.48
# End of Wire: 0 nets, 0 ch, wire: 0-->0 (0 with wbits)                 499.48
# End of doGenerate                                                     499.48
# Analyze                                                               499.48
# Levelize                                                              499.48
# End of LevelAssign mode=I, 3 Levels, 10 Comps, limit=30000            499.48
# Nets                                                                  499.48
# Place                                                                 499.48
# PlaceNets                                                             499.48
# SpaceY                                                                499.48
# Track                                                                 499.48
# SpaceX                                                                499.48
# Wire                                                                  499.48
# End of Wire: 0 nets, 0 ch, wire: 0-->0 (0 with wbits)                 499.48
# End of doGenerate                                                     499.48
# Analyze                                                               499.48
# Levelize                                                              499.48
# End of LevelAssign mode=I, 3 Levels, 10 Comps, limit=30000            499.48
# Nets                                                                  499.48
# Place                                                                 499.48
# PlaceNets                                                             499.48
# SpaceY                                                                499.48
# Track                                                                 499.48
# SpaceX                                                                499.48
# Wire                                                                  499.48
# End of Wire: 0 nets, 0 ch, wire: 0-->0 (0 with wbits)                 499.48
# End of doGenerate                                                     499.48
# Analyze                                                               499.48
# Levelize                                                              499.48
# End of LevelAssign mode=I, 3 Levels, 10 Comps, limit=30000            499.48
# Nets                                                                  499.48
# Place                                                                 499.48
# PlaceNets                                                             499.48
# SpaceY                                                                499.48
# Track                                                                 499.48
# SpaceX                                                                499.48
# Wire                                                                  499.48
# End of Wire: 0 nets, 0 ch, wire: 0-->0 (0 with wbits)                 499.48
# End of doGenerate                                                     499.48
# Analyze                                                               499.48
# Levelize                                                              499.48
# End of LevelAssign mode=I, 3 Levels, 21 Comps, limit=30000            499.48
# Nets                                                                  499.48
# Place                                                                 499.48
# PlaceNets                                                             499.48
# SpaceY                                                                499.48
# Track                                                                 499.48
# SpaceX                                                                499.48
# Wire                                                                  499.48
# End of Wire: 1 nets, 1 ch, wire: 4-->4 (0 with wbits)                 499.48
# End of doGenerate                                                     499.48
# End of Generating Regions for Page 1                                  499.48
scrollpos -19 805
zoom -x 0 -y 0 0.6
scrollpos -14 604
#R 0.6
#CMD scrollpos 0 0
scrollpos 0 0
selection -itemized {inst GT.X1Y11}
center_objects -itemized {inst GT.X1Y11}
scrollpos -63 362
module new gtmodule
#  * Current module is gtmodule 
load symbol QUAD_X0 v HIERBOX port a0 in port a1 in port a2 in port a3 in port QPLL0 in port QPLL1 in port RECCLK_clk0 out port RECCLK_clk1 out
load symbol QUAD_X1 v HIERBOX port a0 out port a1 out port a2 out port a3 out port QPLL0 out port QPLL1 out port RECCLK_clk0 in port RECCLK_clk1 in
load symbol CPLL_X0 syn BOX port A in port B out text CPLL -cc 25 0 12
load symbol CPLL_X1 syn BOX port A out port B in text CPLL -cc 25 0 12
load symbol QPLL0_X0 syn BOX port A in port B out text QPLL0 -cc 25 0 12
load symbol QPLL0_X1 syn BOX port A out port B in text QPLL0 -cc 25 0 12
load symbol QPLL1_X0 syn BOX port A in port B out text QPLL1 -cc 25 0 12
load symbol QPLL1_X1 syn BOX port A out port B in text QPLL1 -cc 25 0 12
load inst QuadX0Y4 QUAD_X0 v -pg 1 -y 1 -x 2000 -autohide -attr @cell QuadX0Y4 -attr @name {} -attr @fillcolor #d9d9d9
attribute {pin QuadX0Y4 QPLL0 } -attr @name {}
attribute {hierPin QuadX0Y4 QPLL0 } -attr @name {}
attribute {pin QuadX0Y4 QPLL1 } -attr @name {}
attribute {hierPin QuadX0Y4 QPLL1 } -attr @name {}
attribute {pin QuadX0Y4 a0 } -attr @name {}
attribute {hierPin QuadX0Y4 a0 } -attr @name {}
attribute {pin QuadX0Y4 a1 } -attr @name {}
attribute {hierPin QuadX0Y4 a1 } -attr @name {}
attribute {pin QuadX0Y4 a2 } -attr @name {}
attribute {hierPin QuadX0Y4 a2 } -attr @name {}
attribute {pin QuadX0Y4 a3 } -attr @name {}
attribute {hierPin QuadX0Y4 a3 } -attr @name {}
attribute {pin QuadX0Y4 RECCLK_clk0 } -attr @name {}
attribute {hierPin QuadX0Y4 RECCLK_clk0 } -attr @name {}
attribute {pin QuadX0Y4 RECCLK_clk1 } -attr @name {}
attribute {hierPin QuadX0Y4 RECCLK_clk1 } -attr @name {}
load inst cpll.X0Y19 CPLL_X0 syn -hier QuadX0Y4 -pg 1 -y 2 -x 1 -autohide -attr @name {} -attr @cell {}
attribute {pin cpll.X0Y19 A} -attr @name {}
attribute {pin cpll.X0Y19 B} -attr @name {}
attribute {inst cpll.X0Y19} -attr @fillcolor #00868b
load symbol X0Y19 syn HIERGEN port TX in port RX in port RXRECCLK out
load inst GT.X0Y19 X0Y19 syn -hier QuadX0Y4 -pg 1 -y 2 -x 2000 -autohide -attr @name {}
attribute {inst GT.X0Y19} -attr @fillcolor #7a7a7a
load inst cpll.X0Y18 CPLL_X0 syn -hier QuadX0Y4 -pg 1 -y 87 -x 1 -autohide -attr @name {} -attr @cell {}
attribute {pin cpll.X0Y18 A} -attr @name {}
attribute {pin cpll.X0Y18 B} -attr @name {}
attribute {inst cpll.X0Y18} -attr @fillcolor #00868b
load symbol X0Y18 syn HIERGEN port TX in port RX in port RXRECCLK out
load inst GT.X0Y18 X0Y18 syn -hier QuadX0Y4 -pg 1 -y 87 -x 2000 -autohide -attr @name {}
attribute {inst GT.X0Y18} -attr @fillcolor #7a7a7a
load inst QPLL0.QuadX0Y4 QPLL0_X0 syn -hier QuadX0Y4 -pg 1 -y 172 -x 1 -autohide -attr @name {} -attr @cell {}
attribute {pin QPLL0.QuadX0Y4 A} -attr @name {}
attribute {pin QPLL0.QuadX0Y4 B} -attr @name {}
attribute {inst QPLL0.QuadX0Y4} -attr @fillcolor #00868b
load inst QPLL1.QuadX0Y4 QPLL1_X0 syn -hier QuadX0Y4 -pg 1 -y 257 -x 1 -autohide -attr @name {} -attr @cell {}
attribute {pin QPLL1.QuadX0Y4 A} -attr @name {}
attribute {pin QPLL1.QuadX0Y4 B} -attr @name {}
attribute {inst QPLL1.QuadX0Y4} -attr @fillcolor #00868b
load inst cpll.X0Y17 CPLL_X0 syn -hier QuadX0Y4 -pg 1 -y 342 -x 1 -autohide -attr @name {} -attr @cell {}
attribute {pin cpll.X0Y17 A} -attr @name {}
attribute {pin cpll.X0Y17 B} -attr @name {}
attribute {inst cpll.X0Y17} -attr @fillcolor #00868b
load symbol X0Y17 syn HIERGEN port TX in port RX in port RXRECCLK out
load inst GT.X0Y17 X0Y17 syn -hier QuadX0Y4 -pg 1 -y 342 -x 2000 -autohide -attr @name {}
attribute {inst GT.X0Y17} -attr @fillcolor #7a7a7a
load inst cpll.X0Y16 CPLL_X0 syn -hier QuadX0Y4 -pg 1 -y 427 -x 1 -autohide -attr @name {} -attr @cell {}
attribute {pin cpll.X0Y16 A} -attr @name {}
attribute {pin cpll.X0Y16 B} -attr @name {}
attribute {inst cpll.X0Y16} -attr @fillcolor #00868b
load symbol X0Y16 syn HIERGEN port TX in port RX in port RXRECCLK out
load inst GT.X0Y16 X0Y16 syn -hier QuadX0Y4 -pg 1 -y 427 -x 2000 -autohide -attr @name {}
attribute {inst GT.X0Y16} -attr @fillcolor #7a7a7a
load port QuadX0Y4_clk0 in -pg 1 -y 141 -x 1 -attr @fillcolor #3a5fcd
load port QuadX0Y4_clk1 in -pg 1 -y 311 -x 1 -attr @fillcolor #3a5fcd
load inst QuadX0Y3 QUAD_X0 v -pg 1 -y 563 -x 2000 -autohide -attr @cell QuadX0Y3 -attr @name {} -attr @fillcolor #d9d9d9
attribute {pin QuadX0Y3 QPLL0 } -attr @name {}
attribute {hierPin QuadX0Y3 QPLL0 } -attr @name {}
attribute {pin QuadX0Y3 QPLL1 } -attr @name {}
attribute {hierPin QuadX0Y3 QPLL1 } -attr @name {}
attribute {pin QuadX0Y3 a0 } -attr @name {}
attribute {hierPin QuadX0Y3 a0 } -attr @name {}
attribute {pin QuadX0Y3 a1 } -attr @name {}
attribute {hierPin QuadX0Y3 a1 } -attr @name {}
attribute {pin QuadX0Y3 a2 } -attr @name {}
attribute {hierPin QuadX0Y3 a2 } -attr @name {}
attribute {pin QuadX0Y3 a3 } -attr @name {}
attribute {hierPin QuadX0Y3 a3 } -attr @name {}
attribute {pin QuadX0Y3 RECCLK_clk0 } -attr @name {}
attribute {hierPin QuadX0Y3 RECCLK_clk0 } -attr @name {}
attribute {pin QuadX0Y3 RECCLK_clk1 } -attr @name {}
attribute {hierPin QuadX0Y3 RECCLK_clk1 } -attr @name {}
load inst cpll.X0Y15 CPLL_X0 syn -hier QuadX0Y3 -pg 1 -y 564 -x 1 -autohide -attr @name {} -attr @cell {}
attribute {pin cpll.X0Y15 A} -attr @name {}
attribute {pin cpll.X0Y15 B} -attr @name {}
attribute {inst cpll.X0Y15} -attr @fillcolor #00868b
load symbol X0Y15 syn HIERGEN port TX in port RX in port RXRECCLK out
load inst GT.X0Y15 X0Y15 syn -hier QuadX0Y3 -pg 1 -y 564 -x 2000 -autohide -attr @name {}
attribute {inst GT.X0Y15} -attr @fillcolor #7a7a7a
load inst cpll.X0Y14 CPLL_X0 syn -hier QuadX0Y3 -pg 1 -y 649 -x 1 -autohide -attr @name {} -attr @cell {}
attribute {pin cpll.X0Y14 A} -attr @name {}
attribute {pin cpll.X0Y14 B} -attr @name {}
attribute {inst cpll.X0Y14} -attr @fillcolor #00868b
load symbol X0Y14 syn HIERGEN port TX in port RX in port RXRECCLK out
load inst GT.X0Y14 X0Y14 syn -hier QuadX0Y3 -pg 1 -y 649 -x 2000 -autohide -attr @name {}
attribute {inst GT.X0Y14} -attr @fillcolor #7a7a7a
load inst QPLL0.QuadX0Y3 QPLL0_X0 syn -hier QuadX0Y3 -pg 1 -y 734 -x 1 -autohide -attr @name {} -attr @cell {}
attribute {pin QPLL0.QuadX0Y3 A} -attr @name {}
attribute {pin QPLL0.QuadX0Y3 B} -attr @name {}
attribute {inst QPLL0.QuadX0Y3} -attr @fillcolor #00868b
load inst QPLL1.QuadX0Y3 QPLL1_X0 syn -hier QuadX0Y3 -pg 1 -y 819 -x 1 -autohide -attr @name {} -attr @cell {}
attribute {pin QPLL1.QuadX0Y3 A} -attr @name {}
attribute {pin QPLL1.QuadX0Y3 B} -attr @name {}
attribute {inst QPLL1.QuadX0Y3} -attr @fillcolor #00868b
load inst cpll.X0Y13 CPLL_X0 syn -hier QuadX0Y3 -pg 1 -y 904 -x 1 -autohide -attr @name {} -attr @cell {}
attribute {pin cpll.X0Y13 A} -attr @name {}
attribute {pin cpll.X0Y13 B} -attr @name {}
attribute {inst cpll.X0Y13} -attr @fillcolor #00868b
load symbol X0Y13 syn HIERGEN port TX in port RX in port RXRECCLK out
load inst GT.X0Y13 X0Y13 syn -hier QuadX0Y3 -pg 1 -y 904 -x 2000 -autohide -attr @name {}
attribute {inst GT.X0Y13} -attr @fillcolor #7a7a7a
load inst cpll.X0Y12 CPLL_X0 syn -hier QuadX0Y3 -pg 1 -y 989 -x 1 -autohide -attr @name {} -attr @cell {}
attribute {pin cpll.X0Y12 A} -attr @name {}
attribute {pin cpll.X0Y12 B} -attr @name {}
attribute {inst cpll.X0Y12} -attr @fillcolor #00868b
load symbol X0Y12 syn HIERGEN port TX in port RX in port RXRECCLK out
load inst GT.X0Y12 X0Y12 syn -hier QuadX0Y3 -pg 1 -y 989 -x 2000 -autohide -attr @name {}
attribute {inst GT.X0Y12} -attr @fillcolor #7a7a7a
load port QuadX0Y3_clk0 in -pg 1 -y 703 -x 1 -attr @fillcolor #3a5fcd
load port QuadX0Y3_clk1 in -pg 1 -y 873 -x 1 -attr @fillcolor #3a5fcd
load inst QuadX1Y4 QUAD_X1 v -pg 1 -y 1 -x 12000 -autohide -attr @cell QuadX1Y4 -attr @name {} -attr @fillcolor #d9d9d9
attribute {pin QuadX1Y4 QPLL0 } -attr @name {}
attribute {hierPin QuadX1Y4 QPLL0 } -attr @name {}
attribute {pin QuadX1Y4 QPLL1 } -attr @name {}
attribute {hierPin QuadX1Y4 QPLL1 } -attr @name {}
attribute {pin QuadX1Y4 a0 } -attr @name {}
attribute {hierPin QuadX1Y4 a0 } -attr @name {}
attribute {pin QuadX1Y4 a1 } -attr @name {}
attribute {hierPin QuadX1Y4 a1 } -attr @name {}
attribute {pin QuadX1Y4 a2 } -attr @name {}
attribute {hierPin QuadX1Y4 a2 } -attr @name {}
attribute {pin QuadX1Y4 a3 } -attr @name {}
attribute {hierPin QuadX1Y4 a3 } -attr @name {}
attribute {pin QuadX1Y4 RECCLK_clk0 } -attr @name {}
attribute {hierPin QuadX1Y4 RECCLK_clk0 } -attr @name {}
attribute {pin QuadX1Y4 RECCLK_clk1 } -attr @name {}
attribute {hierPin QuadX1Y4 RECCLK_clk1 } -attr @name {}
load inst cpll.X1Y19 CPLL_X1 syn -hier QuadX1Y4 -pg 1 -y 2 -x 12001 -autohide -attr @name {} -attr @cell {}
attribute {pin cpll.X1Y19 A} -attr @name {}
attribute {pin cpll.X1Y19 B} -attr @name {}
attribute {inst cpll.X1Y19} -attr @fillcolor #00868b
load symbol X1Y19 syn HIERGEN port TX out port RX out port RXRECCLK in
load inst GT.X1Y19 X1Y19 syn -hier QuadX1Y4 -pg 1 -y 2 -x 12000 -autohide -attr @name {}
attribute {inst GT.X1Y19} -attr @fillcolor #7a7a7a
load inst cpll.X1Y18 CPLL_X1 syn -hier QuadX1Y4 -pg 1 -y 87 -x 12001 -autohide -attr @name {} -attr @cell {}
attribute {pin cpll.X1Y18 A} -attr @name {}
attribute {pin cpll.X1Y18 B} -attr @name {}
attribute {inst cpll.X1Y18} -attr @fillcolor #00868b
load symbol X1Y18 syn HIERGEN port TX out port RX out port RXRECCLK in
load inst GT.X1Y18 X1Y18 syn -hier QuadX1Y4 -pg 1 -y 87 -x 12000 -autohide -attr @name {}
attribute {inst GT.X1Y18} -attr @fillcolor #7a7a7a
load inst QPLL0.QuadX1Y4 QPLL0_X1 syn -hier QuadX1Y4 -pg 1 -y 172 -x 12001 -autohide -attr @name {} -attr @cell {}
attribute {pin QPLL0.QuadX1Y4 A} -attr @name {}
attribute {pin QPLL0.QuadX1Y4 B} -attr @name {}
attribute {inst QPLL0.QuadX1Y4} -attr @fillcolor #00868b
load inst QPLL1.QuadX1Y4 QPLL1_X1 syn -hier QuadX1Y4 -pg 1 -y 257 -x 12001 -autohide -attr @name {} -attr @cell {}
attribute {pin QPLL1.QuadX1Y4 A} -attr @name {}
attribute {pin QPLL1.QuadX1Y4 B} -attr @name {}
attribute {inst QPLL1.QuadX1Y4} -attr @fillcolor #00868b
load inst cpll.X1Y17 CPLL_X1 syn -hier QuadX1Y4 -pg 1 -y 342 -x 12001 -autohide -attr @name {} -attr @cell {}
attribute {pin cpll.X1Y17 A} -attr @name {}
attribute {pin cpll.X1Y17 B} -attr @name {}
attribute {inst cpll.X1Y17} -attr @fillcolor #00868b
load symbol X1Y17 syn HIERGEN port TX out port RX out port RXRECCLK in
load inst GT.X1Y17 X1Y17 syn -hier QuadX1Y4 -pg 1 -y 342 -x 12000 -autohide -attr @name {}
attribute {inst GT.X1Y17} -attr @fillcolor #7a7a7a
load inst cpll.X1Y16 CPLL_X1 syn -hier QuadX1Y4 -pg 1 -y 427 -x 12001 -autohide -attr @name {} -attr @cell {}
attribute {pin cpll.X1Y16 A} -attr @name {}
attribute {pin cpll.X1Y16 B} -attr @name {}
attribute {inst cpll.X1Y16} -attr @fillcolor #00868b
load symbol X1Y16 syn HIERGEN port TX out port RX out port RXRECCLK in
load inst GT.X1Y16 X1Y16 syn -hier QuadX1Y4 -pg 1 -y 427 -x 12000 -autohide -attr @name {}
attribute {inst GT.X1Y16} -attr @fillcolor #7a7a7a
load port QuadX1Y4_clk0 out -pg 1 -y 141 -x 12001 -attr @fillcolor #3a5fcd
load port QuadX1Y4_clk1 out -pg 1 -y 311 -x 12001 -attr @fillcolor #3a5fcd
load inst QuadX1Y3 QUAD_X1 v -pg 1 -y 563 -x 12000 -autohide -attr @cell QuadX1Y3 -attr @name {} -attr @fillcolor #d9d9d9
attribute {pin QuadX1Y3 QPLL0 } -attr @name {}
attribute {hierPin QuadX1Y3 QPLL0 } -attr @name {}
attribute {pin QuadX1Y3 QPLL1 } -attr @name {}
attribute {hierPin QuadX1Y3 QPLL1 } -attr @name {}
attribute {pin QuadX1Y3 a0 } -attr @name {}
attribute {hierPin QuadX1Y3 a0 } -attr @name {}
attribute {pin QuadX1Y3 a1 } -attr @name {}
attribute {hierPin QuadX1Y3 a1 } -attr @name {}
attribute {pin QuadX1Y3 a2 } -attr @name {}
attribute {hierPin QuadX1Y3 a2 } -attr @name {}
attribute {pin QuadX1Y3 a3 } -attr @name {}
attribute {hierPin QuadX1Y3 a3 } -attr @name {}
attribute {pin QuadX1Y3 RECCLK_clk0 } -attr @name {}
attribute {hierPin QuadX1Y3 RECCLK_clk0 } -attr @name {}
attribute {pin QuadX1Y3 RECCLK_clk1 } -attr @name {}
attribute {hierPin QuadX1Y3 RECCLK_clk1 } -attr @name {}
load inst cpll.X1Y15 CPLL_X1 syn -hier QuadX1Y3 -pg 1 -y 564 -x 12001 -autohide -attr @name {} -attr @cell {}
attribute {pin cpll.X1Y15 A} -attr @name {}
attribute {pin cpll.X1Y15 B} -attr @name {}
attribute {inst cpll.X1Y15} -attr @fillcolor #00868b
load symbol X1Y15 syn HIERGEN port TX out port RX out port RXRECCLK in
load inst GT.X1Y15 X1Y15 syn -hier QuadX1Y3 -pg 1 -y 564 -x 12000 -autohide -attr @name {}
attribute {inst GT.X1Y15} -attr @fillcolor #7a7a7a
load inst cpll.X1Y14 CPLL_X1 syn -hier QuadX1Y3 -pg 1 -y 649 -x 12001 -autohide -attr @name {} -attr @cell {}
attribute {pin cpll.X1Y14 A} -attr @name {}
attribute {pin cpll.X1Y14 B} -attr @name {}
attribute {inst cpll.X1Y14} -attr @fillcolor #00868b
load symbol X1Y14 syn HIERGEN port TX out port RX out port RXRECCLK in
load inst GT.X1Y14 X1Y14 syn -hier QuadX1Y3 -pg 1 -y 649 -x 12000 -autohide -attr @name {}
attribute {inst GT.X1Y14} -attr @fillcolor #7a7a7a
load inst QPLL0.QuadX1Y3 QPLL0_X1 syn -hier QuadX1Y3 -pg 1 -y 734 -x 12001 -autohide -attr @name {} -attr @cell {}
attribute {pin QPLL0.QuadX1Y3 A} -attr @name {}
attribute {pin QPLL0.QuadX1Y3 B} -attr @name {}
attribute {inst QPLL0.QuadX1Y3} -attr @fillcolor #00868b
load inst QPLL1.QuadX1Y3 QPLL1_X1 syn -hier QuadX1Y3 -pg 1 -y 819 -x 12001 -autohide -attr @name {} -attr @cell {}
attribute {pin QPLL1.QuadX1Y3 A} -attr @name {}
attribute {pin QPLL1.QuadX1Y3 B} -attr @name {}
attribute {inst QPLL1.QuadX1Y3} -attr @fillcolor #00868b
load inst cpll.X1Y13 CPLL_X1 syn -hier QuadX1Y3 -pg 1 -y 904 -x 12001 -autohide -attr @name {} -attr @cell {}
attribute {pin cpll.X1Y13 A} -attr @name {}
attribute {pin cpll.X1Y13 B} -attr @name {}
attribute {inst cpll.X1Y13} -attr @fillcolor #00868b
load symbol X1Y13 syn HIERGEN port TX out port RX out port RXRECCLK in
load inst GT.X1Y13 X1Y13 syn -hier QuadX1Y3 -pg 1 -y 904 -x 12000 -autohide -attr @name {}
attribute {inst GT.X1Y13} -attr @fillcolor #7a7a7a
load inst cpll.X1Y12 CPLL_X1 syn -hier QuadX1Y3 -pg 1 -y 989 -x 12001 -autohide -attr @name {} -attr @cell {}
attribute {pin cpll.X1Y12 A} -attr @name {}
attribute {pin cpll.X1Y12 B} -attr @name {}
attribute {inst cpll.X1Y12} -attr @fillcolor #00868b
load symbol X1Y12 syn HIERGEN port TX out port RX out port RXRECCLK in
load inst GT.X1Y12 X1Y12 syn -hier QuadX1Y3 -pg 1 -y 989 -x 12000 -autohide -attr @name {}
attribute {inst GT.X1Y12} -attr @fillcolor #7a7a7a
load port QuadX1Y3_clk0 out -pg 1 -y 703 -x 12001 -attr @fillcolor #3a5fcd
load port QuadX1Y3_clk1 out -pg 1 -y 873 -x 12001 -attr @fillcolor #3a5fcd
load inst QuadX1Y2 QUAD_X1 v -pg 1 -y 1125 -x 12000 -autohide -attr @cell QuadX1Y2 -attr @name {} -attr @fillcolor #d9d9d9
attribute {pin QuadX1Y2 QPLL0 } -attr @name {}
attribute {hierPin QuadX1Y2 QPLL0 } -attr @name {}
attribute {pin QuadX1Y2 QPLL1 } -attr @name {}
attribute {hierPin QuadX1Y2 QPLL1 } -attr @name {}
attribute {pin QuadX1Y2 a0 } -attr @name {}
attribute {hierPin QuadX1Y2 a0 } -attr @name {}
attribute {pin QuadX1Y2 a1 } -attr @name {}
attribute {hierPin QuadX1Y2 a1 } -attr @name {}
attribute {pin QuadX1Y2 a2 } -attr @name {}
attribute {hierPin QuadX1Y2 a2 } -attr @name {}
attribute {pin QuadX1Y2 a3 } -attr @name {}
attribute {hierPin QuadX1Y2 a3 } -attr @name {}
attribute {pin QuadX1Y2 RECCLK_clk0 } -attr @name {}
attribute {hierPin QuadX1Y2 RECCLK_clk0 } -attr @name {}
attribute {pin QuadX1Y2 RECCLK_clk1 } -attr @name {}
attribute {hierPin QuadX1Y2 RECCLK_clk1 } -attr @name {}
load inst cpll.X1Y11 CPLL_X1 syn -hier QuadX1Y2 -pg 1 -y 1126 -x 12001 -autohide -attr @name {} -attr @cell {}
attribute {pin cpll.X1Y11 A} -attr @name {}
attribute {pin cpll.X1Y11 B} -attr @name {}
attribute {inst cpll.X1Y11} -attr @fillcolor #00868b
load symbol X1Y11 syn HIERGEN port TX out port RX out port RXRECCLK in
load inst GT.X1Y11 X1Y11 syn -hier QuadX1Y2 -pg 1 -y 1126 -x 12000 -autohide -attr @name {}
attribute {inst GT.X1Y11} -attr @fillcolor #7a7a7a
load inst cpll.X1Y10 CPLL_X1 syn -hier QuadX1Y2 -pg 1 -y 1211 -x 12001 -autohide -attr @name {} -attr @cell {}
attribute {pin cpll.X1Y10 A} -attr @name {}
attribute {pin cpll.X1Y10 B} -attr @name {}
attribute {inst cpll.X1Y10} -attr @fillcolor #00868b
load symbol X1Y10 syn HIERGEN port TX out port RX out port RXRECCLK in
load inst GT.X1Y10 X1Y10 syn -hier QuadX1Y2 -pg 1 -y 1211 -x 12000 -autohide -attr @name {}
attribute {inst GT.X1Y10} -attr @fillcolor #7a7a7a
load inst QPLL0.QuadX1Y2 QPLL0_X1 syn -hier QuadX1Y2 -pg 1 -y 1296 -x 12001 -autohide -attr @name {} -attr @cell {}
attribute {pin QPLL0.QuadX1Y2 A} -attr @name {}
attribute {pin QPLL0.QuadX1Y2 B} -attr @name {}
attribute {inst QPLL0.QuadX1Y2} -attr @fillcolor #00868b
load inst QPLL1.QuadX1Y2 QPLL1_X1 syn -hier QuadX1Y2 -pg 1 -y 1381 -x 12001 -autohide -attr @name {} -attr @cell {}
attribute {pin QPLL1.QuadX1Y2 A} -attr @name {}
attribute {pin QPLL1.QuadX1Y2 B} -attr @name {}
attribute {inst QPLL1.QuadX1Y2} -attr @fillcolor #00868b
load inst cpll.X1Y9 CPLL_X1 syn -hier QuadX1Y2 -pg 1 -y 1466 -x 12001 -autohide -attr @name {} -attr @cell {}
attribute {pin cpll.X1Y9 A} -attr @name {}
attribute {pin cpll.X1Y9 B} -attr @name {}
attribute {inst cpll.X1Y9} -attr @fillcolor #00868b
load symbol X1Y9 syn HIERGEN port TX out port RX out port RXRECCLK in
load inst GT.X1Y9 X1Y9 syn -hier QuadX1Y2 -pg 1 -y 1466 -x 12000 -autohide -attr @name {}
attribute {inst GT.X1Y9} -attr @fillcolor #7a7a7a
load inst cpll.X1Y8 CPLL_X1 syn -hier QuadX1Y2 -pg 1 -y 1551 -x 12001 -autohide -attr @name {} -attr @cell {}
attribute {pin cpll.X1Y8 A} -attr @name {}
attribute {pin cpll.X1Y8 B} -attr @name {}
attribute {inst cpll.X1Y8} -attr @fillcolor #00868b
load symbol X1Y8 syn HIERGEN port TX out port RX out port RXRECCLK in
load inst GT.X1Y8 X1Y8 syn -hier QuadX1Y2 -pg 1 -y 1551 -x 12000 -autohide -attr @name {}
attribute {inst GT.X1Y8} -attr @fillcolor #7a7a7a
load port QuadX1Y2_clk0 out -pg 1 -y 1265 -x 12001 -attr @fillcolor #3a5fcd
load port QuadX1Y2_clk1 out -pg 1 -y 1435 -x 12001 -attr @fillcolor #3a5fcd
load inst QuadX1Y1 QUAD_X1 v -pg 1 -y 1687 -x 12000 -autohide -attr @cell QuadX1Y1 -attr @name {} -attr @fillcolor #d9d9d9
attribute {pin QuadX1Y1 QPLL0 } -attr @name {}
attribute {hierPin QuadX1Y1 QPLL0 } -attr @name {}
attribute {pin QuadX1Y1 QPLL1 } -attr @name {}
attribute {hierPin QuadX1Y1 QPLL1 } -attr @name {}
attribute {pin QuadX1Y1 a0 } -attr @name {}
attribute {hierPin QuadX1Y1 a0 } -attr @name {}
attribute {pin QuadX1Y1 a1 } -attr @name {}
attribute {hierPin QuadX1Y1 a1 } -attr @name {}
attribute {pin QuadX1Y1 a2 } -attr @name {}
attribute {hierPin QuadX1Y1 a2 } -attr @name {}
attribute {pin QuadX1Y1 a3 } -attr @name {}
attribute {hierPin QuadX1Y1 a3 } -attr @name {}
attribute {pin QuadX1Y1 RECCLK_clk0 } -attr @name {}
attribute {hierPin QuadX1Y1 RECCLK_clk0 } -attr @name {}
attribute {pin QuadX1Y1 RECCLK_clk1 } -attr @name {}
attribute {hierPin QuadX1Y1 RECCLK_clk1 } -attr @name {}
load inst cpll.X1Y7 CPLL_X1 syn -hier QuadX1Y1 -pg 1 -y 1688 -x 12001 -autohide -attr @name {} -attr @cell {}
attribute {pin cpll.X1Y7 A} -attr @name {}
attribute {pin cpll.X1Y7 B} -attr @name {}
attribute {inst cpll.X1Y7} -attr @fillcolor #00868b
load symbol X1Y7 syn HIERGEN port TX out port RX out port RXRECCLK in
load inst GT.X1Y7 X1Y7 syn -hier QuadX1Y1 -pg 1 -y 1688 -x 12000 -autohide -attr @name {}
attribute {inst GT.X1Y7} -attr @fillcolor #7a7a7a
load inst cpll.X1Y6 CPLL_X1 syn -hier QuadX1Y1 -pg 1 -y 1773 -x 12001 -autohide -attr @name {} -attr @cell {}
attribute {pin cpll.X1Y6 A} -attr @name {}
attribute {pin cpll.X1Y6 B} -attr @name {}
attribute {inst cpll.X1Y6} -attr @fillcolor #00868b
load symbol X1Y6 syn HIERGEN port TX out port RX out port RXRECCLK in
load inst GT.X1Y6 X1Y6 syn -hier QuadX1Y1 -pg 1 -y 1773 -x 12000 -autohide -attr @name {}
attribute {inst GT.X1Y6} -attr @fillcolor #7a7a7a
load inst QPLL0.QuadX1Y1 QPLL0_X1 syn -hier QuadX1Y1 -pg 1 -y 1858 -x 12001 -autohide -attr @name {} -attr @cell {}
attribute {pin QPLL0.QuadX1Y1 A} -attr @name {}
attribute {pin QPLL0.QuadX1Y1 B} -attr @name {}
attribute {inst QPLL0.QuadX1Y1} -attr @fillcolor #00868b
load inst QPLL1.QuadX1Y1 QPLL1_X1 syn -hier QuadX1Y1 -pg 1 -y 1943 -x 12001 -autohide -attr @name {} -attr @cell {}
attribute {pin QPLL1.QuadX1Y1 A} -attr @name {}
attribute {pin QPLL1.QuadX1Y1 B} -attr @name {}
attribute {inst QPLL1.QuadX1Y1} -attr @fillcolor #00868b
load inst cpll.X1Y5 CPLL_X1 syn -hier QuadX1Y1 -pg 1 -y 2028 -x 12001 -autohide -attr @name {} -attr @cell {}
attribute {pin cpll.X1Y5 A} -attr @name {}
attribute {pin cpll.X1Y5 B} -attr @name {}
attribute {inst cpll.X1Y5} -attr @fillcolor #00868b
load symbol X1Y5 syn HIERGEN port TX out port RX out port RXRECCLK in
load inst GT.X1Y5 X1Y5 syn -hier QuadX1Y1 -pg 1 -y 2028 -x 12000 -autohide -attr @name {}
attribute {inst GT.X1Y5} -attr @fillcolor #7a7a7a
load inst cpll.X1Y4 CPLL_X1 syn -hier QuadX1Y1 -pg 1 -y 2113 -x 12001 -autohide -attr @name {} -attr @cell {}
attribute {pin cpll.X1Y4 A} -attr @name {}
attribute {pin cpll.X1Y4 B} -attr @name {}
attribute {inst cpll.X1Y4} -attr @fillcolor #00868b
load symbol X1Y4 syn HIERGEN port TX out port RX out port RXRECCLK in
load inst GT.X1Y4 X1Y4 syn -hier QuadX1Y1 -pg 1 -y 2113 -x 12000 -autohide -attr @name {}
attribute {inst GT.X1Y4} -attr @fillcolor #7a7a7a
load port QuadX1Y1_clk0 out -pg 1 -y 1827 -x 12001 -attr @fillcolor #3a5fcd
load port QuadX1Y1_clk1 out -pg 1 -y 1997 -x 12001 -attr @fillcolor #3a5fcd
load inst QuadX1Y0 QUAD_X1 v -pg 1 -y 2249 -x 12000 -autohide -attr @cell QuadX1Y0 -attr @name {} -attr @fillcolor #d9d9d9
attribute {pin QuadX1Y0 QPLL0 } -attr @name {}
attribute {hierPin QuadX1Y0 QPLL0 } -attr @name {}
attribute {pin QuadX1Y0 QPLL1 } -attr @name {}
attribute {hierPin QuadX1Y0 QPLL1 } -attr @name {}
attribute {pin QuadX1Y0 a0 } -attr @name {}
attribute {hierPin QuadX1Y0 a0 } -attr @name {}
attribute {pin QuadX1Y0 a1 } -attr @name {}
attribute {hierPin QuadX1Y0 a1 } -attr @name {}
attribute {pin QuadX1Y0 a2 } -attr @name {}
attribute {hierPin QuadX1Y0 a2 } -attr @name {}
attribute {pin QuadX1Y0 a3 } -attr @name {}
attribute {hierPin QuadX1Y0 a3 } -attr @name {}
attribute {pin QuadX1Y0 RECCLK_clk0 } -attr @name {}
attribute {hierPin QuadX1Y0 RECCLK_clk0 } -attr @name {}
attribute {pin QuadX1Y0 RECCLK_clk1 } -attr @name {}
attribute {hierPin QuadX1Y0 RECCLK_clk1 } -attr @name {}
load inst cpll.X1Y3 CPLL_X1 syn -hier QuadX1Y0 -pg 1 -y 2250 -x 12001 -autohide -attr @name {} -attr @cell {}
attribute {pin cpll.X1Y3 A} -attr @name {}
attribute {pin cpll.X1Y3 B} -attr @name {}
attribute {inst cpll.X1Y3} -attr @fillcolor #00868b
load symbol X1Y3 syn HIERGEN port TX out port RX out port RXRECCLK in
load inst GT.X1Y3 X1Y3 syn -hier QuadX1Y0 -pg 1 -y 2250 -x 12000 -autohide -attr @name {}
attribute {inst GT.X1Y3} -attr @fillcolor #7a7a7a
load inst cpll.X1Y2 CPLL_X1 syn -hier QuadX1Y0 -pg 1 -y 2335 -x 12001 -autohide -attr @name {} -attr @cell {}
attribute {pin cpll.X1Y2 A} -attr @name {}
attribute {pin cpll.X1Y2 B} -attr @name {}
attribute {inst cpll.X1Y2} -attr @fillcolor #00868b
load symbol X1Y2 syn HIERGEN port TX out port RX out port RXRECCLK in
load inst GT.X1Y2 X1Y2 syn -hier QuadX1Y0 -pg 1 -y 2335 -x 12000 -autohide -attr @name {}
attribute {inst GT.X1Y2} -attr @fillcolor #7a7a7a
load inst QPLL0.QuadX1Y0 QPLL0_X1 syn -hier QuadX1Y0 -pg 1 -y 2420 -x 12001 -autohide -attr @name {} -attr @cell {}
attribute {pin QPLL0.QuadX1Y0 A} -attr @name {}
attribute {pin QPLL0.QuadX1Y0 B} -attr @name {}
attribute {inst QPLL0.QuadX1Y0} -attr @fillcolor #00868b
load inst QPLL1.QuadX1Y0 QPLL1_X1 syn -hier QuadX1Y0 -pg 1 -y 2505 -x 12001 -autohide -attr @name {} -attr @cell {}
attribute {pin QPLL1.QuadX1Y0 A} -attr @name {}
attribute {pin QPLL1.QuadX1Y0 B} -attr @name {}
attribute {inst QPLL1.QuadX1Y0} -attr @fillcolor #00868b
load inst cpll.X1Y1 CPLL_X1 syn -hier QuadX1Y0 -pg 1 -y 2590 -x 12001 -autohide -attr @name {} -attr @cell {}
attribute {pin cpll.X1Y1 A} -attr @name {}
attribute {pin cpll.X1Y1 B} -attr @name {}
attribute {inst cpll.X1Y1} -attr @fillcolor #00868b
load symbol X1Y1 syn HIERGEN port TX out port RX out port RXRECCLK in
load inst GT.X1Y1 X1Y1 syn -hier QuadX1Y0 -pg 1 -y 2590 -x 12000 -autohide -attr @name {}
attribute {inst GT.X1Y1} -attr @fillcolor #7a7a7a
load inst cpll.X1Y0 CPLL_X1 syn -hier QuadX1Y0 -pg 1 -y 2675 -x 12001 -autohide -attr @name {} -attr @cell {}
attribute {pin cpll.X1Y0 A} -attr @name {}
attribute {pin cpll.X1Y0 B} -attr @name {}
attribute {inst cpll.X1Y0} -attr @fillcolor #00868b
load symbol X1Y0 syn HIERGEN port TX out port RX out port RXRECCLK in
load inst GT.X1Y0 X1Y0 syn -hier QuadX1Y0 -pg 1 -y 2675 -x 12000 -autohide -attr @name {}
attribute {inst GT.X1Y0} -attr @fillcolor #7a7a7a
load port QuadX1Y0_clk0 out -pg 1 -y 2389 -x 12001 -attr @fillcolor #3a5fcd
load port QuadX1Y0_clk1 out -pg 1 -y 2559 -x 12001 -attr @fillcolor #3a5fcd
attribute {inst GT.X0Y19} -attr @fillcolor #7a7a7a
attribute {inst cpll.X0Y19} -attr @fillcolor #00868b
attribute {inst QPLL0.QuadX0Y4} -attr @fillcolor #00868b
attribute {inst QPLL1.QuadX0Y4} -attr @fillcolor #00868b
attribute {inst GT.X0Y18} -attr @fillcolor #7a7a7a
attribute {inst cpll.X0Y18} -attr @fillcolor #00868b
attribute {inst GT.X0Y17} -attr @fillcolor #7a7a7a
attribute {inst cpll.X0Y17} -attr @fillcolor #00868b
attribute {inst GT.X0Y16} -attr @fillcolor #7a7a7a
attribute {inst cpll.X0Y16} -attr @fillcolor #00868b
attribute {inst GT.X0Y15} -attr @fillcolor #7a7a7a
attribute {inst cpll.X0Y15} -attr @fillcolor #00868b
attribute {inst QPLL0.QuadX0Y3} -attr @fillcolor #00868b
attribute {inst QPLL1.QuadX0Y3} -attr @fillcolor #00868b
attribute {inst GT.X0Y14} -attr @fillcolor #7a7a7a
attribute {inst cpll.X0Y14} -attr @fillcolor #00868b
attribute {inst GT.X0Y13} -attr @fillcolor #7a7a7a
attribute {inst cpll.X0Y13} -attr @fillcolor #00868b
attribute {inst GT.X0Y12} -attr @fillcolor #7a7a7a
attribute {inst cpll.X0Y12} -attr @fillcolor #00868b
attribute {inst GT.X1Y19} -attr @fillcolor #7a7a7a
attribute {inst cpll.X1Y19} -attr @fillcolor #00868b
attribute {inst QPLL0.QuadX1Y4} -attr @fillcolor #00868b
attribute {inst QPLL1.QuadX1Y4} -attr @fillcolor #00868b
attribute {inst GT.X1Y18} -attr @fillcolor #7a7a7a
attribute {inst cpll.X1Y18} -attr @fillcolor #00868b
attribute {inst GT.X1Y17} -attr @fillcolor #7a7a7a
attribute {inst cpll.X1Y17} -attr @fillcolor #00868b
attribute {inst GT.X1Y16} -attr @fillcolor #7a7a7a
attribute {inst cpll.X1Y16} -attr @fillcolor #00868b
attribute {inst GT.X1Y15} -attr @fillcolor #7a7a7a
attribute {inst cpll.X1Y15} -attr @fillcolor #00868b
attribute {inst QPLL0.QuadX1Y3} -attr @fillcolor #00868b
attribute {inst QPLL1.QuadX1Y3} -attr @fillcolor #00868b
attribute {inst GT.X1Y14} -attr @fillcolor #7a7a7a
attribute {inst cpll.X1Y14} -attr @fillcolor #00868b
attribute {inst GT.X1Y13} -attr @fillcolor #7a7a7a
attribute {inst cpll.X1Y13} -attr @fillcolor #00868b
attribute {inst GT.X1Y12} -attr @fillcolor #7a7a7a
attribute {inst cpll.X1Y12} -attr @fillcolor #00868b
attribute {inst GT.X1Y11} -attr @fillcolor #7a7a7a
attribute {inst cpll.X1Y11} -attr @fillcolor #00868b
attribute {inst QPLL0.QuadX1Y2} -attr @fillcolor #00868b
attribute {inst QPLL1.QuadX1Y2} -attr @fillcolor #00868b
attribute {inst GT.X1Y10} -attr @fillcolor #7a7a7a
attribute {inst cpll.X1Y10} -attr @fillcolor #00868b
attribute {inst GT.X1Y9} -attr @fillcolor #7a7a7a
attribute {inst cpll.X1Y9} -attr @fillcolor #00868b
attribute {inst GT.X1Y8} -attr @fillcolor #7a7a7a
attribute {inst cpll.X1Y8} -attr @fillcolor #00868b
attribute {inst GT.X1Y7} -attr @fillcolor #7a7a7a
attribute {inst cpll.X1Y7} -attr @fillcolor #00868b
attribute {inst QPLL0.QuadX1Y1} -attr @fillcolor #00868b
attribute {inst QPLL1.QuadX1Y1} -attr @fillcolor #00868b
attribute {inst GT.X1Y6} -attr @fillcolor #7a7a7a
attribute {inst cpll.X1Y6} -attr @fillcolor #00868b
attribute {inst GT.X1Y5} -attr @fillcolor #7a7a7a
attribute {inst cpll.X1Y5} -attr @fillcolor #00868b
attribute {inst GT.X1Y4} -attr @fillcolor #7a7a7a
attribute {inst cpll.X1Y4} -attr @fillcolor #00868b
attribute {inst GT.X1Y3} -attr @fillcolor #7a7a7a
attribute {inst cpll.X1Y3} -attr @fillcolor #00868b
attribute {inst QPLL0.QuadX1Y0} -attr @fillcolor #00868b
attribute {inst QPLL1.QuadX1Y0} -attr @fillcolor #00868b
attribute {inst GT.X1Y2} -attr @fillcolor #7a7a7a
attribute {inst cpll.X1Y2} -attr @fillcolor #00868b
attribute {inst GT.X1Y1} -attr @fillcolor #7a7a7a
attribute {inst cpll.X1Y1} -attr @fillcolor #00868b
attribute {inst GT.X1Y0} -attr @fillcolor #7a7a7a
attribute {inst cpll.X1Y0} -attr @fillcolor #00868b
increment -const
load net net.clk.QuadX1Y2_clk0 -port QuadX1Y2_clk0 -pin QuadX1Y2 QPLL0
load net net.quad.QPLL0.QuadX1Y2 -hierPin QuadX1Y2 QPLL0 -pin QPLL0.QuadX1Y2 A
load net net.chan.QPLL0.QuadX1Y2 -pin QPLL0.QuadX1Y2 B -pin GT.X1Y11 TX
attribute {inst QPLL0.QuadX1Y2} -attr @fillcolor #cccc00
attribute {inst GT.X1Y11} -attr @fillcolor #cccc00
load net net.chan.QPLL0.QuadX1Y2 -pin QPLL0.QuadX1Y2 B -pin GT.X1Y10 TX
attribute {inst QPLL0.QuadX1Y2} -attr @fillcolor #cccc00
attribute {inst GT.X1Y10} -attr @fillcolor #cccc00
load net net.chan.QPLL0.QuadX1Y2 -pin QPLL0.QuadX1Y2 B -pin GT.X1Y9 TX
attribute {inst QPLL0.QuadX1Y2} -attr @fillcolor #cccc00
attribute {inst GT.X1Y9} -attr @fillcolor #cccc00
load net net.chan.QPLL0.QuadX1Y2 -pin QPLL0.QuadX1Y2 B -pin GT.X1Y8 TX
attribute {inst QPLL0.QuadX1Y2} -attr @fillcolor #cccc00
attribute {inst GT.X1Y8} -attr @fillcolor #cccc00
load net net.chan.QPLL0.QuadX1Y2 -pin QPLL0.QuadX1Y2 B -pin GT.X1Y11 RX
attribute {inst QPLL0.QuadX1Y2} -attr @fillcolor #cccc00
attribute {inst GT.X1Y11} -attr @fillcolor #cccc00
load net net.chan.QPLL0.QuadX1Y2 -pin QPLL0.QuadX1Y2 B -pin GT.X1Y10 RX
attribute {inst QPLL0.QuadX1Y2} -attr @fillcolor #cccc00
attribute {inst GT.X1Y10} -attr @fillcolor #cccc00
load net net.chan.QPLL0.QuadX1Y2 -pin QPLL0.QuadX1Y2 B -pin GT.X1Y9 RX
attribute {inst QPLL0.QuadX1Y2} -attr @fillcolor #cccc00
attribute {inst GT.X1Y9} -attr @fillcolor #cccc00
load net net.chan.QPLL0.QuadX1Y2 -pin QPLL0.QuadX1Y2 B -pin GT.X1Y8 RX
attribute {inst QPLL0.QuadX1Y2} -attr @fillcolor #cccc00
attribute {inst GT.X1Y8} -attr @fillcolor #cccc00
show
# Starting Split Pages                                                  500.41
# Split Pages 91 Comps, 3 Nets 0 NetBundles 0 CGraphics                 500.41
# KwayPart started for 91 comps, 3 nets                                 500.41
# Init done: 1 nodes (1 locked nodes), 0 edges                          500.41
# Startpart done: 1 parts                                               500.41
# KwayPart done                                                         500.41
# End of Split Pages: 1 pages                                           500.41
# End of Split Pages                                                    500.41
# Generating Regions for Page 1:   91 Comps,    3 Nets                  500.41
# Analyze                                                               500.41
# Levelize                                                              500.41
# End of LevelAssign mode=I, 3 Levels, 10 Comps, limit=30000            500.41
# Nets                                                                  500.41
# Place                                                                 500.41
# PlaceNets                                                             500.41
# SpaceY                                                                500.41
# Track                                                                 500.41
# SpaceX                                                                500.41
# Wire                                                                  500.41
# End of Wire: 0 nets, 0 ch, wire: 0-->0 (0 with wbits)                 500.41
# End of doGenerate                                                     500.41
# Analyze                                                               500.41
# Levelize                                                              500.41
# End of LevelAssign mode=I, 3 Levels, 10 Comps, limit=30000            500.41
# Nets                                                                  500.41
# Place                                                                 500.41
# PlaceNets                                                             500.41
# SpaceY                                                                500.41
# Track                                                                 500.41
# SpaceX                                                                500.41
# Wire                                                                  500.41
# End of Wire: 0 nets, 0 ch, wire: 0-->0 (0 with wbits)                 500.41
# End of doGenerate                                                     500.41
# Analyze                                                               500.41
# Levelize                                                              500.41
# End of LevelAssign mode=I, 3 Levels, 11 Comps, limit=30000            500.41
# Nets                                                                  500.41
# Place                                                                 500.41
# PlaceNets                                                             500.41
# SpaceY                                                                500.41
# Track                                                                 500.41
# SpaceX                                                                500.41
# Wire                                                                  500.41
# End of Wire: 2 nets, 2 ch, wire: 34-->34 (0 with wbits)               500.41
# End of doGenerate                                                     500.41
# Analyze                                                               500.41
# Levelize                                                              500.41
# End of LevelAssign mode=I, 3 Levels, 10 Comps, limit=30000            500.41
# Nets                                                                  500.41
# Place                                                                 500.41
# PlaceNets                                                             500.41
# SpaceY                                                                500.41
# Track                                                                 500.41
# SpaceX                                                                500.41
# Wire                                                                  500.41
# End of Wire: 0 nets, 0 ch, wire: 0-->0 (0 with wbits)                 500.41
# End of doGenerate                                                     500.41
# Analyze                                                               500.41
# Levelize                                                              500.41
# End of LevelAssign mode=I, 3 Levels, 10 Comps, limit=30000            500.41
# Nets                                                                  500.41
# Place                                                                 500.41
# PlaceNets                                                             500.41
# SpaceY                                                                500.41
# Track                                                                 500.41
# SpaceX                                                                500.41
# Wire                                                                  500.41
# End of Wire: 0 nets, 0 ch, wire: 0-->0 (0 with wbits)                 500.41
# End of doGenerate                                                     500.41
# Analyze                                                               500.41
# Levelize                                                              500.41
# End of LevelAssign mode=I, 3 Levels, 10 Comps, limit=30000            500.41
# Nets                                                                  500.41
# Place                                                                 500.41
# PlaceNets                                                             500.41
# SpaceY                                                                500.41
# Track                                                                 500.41
# SpaceX                                                                500.41
# Wire                                                                  500.41
# End of Wire: 0 nets, 0 ch, wire: 0-->0 (0 with wbits)                 500.41
# End of doGenerate                                                     500.41
# Analyze                                                               500.41
# Levelize                                                              500.41
# End of LevelAssign mode=I, 3 Levels, 10 Comps, limit=30000            500.41
# Nets                                                                  500.41
# Place                                                                 500.41
# PlaceNets                                                             500.41
# SpaceY                                                                500.41
# Track                                                                 500.41
# SpaceX                                                                500.41
# Wire                                                                  500.41
# End of Wire: 0 nets, 0 ch, wire: 0-->0 (0 with wbits)                 500.41
# End of doGenerate                                                     500.41
# Analyze                                                               500.41
# Levelize                                                              500.41
# End of LevelAssign mode=I, 3 Levels, 21 Comps, limit=30000            500.41
# Nets                                                                  500.41
# Place                                                                 500.41
# PlaceNets                                                             500.41
# SpaceY                                                                500.41
# Track                                                                 500.41
# SpaceX                                                                500.41
# Wire                                                                  500.41
# End of Wire: 1 nets, 1 ch, wire: 4-->4 (0 with wbits)                 500.41
# End of doGenerate                                                     500.41
# End of Generating Regions for Page 1                                  500.41
scrollpos -19 805
zoom -x 0 -y 0 0.6
scrollpos -14 604
#R 0.6
#CMD scrollpos 0 0
scrollpos 0 0
selection -itemized {inst GT.X1Y11}
center_objects -itemized {inst GT.X1Y11}
scrollpos -63 362
module new gtmodule
#  * Current module is gtmodule 
load symbol QUAD_X0 v HIERBOX port a0 in port a1 in port a2 in port a3 in port QPLL0 in port QPLL1 in port RECCLK_clk0 out port RECCLK_clk1 out
load symbol QUAD_X1 v HIERBOX port a0 out port a1 out port a2 out port a3 out port QPLL0 out port QPLL1 out port RECCLK_clk0 in port RECCLK_clk1 in
load symbol CPLL_X0 syn BOX port A in port B out text CPLL -cc 25 0 12
load symbol CPLL_X1 syn BOX port A out port B in text CPLL -cc 25 0 12
load symbol QPLL0_X0 syn BOX port A in port B out text QPLL0 -cc 25 0 12
load symbol QPLL0_X1 syn BOX port A out port B in text QPLL0 -cc 25 0 12
load symbol QPLL1_X0 syn BOX port A in port B out text QPLL1 -cc 25 0 12
load symbol QPLL1_X1 syn BOX port A out port B in text QPLL1 -cc 25 0 12
load inst QuadX0Y4 QUAD_X0 v -pg 1 -y 1 -x 2000 -autohide -attr @cell QuadX0Y4 -attr @name {} -attr @fillcolor #d9d9d9
attribute {pin QuadX0Y4 QPLL0 } -attr @name {}
attribute {hierPin QuadX0Y4 QPLL0 } -attr @name {}
attribute {pin QuadX0Y4 QPLL1 } -attr @name {}
attribute {hierPin QuadX0Y4 QPLL1 } -attr @name {}
attribute {pin QuadX0Y4 a0 } -attr @name {}
attribute {hierPin QuadX0Y4 a0 } -attr @name {}
attribute {pin QuadX0Y4 a1 } -attr @name {}
attribute {hierPin QuadX0Y4 a1 } -attr @name {}
attribute {pin QuadX0Y4 a2 } -attr @name {}
attribute {hierPin QuadX0Y4 a2 } -attr @name {}
attribute {pin QuadX0Y4 a3 } -attr @name {}
attribute {hierPin QuadX0Y4 a3 } -attr @name {}
attribute {pin QuadX0Y4 RECCLK_clk0 } -attr @name {}
attribute {hierPin QuadX0Y4 RECCLK_clk0 } -attr @name {}
attribute {pin QuadX0Y4 RECCLK_clk1 } -attr @name {}
attribute {hierPin QuadX0Y4 RECCLK_clk1 } -attr @name {}
load inst cpll.X0Y19 CPLL_X0 syn -hier QuadX0Y4 -pg 1 -y 2 -x 1 -autohide -attr @name {} -attr @cell {}
attribute {pin cpll.X0Y19 A} -attr @name {}
attribute {pin cpll.X0Y19 B} -attr @name {}
attribute {inst cpll.X0Y19} -attr @fillcolor #00868b
load symbol X0Y19 syn HIERGEN port TX in port RX in port RXRECCLK out
load inst GT.X0Y19 X0Y19 syn -hier QuadX0Y4 -pg 1 -y 2 -x 2000 -autohide -attr @name {}
attribute {inst GT.X0Y19} -attr @fillcolor #7a7a7a
load inst cpll.X0Y18 CPLL_X0 syn -hier QuadX0Y4 -pg 1 -y 87 -x 1 -autohide -attr @name {} -attr @cell {}
attribute {pin cpll.X0Y18 A} -attr @name {}
attribute {pin cpll.X0Y18 B} -attr @name {}
attribute {inst cpll.X0Y18} -attr @fillcolor #00868b
load symbol X0Y18 syn HIERGEN port TX in port RX in port RXRECCLK out
load inst GT.X0Y18 X0Y18 syn -hier QuadX0Y4 -pg 1 -y 87 -x 2000 -autohide -attr @name {}
attribute {inst GT.X0Y18} -attr @fillcolor #7a7a7a
load inst QPLL0.QuadX0Y4 QPLL0_X0 syn -hier QuadX0Y4 -pg 1 -y 172 -x 1 -autohide -attr @name {} -attr @cell {}
attribute {pin QPLL0.QuadX0Y4 A} -attr @name {}
attribute {pin QPLL0.QuadX0Y4 B} -attr @name {}
attribute {inst QPLL0.QuadX0Y4} -attr @fillcolor #00868b
load inst QPLL1.QuadX0Y4 QPLL1_X0 syn -hier QuadX0Y4 -pg 1 -y 257 -x 1 -autohide -attr @name {} -attr @cell {}
attribute {pin QPLL1.QuadX0Y4 A} -attr @name {}
attribute {pin QPLL1.QuadX0Y4 B} -attr @name {}
attribute {inst QPLL1.QuadX0Y4} -attr @fillcolor #00868b
load inst cpll.X0Y17 CPLL_X0 syn -hier QuadX0Y4 -pg 1 -y 342 -x 1 -autohide -attr @name {} -attr @cell {}
attribute {pin cpll.X0Y17 A} -attr @name {}
attribute {pin cpll.X0Y17 B} -attr @name {}
attribute {inst cpll.X0Y17} -attr @fillcolor #00868b
load symbol X0Y17 syn HIERGEN port TX in port RX in port RXRECCLK out
load inst GT.X0Y17 X0Y17 syn -hier QuadX0Y4 -pg 1 -y 342 -x 2000 -autohide -attr @name {}
attribute {inst GT.X0Y17} -attr @fillcolor #7a7a7a
load inst cpll.X0Y16 CPLL_X0 syn -hier QuadX0Y4 -pg 1 -y 427 -x 1 -autohide -attr @name {} -attr @cell {}
attribute {pin cpll.X0Y16 A} -attr @name {}
attribute {pin cpll.X0Y16 B} -attr @name {}
attribute {inst cpll.X0Y16} -attr @fillcolor #00868b
load symbol X0Y16 syn HIERGEN port TX in port RX in port RXRECCLK out
load inst GT.X0Y16 X0Y16 syn -hier QuadX0Y4 -pg 1 -y 427 -x 2000 -autohide -attr @name {}
attribute {inst GT.X0Y16} -attr @fillcolor #7a7a7a
load port QuadX0Y4_clk0 in -pg 1 -y 141 -x 1 -attr @fillcolor #3a5fcd
load port QuadX0Y4_clk1 in -pg 1 -y 311 -x 1 -attr @fillcolor #3a5fcd
load inst QuadX0Y3 QUAD_X0 v -pg 1 -y 563 -x 2000 -autohide -attr @cell QuadX0Y3 -attr @name {} -attr @fillcolor #d9d9d9
attribute {pin QuadX0Y3 QPLL0 } -attr @name {}
attribute {hierPin QuadX0Y3 QPLL0 } -attr @name {}
attribute {pin QuadX0Y3 QPLL1 } -attr @name {}
attribute {hierPin QuadX0Y3 QPLL1 } -attr @name {}
attribute {pin QuadX0Y3 a0 } -attr @name {}
attribute {hierPin QuadX0Y3 a0 } -attr @name {}
attribute {pin QuadX0Y3 a1 } -attr @name {}
attribute {hierPin QuadX0Y3 a1 } -attr @name {}
attribute {pin QuadX0Y3 a2 } -attr @name {}
attribute {hierPin QuadX0Y3 a2 } -attr @name {}
attribute {pin QuadX0Y3 a3 } -attr @name {}
attribute {hierPin QuadX0Y3 a3 } -attr @name {}
attribute {pin QuadX0Y3 RECCLK_clk0 } -attr @name {}
attribute {hierPin QuadX0Y3 RECCLK_clk0 } -attr @name {}
attribute {pin QuadX0Y3 RECCLK_clk1 } -attr @name {}
attribute {hierPin QuadX0Y3 RECCLK_clk1 } -attr @name {}
load inst cpll.X0Y15 CPLL_X0 syn -hier QuadX0Y3 -pg 1 -y 564 -x 1 -autohide -attr @name {} -attr @cell {}
attribute {pin cpll.X0Y15 A} -attr @name {}
attribute {pin cpll.X0Y15 B} -attr @name {}
attribute {inst cpll.X0Y15} -attr @fillcolor #00868b
load symbol X0Y15 syn HIERGEN port TX in port RX in port RXRECCLK out
load inst GT.X0Y15 X0Y15 syn -hier QuadX0Y3 -pg 1 -y 564 -x 2000 -autohide -attr @name {}
attribute {inst GT.X0Y15} -attr @fillcolor #7a7a7a
load inst cpll.X0Y14 CPLL_X0 syn -hier QuadX0Y3 -pg 1 -y 649 -x 1 -autohide -attr @name {} -attr @cell {}
attribute {pin cpll.X0Y14 A} -attr @name {}
attribute {pin cpll.X0Y14 B} -attr @name {}
attribute {inst cpll.X0Y14} -attr @fillcolor #00868b
load symbol X0Y14 syn HIERGEN port TX in port RX in port RXRECCLK out
load inst GT.X0Y14 X0Y14 syn -hier QuadX0Y3 -pg 1 -y 649 -x 2000 -autohide -attr @name {}
attribute {inst GT.X0Y14} -attr @fillcolor #7a7a7a
load inst QPLL0.QuadX0Y3 QPLL0_X0 syn -hier QuadX0Y3 -pg 1 -y 734 -x 1 -autohide -attr @name {} -attr @cell {}
attribute {pin QPLL0.QuadX0Y3 A} -attr @name {}
attribute {pin QPLL0.QuadX0Y3 B} -attr @name {}
attribute {inst QPLL0.QuadX0Y3} -attr @fillcolor #00868b
load inst QPLL1.QuadX0Y3 QPLL1_X0 syn -hier QuadX0Y3 -pg 1 -y 819 -x 1 -autohide -attr @name {} -attr @cell {}
attribute {pin QPLL1.QuadX0Y3 A} -attr @name {}
attribute {pin QPLL1.QuadX0Y3 B} -attr @name {}
attribute {inst QPLL1.QuadX0Y3} -attr @fillcolor #00868b
load inst cpll.X0Y13 CPLL_X0 syn -hier QuadX0Y3 -pg 1 -y 904 -x 1 -autohide -attr @name {} -attr @cell {}
attribute {pin cpll.X0Y13 A} -attr @name {}
attribute {pin cpll.X0Y13 B} -attr @name {}
attribute {inst cpll.X0Y13} -attr @fillcolor #00868b
load symbol X0Y13 syn HIERGEN port TX in port RX in port RXRECCLK out
load inst GT.X0Y13 X0Y13 syn -hier QuadX0Y3 -pg 1 -y 904 -x 2000 -autohide -attr @name {}
attribute {inst GT.X0Y13} -attr @fillcolor #7a7a7a
load inst cpll.X0Y12 CPLL_X0 syn -hier QuadX0Y3 -pg 1 -y 989 -x 1 -autohide -attr @name {} -attr @cell {}
attribute {pin cpll.X0Y12 A} -attr @name {}
attribute {pin cpll.X0Y12 B} -attr @name {}
attribute {inst cpll.X0Y12} -attr @fillcolor #00868b
load symbol X0Y12 syn HIERGEN port TX in port RX in port RXRECCLK out
load inst GT.X0Y12 X0Y12 syn -hier QuadX0Y3 -pg 1 -y 989 -x 2000 -autohide -attr @name {}
attribute {inst GT.X0Y12} -attr @fillcolor #7a7a7a
load port QuadX0Y3_clk0 in -pg 1 -y 703 -x 1 -attr @fillcolor #3a5fcd
load port QuadX0Y3_clk1 in -pg 1 -y 873 -x 1 -attr @fillcolor #3a5fcd
load inst QuadX1Y4 QUAD_X1 v -pg 1 -y 1 -x 12000 -autohide -attr @cell QuadX1Y4 -attr @name {} -attr @fillcolor #d9d9d9
attribute {pin QuadX1Y4 QPLL0 } -attr @name {}
attribute {hierPin QuadX1Y4 QPLL0 } -attr @name {}
attribute {pin QuadX1Y4 QPLL1 } -attr @name {}
attribute {hierPin QuadX1Y4 QPLL1 } -attr @name {}
attribute {pin QuadX1Y4 a0 } -attr @name {}
attribute {hierPin QuadX1Y4 a0 } -attr @name {}
attribute {pin QuadX1Y4 a1 } -attr @name {}
attribute {hierPin QuadX1Y4 a1 } -attr @name {}
attribute {pin QuadX1Y4 a2 } -attr @name {}
attribute {hierPin QuadX1Y4 a2 } -attr @name {}
attribute {pin QuadX1Y4 a3 } -attr @name {}
attribute {hierPin QuadX1Y4 a3 } -attr @name {}
attribute {pin QuadX1Y4 RECCLK_clk0 } -attr @name {}
attribute {hierPin QuadX1Y4 RECCLK_clk0 } -attr @name {}
attribute {pin QuadX1Y4 RECCLK_clk1 } -attr @name {}
attribute {hierPin QuadX1Y4 RECCLK_clk1 } -attr @name {}
load inst cpll.X1Y19 CPLL_X1 syn -hier QuadX1Y4 -pg 1 -y 2 -x 12001 -autohide -attr @name {} -attr @cell {}
attribute {pin cpll.X1Y19 A} -attr @name {}
attribute {pin cpll.X1Y19 B} -attr @name {}
attribute {inst cpll.X1Y19} -attr @fillcolor #00868b
load symbol X1Y19 syn HIERGEN port TX out port RX out port RXRECCLK in
load inst GT.X1Y19 X1Y19 syn -hier QuadX1Y4 -pg 1 -y 2 -x 12000 -autohide -attr @name {}
attribute {inst GT.X1Y19} -attr @fillcolor #7a7a7a
load inst cpll.X1Y18 CPLL_X1 syn -hier QuadX1Y4 -pg 1 -y 87 -x 12001 -autohide -attr @name {} -attr @cell {}
attribute {pin cpll.X1Y18 A} -attr @name {}
attribute {pin cpll.X1Y18 B} -attr @name {}
attribute {inst cpll.X1Y18} -attr @fillcolor #00868b
load symbol X1Y18 syn HIERGEN port TX out port RX out port RXRECCLK in
load inst GT.X1Y18 X1Y18 syn -hier QuadX1Y4 -pg 1 -y 87 -x 12000 -autohide -attr @name {}
attribute {inst GT.X1Y18} -attr @fillcolor #7a7a7a
load inst QPLL0.QuadX1Y4 QPLL0_X1 syn -hier QuadX1Y4 -pg 1 -y 172 -x 12001 -autohide -attr @name {} -attr @cell {}
attribute {pin QPLL0.QuadX1Y4 A} -attr @name {}
attribute {pin QPLL0.QuadX1Y4 B} -attr @name {}
attribute {inst QPLL0.QuadX1Y4} -attr @fillcolor #00868b
load inst QPLL1.QuadX1Y4 QPLL1_X1 syn -hier QuadX1Y4 -pg 1 -y 257 -x 12001 -autohide -attr @name {} -attr @cell {}
attribute {pin QPLL1.QuadX1Y4 A} -attr @name {}
attribute {pin QPLL1.QuadX1Y4 B} -attr @name {}
attribute {inst QPLL1.QuadX1Y4} -attr @fillcolor #00868b
load inst cpll.X1Y17 CPLL_X1 syn -hier QuadX1Y4 -pg 1 -y 342 -x 12001 -autohide -attr @name {} -attr @cell {}
attribute {pin cpll.X1Y17 A} -attr @name {}
attribute {pin cpll.X1Y17 B} -attr @name {}
attribute {inst cpll.X1Y17} -attr @fillcolor #00868b
load symbol X1Y17 syn HIERGEN port TX out port RX out port RXRECCLK in
load inst GT.X1Y17 X1Y17 syn -hier QuadX1Y4 -pg 1 -y 342 -x 12000 -autohide -attr @name {}
attribute {inst GT.X1Y17} -attr @fillcolor #7a7a7a
load inst cpll.X1Y16 CPLL_X1 syn -hier QuadX1Y4 -pg 1 -y 427 -x 12001 -autohide -attr @name {} -attr @cell {}
attribute {pin cpll.X1Y16 A} -attr @name {}
attribute {pin cpll.X1Y16 B} -attr @name {}
attribute {inst cpll.X1Y16} -attr @fillcolor #00868b
load symbol X1Y16 syn HIERGEN port TX out port RX out port RXRECCLK in
load inst GT.X1Y16 X1Y16 syn -hier QuadX1Y4 -pg 1 -y 427 -x 12000 -autohide -attr @name {}
attribute {inst GT.X1Y16} -attr @fillcolor #7a7a7a
load port QuadX1Y4_clk0 out -pg 1 -y 141 -x 12001 -attr @fillcolor #3a5fcd
load port QuadX1Y4_clk1 out -pg 1 -y 311 -x 12001 -attr @fillcolor #3a5fcd
load inst QuadX1Y3 QUAD_X1 v -pg 1 -y 563 -x 12000 -autohide -attr @cell QuadX1Y3 -attr @name {} -attr @fillcolor #d9d9d9
attribute {pin QuadX1Y3 QPLL0 } -attr @name {}
attribute {hierPin QuadX1Y3 QPLL0 } -attr @name {}
attribute {pin QuadX1Y3 QPLL1 } -attr @name {}
attribute {hierPin QuadX1Y3 QPLL1 } -attr @name {}
attribute {pin QuadX1Y3 a0 } -attr @name {}
attribute {hierPin QuadX1Y3 a0 } -attr @name {}
attribute {pin QuadX1Y3 a1 } -attr @name {}
attribute {hierPin QuadX1Y3 a1 } -attr @name {}
attribute {pin QuadX1Y3 a2 } -attr @name {}
attribute {hierPin QuadX1Y3 a2 } -attr @name {}
attribute {pin QuadX1Y3 a3 } -attr @name {}
attribute {hierPin QuadX1Y3 a3 } -attr @name {}
attribute {pin QuadX1Y3 RECCLK_clk0 } -attr @name {}
attribute {hierPin QuadX1Y3 RECCLK_clk0 } -attr @name {}
attribute {pin QuadX1Y3 RECCLK_clk1 } -attr @name {}
attribute {hierPin QuadX1Y3 RECCLK_clk1 } -attr @name {}
load inst cpll.X1Y15 CPLL_X1 syn -hier QuadX1Y3 -pg 1 -y 564 -x 12001 -autohide -attr @name {} -attr @cell {}
attribute {pin cpll.X1Y15 A} -attr @name {}
attribute {pin cpll.X1Y15 B} -attr @name {}
attribute {inst cpll.X1Y15} -attr @fillcolor #00868b
load symbol X1Y15 syn HIERGEN port TX out port RX out port RXRECCLK in
load inst GT.X1Y15 X1Y15 syn -hier QuadX1Y3 -pg 1 -y 564 -x 12000 -autohide -attr @name {}
attribute {inst GT.X1Y15} -attr @fillcolor #7a7a7a
load inst cpll.X1Y14 CPLL_X1 syn -hier QuadX1Y3 -pg 1 -y 649 -x 12001 -autohide -attr @name {} -attr @cell {}
attribute {pin cpll.X1Y14 A} -attr @name {}
attribute {pin cpll.X1Y14 B} -attr @name {}
attribute {inst cpll.X1Y14} -attr @fillcolor #00868b
load symbol X1Y14 syn HIERGEN port TX out port RX out port RXRECCLK in
load inst GT.X1Y14 X1Y14 syn -hier QuadX1Y3 -pg 1 -y 649 -x 12000 -autohide -attr @name {}
attribute {inst GT.X1Y14} -attr @fillcolor #7a7a7a
load inst QPLL0.QuadX1Y3 QPLL0_X1 syn -hier QuadX1Y3 -pg 1 -y 734 -x 12001 -autohide -attr @name {} -attr @cell {}
attribute {pin QPLL0.QuadX1Y3 A} -attr @name {}
attribute {pin QPLL0.QuadX1Y3 B} -attr @name {}
attribute {inst QPLL0.QuadX1Y3} -attr @fillcolor #00868b
load inst QPLL1.QuadX1Y3 QPLL1_X1 syn -hier QuadX1Y3 -pg 1 -y 819 -x 12001 -autohide -attr @name {} -attr @cell {}
attribute {pin QPLL1.QuadX1Y3 A} -attr @name {}
attribute {pin QPLL1.QuadX1Y3 B} -attr @name {}
attribute {inst QPLL1.QuadX1Y3} -attr @fillcolor #00868b
load inst cpll.X1Y13 CPLL_X1 syn -hier QuadX1Y3 -pg 1 -y 904 -x 12001 -autohide -attr @name {} -attr @cell {}
attribute {pin cpll.X1Y13 A} -attr @name {}
attribute {pin cpll.X1Y13 B} -attr @name {}
attribute {inst cpll.X1Y13} -attr @fillcolor #00868b
load symbol X1Y13 syn HIERGEN port TX out port RX out port RXRECCLK in
load inst GT.X1Y13 X1Y13 syn -hier QuadX1Y3 -pg 1 -y 904 -x 12000 -autohide -attr @name {}
attribute {inst GT.X1Y13} -attr @fillcolor #7a7a7a
load inst cpll.X1Y12 CPLL_X1 syn -hier QuadX1Y3 -pg 1 -y 989 -x 12001 -autohide -attr @name {} -attr @cell {}
attribute {pin cpll.X1Y12 A} -attr @name {}
attribute {pin cpll.X1Y12 B} -attr @name {}
attribute {inst cpll.X1Y12} -attr @fillcolor #00868b
load symbol X1Y12 syn HIERGEN port TX out port RX out port RXRECCLK in
load inst GT.X1Y12 X1Y12 syn -hier QuadX1Y3 -pg 1 -y 989 -x 12000 -autohide -attr @name {}
attribute {inst GT.X1Y12} -attr @fillcolor #7a7a7a
load port QuadX1Y3_clk0 out -pg 1 -y 703 -x 12001 -attr @fillcolor #3a5fcd
load port QuadX1Y3_clk1 out -pg 1 -y 873 -x 12001 -attr @fillcolor #3a5fcd
load inst QuadX1Y2 QUAD_X1 v -pg 1 -y 1125 -x 12000 -autohide -attr @cell QuadX1Y2 -attr @name {} -attr @fillcolor #d9d9d9
attribute {pin QuadX1Y2 QPLL0 } -attr @name {}
attribute {hierPin QuadX1Y2 QPLL0 } -attr @name {}
attribute {pin QuadX1Y2 QPLL1 } -attr @name {}
attribute {hierPin QuadX1Y2 QPLL1 } -attr @name {}
attribute {pin QuadX1Y2 a0 } -attr @name {}
attribute {hierPin QuadX1Y2 a0 } -attr @name {}
attribute {pin QuadX1Y2 a1 } -attr @name {}
attribute {hierPin QuadX1Y2 a1 } -attr @name {}
attribute {pin QuadX1Y2 a2 } -attr @name {}
attribute {hierPin QuadX1Y2 a2 } -attr @name {}
attribute {pin QuadX1Y2 a3 } -attr @name {}
attribute {hierPin QuadX1Y2 a3 } -attr @name {}
attribute {pin QuadX1Y2 RECCLK_clk0 } -attr @name {}
attribute {hierPin QuadX1Y2 RECCLK_clk0 } -attr @name {}
attribute {pin QuadX1Y2 RECCLK_clk1 } -attr @name {}
attribute {hierPin QuadX1Y2 RECCLK_clk1 } -attr @name {}
load inst cpll.X1Y11 CPLL_X1 syn -hier QuadX1Y2 -pg 1 -y 1126 -x 12001 -autohide -attr @name {} -attr @cell {}
attribute {pin cpll.X1Y11 A} -attr @name {}
attribute {pin cpll.X1Y11 B} -attr @name {}
attribute {inst cpll.X1Y11} -attr @fillcolor #00868b
load symbol X1Y11 syn HIERGEN port TX out port RX out port RXRECCLK in
load inst GT.X1Y11 X1Y11 syn -hier QuadX1Y2 -pg 1 -y 1126 -x 12000 -autohide -attr @name {}
attribute {inst GT.X1Y11} -attr @fillcolor #7a7a7a
load inst cpll.X1Y10 CPLL_X1 syn -hier QuadX1Y2 -pg 1 -y 1211 -x 12001 -autohide -attr @name {} -attr @cell {}
attribute {pin cpll.X1Y10 A} -attr @name {}
attribute {pin cpll.X1Y10 B} -attr @name {}
attribute {inst cpll.X1Y10} -attr @fillcolor #00868b
load symbol X1Y10 syn HIERGEN port TX out port RX out port RXRECCLK in
load inst GT.X1Y10 X1Y10 syn -hier QuadX1Y2 -pg 1 -y 1211 -x 12000 -autohide -attr @name {}
attribute {inst GT.X1Y10} -attr @fillcolor #7a7a7a
load inst QPLL0.QuadX1Y2 QPLL0_X1 syn -hier QuadX1Y2 -pg 1 -y 1296 -x 12001 -autohide -attr @name {} -attr @cell {}
attribute {pin QPLL0.QuadX1Y2 A} -attr @name {}
attribute {pin QPLL0.QuadX1Y2 B} -attr @name {}
attribute {inst QPLL0.QuadX1Y2} -attr @fillcolor #00868b
load inst QPLL1.QuadX1Y2 QPLL1_X1 syn -hier QuadX1Y2 -pg 1 -y 1381 -x 12001 -autohide -attr @name {} -attr @cell {}
attribute {pin QPLL1.QuadX1Y2 A} -attr @name {}
attribute {pin QPLL1.QuadX1Y2 B} -attr @name {}
attribute {inst QPLL1.QuadX1Y2} -attr @fillcolor #00868b
load inst cpll.X1Y9 CPLL_X1 syn -hier QuadX1Y2 -pg 1 -y 1466 -x 12001 -autohide -attr @name {} -attr @cell {}
attribute {pin cpll.X1Y9 A} -attr @name {}
attribute {pin cpll.X1Y9 B} -attr @name {}
attribute {inst cpll.X1Y9} -attr @fillcolor #00868b
load symbol X1Y9 syn HIERGEN port TX out port RX out port RXRECCLK in
load inst GT.X1Y9 X1Y9 syn -hier QuadX1Y2 -pg 1 -y 1466 -x 12000 -autohide -attr @name {}
attribute {inst GT.X1Y9} -attr @fillcolor #7a7a7a
load inst cpll.X1Y8 CPLL_X1 syn -hier QuadX1Y2 -pg 1 -y 1551 -x 12001 -autohide -attr @name {} -attr @cell {}
attribute {pin cpll.X1Y8 A} -attr @name {}
attribute {pin cpll.X1Y8 B} -attr @name {}
attribute {inst cpll.X1Y8} -attr @fillcolor #00868b
load symbol X1Y8 syn HIERGEN port TX out port RX out port RXRECCLK in
load inst GT.X1Y8 X1Y8 syn -hier QuadX1Y2 -pg 1 -y 1551 -x 12000 -autohide -attr @name {}
attribute {inst GT.X1Y8} -attr @fillcolor #7a7a7a
load port QuadX1Y2_clk0 out -pg 1 -y 1265 -x 12001 -attr @fillcolor #3a5fcd
load port QuadX1Y2_clk1 out -pg 1 -y 1435 -x 12001 -attr @fillcolor #3a5fcd
load inst QuadX1Y1 QUAD_X1 v -pg 1 -y 1687 -x 12000 -autohide -attr @cell QuadX1Y1 -attr @name {} -attr @fillcolor #d9d9d9
attribute {pin QuadX1Y1 QPLL0 } -attr @name {}
attribute {hierPin QuadX1Y1 QPLL0 } -attr @name {}
attribute {pin QuadX1Y1 QPLL1 } -attr @name {}
attribute {hierPin QuadX1Y1 QPLL1 } -attr @name {}
attribute {pin QuadX1Y1 a0 } -attr @name {}
attribute {hierPin QuadX1Y1 a0 } -attr @name {}
attribute {pin QuadX1Y1 a1 } -attr @name {}
attribute {hierPin QuadX1Y1 a1 } -attr @name {}
attribute {pin QuadX1Y1 a2 } -attr @name {}
attribute {hierPin QuadX1Y1 a2 } -attr @name {}
attribute {pin QuadX1Y1 a3 } -attr @name {}
attribute {hierPin QuadX1Y1 a3 } -attr @name {}
attribute {pin QuadX1Y1 RECCLK_clk0 } -attr @name {}
attribute {hierPin QuadX1Y1 RECCLK_clk0 } -attr @name {}
attribute {pin QuadX1Y1 RECCLK_clk1 } -attr @name {}
attribute {hierPin QuadX1Y1 RECCLK_clk1 } -attr @name {}
load inst cpll.X1Y7 CPLL_X1 syn -hier QuadX1Y1 -pg 1 -y 1688 -x 12001 -autohide -attr @name {} -attr @cell {}
attribute {pin cpll.X1Y7 A} -attr @name {}
attribute {pin cpll.X1Y7 B} -attr @name {}
attribute {inst cpll.X1Y7} -attr @fillcolor #00868b
load symbol X1Y7 syn HIERGEN port TX out port RX out port RXRECCLK in
load inst GT.X1Y7 X1Y7 syn -hier QuadX1Y1 -pg 1 -y 1688 -x 12000 -autohide -attr @name {}
attribute {inst GT.X1Y7} -attr @fillcolor #7a7a7a
load inst cpll.X1Y6 CPLL_X1 syn -hier QuadX1Y1 -pg 1 -y 1773 -x 12001 -autohide -attr @name {} -attr @cell {}
attribute {pin cpll.X1Y6 A} -attr @name {}
attribute {pin cpll.X1Y6 B} -attr @name {}
attribute {inst cpll.X1Y6} -attr @fillcolor #00868b
load symbol X1Y6 syn HIERGEN port TX out port RX out port RXRECCLK in
load inst GT.X1Y6 X1Y6 syn -hier QuadX1Y1 -pg 1 -y 1773 -x 12000 -autohide -attr @name {}
attribute {inst GT.X1Y6} -attr @fillcolor #7a7a7a
load inst QPLL0.QuadX1Y1 QPLL0_X1 syn -hier QuadX1Y1 -pg 1 -y 1858 -x 12001 -autohide -attr @name {} -attr @cell {}
attribute {pin QPLL0.QuadX1Y1 A} -attr @name {}
attribute {pin QPLL0.QuadX1Y1 B} -attr @name {}
attribute {inst QPLL0.QuadX1Y1} -attr @fillcolor #00868b
load inst QPLL1.QuadX1Y1 QPLL1_X1 syn -hier QuadX1Y1 -pg 1 -y 1943 -x 12001 -autohide -attr @name {} -attr @cell {}
attribute {pin QPLL1.QuadX1Y1 A} -attr @name {}
attribute {pin QPLL1.QuadX1Y1 B} -attr @name {}
attribute {inst QPLL1.QuadX1Y1} -attr @fillcolor #00868b
load inst cpll.X1Y5 CPLL_X1 syn -hier QuadX1Y1 -pg 1 -y 2028 -x 12001 -autohide -attr @name {} -attr @cell {}
attribute {pin cpll.X1Y5 A} -attr @name {}
attribute {pin cpll.X1Y5 B} -attr @name {}
attribute {inst cpll.X1Y5} -attr @fillcolor #00868b
load symbol X1Y5 syn HIERGEN port TX out port RX out port RXRECCLK in
load inst GT.X1Y5 X1Y5 syn -hier QuadX1Y1 -pg 1 -y 2028 -x 12000 -autohide -attr @name {}
attribute {inst GT.X1Y5} -attr @fillcolor #7a7a7a
load inst cpll.X1Y4 CPLL_X1 syn -hier QuadX1Y1 -pg 1 -y 2113 -x 12001 -autohide -attr @name {} -attr @cell {}
attribute {pin cpll.X1Y4 A} -attr @name {}
attribute {pin cpll.X1Y4 B} -attr @name {}
attribute {inst cpll.X1Y4} -attr @fillcolor #00868b
load symbol X1Y4 syn HIERGEN port TX out port RX out port RXRECCLK in
load inst GT.X1Y4 X1Y4 syn -hier QuadX1Y1 -pg 1 -y 2113 -x 12000 -autohide -attr @name {}
attribute {inst GT.X1Y4} -attr @fillcolor #7a7a7a
load port QuadX1Y1_clk0 out -pg 1 -y 1827 -x 12001 -attr @fillcolor #3a5fcd
load port QuadX1Y1_clk1 out -pg 1 -y 1997 -x 12001 -attr @fillcolor #3a5fcd
load inst QuadX1Y0 QUAD_X1 v -pg 1 -y 2249 -x 12000 -autohide -attr @cell QuadX1Y0 -attr @name {} -attr @fillcolor #d9d9d9
attribute {pin QuadX1Y0 QPLL0 } -attr @name {}
attribute {hierPin QuadX1Y0 QPLL0 } -attr @name {}
attribute {pin QuadX1Y0 QPLL1 } -attr @name {}
attribute {hierPin QuadX1Y0 QPLL1 } -attr @name {}
attribute {pin QuadX1Y0 a0 } -attr @name {}
attribute {hierPin QuadX1Y0 a0 } -attr @name {}
attribute {pin QuadX1Y0 a1 } -attr @name {}
attribute {hierPin QuadX1Y0 a1 } -attr @name {}
attribute {pin QuadX1Y0 a2 } -attr @name {}
attribute {hierPin QuadX1Y0 a2 } -attr @name {}
attribute {pin QuadX1Y0 a3 } -attr @name {}
attribute {hierPin QuadX1Y0 a3 } -attr @name {}
attribute {pin QuadX1Y0 RECCLK_clk0 } -attr @name {}
attribute {hierPin QuadX1Y0 RECCLK_clk0 } -attr @name {}
attribute {pin QuadX1Y0 RECCLK_clk1 } -attr @name {}
attribute {hierPin QuadX1Y0 RECCLK_clk1 } -attr @name {}
load inst cpll.X1Y3 CPLL_X1 syn -hier QuadX1Y0 -pg 1 -y 2250 -x 12001 -autohide -attr @name {} -attr @cell {}
attribute {pin cpll.X1Y3 A} -attr @name {}
attribute {pin cpll.X1Y3 B} -attr @name {}
attribute {inst cpll.X1Y3} -attr @fillcolor #00868b
load symbol X1Y3 syn HIERGEN port TX out port RX out port RXRECCLK in
load inst GT.X1Y3 X1Y3 syn -hier QuadX1Y0 -pg 1 -y 2250 -x 12000 -autohide -attr @name {}
attribute {inst GT.X1Y3} -attr @fillcolor #7a7a7a
load inst cpll.X1Y2 CPLL_X1 syn -hier QuadX1Y0 -pg 1 -y 2335 -x 12001 -autohide -attr @name {} -attr @cell {}
attribute {pin cpll.X1Y2 A} -attr @name {}
attribute {pin cpll.X1Y2 B} -attr @name {}
attribute {inst cpll.X1Y2} -attr @fillcolor #00868b
load symbol X1Y2 syn HIERGEN port TX out port RX out port RXRECCLK in
load inst GT.X1Y2 X1Y2 syn -hier QuadX1Y0 -pg 1 -y 2335 -x 12000 -autohide -attr @name {}
attribute {inst GT.X1Y2} -attr @fillcolor #7a7a7a
load inst QPLL0.QuadX1Y0 QPLL0_X1 syn -hier QuadX1Y0 -pg 1 -y 2420 -x 12001 -autohide -attr @name {} -attr @cell {}
attribute {pin QPLL0.QuadX1Y0 A} -attr @name {}
attribute {pin QPLL0.QuadX1Y0 B} -attr @name {}
attribute {inst QPLL0.QuadX1Y0} -attr @fillcolor #00868b
load inst QPLL1.QuadX1Y0 QPLL1_X1 syn -hier QuadX1Y0 -pg 1 -y 2505 -x 12001 -autohide -attr @name {} -attr @cell {}
attribute {pin QPLL1.QuadX1Y0 A} -attr @name {}
attribute {pin QPLL1.QuadX1Y0 B} -attr @name {}
attribute {inst QPLL1.QuadX1Y0} -attr @fillcolor #00868b
load inst cpll.X1Y1 CPLL_X1 syn -hier QuadX1Y0 -pg 1 -y 2590 -x 12001 -autohide -attr @name {} -attr @cell {}
attribute {pin cpll.X1Y1 A} -attr @name {}
attribute {pin cpll.X1Y1 B} -attr @name {}
attribute {inst cpll.X1Y1} -attr @fillcolor #00868b
load symbol X1Y1 syn HIERGEN port TX out port RX out port RXRECCLK in
load inst GT.X1Y1 X1Y1 syn -hier QuadX1Y0 -pg 1 -y 2590 -x 12000 -autohide -attr @name {}
attribute {inst GT.X1Y1} -attr @fillcolor #7a7a7a
load inst cpll.X1Y0 CPLL_X1 syn -hier QuadX1Y0 -pg 1 -y 2675 -x 12001 -autohide -attr @name {} -attr @cell {}
attribute {pin cpll.X1Y0 A} -attr @name {}
attribute {pin cpll.X1Y0 B} -attr @name {}
attribute {inst cpll.X1Y0} -attr @fillcolor #00868b
load symbol X1Y0 syn HIERGEN port TX out port RX out port RXRECCLK in
load inst GT.X1Y0 X1Y0 syn -hier QuadX1Y0 -pg 1 -y 2675 -x 12000 -autohide -attr @name {}
attribute {inst GT.X1Y0} -attr @fillcolor #7a7a7a
load port QuadX1Y0_clk0 out -pg 1 -y 2389 -x 12001 -attr @fillcolor #3a5fcd
load port QuadX1Y0_clk1 out -pg 1 -y 2559 -x 12001 -attr @fillcolor #3a5fcd
attribute {inst GT.X0Y19} -attr @fillcolor #7a7a7a
attribute {inst cpll.X0Y19} -attr @fillcolor #00868b
attribute {inst QPLL0.QuadX0Y4} -attr @fillcolor #00868b
attribute {inst QPLL1.QuadX0Y4} -attr @fillcolor #00868b
attribute {inst GT.X0Y18} -attr @fillcolor #7a7a7a
attribute {inst cpll.X0Y18} -attr @fillcolor #00868b
attribute {inst GT.X0Y17} -attr @fillcolor #7a7a7a
attribute {inst cpll.X0Y17} -attr @fillcolor #00868b
attribute {inst GT.X0Y16} -attr @fillcolor #7a7a7a
attribute {inst cpll.X0Y16} -attr @fillcolor #00868b
attribute {inst GT.X0Y15} -attr @fillcolor #7a7a7a
attribute {inst cpll.X0Y15} -attr @fillcolor #00868b
attribute {inst QPLL0.QuadX0Y3} -attr @fillcolor #00868b
attribute {inst QPLL1.QuadX0Y3} -attr @fillcolor #00868b
attribute {inst GT.X0Y14} -attr @fillcolor #7a7a7a
attribute {inst cpll.X0Y14} -attr @fillcolor #00868b
attribute {inst GT.X0Y13} -attr @fillcolor #7a7a7a
attribute {inst cpll.X0Y13} -attr @fillcolor #00868b
attribute {inst GT.X0Y12} -attr @fillcolor #7a7a7a
attribute {inst cpll.X0Y12} -attr @fillcolor #00868b
attribute {inst GT.X1Y19} -attr @fillcolor #7a7a7a
attribute {inst cpll.X1Y19} -attr @fillcolor #00868b
attribute {inst QPLL0.QuadX1Y4} -attr @fillcolor #00868b
attribute {inst QPLL1.QuadX1Y4} -attr @fillcolor #00868b
attribute {inst GT.X1Y18} -attr @fillcolor #7a7a7a
attribute {inst cpll.X1Y18} -attr @fillcolor #00868b
attribute {inst GT.X1Y17} -attr @fillcolor #7a7a7a
attribute {inst cpll.X1Y17} -attr @fillcolor #00868b
attribute {inst GT.X1Y16} -attr @fillcolor #7a7a7a
attribute {inst cpll.X1Y16} -attr @fillcolor #00868b
attribute {inst GT.X1Y15} -attr @fillcolor #7a7a7a
attribute {inst cpll.X1Y15} -attr @fillcolor #00868b
attribute {inst QPLL0.QuadX1Y3} -attr @fillcolor #00868b
attribute {inst QPLL1.QuadX1Y3} -attr @fillcolor #00868b
attribute {inst GT.X1Y14} -attr @fillcolor #7a7a7a
attribute {inst cpll.X1Y14} -attr @fillcolor #00868b
attribute {inst GT.X1Y13} -attr @fillcolor #7a7a7a
attribute {inst cpll.X1Y13} -attr @fillcolor #00868b
attribute {inst GT.X1Y12} -attr @fillcolor #7a7a7a
attribute {inst cpll.X1Y12} -attr @fillcolor #00868b
attribute {inst GT.X1Y11} -attr @fillcolor #7a7a7a
attribute {inst cpll.X1Y11} -attr @fillcolor #00868b
attribute {inst QPLL0.QuadX1Y2} -attr @fillcolor #00868b
attribute {inst QPLL1.QuadX1Y2} -attr @fillcolor #00868b
attribute {inst GT.X1Y10} -attr @fillcolor #7a7a7a
attribute {inst cpll.X1Y10} -attr @fillcolor #00868b
attribute {inst GT.X1Y9} -attr @fillcolor #7a7a7a
attribute {inst cpll.X1Y9} -attr @fillcolor #00868b
attribute {inst GT.X1Y8} -attr @fillcolor #7a7a7a
attribute {inst cpll.X1Y8} -attr @fillcolor #00868b
attribute {inst GT.X1Y7} -attr @fillcolor #7a7a7a
attribute {inst cpll.X1Y7} -attr @fillcolor #00868b
attribute {inst QPLL0.QuadX1Y1} -attr @fillcolor #00868b
attribute {inst QPLL1.QuadX1Y1} -attr @fillcolor #00868b
attribute {inst GT.X1Y6} -attr @fillcolor #7a7a7a
attribute {inst cpll.X1Y6} -attr @fillcolor #00868b
attribute {inst GT.X1Y5} -attr @fillcolor #7a7a7a
attribute {inst cpll.X1Y5} -attr @fillcolor #00868b
attribute {inst GT.X1Y4} -attr @fillcolor #7a7a7a
attribute {inst cpll.X1Y4} -attr @fillcolor #00868b
attribute {inst GT.X1Y3} -attr @fillcolor #7a7a7a
attribute {inst cpll.X1Y3} -attr @fillcolor #00868b
attribute {inst QPLL0.QuadX1Y0} -attr @fillcolor #00868b
attribute {inst QPLL1.QuadX1Y0} -attr @fillcolor #00868b
attribute {inst GT.X1Y2} -attr @fillcolor #7a7a7a
attribute {inst cpll.X1Y2} -attr @fillcolor #00868b
attribute {inst GT.X1Y1} -attr @fillcolor #7a7a7a
attribute {inst cpll.X1Y1} -attr @fillcolor #00868b
attribute {inst GT.X1Y0} -attr @fillcolor #7a7a7a
attribute {inst cpll.X1Y0} -attr @fillcolor #00868b
increment -const
load net net.clk.QuadX1Y2_clk0 -port QuadX1Y2_clk0 -pin QuadX1Y2 QPLL0
load net net.quad.QPLL0.QuadX1Y2 -hierPin QuadX1Y2 QPLL0 -pin QPLL0.QuadX1Y2 A
load net net.chan.QPLL0.QuadX1Y2 -pin QPLL0.QuadX1Y2 B -pin GT.X1Y11 TX
attribute {inst QPLL0.QuadX1Y2} -attr @fillcolor #cccc00
attribute {inst GT.X1Y11} -attr @fillcolor #cccc00
load net net.chan.QPLL0.QuadX1Y2 -pin QPLL0.QuadX1Y2 B -pin GT.X1Y10 TX
attribute {inst QPLL0.QuadX1Y2} -attr @fillcolor #cccc00
attribute {inst GT.X1Y10} -attr @fillcolor #cccc00
load net net.chan.QPLL0.QuadX1Y2 -pin QPLL0.QuadX1Y2 B -pin GT.X1Y9 TX
attribute {inst QPLL0.QuadX1Y2} -attr @fillcolor #cccc00
attribute {inst GT.X1Y9} -attr @fillcolor #cccc00
load net net.chan.QPLL0.QuadX1Y2 -pin QPLL0.QuadX1Y2 B -pin GT.X1Y8 TX
attribute {inst QPLL0.QuadX1Y2} -attr @fillcolor #cccc00
attribute {inst GT.X1Y8} -attr @fillcolor #cccc00
load net net.chan.QPLL0.QuadX1Y2 -pin QPLL0.QuadX1Y2 B -pin GT.X1Y11 RX
attribute {inst QPLL0.QuadX1Y2} -attr @fillcolor #cccc00
attribute {inst GT.X1Y11} -attr @fillcolor #cccc00
load net net.chan.QPLL0.QuadX1Y2 -pin QPLL0.QuadX1Y2 B -pin GT.X1Y10 RX
attribute {inst QPLL0.QuadX1Y2} -attr @fillcolor #cccc00
attribute {inst GT.X1Y10} -attr @fillcolor #cccc00
load net net.chan.QPLL0.QuadX1Y2 -pin QPLL0.QuadX1Y2 B -pin GT.X1Y9 RX
attribute {inst QPLL0.QuadX1Y2} -attr @fillcolor #cccc00
attribute {inst GT.X1Y9} -attr @fillcolor #cccc00
load net net.chan.QPLL0.QuadX1Y2 -pin QPLL0.QuadX1Y2 B -pin GT.X1Y8 RX
attribute {inst QPLL0.QuadX1Y2} -attr @fillcolor #cccc00
attribute {inst GT.X1Y8} -attr @fillcolor #cccc00
show
# Starting Split Pages                                                  501.56
# Split Pages 91 Comps, 3 Nets 0 NetBundles 0 CGraphics                 501.56
# KwayPart started for 91 comps, 3 nets                                 501.56
# Init done: 1 nodes (1 locked nodes), 0 edges                          501.56
# Startpart done: 1 parts                                               501.56
# KwayPart done                                                         501.56
# End of Split Pages: 1 pages                                           501.56
# End of Split Pages                                                    501.56
# Generating Regions for Page 1:   91 Comps,    3 Nets                  501.56
# Analyze                                                               501.56
# Levelize                                                              501.56
# End of LevelAssign mode=I, 3 Levels, 10 Comps, limit=30000            501.56
# Nets                                                                  501.56
# Place                                                                 501.56
# PlaceNets                                                             501.56
# SpaceY                                                                501.56
# Track                                                                 501.56
# SpaceX                                                                501.56
# Wire                                                                  501.56
# End of Wire: 0 nets, 0 ch, wire: 0-->0 (0 with wbits)                 501.56
# End of doGenerate                                                     501.56
# Analyze                                                               501.56
# Levelize                                                              501.56
# End of LevelAssign mode=I, 3 Levels, 10 Comps, limit=30000            501.56
# Nets                                                                  501.56
# Place                                                                 501.56
# PlaceNets                                                             501.56
# SpaceY                                                                501.56
# Track                                                                 501.56
# SpaceX                                                                501.56
# Wire                                                                  501.56
# End of Wire: 0 nets, 0 ch, wire: 0-->0 (0 with wbits)                 501.56
# End of doGenerate                                                     501.56
# Analyze                                                               501.56
# Levelize                                                              501.56
# End of LevelAssign mode=I, 3 Levels, 11 Comps, limit=30000            501.56
# Nets                                                                  501.56
# Place                                                                 501.56
# PlaceNets                                                             501.56
# SpaceY                                                                501.56
# Track                                                                 501.56
# SpaceX                                                                501.56
# Wire                                                                  501.56
# End of Wire: 2 nets, 2 ch, wire: 34-->34 (0 with wbits)               501.56
# End of doGenerate                                                     501.56
# Analyze                                                               501.56
# Levelize                                                              501.56
# End of LevelAssign mode=I, 3 Levels, 10 Comps, limit=30000            501.56
# Nets                                                                  501.56
# Place                                                                 501.56
# PlaceNets                                                             501.56
# SpaceY                                                                501.56
# Track                                                                 501.56
# SpaceX                                                                501.56
# Wire                                                                  501.56
# End of Wire: 0 nets, 0 ch, wire: 0-->0 (0 with wbits)                 501.56
# End of doGenerate                                                     501.56
# Analyze                                                               501.56
# Levelize                                                              501.56
# End of LevelAssign mode=I, 3 Levels, 10 Comps, limit=30000            501.56
# Nets                                                                  501.56
# Place                                                                 501.56
# PlaceNets                                                             501.56
# SpaceY                                                                501.56
# Track                                                                 501.56
# SpaceX                                                                501.56
# Wire                                                                  501.56
# End of Wire: 0 nets, 0 ch, wire: 0-->0 (0 with wbits)                 501.56
# End of doGenerate                                                     501.56
# Analyze                                                               501.56
# Levelize                                                              501.56
# End of LevelAssign mode=I, 3 Levels, 10 Comps, limit=30000            501.56
# Nets                                                                  501.56
# Place                                                                 501.56
# PlaceNets                                                             501.56
# SpaceY                                                                501.56
# Track                                                                 501.56
# SpaceX                                                                501.56
# Wire                                                                  501.56
# End of Wire: 0 nets, 0 ch, wire: 0-->0 (0 with wbits)                 501.56
# End of doGenerate                                                     501.56
# Analyze                                                               501.56
# Levelize                                                              501.56
# End of LevelAssign mode=I, 3 Levels, 10 Comps, limit=30000            501.56
# Nets                                                                  501.56
# Place                                                                 501.56
# PlaceNets                                                             501.56
# SpaceY                                                                501.56
# Track                                                                 501.56
# SpaceX                                                                501.56
# Wire                                                                  501.56
# End of Wire: 0 nets, 0 ch, wire: 0-->0 (0 with wbits)                 501.56
# End of doGenerate                                                     501.56
# Analyze                                                               501.56
# Levelize                                                              501.56
# End of LevelAssign mode=I, 3 Levels, 21 Comps, limit=30000            501.56
# Nets                                                                  501.56
# Place                                                                 501.56
# PlaceNets                                                             501.56
# SpaceY                                                                501.56
# Track                                                                 501.56
# SpaceX                                                                501.56
# Wire                                                                  501.56
# End of Wire: 1 nets, 1 ch, wire: 4-->4 (0 with wbits)                 501.56
# End of doGenerate                                                     501.56
# End of Generating Regions for Page 1                                  501.56
scrollpos -19 805
zoom -x 0 -y 0 0.6
scrollpos -14 604
#R 0.6
#CMD scrollpos 0 0
scrollpos 0 0
selection -itemized {inst GT.X1Y11}
center_objects -itemized {inst GT.X1Y11}
scrollpos -63 362
