#-----------------------------------------------------------
# Vivado v2022.2 (64-bit)
# SW Build 3671981 on Fri Oct 14 04:59:54 MDT 2022
# IP Build 3669848 on Fri Oct 14 08:30:02 MDT 2022
# Start of session at: Mon Aug  3 16:39:56 2026
# Process ID: 111881
# Current directory: /home/williams/MYFPGA/FPGA Training Data Etri_fso/sfp_int/sfp_int_0/gt_ex
# Command line: vivado
# Log file: /home/williams/MYFPGA/FPGA Training Data Etri_fso/sfp_int/sfp_int_0/gt_ex/vivado.log
# Journal file: /home/williams/MYFPGA/FPGA Training Data Etri_fso/sfp_int/sfp_int_0/gt_ex/vivado.jou
# Running On: Williams, OS: Linux, CPU Frequency: 5300.000 MHz, CPU Physical cores: 16, Host memory: 67183 MB
#-----------------------------------------------------------
start_gui
WARNING: [Board 49-26] cannot add Board Part xilinx.com:vek280_es:part0:1.0 available at /tools/Xilinx/Vivado/2022.2/data/xhub/boards/XilinxBoardStore/boards/Xilinx/vek280/es/1.0/board.xml as part xcve2802-vsvh1760-2lp-e-s-es1 specified in board_part file is either invalid or not available
WARNING: [Board 49-26] cannot add Board Part xilinx.com:vhk158_es:part0:1.0 available at /tools/Xilinx/Vivado/2022.2/data/xhub/boards/XilinxBoardStore/boards/Xilinx/vhk158/es/1.0/board.xml as part xcvh1582-vsva3697-2mp-e-s-es1 specified in board_part file is either invalid or not available
WARNING: [Board 49-26] cannot add Board Part xilinx.com:vpk120_es:part0:1.2 available at /tools/Xilinx/Vivado/2022.2/data/xhub/boards/XilinxBoardStore/boards/Xilinx/vpk120/es/1.2/board.xml as part xcvp1202-vsva2785-2mp-e-s-es1 specified in board_part file is either invalid or not available
WARNING: [Board 49-26] cannot add Board Part xilinx.com:vpk120_es_revb:part0:1.0 available at /tools/Xilinx/Vivado/2022.2/data/xhub/boards/XilinxBoardStore/boards/Xilinx/vpk120_revb/es/1.0/board.xml as part xcvp1202-vsva2785-2mp-e-s-es1 specified in board_part file is either invalid or not available
WARNING: [Board 49-26] cannot add Board Part xilinx.com:vpk180_es:part0:1.0 available at /tools/Xilinx/Vivado/2022.2/data/xhub/boards/XilinxBoardStore/boards/Xilinx/vpk180/es/1.0/board.xml as part xcvp1802-lsvc4072-2mp-e-s-es1 specified in board_part file is either invalid or not available
WARNING: [Board 49-26] cannot add Board Part xilinx.com:zcu208ld:part0:2.0 available at /tools/Xilinx/Vivado/2022.2/data/xhub/boards/XilinxBoardStore/boards/Xilinx/zcu208ld/production/2.0/board.xml as part xczu58dr-fsvg1517-2-i specified in board_part file is either invalid or not available
WARNING: [Board 49-26] cannot add Board Part xilinx.com:zcu216ld:part0:2.0 available at /tools/Xilinx/Vivado/2022.2/data/xhub/boards/XilinxBoardStore/boards/Xilinx/zcu216ld/production/2.0/board.xml as part xczu59dr-ffvf1760-2-i specified in board_part file is either invalid or not available
WARNING: [Board 49-26] cannot add Board Part xilinx.com:zcu670:part0:2.0 available at /tools/Xilinx/Vivado/2022.2/data/xhub/boards/XilinxBoardStore/boards/Xilinx/zcu670/2.0/board.xml as part xczu67dr-fsve1156-2-i specified in board_part file is either invalid or not available
WARNING: [Board 49-26] cannot add Board Part xilinx.com:zcu670ld:part0:1.0 available at /tools/Xilinx/Vivado/2022.2/data/xhub/boards/XilinxBoardStore/boards/Xilinx/zcu670ld/1.0/board.xml as part xczu57dr-fsve1156-2-i specified in board_part file is either invalid or not available
open_project {/home/williams/MYFPGA/FPGA Training Data Etri_fso/sfp_int/sfp_int_0/gt_ex/gt_ex_test/gt_ex_test.xpr}
INFO: [filemgmt 56-3] Default IP Output Path : Could not find the directory '/home/williams/MYFPGA/FPGA Training Data Etri_fso/sfp_int/sfp_int_0/gt_ex/gt_ex_test/gt_ex_test.gen/sources_1'.
Scanning sources...
Finished scanning sources
INFO: [IP_Flow 19-234] Refreshing IP repositories
INFO: [IP_Flow 19-1704] No user IP repositories specified
INFO: [IP_Flow 19-2313] Loaded Vivado IP repository '/tools/Xilinx/Vivado/2022.2/data/ip'.
ERROR: [IP_Flow 19-8166] Failed to verify json document against the schema 'xilinx.com:schema:json_instance:1.0'.
{
  "additionalProperties": {
    "disallowed": "resolve_type",
    "instanceRef": "#/ip_inst/parameters/project_parameters/ARCHITECTURE/0",
    "schemaRef": "file:///simple_param_value_v1_0.json#/definitions/simple_param_value"
  }
}
CRITICAL WARNING: [IP_Flow 19-183] Failed to load IP instance 'clk_wiz_0'.
CRITICAL WARNING: [IP_Flow 19-1835] Failed to recreate IP instance 'clk_wiz_0'. Error reading project file(s).
ERROR: [IP_Flow 19-8166] Failed to verify json document against the schema 'xilinx.com:schema:json_instance:1.0'.
{
  "additionalProperties": {
    "disallowed": "resolve_type",
    "instanceRef": "#/ip_inst/parameters/project_parameters/ARCHITECTURE/0",
    "schemaRef": "file:///simple_param_value_v1_0.json#/definitions/simple_param_value"
  }
}
CRITICAL WARNING: [IP_Flow 19-183] Failed to load IP instance 'gt_vio_0'.
CRITICAL WARNING: [IP_Flow 19-1835] Failed to recreate IP instance 'gt_vio_0'. Error reading project file(s).
ERROR: [IP_Flow 19-8166] Failed to verify json document against the schema 'xilinx.com:schema:json_instance:1.0'.
{
  "additionalProperties": {
    "disallowed": "resolve_type",
    "instanceRef": "#/ip_inst/parameters/project_parameters/ARCHITECTURE/0",
    "schemaRef": "file:///simple_param_value_v1_0.json#/definitions/simple_param_value"
  }
}
CRITICAL WARNING: [IP_Flow 19-183] Failed to load IP instance 'cross_gth_logic'.
CRITICAL WARNING: [IP_Flow 19-1835] Failed to recreate IP instance 'cross_gth_logic'. Error reading project file(s).
ERROR: [IP_Flow 19-8166] Failed to verify json document against the schema 'xilinx.com:schema:json_instance:1.0'.
{
  "additionalProperties": {
    "disallowed": "resolve_type",
    "instanceRef": "#/ip_inst/parameters/project_parameters/ARCHITECTURE/0",
    "schemaRef": "file:///simple_param_value_v1_0.json#/definitions/simple_param_value"
  }
}
CRITICAL WARNING: [IP_Flow 19-183] Failed to load IP instance 'delay_rs'.
CRITICAL WARNING: [IP_Flow 19-1835] Failed to recreate IP instance 'delay_rs'. Error reading project file(s).
ERROR: [IP_Flow 19-8166] Failed to verify json document against the schema 'xilinx.com:schema:json_instance:1.0'.
{
  "additionalProperties": {
    "disallowed": "resolve_type",
    "instanceRef": "#/ip_inst/parameters/project_parameters/ARCHITECTURE/0",
    "schemaRef": "file:///simple_param_value_v1_0.json#/definitions/simple_param_value"
  }
}
CRITICAL WARNING: [IP_Flow 19-183] Failed to load IP instance 'cross_logic_gth'.
CRITICAL WARNING: [IP_Flow 19-1835] Failed to recreate IP instance 'cross_logic_gth'. Error reading project file(s).
ERROR: [IP_Flow 19-8166] Failed to verify json document against the schema 'xilinx.com:schema:json_instance:1.0'.
{
  "additionalProperties": {
    "disallowed": "resolve_type",
    "instanceRef": "#/ip_inst/parameters/project_parameters/ARCHITECTURE/0",
    "schemaRef": "file:///simple_param_value_v1_0.json#/definitions/simple_param_value"
  }
}
CRITICAL WARNING: [IP_Flow 19-183] Failed to load IP instance 'cross_logic_gth_head'.
CRITICAL WARNING: [IP_Flow 19-1835] Failed to recreate IP instance 'cross_logic_gth_head'. Error reading project file(s).
ERROR: [IP_Flow 19-8166] Failed to verify json document against the schema 'xilinx.com:schema:json_instance:1.0'.
{
  "additionalProperties": {
    "disallowed": "resolve_type",
    "instanceRef": "#/ip_inst/parameters/project_parameters/ARCHITECTURE/0",
    "schemaRef": "file:///simple_param_value_v1_0.json#/definitions/simple_param_value"
  }
}
CRITICAL WARNING: [IP_Flow 19-183] Failed to load IP instance 'cross_gth_logic_head'.
CRITICAL WARNING: [IP_Flow 19-1835] Failed to recreate IP instance 'cross_gth_logic_head'. Error reading project file(s).
ERROR: [IP_Flow 19-8166] Failed to verify json document against the schema 'xilinx.com:schema:json_instance:1.0'.
{
  "additionalProperties": {
    "disallowed": "resolve_type",
    "instanceRef": "#/ip_inst/parameters/project_parameters/ARCHITECTURE/0",
    "schemaRef": "file:///simple_param_value_v1_0.json#/definitions/simple_param_value"
  }
}
CRITICAL WARNING: [IP_Flow 19-183] Failed to load IP instance 'serdes_assembler'.
CRITICAL WARNING: [IP_Flow 19-1835] Failed to recreate IP instance 'serdes_assembler'. Error reading project file(s).
ERROR: [IP_Flow 19-8166] Failed to verify json document against the schema 'xilinx.com:schema:json_instance:1.0'.
{
  "additionalProperties": {
    "disallowed": "resolve_type",
    "instanceRef": "#/ip_inst/parameters/project_parameters/ARCHITECTURE/0",
    "schemaRef": "file:///simple_param_value_v1_0.json#/definitions/simple_param_value"
  }
}
CRITICAL WARNING: [IP_Flow 19-183] Failed to load IP instance 'delay_combiner'.
CRITICAL WARNING: [IP_Flow 19-1835] Failed to recreate IP instance 'delay_combiner'. Error reading project file(s).
ERROR: [IP_Flow 19-8166] Failed to verify json document against the schema 'xilinx.com:schema:json_instance:1.0'.
{
  "additionalProperties": {
    "disallowed": "resolve_type",
    "instanceRef": "#/ip_inst/parameters/project_parameters/ARCHITECTURE/0",
    "schemaRef": "file:///simple_param_value_v1_0.json#/definitions/simple_param_value"
  }
}
CRITICAL WARNING: [IP_Flow 19-183] Failed to load IP instance 'serdes_framer'.
CRITICAL WARNING: [IP_Flow 19-1835] Failed to recreate IP instance 'serdes_framer'. Error reading project file(s).
ERROR: [IP_Flow 19-8166] Failed to verify json document against the schema 'xilinx.com:schema:json_instance:1.0'.
{
  "additionalProperties": {
    "disallowed": "resolve_type",
    "instanceRef": "#/ip_inst/parameters/project_parameters/ARCHITECTURE/0",
    "schemaRef": "file:///simple_param_value_v1_0.json#/definitions/simple_param_value"
  }
}
CRITICAL WARNING: [IP_Flow 19-183] Failed to load IP instance 'cross_logic_gth_load'.
CRITICAL WARNING: [IP_Flow 19-1835] Failed to recreate IP instance 'cross_logic_gth_load'. Error reading project file(s).
ERROR: [IP_Flow 19-8166] Failed to verify json document against the schema 'xilinx.com:schema:json_instance:1.0'.
{
  "additionalProperties": {
    "disallowed": "resolve_type",
    "instanceRef": "#/ip_inst/parameters/project_parameters/ARCHITECTURE/0",
    "schemaRef": "file:///simple_param_value_v1_0.json#/definitions/simple_param_value"
  }
}
CRITICAL WARNING: [IP_Flow 19-183] Failed to load IP instance 'cross_gth_logic_load'.
CRITICAL WARNING: [IP_Flow 19-1835] Failed to recreate IP instance 'cross_gth_logic_load'. Error reading project file(s).
ERROR: [IP_Flow 19-8166] Failed to verify json document against the schema 'xilinx.com:schema:json_instance:1.0'.
{
  "additionalProperties": {
    "disallowed": "resolve_type",
    "instanceRef": "#/ip_inst/parameters/project_parameters/ARCHITECTURE/0",
    "schemaRef": "file:///simple_param_value_v1_0.json#/definitions/simple_param_value"
  }
}
CRITICAL WARNING: [IP_Flow 19-183] Failed to load IP instance 'gt'.
CRITICAL WARNING: [IP_Flow 19-1835] Failed to recreate IP instance 'gt'. Error reading project file(s).
ERROR: [Common 17-39] 'open_project' failed due to earlier errors.
update_compile_order -fileset sources_1
export_ip_user_files -of_objects  [get_files {{/home/williams/MYFPGA/FPGA Training Data Etri_fso/sfp_int/sfp_int_0/gt_ex/gt_ex_test/gt_ex_test.srcs/sources_1/ip/clk_wiz_0/clk_wiz_0.xci}}] -no_script -reset -force -quiet
remove_files  {{/home/williams/MYFPGA/FPGA Training Data Etri_fso/sfp_int/sfp_int_0/gt_ex/gt_ex_test/gt_ex_test.srcs/sources_1/ip/clk_wiz_0/clk_wiz_0.xci}}
add_files {{/home/williams/MYFPGA/FPGA Training Data Etri_fso/sfp_int/sfp_int_0/gt_ex/gt_ex.runs/gt_synth_1/gt.dcp} {/home/williams/MYFPGA/FPGA Training Data Etri_fso/sfp_int/sfp_int_0/gt_ex/gt_ex.srcs/sources_1/new/packet_rec.v} {/home/williams/MYFPGA/FPGA Training Data Etri_fso/sfp_int/sfp_int_0/gt_ex/gt_ex.srcs/sources_1/ip/gt/gt.xci} {/home/williams/MYFPGA/FPGA Training Data Etri_fso/sfp_int/sfp_int_0/gt_ex/sda_codec_0.gen/sources_1/ip/cross_logic_gth_head/cross_logic_gth_head_stub.v} {/home/williams/MYFPGA/FPGA Training Data Etri_fso/sfp_int/sfp_int_0/gt_ex/gt_ex.srcs/sources_1/new/encoder/crc_32.v} {/home/williams/MYFPGA/FPGA Training Data Etri_fso/sfp_int/sfp_int_0/gt_ex/gt_ex_test/gt_ex_test.srcs/sources_1/new/encoder/x_gth_logic.v} {/home/williams/MYFPGA/FPGA Training Data Etri_fso/sfp_int/sfp_int_0/gt_ex/gt_ex.srcs/sources_1/new/rs_codec/euclid_proc.v} {/home/williams/MYFPGA/FPGA Training Data Etri_fso/sfp_int/sfp_int_0/gt_ex/gt_ex.runs/cross_gth_logic_load_synth_1/cross_gth_logic_load.dcp} {/home/williams/MYFPGA/FPGA Training Data Etri_fso/sfp_int/sfp_int_0/gt_ex/sda_codec_0.gen/sources_1/ip/cross_gth_logic_head/hdl/blk_mem_gen_v8_4_vhsyn_rfs.vhd} {/home/williams/MYFPGA/FPGA Training Data Etri_fso/sfp_int/sfp_int_0/gt_ex/sda_codec_0.gen/sources_1/ip/cross_logic_gth_load/cross_logic_gth_load_sim_netlist.v} {/home/williams/MYFPGA/FPGA Training Data Etri_fso/sfp_int/sfp_int_0/gt_ex/gt_ex_test/gt_ex_test.srcs/sources_1/new/encoder/framer.v} {/home/williams/MYFPGA/FPGA Training Data Etri_fso/sfp_int/sfp_int_0/gt_ex/gt_ex.gen/sources_1/ip/clk_wiz_0/clk_wiz_0_stub.vhdl} {/home/williams/MYFPGA/FPGA Training Data Etri_fso/sfp_int/sfp_int_0/gt_ex/gt_ex.cache/ip/2025.2/c/f/cf7307742a5e8fe1/cf7307742a5e8fe1.xci} {/home/williams/MYFPGA/FPGA Training Data Etri_fso/sfp_int/sfp_int_0/gt_ex/gt_ex_test/gt_ex_test.srcs/sources_1/new/encoder/encoder_top.v} {/home/williams/MYFPGA/FPGA Training Data Etri_fso/sfp_int/sfp_int_0/gt_ex/gt_ex.gen/sources_1/ip/clk_wiz_0/mmcm_pll_drp_func_7s_pll.vh} {/home/williams/MYFPGA/FPGA Training Data Etri_fso/sfp_int/sfp_int_0/gt_ex/gt_ex_test/gt_ex_test.srcs/sources_1/new/encoder/scrambler.v} {/home/williams/MYFPGA/FPGA Training Data Etri_fso/sfp_int/sfp_int_0/gt_ex/sda_codec_0.gen/sources_1/ip/cross_gth_logic/cross_gth_logic_stub.v} {/home/williams/MYFPGA/FPGA Training Data Etri_fso/sfp_int/sfp_int_0/gt_ex/sda_codec_0.gen/sources_1/ip/delay_combiner/synth/delay_combiner.vhd} {/home/williams/MYFPGA/FPGA Training Data Etri_fso/sfp_int/sfp_int_0/gt_ex/imports/gt_example_init.v} {/home/williams/MYFPGA/FPGA Training Data Etri_fso/sfp_int/sfp_int_0/gt_ex/gt_ex.srcs/sources_1/new/encoder/scrambler.v} {/home/williams/MYFPGA/FPGA Training Data Etri_fso/sfp_int/sfp_int_0/gt_ex/gt_ex_test/gt_ex_test.srcs/sources_1/new/encoder/combiner.v} {/home/williams/MYFPGA/FPGA Training Data Etri_fso/sfp_int/sfp_int_0/gt_ex/gt_ex_test/gt_ex_test.srcs/sources_1/new/encoder/crc_32.v} {/home/williams/MYFPGA/FPGA Training Data Etri_fso/sfp_int/sfp_int_0/gt_ex/gt_ex.cache/ip/2025.2/c/9/c933dad9a6b81285/c933dad9a6b81285.xci} {/home/williams/MYFPGA/FPGA Training Data Etri_fso/sfp_int/sfp_int_0/gt_ex/gt_ex.gen/sources_1/ip/clk_wiz_0/clk_wiz_0_stub.v} {/home/williams/MYFPGA/FPGA Training Data Etri_fso/sfp_int/sfp_int_0/gt_ex/sda_codec_0.gen/sources_1/ip/cross_gth_logic/hdl/fifo_generator_v13_2_vhsyn_rfs.vhd} {/home/williams/MYFPGA/FPGA Training Data Etri_fso/sfp_int/sfp_int_0/gt_ex/sda_codec_0.gen/sources_1/ip/cross_logic_gth_head/cross_logic_gth_head_stub.vhdl} {/home/williams/MYFPGA/FPGA Training Data Etri_fso/sfp_int/sfp_int_0/gt_ex/gt_ex_test/gt_ex_test.srcs/sources_1/new/rs_codec/syndrome_unit.v} {/home/williams/MYFPGA/FPGA Training Data Etri_fso/sfp_int/sfp_int_0/gt_ex/gt_ex.gen/sources_1/ip/gt/hdl/gtwizard_ultrascale_v1_7_gtwiz_userdata_tx.v} {/home/williams/MYFPGA/FPGA Training Data Etri_fso/sfp_int/sfp_int_0/gt_ex/gt_ex_test/gt_ex_test.srcs/sources_1/new/rs_codec/euclid_proc.v} {/home/williams/MYFPGA/FPGA Training Data Etri_fso/sfp_int/sfp_int_0/gt_ex/gt_ex.gen/sources_1/ip/clk_wiz_0/mmcm_pll_drp_func_us_plus_mmcm.vh} {/home/williams/MYFPGA/FPGA Training Data Etri_fso/sfp_int/sfp_int_0/gt_ex/sda_codec_0.gen/sources_1/ip/cross_gth_logic_load/cross_gth_logic_load_stub.v} {/home/williams/MYFPGA/FPGA Training Data Etri_fso/sfp_int/sfp_int_0/gt_ex/gt_ex.gen/sources_1/ip/gt/gt_sim_netlist.v} {/home/williams/MYFPGA/FPGA Training Data Etri_fso/sfp_int/sfp_int_0/gt_ex/gt_ex.gen/sources_1/ip/clk_wiz_0/clk_wiz_0_sim_netlist.vhdl} {/home/williams/MYFPGA/FPGA Training Data Etri_fso/sfp_int/sfp_int_0/gt_ex/sda_codec_0.gen/sources_1/ip/cross_logic_gth/cross_logic_gth_stub.v} {/home/williams/MYFPGA/FPGA Training Data Etri_fso/sfp_int/sfp_int_0/gt_ex/gt_ex.gen/sources_1/ip/gt_vio_0/hdl/ltlib_v1_0_vl_rfs.v} {/home/williams/MYFPGA/FPGA Training Data Etri_fso/sfp_int/sfp_int_0/gt_ex/gt_ex.srcs/sources_1/ip/reset_0/reset_0.xci} {/home/williams/MYFPGA/FPGA Training Data Etri_fso/sfp_int/sfp_int_0/gt_ex/gt_ex_test/gt_ex_test.srcs/sources_1/new/decoder/lpc_dec.v} {/home/williams/MYFPGA/FPGA Training Data Etri_fso/sfp_int/sfp_int_0/gt_ex/sda_codec_0.gen/sources_1/ip/cross_gth_logic_head/cross_gth_logic_head_stub.v} {/home/williams/MYFPGA/FPGA Training Data Etri_fso/sfp_int/sfp_int_0/gt_ex/gt_ex_test/gt_ex_test.srcs/sources_1/new/decoder/rx_logic_gth.v} {/home/williams/MYFPGA/FPGA Training Data Etri_fso/sfp_int/sfp_int_0/gt_ex/gt_ex.gen/sources_1/ip/gt/hdl/gtwizard_ultrascale_v1_7_gtye4_cal_freqcnt.v} {/home/williams/MYFPGA/FPGA Training Data Etri_fso/sfp_int/sfp_int_0/gt_ex/imports/gt_example_reset_sync.v} {/home/williams/MYFPGA/FPGA Training Data Etri_fso/sfp_int/sfp_int_0/gt_ex/sda_codec_0.gen/sources_1/ip/cross_logic_gth_load/hdl/fifo_generator_v13_2_vhsyn_rfs.vhd} {/home/williams/MYFPGA/FPGA Training Data Etri_fso/sfp_int/sfp_int_0/gt_ex/gt_ex.runs/cross_gth_logic_synth_1/cross_gth_logic.dcp} {/home/williams/MYFPGA/FPGA Training Data Etri_fso/sfp_int/sfp_int_0/gt_ex/gt_ex.cache/ip/2025.2/2/b/2bebd3a93db824c0/2bebd3a93db824c0.xci} {/home/williams/MYFPGA/FPGA Training Data Etri_fso/sfp_int/sfp_int_0/gt_ex/sda_codec_0.gen/sources_1/ip/cross_gth_logic_head/hdl/fifo_generator_v13_2_vhsyn_rfs.vhd} {/home/williams/MYFPGA/FPGA Training Data Etri_fso/sfp_int/sfp_int_0/gt_ex/gt_ex.gen/sources_1/ip/gt/hdl/gtwizard_ultrascale_v1_7_gthe4_cpll_cal_tx.v} {/home/williams/MYFPGA/FPGA Training Data Etri_fso/sfp_int/sfp_int_0/gt_ex/gt_ex.runs/gt_vio_0_synth_1/gt_vio_0.dcp} {/home/williams/MYFPGA/FPGA Training Data Etri_fso/sfp_int/sfp_int_0/gt_ex/gt_ex_test/gt_ex_test.srcs/sources_1/ip/reset_0/reset_0.xci} {/home/williams/MYFPGA/FPGA Training Data Etri_fso/sfp_int/sfp_int_0/gt_ex/gt_ex.srcs/sources_1/new/rs_codec/multiplier.v} {/home/williams/MYFPGA/FPGA Training Data Etri_fso/sfp_int/sfp_int_0/gt_ex/gt_ex.srcs/sources_1/new/encoder/crc_16.v} {/home/williams/MYFPGA/FPGA Training Data Etri_fso/sfp_int/sfp_int_0/gt_ex/gt_ex.gen/sources_1/ip/gt/gt.dcp} {/home/williams/MYFPGA/FPGA Training Data Etri_fso/sfp_int/sfp_int_0/gt_ex/gt_ex_test/gt_ex_test.srcs/sources_1/ip/delay_combiner/delay_combiner.xci} {/home/williams/MYFPGA/FPGA Training Data Etri_fso/sfp_int/sfp_int_0/gt_ex/gt_ex_test/gt_ex_test.srcs/sources_1/new/rs_codec/rs_encoder.v} {/home/williams/MYFPGA/FPGA Training Data Etri_fso/sfp_int/sfp_int_0/gt_ex/gt_ex.srcs/sources_1/new/decoder/lpc_dec_top.v} {/home/williams/MYFPGA/FPGA Training Data Etri_fso/sfp_int/sfp_int_0/gt_ex/imports/gt_example_gtwiz_userclk_tx.v} {/home/williams/MYFPGA/FPGA Training Data Etri_fso/sfp_int/sfp_int_0/gt_ex/gt_ex.gen/sources_1/ip/reset_0/reset_0.dcp} {/home/williams/MYFPGA/FPGA Training Data Etri_fso/sfp_int/sfp_int_0/gt_ex/gt_ex.gen/sources_1/ip/gt/gt_sim_netlist.vhdl} {/home/williams/MYFPGA/FPGA Training Data Etri_fso/sfp_int/sfp_int_0/gt_ex/gt_ex.srcs/sources_1/new/rs_codec/chien_search.v} {/home/williams/MYFPGA/FPGA Training Data Etri_fso/sfp_int/sfp_int_0/gt_ex/sda_codec_0.gen/sources_1/ip/delay_rs/delay_rs.dcp} {/home/williams/MYFPGA/FPGA Training Data Etri_fso/sfp_int/sfp_int_0/gt_ex/gt_ex.gen/sources_1/ip/gt_vio_0/hdl/verilog/xsdbs_v1_0_5_in.vh} {/home/williams/MYFPGA/FPGA Training Data Etri_fso/sfp_int/sfp_int_0/gt_ex/gt_ex.srcs/sources_1/ip/serdes_framer/serdes_framer.xci} {/home/williams/MYFPGA/FPGA Training Data Etri_fso/sfp_int/sfp_int_0/gt_ex/sda_codec_0.gen/sources_1/ip/serdes_assembler/hdl/blk_mem_gen_v8_4_vhsyn_rfs.vhd} {/home/williams/MYFPGA/FPGA Training Data Etri_fso/sfp_int/sfp_int_0/gt_ex/gt_ex.runs/reset_0_synth_1/reset_0.dcp} {/home/williams/MYFPGA/FPGA Training Data Etri_fso/sfp_int/sfp_int_0/gt_ex/sda_codec_0.gen/sources_1/ip/cross_logic_gth_load/synth/cross_logic_gth_load.vhd} {/home/williams/MYFPGA/FPGA Training Data Etri_fso/sfp_int/sfp_int_0/gt_ex/gt_ex_test/gt_ex_test.srcs/sources_1/new/decoder/assembler_top.v} {/home/williams/MYFPGA/FPGA Training Data Etri_fso/sfp_int/sfp_int_0/gt_ex/gt_ex_test/gt_ex_test.srcs/sources_1/ip/delay_rs/delay_rs.xci} {/home/williams/MYFPGA/FPGA Training Data Etri_fso/sfp_int/sfp_int_0/gt_ex/gt_ex.srcs/sources_1/ip/cross_gth_logic/cross_gth_logic.xci} {/home/williams/MYFPGA/FPGA Training Data Etri_fso/sfp_int/sfp_int_0/gt_ex/gt_ex_test/gt_ex_test.srcs/sources_1/new/rs_codec/inverter.v} {/home/williams/MYFPGA/FPGA Training Data Etri_fso/sfp_int/sfp_int_0/gt_ex/imports/gt_example_checking_8b10b.v} {/home/williams/MYFPGA/FPGA Training Data Etri_fso/sfp_int/sfp_int_0/gt_ex/gt_ex.cache/ip/2025.2/6/2/625a078b083f244b/625a078b083f244b.xci} {/home/williams/MYFPGA/FPGA Training Data Etri_fso/sfp_int/sfp_int_0/gt_ex/gt_ex_test/gt_ex_test.srcs/sources_1/ip/cross_gth_logic_load/cross_gth_logic_load.xci} {/home/williams/MYFPGA/FPGA Training Data Etri_fso/sfp_int/sfp_int_0/gt_ex/gt_ex.srcs/sources_1/new/encoder/core_tx.v} {/home/williams/MYFPGA/FPGA Training Data Etri_fso/sfp_int/sfp_int_0/gt_ex/gt_ex.srcs/sources_1/new/encoder/lpc.v} {/home/williams/MYFPGA/FPGA Training Data Etri_fso/sfp_int/sfp_int_0/gt_ex/gt_ex.srcs/sources_1/new/encoder/x_gth_logic.v} {/home/williams/MYFPGA/FPGA Training Data Etri_fso/sfp_int/sfp_int_0/gt_ex/gt_ex.cache/ip/2025.2/b/2/b2c27d66709886a0/b2c27d66709886a0.xci} {/home/williams/MYFPGA/FPGA Training Data Etri_fso/sfp_int/sfp_int_0/gt_ex/gt_ex_test/gt_ex_test.srcs/sources_1/new/decoder/lpc_dec_top.v} {/home/williams/MYFPGA/FPGA Training Data Etri_fso/sfp_int/sfp_int_0/gt_ex/gt_ex.srcs/sources_1/new/encoder/framer.v} {/home/williams/MYFPGA/FPGA Training Data Etri_fso/sfp_int/sfp_int_0/gt_ex/gt_ex_test/gt_ex_test.srcs/sources_1/new/decoder/rx_gth_logic.v} {/home/williams/MYFPGA/FPGA Training Data Etri_fso/sfp_int/sfp_int_0/gt_ex/sda_codec_0.gen/sources_1/ip/serdes_assembler/serdes_assembler.dcp} {/home/williams/MYFPGA/FPGA Training Data Etri_fso/sfp_int/sfp_int_0/gt_ex/gt_ex.srcs/sources_1/new/encoder/combiner.v} {/home/williams/MYFPGA/FPGA Training Data Etri_fso/sfp_int/sfp_int_0/gt_ex/gt_ex.gen/sources_1/ip/gt/synth/gt_gthe3_common_wrapper.v} {/home/williams/MYFPGA/FPGA Training Data Etri_fso/sfp_int/sfp_int_0/gt_ex/gt_ex.gen/sources_1/ip/gt_vio_0/hdl/vio_v3_0_syn_rfs.v} {/home/williams/MYFPGA/FPGA Training Data Etri_fso/sfp_int/sfp_int_0/gt_ex/gt_ex.gen/sources_1/ip/gt/hdl/gtwizard_ultrascale_v1_7_gtye4_cpll_cal.v} {/home/williams/MYFPGA/FPGA Training Data Etri_fso/sfp_int/sfp_int_0/gt_ex/gt_ex.gen/sources_1/ip/gt_vio_0/hdl/verilog/ltlib_v1_0_3_lib_fn.vh} {/home/williams/MYFPGA/FPGA Training Data Etri_fso/sfp_int/sfp_int_0/gt_ex/gt_ex_test/gt_ex_test.srcs/sources_1/new/decoder/assembler.v} {/home/williams/MYFPGA/FPGA Training Data Etri_fso/sfp_int/sfp_int_0/gt_ex/gt_ex.runs/synth_1/top.dcp} {/home/williams/MYFPGA/FPGA Training Data Etri_fso/sfp_int/sfp_int_0/gt_ex/sda_codec_0.gen/sources_1/ip/serdes_framer/hdl/blk_mem_gen_v8_4_vhsyn_rfs.vhd} {/home/williams/MYFPGA/FPGA Training Data Etri_fso/sfp_int/sfp_int_0/gt_ex/gt_ex_test/gt_ex_test.srcs/sources_1/new/encoder/x_logic_gth.v} {/home/williams/MYFPGA/FPGA Training Data Etri_fso/sfp_int/sfp_int_0/gt_ex/gt_ex.cache/ip/2025.2/3/3/33830fb6c70ba9a5/33830fb6c70ba9a5.xci} {/home/williams/MYFPGA/FPGA Training Data Etri_fso/sfp_int/sfp_int_0/gt_ex/gt_ex.srcs/sources_1/new/rs_codec/syndrome_unit.v} {/home/williams/MYFPGA/FPGA Training Data Etri_fso/sfp_int/sfp_int_0/gt_ex/sda_codec_0.gen/sources_1/ip/cross_gth_logic_load/cross_gth_logic_load_sim_netlist.vhdl} {/home/williams/MYFPGA/FPGA Training Data Etri_fso/sfp_int/sfp_int_0/gt_ex/gt_ex.srcs/sources_1/new/word_align.v} {/home/williams/MYFPGA/FPGA Training Data Etri_fso/sfp_int/sfp_int_0/gt_ex/gt_ex_test/gt_ex_test.srcs/sources_1/new/rs_codec/rs_decoder.v} {/home/williams/MYFPGA/FPGA Training Data Etri_fso/sfp_int/sfp_int_0/gt_ex/gt_ex.gen/sources_1/ip/gt/synth/gtwizard_ultrascale_v1_7_gthe3_channel.v} {/home/williams/MYFPGA/FPGA Training Data Etri_fso/sfp_int/sfp_int_0/gt_ex/gt_ex.runs/cross_logic_gth_head_synth_1/cross_logic_gth_head.dcp} {/home/williams/MYFPGA/FPGA Training Data Etri_fso/sfp_int/sfp_int_0/gt_ex/gt_ex_test/gt_ex_test.srcs/sources_1/ip/cross_gth_logic/cross_gth_logic.xci} {/home/williams/MYFPGA/FPGA Training Data Etri_fso/sfp_int/sfp_int_0/gt_ex/gt_ex_test/gt_ex_test.srcs/sources_1/new/rs_codec/forney_math.v} {/home/williams/MYFPGA/FPGA Training Data Etri_fso/sfp_int/sfp_int_0/gt_ex/gt_ex.gen/sources_1/ip/gt_vio_0/hdl/verilog/ltlib_v1_0_3_ver.vh} {/home/williams/MYFPGA/FPGA Training Data Etri_fso/sfp_int/sfp_int_0/gt_ex/gt_ex.srcs/sources_1/ip/cross_logic_gth_head/cross_logic_gth_head.xci} {/home/williams/MYFPGA/FPGA Training Data Etri_fso/sfp_int/sfp_int_0/gt_ex/sda_codec_0.gen/sources_1/ip/cross_logic_gth/cross_logic_gth_sim_netlist.vhdl} {/home/williams/MYFPGA/FPGA Training Data Etri_fso/sfp_int/sfp_int_0/gt_ex/gt_ex.srcs/sources_1/new/decoder/decoder_top.v} {/home/williams/MYFPGA/FPGA Training Data Etri_fso/sfp_int/sfp_int_0/gt_ex/sda_codec_0.gen/sources_1/ip/cross_logic_gth/cross_logic_gth_stub.vhdl} {/home/williams/MYFPGA/FPGA Training Data Etri_fso/sfp_int/sfp_int_0/gt_ex/imports/gt_example_gtwiz_userclk_rx.v} {/home/williams/MYFPGA/FPGA Training Data Etri_fso/sfp_int/sfp_int_0/gt_ex/sda_codec_0.gen/sources_1/ip/cross_gth_logic_head/cross_gth_logic_head_sim_netlist.v} {/home/williams/MYFPGA/FPGA Training Data Etri_fso/sfp_int/sfp_int_0/gt_ex/sda_codec_0.gen/sources_1/ip/serdes_framer/serdes_framer_sim_netlist.vhdl} {/home/williams/MYFPGA/FPGA Training Data Etri_fso/sfp_int/sfp_int_0/gt_ex/gt_ex_test/gt_ex_test.srcs/sources_1/new/encoder/lpc_top.v} {/home/williams/MYFPGA/FPGA Training Data Etri_fso/sfp_int/sfp_int_0/gt_ex/sda_codec_0.gen/sources_1/ip/cross_gth_logic_head/cross_gth_logic_head.dcp} {/home/williams/MYFPGA/FPGA Training Data Etri_fso/sfp_int/sfp_int_0/gt_ex/gt_ex.srcs/sources_1/ip/cross_logic_gth/cross_logic_gth.xci} {/home/williams/MYFPGA/FPGA Training Data Etri_fso/sfp_int/sfp_int_0/gt_ex/sda_codec_0.gen/sources_1/ip/cross_gth_logic_head/synth/cross_gth_logic_head.vhd} {/home/williams/MYFPGA/FPGA Training Data Etri_fso/sfp_int/sfp_int_0/gt_ex/gt_ex.gen/sources_1/ip/gt/hdl/gtwizard_ultrascale_v1_7_gtye4_cpll_cal_tx.v} {/home/williams/MYFPGA/FPGA Training Data Etri_fso/sfp_int/sfp_int_0/gt_ex/gt_ex.gen/sources_1/ip/gt_vio_0/hdl/xsdbs_v1_0_vl_rfs.v} {/home/williams/MYFPGA/FPGA Training Data Etri_fso/sfp_int/sfp_int_0/gt_ex/sda_codec_0.gen/sources_1/ip/serdes_assembler/serdes_assembler_sim_netlist.v} {/home/williams/MYFPGA/FPGA Training Data Etri_fso/sfp_int/sfp_int_0/gt_ex/gt_ex.cache/ip/2025.2/4/f/4f7fc561b936c981/4f7fc561b936c981.xci} {/home/williams/MYFPGA/FPGA Training Data Etri_fso/sfp_int/sfp_int_0/gt_ex/gt_ex.gen/sources_1/ip/gt/hdl/gtwizard_ultrascale_v1_7_gthe4_cal_freqcnt.v} {/home/williams/MYFPGA/FPGA Training Data Etri_fso/sfp_int/sfp_int_0/gt_ex/sda_codec_0.gen/sources_1/ip/cross_gth_logic_load/cross_gth_logic_load.dcp} {/home/williams/MYFPGA/FPGA Training Data Etri_fso/sfp_int/sfp_int_0/gt_ex/gt_ex.gen/sources_1/ip/gt/synth/gtwizard_ultrascale_v1_7_gthe3_common.v} {/home/williams/MYFPGA/FPGA Training Data Etri_fso/sfp_int/sfp_int_0/gt_ex/gt_ex_test/gt_ex_test.srcs/sources_1/new/decoder/core_rx.v} {/home/williams/MYFPGA/FPGA Training Data Etri_fso/sfp_int/sfp_int_0/gt_ex/gt_ex.gen/sources_1/ip/clk_wiz_0/mmcm_pll_drp_func_7s_mmcm.vh} {/home/williams/MYFPGA/FPGA Training Data Etri_fso/sfp_int/sfp_int_0/gt_ex/sda_codec_0.gen/sources_1/ip/serdes_assembler/serdes_assembler_stub.v} {/home/williams/MYFPGA/FPGA Training Data Etri_fso/sfp_int/sfp_int_0/gt_ex/sda_codec_0.gen/sources_1/ip/delay_combiner/delay_combiner_stub.v} {/home/williams/MYFPGA/FPGA Training Data Etri_fso/sfp_int/sfp_int_0/gt_ex/gt_ex.srcs/sources_1/new/top.v} {/home/williams/MYFPGA/FPGA Training Data Etri_fso/sfp_int/sfp_int_0/gt_ex/sda_codec_0.gen/sources_1/ip/cross_logic_gth/synth/cross_logic_gth.vhd} {/home/williams/MYFPGA/FPGA Training Data Etri_fso/sfp_int/sfp_int_0/gt_ex/gt_ex.srcs/sources_1/new/encoder/x_logic_gth.v} {/home/williams/MYFPGA/FPGA Training Data Etri_fso/sfp_int/sfp_int_0/gt_ex/gt_ex.srcs/sources_1/new/decoder/rx_logic_gth.v} {/home/williams/MYFPGA/FPGA Training Data Etri_fso/sfp_int/sfp_int_0/gt_ex/gt_ex.srcs/sources_1/new/rs_codec/inverter.v} {/home/williams/MYFPGA/FPGA Training Data Etri_fso/sfp_int/sfp_int_0/gt_ex/gt_ex.srcs/sources_1/new/error_inject.v} {/home/williams/MYFPGA/FPGA Training Data Etri_fso/sfp_int/sfp_int_0/gt_ex/gt_ex_test/gt_ex_test.srcs/sources_1/new/encoder/rs_encoder_64.v} {/home/williams/MYFPGA/FPGA Training Data Etri_fso/sfp_int/sfp_int_0/gt_ex/sda_codec_0.gen/sources_1/ip/cross_logic_gth_load/cross_logic_gth_load_stub.vhdl} {/home/williams/MYFPGA/FPGA Training Data Etri_fso/sfp_int/sfp_int_0/gt_ex/gt_ex.gen/sources_1/ip/gt_vio_0/hdl/verilog/xsdbs_v1_0_5_i2x.vh} {/home/williams/MYFPGA/FPGA Training Data Etri_fso/sfp_int/sfp_int_0/gt_ex/sda_codec_0.gen/sources_1/ip/cross_logic_gth/cross_logic_gth_sim_netlist.v} {/home/williams/MYFPGA/FPGA Training Data Etri_fso/sfp_int/sfp_int_0/gt_ex/gt_ex.gen/sources_1/ip/clk_wiz_0/clk_wiz_0_sim_netlist.v} {/home/williams/MYFPGA/FPGA Training Data Etri_fso/sfp_int/sfp_int_0/gt_ex/gt_ex.cache/ip/2025.2/a/1/a16c2eafff04cde2/a16c2eafff04cde2.xci} {/home/williams/MYFPGA/FPGA Training Data Etri_fso/sfp_int/sfp_int_0/gt_ex/gt_ex.gen/sources_1/ip/gt_vio_0/gt_vio_0_sim_netlist.v} {/home/williams/MYFPGA/FPGA Training Data Etri_fso/sfp_int/sfp_int_0/gt_ex/gt_ex.srcs/sources_1/ip/cross_logic_gth_load/cross_logic_gth_load.xci} {/home/williams/MYFPGA/FPGA Training Data Etri_fso/sfp_int/sfp_int_0/gt_ex/gt_ex_test/gt_ex_test.srcs/sources_1/new/packet_rec.v} {/home/williams/MYFPGA/FPGA Training Data Etri_fso/sfp_int/sfp_int_0/gt_ex/gt_ex.cache/ip/2025.2/c/3/c39397fb7739559d/c39397fb7739559d.xci} {/home/williams/MYFPGA/FPGA Training Data Etri_fso/sfp_int/sfp_int_0/gt_ex/gt_ex_test/gt_ex_test.srcs/sources_1/new/encoder/crc_16.v} {/home/williams/MYFPGA/FPGA Training Data Etri_fso/sfp_int/sfp_int_0/gt_ex/gt_ex.gen/sources_1/ip/gt/synth/gt_gthe3_channel_wrapper.v} {/home/williams/MYFPGA/FPGA Training Data Etri_fso/sfp_int/sfp_int_0/gt_ex/gt_ex_test/gt_ex_test.srcs/sources_1/new/decoder/rs_decoder_64.v} {/home/williams/MYFPGA/FPGA Training Data Etri_fso/sfp_int/sfp_int_0/gt_ex/gt_ex.gen/sources_1/ip/gt/hdl/gtwizard_ultrascale_v1_7_gtwiz_userclk_tx.v} {/home/williams/MYFPGA/FPGA Training Data Etri_fso/sfp_int/sfp_int_0/gt_ex/gt_ex.gen/sources_1/ip/reset_0/reset_0_stub.v} {/home/williams/MYFPGA/FPGA Training Data Etri_fso/sfp_int/sfp_int_0/gt_ex/gt_ex.gen/sources_1/ip/clk_wiz_0/mmcm_pll_drp_func_us_plus_pll.vh} {/home/williams/MYFPGA/FPGA Training Data Etri_fso/sfp_int/sfp_int_0/gt_ex/gt_ex.srcs/sources_1/new/packet_send.v} {/home/williams/MYFPGA/FPGA Training Data Etri_fso/sfp_int/sfp_int_0/gt_ex/sda_codec_0.gen/sources_1/ip/delay_combiner/delay_combiner_stub.vhdl} {/home/williams/MYFPGA/FPGA Training Data Etri_fso/sfp_int/sfp_int_0/gt_ex/gt_ex_test/gt_ex_test.srcs/sources_1/new/encoder/framer_top.v} {/home/williams/MYFPGA/FPGA Training Data Etri_fso/sfp_int/sfp_int_0/gt_ex/gt_ex.srcs/sources_1/new/decoder/lpc_dec.v} {/home/williams/MYFPGA/FPGA Training Data Etri_fso/sfp_int/sfp_int_0/gt_ex/sda_codec_0.gen/sources_1/ip/serdes_framer/serdes_framer.dcp} {/home/williams/MYFPGA/FPGA Training Data Etri_fso/sfp_int/sfp_int_0/gt_ex/sda_codec_0.gen/sources_1/ip/cross_gth_logic/hdl/blk_mem_gen_v8_4_vhsyn_rfs.vhd} {/home/williams/MYFPGA/FPGA Training Data Etri_fso/sfp_int/sfp_int_0/gt_ex/gt_ex.gen/sources_1/ip/gt_vio_0/gt_vio_0.dcp} {/home/williams/MYFPGA/FPGA Training Data Etri_fso/sfp_int/sfp_int_0/gt_ex/gt_ex_test/gt_ex_test.srcs/sources_1/ip/cross_gth_logic_head/cross_gth_logic_head.xci} {/home/williams/MYFPGA/FPGA Training Data Etri_fso/sfp_int/sfp_int_0/gt_ex/gt_ex.gen/sources_1/ip/clk_wiz_0/mmcm_pll_drp_func_us_mmcm.vh} {/home/williams/MYFPGA/FPGA Training Data Etri_fso/sfp_int/sfp_int_0/gt_ex/gt_ex.gen/sources_1/ip/gt/synth/gt_gtwizard_gthe3.v} {/home/williams/MYFPGA/FPGA Training Data Etri_fso/sfp_int/sfp_int_0/gt_ex/gt_ex.gen/sources_1/ip/gt/synth/gt.v} {/home/williams/MYFPGA/FPGA Training Data Etri_fso/sfp_int/sfp_int_0/gt_ex/sda_codec_0.gen/sources_1/ip/cross_logic_gth/hdl/blk_mem_gen_v8_4_vhsyn_rfs.vhd} {/home/williams/MYFPGA/FPGA Training Data Etri_fso/sfp_int/sfp_int_0/gt_ex/sda_codec_0.gen/sources_1/ip/cross_gth_logic/cross_gth_logic_sim_netlist.v} {/home/williams/MYFPGA/FPGA Training Data Etri_fso/sfp_int/sfp_int_0/gt_ex/gt_ex_test/gt_ex_test.srcs/sources_1/new/autorun.v} {/home/williams/MYFPGA/FPGA Training Data Etri_fso/sfp_int/sfp_int_0/gt_ex/sda_codec_0.gen/sources_1/ip/cross_logic_gth_head/hdl/fifo_generator_v13_2_vhsyn_rfs.vhd} {/home/williams/MYFPGA/FPGA Training Data Etri_fso/sfp_int/sfp_int_0/gt_ex/gt_ex.runs/impl_1/top_opt.dcp} {/home/williams/MYFPGA/FPGA Training Data Etri_fso/sfp_int/sfp_int_0/gt_ex/gt_ex.gen/sources_1/ip/gt/hdl/gtwizard_ultrascale_v1_7_gthe4_delay_powergood.v} {/home/williams/MYFPGA/FPGA Training Data Etri_fso/sfp_int/sfp_int_0/gt_ex/gt_ex.gen/sources_1/ip/clk_wiz_0/clk_wiz_0_clk_wiz.v} {/home/williams/MYFPGA/FPGA Training Data Etri_fso/sfp_int/sfp_int_0/gt_ex/gt_ex.srcs/sources_1/new/autorun.v} {/home/williams/MYFPGA/FPGA Training Data Etri_fso/sfp_int/sfp_int_0/gt_ex/gt_ex.srcs/sources_1/new/decoder/rx_gth_logic.v} {/home/williams/MYFPGA/FPGA Training Data Etri_fso/sfp_int/sfp_int_0/gt_ex/gt_ex.cache/ip/2025.2/e/7/e7caec05abe25e2c/e7caec05abe25e2c.xci} {/home/williams/MYFPGA/FPGA Training Data Etri_fso/sfp_int/sfp_int_0/gt_ex/gt_ex.srcs/sources_1/new/encoder/rs_encoder_64.v} {/home/williams/MYFPGA/FPGA Training Data Etri_fso/sfp_int/sfp_int_0/gt_ex/imports/gt_example_bit_sync.v} {/home/williams/MYFPGA/FPGA Training Data Etri_fso/sfp_int/sfp_int_0/gt_ex/sda_codec_0.gen/sources_1/ip/cross_gth_logic_load/hdl/blk_mem_gen_v8_4_vhsyn_rfs.vhd} {/home/williams/MYFPGA/FPGA Training Data Etri_fso/sfp_int/sfp_int_0/gt_ex/gt_ex.gen/sources_1/ip/gt/synth/gt_gtwizard_top.v} {/home/williams/MYFPGA/FPGA Training Data Etri_fso/sfp_int/sfp_int_0/gt_ex/sda_codec_0.gen/sources_1/ip/serdes_framer/serdes_framer_stub.vhdl} {/home/williams/MYFPGA/FPGA Training Data Etri_fso/sfp_int/sfp_int_0/gt_ex/gt_ex.cache/ip/2025.2/9/5/958e9643515af347/958e9643515af347.xci} {/home/williams/MYFPGA/FPGA Training Data Etri_fso/sfp_int/sfp_int_0/gt_ex/gt_ex.gen/sources_1/ip/clk_wiz_0/clk_wiz_0.v} {/home/williams/MYFPGA/FPGA Training Data Etri_fso/sfp_int/sfp_int_0/gt_ex/sda_codec_0.gen/sources_1/ip/cross_gth_logic_head/cross_gth_logic_head_stub.vhdl} {/home/williams/MYFPGA/FPGA Training Data Etri_fso/sfp_int/sfp_int_0/gt_ex/gt_ex.gen/sources_1/ip/reset_0/hdl/proc_sys_reset_v5_0_vh_rfs.vhd} {/home/williams/MYFPGA/FPGA Training Data Etri_fso/sfp_int/sfp_int_0/gt_ex/gt_ex.gen/sources_1/ip/gt/hdl/gtwizard_ultrascale_v1_7_gtwiz_buffbypass_tx.v} {/home/williams/MYFPGA/FPGA Training Data Etri_fso/sfp_int/sfp_int_0/gt_ex/sda_codec_0.gen/sources_1/ip/cross_gth_logic/cross_gth_logic_sim_netlist.vhdl} {/home/williams/MYFPGA/FPGA Training Data Etri_fso/sfp_int/sfp_int_0/gt_ex/sda_codec_0.gen/sources_1/ip/cross_gth_logic_load/cross_gth_logic_load_sim_netlist.v} {/home/williams/MYFPGA/FPGA Training Data Etri_fso/sfp_int/sfp_int_0/gt_ex/gt_ex_test/gt_ex_test.srcs/sources_1/new/packet_send.v} {/home/williams/MYFPGA/FPGA Training Data Etri_fso/sfp_int/sfp_int_0/gt_ex/gt_ex.srcs/sources_1/new/encoder/lpc_top.v} {/home/williams/MYFPGA/FPGA Training Data Etri_fso/sfp_int/sfp_int_0/gt_ex/sda_codec_0.gen/sources_1/ip/serdes_framer/synth/serdes_framer.vhd} {/home/williams/MYFPGA/FPGA Training Data Etri_fso/sfp_int/sfp_int_0/gt_ex/gt_ex.srcs/sources_1/new/stream_input.v} {/home/williams/MYFPGA/FPGA Training Data Etri_fso/sfp_int/sfp_int_0/gt_ex/gt_ex.runs/cross_gth_logic_head_synth_1/cross_gth_logic_head.dcp} {/home/williams/MYFPGA/FPGA Training Data Etri_fso/sfp_int/sfp_int_0/gt_ex/gt_ex.runs/cross_logic_gth_load_synth_1/cross_logic_gth_load.dcp} {/home/williams/MYFPGA/FPGA Training Data Etri_fso/sfp_int/sfp_int_0/gt_ex/gt_ex.cache/ip/2025.2/f/8/f8ee2f2745debbbf/f8ee2f2745debbbf.xci} {/home/williams/MYFPGA/FPGA Training Data Etri_fso/sfp_int/sfp_int_0/gt_ex/gt_ex.gen/sources_1/ip/gt_vio_0/gt_vio_0_sim_netlist.vhdl} {/home/williams/MYFPGA/FPGA Training Data Etri_fso/sfp_int/sfp_int_0/gt_ex/sda_codec_0.gen/sources_1/ip/serdes_assembler/serdes_assembler_stub.vhdl} {/home/williams/MYFPGA/FPGA Training Data Etri_fso/sfp_int/sfp_int_0/gt_ex/sda_codec_0.gen/sources_1/ip/delay_rs/hdl/fifo_generator_v13_2_vhsyn_rfs.vhd} {/home/williams/MYFPGA/FPGA Training Data Etri_fso/sfp_int/sfp_int_0/gt_ex/gt_ex_test/gt_ex_test.srcs/sources_1/ip/cross_logic_gth_load/cross_logic_gth_load.xci} {/home/williams/MYFPGA/FPGA Training Data Etri_fso/sfp_int/sfp_int_0/gt_ex/sda_codec_0.gen/sources_1/ip/cross_logic_gth/hdl/fifo_generator_v13_2_vhsyn_rfs.vhd} {/home/williams/MYFPGA/FPGA Training Data Etri_fso/sfp_int/sfp_int_0/gt_ex/gt_ex.gen/sources_1/ip/gt/gt_stub.vhdl} {/home/williams/MYFPGA/FPGA Training Data Etri_fso/sfp_int/sfp_int_0/gt_ex/gt_ex_test/gt_ex_test.srcs/sources_1/new/error_inject.v} {/home/williams/MYFPGA/FPGA Training Data Etri_fso/sfp_int/sfp_int_0/gt_ex/gt_ex.runs/impl_1/top_placed.dcp} {/home/williams/MYFPGA/FPGA Training Data Etri_fso/sfp_int/sfp_int_0/gt_ex/sda_codec_0.gen/sources_1/ip/delay_combiner/delay_combiner.dcp} {/home/williams/MYFPGA/FPGA Training Data Etri_fso/sfp_int/sfp_int_0/gt_ex/gt_ex.gen/sources_1/ip/gt/hdl/gtwizard_ultrascale_v1_7_gthe3_cal_freqcnt.v} {/home/williams/MYFPGA/FPGA Training Data Etri_fso/sfp_int/sfp_int_0/gt_ex/gt_ex.runs/serdes_assembler_synth_1/serdes_assembler.dcp} {/home/williams/MYFPGA/FPGA Training Data Etri_fso/sfp_int/sfp_int_0/gt_ex/sda_codec_0.gen/sources_1/ip/cross_gth_logic_head/cross_gth_logic_head_sim_netlist.vhdl} {/home/williams/MYFPGA/FPGA Training Data Etri_fso/sfp_int/sfp_int_0/gt_ex/gt_ex.runs/impl_1/top.dcp} {/home/williams/MYFPGA/FPGA Training Data Etri_fso/sfp_int/sfp_int_0/gt_ex/gt_ex_test/gt_ex_test.srcs/sources_1/ip/cross_logic_gth/cross_logic_gth.xci} {/home/williams/MYFPGA/FPGA Training Data Etri_fso/sfp_int/sfp_int_0/gt_ex/gt_ex.gen/sources_1/ip/gt/hdl/gtwizard_ultrascale_v1_7_gte4_drp_arb.v} {/home/williams/MYFPGA/FPGA Training Data Etri_fso/sfp_int/sfp_int_0/gt_ex/gt_ex.gen/sources_1/ip/reset_0/reset_0_stub.vhdl} {/home/williams/MYFPGA/FPGA Training Data Etri_fso/sfp_int/sfp_int_0/gt_ex/gt_ex.gen/sources_1/ip/reset_0/reset_0_sim_netlist.vhdl} {/home/williams/MYFPGA/FPGA Training Data Etri_fso/sfp_int/sfp_int_0/gt_ex/gt_ex_test/gt_ex_test.srcs/sources_1/ip/serdes_framer/serdes_framer.xci} {/home/williams/MYFPGA/FPGA Training Data Etri_fso/sfp_int/sfp_int_0/gt_ex/sda_codec_0.gen/sources_1/ip/delay_rs/delay_rs_sim_netlist.vhdl} {/home/williams/MYFPGA/FPGA Training Data Etri_fso/sfp_int/sfp_int_0/gt_ex/imports/gt_example_wrapper.v} {/home/williams/MYFPGA/FPGA Training Data Etri_fso/sfp_int/sfp_int_0/gt_ex/sda_codec_0.gen/sources_1/ip/cross_gth_logic/cross_gth_logic.dcp} {/home/williams/MYFPGA/FPGA Training Data Etri_fso/sfp_int/sfp_int_0/gt_ex/gt_ex.gen/sources_1/ip/gt/gt_stub.v} {/home/williams/MYFPGA/FPGA Training Data Etri_fso/sfp_int/sfp_int_0/gt_ex/sda_codec_0.gen/sources_1/ip/serdes_framer/serdes_framer_stub.v} {/home/williams/MYFPGA/FPGA Training Data Etri_fso/sfp_int/sfp_int_0/gt_ex/gt_ex_test/gt_ex_test.srcs/sources_1/new/decoder/decoder_top.v} {/home/williams/MYFPGA/FPGA Training Data Etri_fso/sfp_int/sfp_int_0/gt_ex/gt_ex_test/gt_ex_test.srcs/sources_1/ip/gt_vio_0/gt_vio_0.xci} {/home/williams/MYFPGA/FPGA Training Data Etri_fso/sfp_int/sfp_int_0/gt_ex/gt_ex.gen/sources_1/ip/clk_wiz_0/mmcm_pll_drp_func_us_pll.vh} {/home/williams/MYFPGA/FPGA Training Data Etri_fso/sfp_int/sfp_int_0/gt_ex/sda_codec_0.gen/sources_1/ip/delay_rs/delay_rs_stub.vhdl} {/home/williams/MYFPGA/FPGA Training Data Etri_fso/sfp_int/sfp_int_0/gt_ex/gt_ex.srcs/sources_1/ip/clk_wiz_0/clk_wiz_0.xci} {/home/williams/MYFPGA/FPGA Training Data Etri_fso/sfp_int/sfp_int_0/gt_ex/gt_ex.srcs/sources_1/new/encoder/framer_top.v} {/home/williams/MYFPGA/FPGA Training Data Etri_fso/sfp_int/sfp_int_0/gt_ex/imports/gt_example_top_sim.v} {/home/williams/MYFPGA/FPGA Training Data Etri_fso/sfp_int/sfp_int_0/gt_ex/gt_ex.srcs/sources_1/ip/delay_combiner/delay_combiner.xci} {/home/williams/MYFPGA/FPGA Training Data Etri_fso/sfp_int/sfp_int_0/gt_ex/gt_ex.gen/sources_1/ip/gt/hdl/gtwizard_ultrascale_v1_7_gthe4_cpll_cal_rx.v} {/home/williams/MYFPGA/FPGA Training Data Etri_fso/sfp_int/sfp_int_0/gt_ex/gt_ex.cache/ip/2025.2/9/b/9b9f3cd600ab249e/9b9f3cd600ab249e.xci} {/home/williams/MYFPGA/FPGA Training Data Etri_fso/sfp_int/sfp_int_0/gt_ex/gt_ex_test/gt_ex_test.srcs/sources_1/new/word_align.v} {/home/williams/MYFPGA/FPGA Training Data Etri_fso/sfp_int/sfp_int_0/gt_ex/gt_ex.gen/sources_1/ip/gt/hdl/gtwizard_ultrascale_v1_7_gtye4_delay_powergood.v} {/home/williams/MYFPGA/FPGA Training Data Etri_fso/sfp_int/sfp_int_0/gt_ex/sda_codec_0.gen/sources_1/ip/cross_logic_gth_head/cross_logic_gth_head.dcp} {/home/williams/MYFPGA/FPGA Training Data Etri_fso/sfp_int/sfp_int_0/gt_ex/gt_ex_test/gt_ex_test.srcs/sources_1/ip/serdes_assembler/serdes_assembler.xci} {/home/williams/MYFPGA/FPGA Training Data Etri_fso/sfp_int/sfp_int_0/gt_ex/gt_ex.srcs/sources_1/ip/cross_gth_logic_head/cross_gth_logic_head.xci} {/home/williams/MYFPGA/FPGA Training Data Etri_fso/sfp_int/sfp_int_0/gt_ex/gt_ex.runs/cross_logic_gth_synth_1/cross_logic_gth.dcp} {/home/williams/MYFPGA/FPGA Training Data Etri_fso/sfp_int/sfp_int_0/gt_ex/gt_ex.runs/impl_1/top_routed.dcp} {/home/williams/MYFPGA/FPGA Training Data Etri_fso/sfp_int/sfp_int_0/gt_ex/gt_ex.gen/sources_1/ip/gt/hdl/gtwizard_ultrascale_v1_7_reset_sync.v} {/home/williams/MYFPGA/FPGA Training Data Etri_fso/sfp_int/sfp_int_0/gt_ex/gt_ex.cache/ip/2025.2/2/0/20cbc1d7bda8d315/20cbc1d7bda8d315.xci} {/home/williams/MYFPGA/FPGA Training Data Etri_fso/sfp_int/sfp_int_0/gt_ex/gt_ex.runs/impl_1/top_physopt.dcp} {/home/williams/MYFPGA/FPGA Training Data Etri_fso/sfp_int/sfp_int_0/gt_ex/sda_codec_0.gen/sources_1/ip/cross_gth_logic/synth/cross_gth_logic.vhd} {/home/williams/MYFPGA/FPGA Training Data Etri_fso/sfp_int/sfp_int_0/gt_ex/sda_codec_0.gen/sources_1/ip/serdes_assembler/synth/serdes_assembler.vhd} {/home/williams/MYFPGA/FPGA Training Data Etri_fso/sfp_int/sfp_int_0/gt_ex/sda_codec_0.gen/sources_1/ip/cross_logic_gth_head/hdl/blk_mem_gen_v8_4_vhsyn_rfs.vhd} {/home/williams/MYFPGA/FPGA Training Data Etri_fso/sfp_int/sfp_int_0/gt_ex/sda_codec_0.gen/sources_1/ip/cross_logic_gth/cross_logic_gth.dcp} {/home/williams/MYFPGA/FPGA Training Data Etri_fso/sfp_int/sfp_int_0/gt_ex/imports/gt_prbs_any.v} {/home/williams/MYFPGA/FPGA Training Data Etri_fso/sfp_int/sfp_int_0/gt_ex/gt_ex.gen/sources_1/ip/gt/hdl/gtwizard_ultrascale_v1_7_gtwiz_userdata_rx.v} {/home/williams/MYFPGA/FPGA Training Data Etri_fso/sfp_int/sfp_int_0/gt_ex/sda_codec_0.gen/sources_1/ip/cross_gth_logic_load/cross_gth_logic_load_stub.vhdl} {/home/williams/MYFPGA/FPGA Training Data Etri_fso/sfp_int/sfp_int_0/gt_ex/gt_ex.gen/sources_1/ip/gt/hdl/gtwizard_ultrascale_v1_7_gtwiz_userclk_rx.v} {/home/williams/MYFPGA/FPGA Training Data Etri_fso/sfp_int/sfp_int_0/gt_ex/gt_ex.srcs/sources_1/new/decoder/assembler.v} {/home/williams/MYFPGA/FPGA Training Data Etri_fso/sfp_int/sfp_int_0/gt_ex/sda_codec_0.gen/sources_1/ip/cross_logic_gth_load/hdl/blk_mem_gen_v8_4_vhsyn_rfs.vhd} {/home/williams/MYFPGA/FPGA Training Data Etri_fso/sfp_int/sfp_int_0/gt_ex/gt_ex.gen/sources_1/ip/reset_0/synth/reset_0.vhd} {/home/williams/MYFPGA/FPGA Training Data Etri_fso/sfp_int/sfp_int_0/gt_ex/sda_codec_0.gen/sources_1/ip/cross_logic_gth_head/cross_logic_gth_head_sim_netlist.v} {/home/williams/MYFPGA/FPGA Training Data Etri_fso/sfp_int/sfp_int_0/gt_ex/gt_ex.gen/sources_1/ip/gt/hdl/gtwizard_ultrascale_v1_7_bit_sync.v} {/home/williams/MYFPGA/FPGA Training Data Etri_fso/sfp_int/sfp_int_0/gt_ex/gt_ex.srcs/sources_1/new/rs_codec/rs_encoder.v} {/home/williams/MYFPGA/FPGA Training Data Etri_fso/sfp_int/sfp_int_0/gt_ex/gt_ex.gen/sources_1/ip/gt_vio_0/gt_vio_0_stub.v} {/home/williams/MYFPGA/FPGA Training Data Etri_fso/sfp_int/sfp_int_0/gt_ex/gt_ex.srcs/sources_1/new/decoder/rs_decoder_64.v} {/home/williams/MYFPGA/FPGA Training Data Etri_fso/sfp_int/sfp_int_0/gt_ex/gt_ex.gen/sources_1/ip/gt/hdl/gtwizard_ultrascale_v1_7_gthe3_cpll_cal.v} {/home/williams/MYFPGA/FPGA Training Data Etri_fso/sfp_int/sfp_int_0/gt_ex/gt_ex.srcs/sources_1/ip/serdes_assembler/serdes_assembler.xci} {/home/williams/MYFPGA/FPGA Training Data Etri_fso/sfp_int/sfp_int_0/gt_ex/sda_codec_0.gen/sources_1/ip/delay_combiner/hdl/blk_mem_gen_v8_4_vhsyn_rfs.vhd} {/home/williams/MYFPGA/FPGA Training Data Etri_fso/sfp_int/sfp_int_0/gt_ex/gt_ex_test/gt_ex_test.srcs/sources_1/new/decoder/separator.v} {/home/williams/MYFPGA/FPGA Training Data Etri_fso/sfp_int/sfp_int_0/gt_ex/gt_ex_test/gt_ex_test.srcs/sources_1/new/rs_codec/chien_search.v} {/home/williams/MYFPGA/FPGA Training Data Etri_fso/sfp_int/sfp_int_0/gt_ex/gt_ex.srcs/sources_1/ip/delay_rs/delay_rs.xci} {/home/williams/MYFPGA/FPGA Training Data Etri_fso/sfp_int/sfp_int_0/gt_ex/sda_codec_0.gen/sources_1/ip/serdes_assembler/serdes_assembler_sim_netlist.vhdl} {/home/williams/MYFPGA/FPGA Training Data Etri_fso/sfp_int/sfp_int_0/gt_ex/gt_ex.gen/sources_1/ip/gt/hdl/gtwizard_ultrascale_v1_7_reset_inv_sync.v} {/home/williams/MYFPGA/FPGA Training Data Etri_fso/sfp_int/sfp_int_0/gt_ex/sda_codec_0.gen/sources_1/ip/cross_logic_gth_head/cross_logic_gth_head_sim_netlist.vhdl} {/home/williams/MYFPGA/FPGA Training Data Etri_fso/sfp_int/sfp_int_0/gt_ex/gt_ex.cache/ip/2025.2/6/c/6cbf73aa89917879/6cbf73aa89917879.xci} {/home/williams/MYFPGA/FPGA Training Data Etri_fso/sfp_int/sfp_int_0/gt_ex/sda_codec_0.gen/sources_1/ip/cross_gth_logic_load/synth/cross_gth_logic_load.vhd} {/home/williams/MYFPGA/FPGA Training Data Etri_fso/sfp_int/sfp_int_0/gt_ex/gt_ex.gen/sources_1/ip/gt/hdl/gtwizard_ultrascale_v1_7_gthe4_cpll_cal.v} {/home/williams/MYFPGA/FPGA Training Data Etri_fso/sfp_int/sfp_int_0/gt_ex/sda_codec_0.gen/sources_1/ip/delay_rs/delay_rs_sim_netlist.v} {/home/williams/MYFPGA/FPGA Training Data Etri_fso/sfp_int/sfp_int_0/gt_ex/gt_ex.srcs/sources_1/new/rs_codec/forney_math.v} {/home/williams/MYFPGA/FPGA Training Data Etri_fso/sfp_int/sfp_int_0/gt_ex/sda_codec_0.gen/sources_1/ip/serdes_framer/serdes_framer_sim_netlist.v} {/home/williams/MYFPGA/FPGA Training Data Etri_fso/sfp_int/sfp_int_0/gt_ex/gt_ex.gen/sources_1/ip/gt_vio_0/gt_vio_0_stub.vhdl} {/home/williams/MYFPGA/FPGA Training Data Etri_fso/sfp_int/sfp_int_0/gt_ex/gt_ex_test/gt_ex_test.srcs/sources_1/ip/gt/gt.xci} {/home/williams/MYFPGA/FPGA Training Data Etri_fso/sfp_int/sfp_int_0/gt_ex/imports/gt_example_top.v} {/home/williams/MYFPGA/FPGA Training Data Etri_fso/sfp_int/sfp_int_0/gt_ex/gt_ex_test/gt_ex_test.srcs/sources_1/new/stream_input.v} {/home/williams/MYFPGA/FPGA Training Data Etri_fso/sfp_int/sfp_int_0/gt_ex/sda_codec_0.gen/sources_1/ip/delay_combiner/delay_combiner_sim_netlist.vhdl} {/home/williams/MYFPGA/FPGA Training Data Etri_fso/sfp_int/sfp_int_0/gt_ex/imports/gt_example_stimulus_8b10b.v} {/home/williams/MYFPGA/FPGA Training Data Etri_fso/sfp_int/sfp_int_0/gt_ex/sda_codec_0.gen/sources_1/ip/cross_gth_logic_load/hdl/fifo_generator_v13_2_vhsyn_rfs.vhd} {/home/williams/MYFPGA/FPGA Training Data Etri_fso/sfp_int/sfp_int_0/gt_ex/sda_codec_0.gen/sources_1/ip/delay_combiner/hdl/fifo_generator_v13_2_vhsyn_rfs.vhd} {/home/williams/MYFPGA/FPGA Training Data Etri_fso/sfp_int/sfp_int_0/gt_ex/gt_ex.cache/ip/2025.2/4/a/4ae1b6ba2265d9d0/4ae1b6ba2265d9d0.xci} {/home/williams/MYFPGA/FPGA Training Data Etri_fso/sfp_int/sfp_int_0/gt_ex/sda_codec_0.gen/sources_1/ip/cross_logic_gth_head/synth/cross_logic_gth_head.vhd} {/home/williams/MYFPGA/FPGA Training Data Etri_fso/sfp_int/sfp_int_0/gt_ex/gt_ex.srcs/sources_1/new/rs_codec/rs_decoder.v} {/home/williams/MYFPGA/FPGA Training Data Etri_fso/sfp_int/sfp_int_0/gt_ex/gt_ex.srcs/sources_1/ip/gt_vio_0/gt_vio_0.xci} {/home/williams/MYFPGA/FPGA Training Data Etri_fso/sfp_int/sfp_int_0/gt_ex/sda_codec_0.gen/sources_1/ip/delay_rs/delay_rs_stub.v} {/home/williams/MYFPGA/FPGA Training Data Etri_fso/sfp_int/sfp_int_0/gt_ex/gt_ex.runs/clk_wiz_0_synth_1/clk_wiz_0.dcp} {/home/williams/MYFPGA/FPGA Training Data Etri_fso/sfp_int/sfp_int_0/gt_ex/gt_ex.gen/sources_1/ip/gt/hdl/gtwizard_ultrascale_v1_7_gtwiz_buffbypass_rx.v} {/home/williams/MYFPGA/FPGA Training Data Etri_fso/sfp_int/sfp_int_0/gt_ex/sda_codec_0.gen/sources_1/ip/cross_logic_gth_load/cross_logic_gth_load.dcp} {/home/williams/MYFPGA/FPGA Training Data Etri_fso/sfp_int/sfp_int_0/gt_ex/gt_ex.runs/serdes_framer_synth_1/serdes_framer.dcp} {/home/williams/MYFPGA/FPGA Training Data Etri_fso/sfp_int/sfp_int_0/gt_ex/sda_codec_0.gen/sources_1/ip/delay_rs/hdl/blk_mem_gen_v8_4_vhsyn_rfs.vhd} {/home/williams/MYFPGA/FPGA Training Data Etri_fso/sfp_int/sfp_int_0/gt_ex/gt_ex.gen/sources_1/ip/gt/hdl/gtwizard_ultrascale_v1_7_gtye4_cpll_cal_rx.v} {/home/williams/MYFPGA/FPGA Training Data Etri_fso/sfp_int/sfp_int_0/gt_ex/gt_ex.srcs/sources_1/new/decoder/assembler_top.v} {/home/williams/MYFPGA/FPGA Training Data Etri_fso/sfp_int/sfp_int_0/gt_ex/gt_ex.runs/delay_rs_synth_1/delay_rs.dcp} {/home/williams/MYFPGA/FPGA Training Data Etri_fso/sfp_int/sfp_int_0/gt_ex/sda_codec_0.gen/sources_1/ip/cross_logic_gth_load/cross_logic_gth_load_sim_netlist.vhdl} {/home/williams/MYFPGA/FPGA Training Data Etri_fso/sfp_int/sfp_int_0/gt_ex/gt_ex.gen/sources_1/ip/gt_vio_0/hdl/vio_v3_0_27_vio_include.v} {/home/williams/MYFPGA/FPGA Training Data Etri_fso/sfp_int/sfp_int_0/gt_ex/gt_ex.srcs/sources_1/new/decoder/separator.v} {/home/williams/MYFPGA/FPGA Training Data Etri_fso/sfp_int/sfp_int_0/gt_ex/sda_codec_0.gen/sources_1/ip/serdes_assembler/hdl/fifo_generator_v13_2_vhsyn_rfs.vhd} {/home/williams/MYFPGA/FPGA Training Data Etri_fso/sfp_int/sfp_int_0/gt_ex/gt_ex.cache/ip/2025.2/a/e/aef436e6938d4b19/aef436e6938d4b19.xci} {/home/williams/MYFPGA/FPGA Training Data Etri_fso/sfp_int/sfp_int_0/gt_ex/gt_ex_test/gt_ex_test.srcs/sources_1/new/rs_codec/multiplier.v} {/home/williams/MYFPGA/FPGA Training Data Etri_fso/sfp_int/sfp_int_0/gt_ex/gt_ex.cache/ip/2025.2/e/4/e46543a1f4cb4a37/e46543a1f4cb4a37.xci} {/home/williams/MYFPGA/FPGA Training Data Etri_fso/sfp_int/sfp_int_0/gt_ex/gt_ex.srcs/sources_1/ip/cross_gth_logic_load/cross_gth_logic_load.xci} {/home/williams/MYFPGA/FPGA Training Data Etri_fso/sfp_int/sfp_int_0/gt_ex/gt_ex_test/gt_ex_test.srcs/sources_1/new/top.v} {/home/williams/MYFPGA/FPGA Training Data Etri_fso/sfp_int/sfp_int_0/gt_ex/gt_ex.gen/sources_1/ip/reset_0/reset_0_sim_netlist.v} {/home/williams/MYFPGA/FPGA Training Data Etri_fso/sfp_int/sfp_int_0/gt_ex/imports/gt_example_wrapper_functions.v} {/home/williams/MYFPGA/FPGA Training Data Etri_fso/sfp_int/sfp_int_0/gt_ex/gt_ex.runs/delay_combiner_synth_1/delay_combiner.dcp} {/home/williams/MYFPGA/FPGA Training Data Etri_fso/sfp_int/sfp_int_0/gt_ex/sda_codec_0.gen/sources_1/ip/delay_combiner/delay_combiner_sim_netlist.v} {/home/williams/MYFPGA/FPGA Training Data Etri_fso/sfp_int/sfp_int_0/gt_ex/gt_ex.gen/sources_1/ip/gt_vio_0/synth/gt_vio_0.v} {/home/williams/MYFPGA/FPGA Training Data Etri_fso/sfp_int/sfp_int_0/gt_ex/gt_ex.gen/sources_1/ip/clk_wiz_0/clk_wiz_0.dcp} {/home/williams/MYFPGA/FPGA Training Data Etri_fso/sfp_int/sfp_int_0/gt_ex/sda_codec_0.gen/sources_1/ip/cross_gth_logic/cross_gth_logic_stub.vhdl} {/home/williams/MYFPGA/FPGA Training Data Etri_fso/sfp_int/sfp_int_0/gt_ex/gt_ex_test/gt_ex_test.srcs/sources_1/new/encoder/core_tx.v} {/home/williams/MYFPGA/FPGA Training Data Etri_fso/sfp_int/sfp_int_0/gt_ex/gt_ex_test/gt_ex_test.srcs/sources_1/ip/clk_wiz_0/clk_wiz_0.xci} {/home/williams/MYFPGA/FPGA Training Data Etri_fso/sfp_int/sfp_int_0/gt_ex/gt_ex_test/gt_ex_test.srcs/sources_1/new/encoder/lpc.v} {/home/williams/MYFPGA/FPGA Training Data Etri_fso/sfp_int/sfp_int_0/gt_ex/gt_ex.gen/sources_1/ip/gt/hdl/gtwizard_ultrascale_v1_7_gtwiz_reset.v} {/home/williams/MYFPGA/FPGA Training Data Etri_fso/sfp_int/sfp_int_0/gt_ex/sda_codec_0.gen/sources_1/ip/cross_logic_gth_load/cross_logic_gth_load_stub.v} {/home/williams/MYFPGA/FPGA Training Data Etri_fso/sfp_int/sfp_int_0/gt_ex/gt_ex.srcs/sources_1/new/encoder/encoder_top.v} {/home/williams/MYFPGA/FPGA Training Data Etri_fso/sfp_int/sfp_int_0/gt_ex/gt_ex.srcs/sources_1/new/decoder/core_rx.v} {/home/williams/MYFPGA/FPGA Training Data Etri_fso/sfp_int/sfp_int_0/gt_ex/gt_ex_test/gt_ex_test.srcs/sources_1/ip/cross_logic_gth_head/cross_logic_gth_head.xci} {/home/williams/MYFPGA/FPGA Training Data Etri_fso/sfp_int/sfp_int_0/gt_ex/sda_codec_0.gen/sources_1/ip/serdes_framer/hdl/fifo_generator_v13_2_vhsyn_rfs.vhd} {/home/williams/MYFPGA/FPGA Training Data Etri_fso/sfp_int/sfp_int_0/gt_ex/sda_codec_0.gen/sources_1/ip/delay_rs/synth/delay_rs.vhd}}
ERROR: [Runs 36-378] The checkpoint '/home/williams/MYFPGA/FPGA Training Data Etri_fso/sfp_int/sfp_int_0/gt_ex/gt_ex.runs/gt_synth_1/gt.dcp' was created with 'Vivado v2025.2 (64-bit)', and cannot be opened in this version.
add_files {{/home/williams/MYFPGA/FPGA Training Data Etri_fso/sfp_int/sfp_int_0/gt_ex/gt_ex_test/gt_ex_test.srcs/sources_1/ip/cross_gth_logic/cross_gth_logic.xci} {/home/williams/MYFPGA/FPGA Training Data Etri_fso/sfp_int/sfp_int_0/gt_ex/gt_ex_test/gt_ex_test.srcs/sources_1/new/rs_codec/forney_math.v} {/home/williams/MYFPGA/FPGA Training Data Etri_fso/sfp_int/sfp_int_0/gt_ex/gt_ex_test/gt_ex_test.srcs/sources_1/new/encoder/x_gth_logic.v} {/home/williams/MYFPGA/FPGA Training Data Etri_fso/sfp_int/sfp_int_0/gt_ex/gt_ex_test/gt_ex_test.srcs/sources_1/ip/serdes_assembler/serdes_assembler.xci} {/home/williams/MYFPGA/FPGA Training Data Etri_fso/sfp_int/sfp_int_0/gt_ex/gt_ex_test/gt_ex_test.srcs/sources_1/new/encoder/framer.v} {/home/williams/MYFPGA/FPGA Training Data Etri_fso/sfp_int/sfp_int_0/gt_ex/gt_ex_test/gt_ex_test.srcs/sources_1/new/encoder/lpc_top.v} {/home/williams/MYFPGA/FPGA Training Data Etri_fso/sfp_int/sfp_int_0/gt_ex/gt_ex_test/gt_ex_test.srcs/sources_1/new/encoder/encoder_top.v} {/home/williams/MYFPGA/FPGA Training Data Etri_fso/sfp_int/sfp_int_0/gt_ex/gt_ex_test/gt_ex_test.srcs/sources_1/new/encoder/scrambler.v} {/home/williams/MYFPGA/FPGA Training Data Etri_fso/sfp_int/sfp_int_0/gt_ex/gt_ex_test/gt_ex_test.srcs/sources_1/new/packet_send.v} {/home/williams/MYFPGA/FPGA Training Data Etri_fso/sfp_int/sfp_int_0/gt_ex/gt_ex_test/gt_ex_test.srcs/sources_1/new/encoder/combiner.v} {/home/williams/MYFPGA/FPGA Training Data Etri_fso/sfp_int/sfp_int_0/gt_ex/gt_ex_test/gt_ex_test.srcs/sources_1/new/encoder/crc_32.v} {/home/williams/MYFPGA/FPGA Training Data Etri_fso/sfp_int/sfp_int_0/gt_ex/gt_ex_test/gt_ex_test.srcs/sources_1/new/rs_codec/syndrome_unit.v} {/home/williams/MYFPGA/FPGA Training Data Etri_fso/sfp_int/sfp_int_0/gt_ex/gt_ex_test/gt_ex_test.srcs/sources_1/new/rs_codec/euclid_proc.v} {/home/williams/MYFPGA/FPGA Training Data Etri_fso/sfp_int/sfp_int_0/gt_ex/gt_ex_test/gt_ex_test.srcs/sources_1/new/decoder/core_rx.v} {/home/williams/MYFPGA/FPGA Training Data Etri_fso/sfp_int/sfp_int_0/gt_ex/gt_ex_test/gt_ex_test.srcs/sources_1/new/decoder/separator.v} {/home/williams/MYFPGA/FPGA Training Data Etri_fso/sfp_int/sfp_int_0/gt_ex/gt_ex_test/gt_ex_test.srcs/sources_1/new/rs_codec/chien_search.v} {/home/williams/MYFPGA/FPGA Training Data Etri_fso/sfp_int/sfp_int_0/gt_ex/gt_ex_test/gt_ex_test.srcs/sources_1/ip/cross_logic_gth_load/cross_logic_gth_load.xci} {/home/williams/MYFPGA/FPGA Training Data Etri_fso/sfp_int/sfp_int_0/gt_ex/gt_ex_test/gt_ex_test.srcs/sources_1/new/decoder/lpc_dec.v} {/home/williams/MYFPGA/FPGA Training Data Etri_fso/sfp_int/sfp_int_0/gt_ex/gt_ex_test/gt_ex_test.srcs/sources_1/new/decoder/rx_logic_gth.v} {/home/williams/MYFPGA/FPGA Training Data Etri_fso/sfp_int/sfp_int_0/gt_ex/gt_ex_test/gt_ex_test.srcs/sources_1/new/error_inject.v} {/home/williams/MYFPGA/FPGA Training Data Etri_fso/sfp_int/sfp_int_0/gt_ex/gt_ex_test/gt_ex_test.srcs/sources_1/new/encoder/rs_encoder_64.v} {/home/williams/MYFPGA/FPGA Training Data Etri_fso/sfp_int/sfp_int_0/gt_ex/gt_ex_test/gt_ex_test.srcs/sources_1/ip/reset_0/reset_0.xci} {/home/williams/MYFPGA/FPGA Training Data Etri_fso/sfp_int/sfp_int_0/gt_ex/gt_ex_test/gt_ex_test.srcs/sources_1/ip/delay_combiner/delay_combiner.xci} {/home/williams/MYFPGA/FPGA Training Data Etri_fso/sfp_int/sfp_int_0/gt_ex/gt_ex_test/gt_ex_test.srcs/sources_1/new/rs_codec/rs_encoder.v} {/home/williams/MYFPGA/FPGA Training Data Etri_fso/sfp_int/sfp_int_0/gt_ex/gt_ex_test/gt_ex_test.srcs/sources_1/ip/gt/gt.xci} {/home/williams/MYFPGA/FPGA Training Data Etri_fso/sfp_int/sfp_int_0/gt_ex/gt_ex_test/gt_ex_test.srcs/sources_1/ip/cross_logic_gth/cross_logic_gth.xci} {/home/williams/MYFPGA/FPGA Training Data Etri_fso/sfp_int/sfp_int_0/gt_ex/gt_ex_test/gt_ex_test.srcs/sources_1/new/stream_input.v} {/home/williams/MYFPGA/FPGA Training Data Etri_fso/sfp_int/sfp_int_0/gt_ex/gt_ex_test/gt_ex_test.srcs/sources_1/new/packet_rec.v} {/home/williams/MYFPGA/FPGA Training Data Etri_fso/sfp_int/sfp_int_0/gt_ex/gt_ex_test/gt_ex_test.srcs/sources_1/new/decoder/assembler_top.v} {/home/williams/MYFPGA/FPGA Training Data Etri_fso/sfp_int/sfp_int_0/gt_ex/gt_ex_test/gt_ex_test.srcs/sources_1/ip/delay_rs/delay_rs.xci} {/home/williams/MYFPGA/FPGA Training Data Etri_fso/sfp_int/sfp_int_0/gt_ex/gt_ex_test/gt_ex_test.srcs/sources_1/new/encoder/crc_16.v} {/home/williams/MYFPGA/FPGA Training Data Etri_fso/sfp_int/sfp_int_0/gt_ex/gt_ex_test/gt_ex_test.srcs/sources_1/new/rs_codec/inverter.v} {/home/williams/MYFPGA/FPGA Training Data Etri_fso/sfp_int/sfp_int_0/gt_ex/gt_ex_test/gt_ex_test.srcs/sources_1/new/decoder/rs_decoder_64.v} {/home/williams/MYFPGA/FPGA Training Data Etri_fso/sfp_int/sfp_int_0/gt_ex/gt_ex_test/gt_ex_test.srcs/sources_1/ip/serdes_framer/serdes_framer.xci} {/home/williams/MYFPGA/FPGA Training Data Etri_fso/sfp_int/sfp_int_0/gt_ex/gt_ex_test/gt_ex_test.srcs/sources_1/ip/cross_gth_logic_load/cross_gth_logic_load.xci} {/home/williams/MYFPGA/FPGA Training Data Etri_fso/sfp_int/sfp_int_0/gt_ex/gt_ex_test/gt_ex_test.srcs/sources_1/new/decoder/decoder_top.v} {/home/williams/MYFPGA/FPGA Training Data Etri_fso/sfp_int/sfp_int_0/gt_ex/gt_ex_test/gt_ex_test.srcs/sources_1/ip/gt_vio_0/gt_vio_0.xci} {/home/williams/MYFPGA/FPGA Training Data Etri_fso/sfp_int/sfp_int_0/gt_ex/gt_ex_test/gt_ex_test.srcs/sources_1/new/decoder/lpc_dec_top.v} {/home/williams/MYFPGA/FPGA Training Data Etri_fso/sfp_int/sfp_int_0/gt_ex/gt_ex_test/gt_ex_test.srcs/sources_1/new/rs_codec/multiplier.v} {/home/williams/MYFPGA/FPGA Training Data Etri_fso/sfp_int/sfp_int_0/gt_ex/gt_ex_test/gt_ex_test.srcs/sources_1/new/decoder/rx_gth_logic.v} {/home/williams/MYFPGA/FPGA Training Data Etri_fso/sfp_int/sfp_int_0/gt_ex/gt_ex_test/gt_ex_test.srcs/sources_1/new/top.v} {/home/williams/MYFPGA/FPGA Training Data Etri_fso/sfp_int/sfp_int_0/gt_ex/gt_ex_test/gt_ex_test.srcs/sources_1/new/encoder/framer_top.v} {/home/williams/MYFPGA/FPGA Training Data Etri_fso/sfp_int/sfp_int_0/gt_ex/gt_ex_test/gt_ex_test.srcs/sources_1/new/encoder/core_tx.v} {/home/williams/MYFPGA/FPGA Training Data Etri_fso/sfp_int/sfp_int_0/gt_ex/gt_ex_test/gt_ex_test.srcs/sources_1/new/decoder/assembler.v} {/home/williams/MYFPGA/FPGA Training Data Etri_fso/sfp_int/sfp_int_0/gt_ex/gt_ex_test/gt_ex_test.srcs/sources_1/ip/clk_wiz_0/clk_wiz_0.xci} {/home/williams/MYFPGA/FPGA Training Data Etri_fso/sfp_int/sfp_int_0/gt_ex/gt_ex_test/gt_ex_test.srcs/sources_1/new/encoder/lpc.v} {/home/williams/MYFPGA/FPGA Training Data Etri_fso/sfp_int/sfp_int_0/gt_ex/gt_ex_test/gt_ex_test.srcs/sources_1/ip/cross_gth_logic_head/cross_gth_logic_head.xci} {/home/williams/MYFPGA/FPGA Training Data Etri_fso/sfp_int/sfp_int_0/gt_ex/gt_ex_test/gt_ex_test.srcs/sources_1/new/encoder/x_logic_gth.v} {/home/williams/MYFPGA/FPGA Training Data Etri_fso/sfp_int/sfp_int_0/gt_ex/gt_ex_test/gt_ex_test.srcs/sources_1/new/word_align.v} {/home/williams/MYFPGA/FPGA Training Data Etri_fso/sfp_int/sfp_int_0/gt_ex/gt_ex_test/gt_ex_test.srcs/sources_1/ip/cross_logic_gth_head/cross_logic_gth_head.xci} {/home/williams/MYFPGA/FPGA Training Data Etri_fso/sfp_int/sfp_int_0/gt_ex/gt_ex_test/gt_ex_test.srcs/sources_1/new/rs_codec/rs_decoder.v} {/home/williams/MYFPGA/FPGA Training Data Etri_fso/sfp_int/sfp_int_0/gt_ex/gt_ex_test/gt_ex_test.srcs/sources_1/new/autorun.v}}
ERROR: [IP_Flow 19-8166] Failed to verify json document against the schema 'xilinx.com:schema:json_instance:1.0'.
{
  "additionalProperties": {
    "disallowed": "resolve_type",
    "instanceRef": "#/ip_inst/parameters/project_parameters/ARCHITECTURE/0",
    "schemaRef": "file:///simple_param_value_v1_0.json#/definitions/simple_param_value"
  }
}
WARNING: [IP_Flow 19-395] Problem validating against XML schema: : Unexpected end of message
ERROR: [IP_Flow 19-8166] Failed to verify json document against the schema 'xilinx.com:schema:json_instance:1.0'.
{
  "additionalProperties": {
    "disallowed": "resolve_type",
    "instanceRef": "#/ip_inst/parameters/project_parameters/ARCHITECTURE/0",
    "schemaRef": "file:///simple_param_value_v1_0.json#/definitions/simple_param_value"
  }
}
CRITICAL WARNING: [IP_Flow 19-183] Failed to load IP instance 'cross_gth_logic'.
CRITICAL WARNING: [IP_Flow 19-1835] Failed to recreate IP instance 'cross_gth_logic'. Error reading project file(s).
ERROR: [IP_Flow 19-8166] Failed to verify json document against the schema 'xilinx.com:schema:json_instance:1.0'.
{
  "additionalProperties": {
    "disallowed": "resolve_type",
    "instanceRef": "#/ip_inst/parameters/project_parameters/ARCHITECTURE/0",
    "schemaRef": "file:///simple_param_value_v1_0.json#/definitions/simple_param_value"
  }
}
WARNING: [IP_Flow 19-395] Problem validating against XML schema: : Unexpected end of message
WARNING: [filemgmt 56-12] File '/home/williams/MYFPGA/FPGA Training Data Etri_fso/sfp_int/sfp_int_0/gt_ex/gt_ex_test/gt_ex_test.srcs/sources_1/new/rs_codec/forney_math.v' cannot be added to the project because it already exists in the project, skipping this file
WARNING: [filemgmt 56-12] File '/home/williams/MYFPGA/FPGA Training Data Etri_fso/sfp_int/sfp_int_0/gt_ex/gt_ex_test/gt_ex_test.srcs/sources_1/new/encoder/x_gth_logic.v' cannot be added to the project because it already exists in the project, skipping this file
ERROR: [IP_Flow 19-8166] Failed to verify json document against the schema 'xilinx.com:schema:json_instance:1.0'.
{
  "additionalProperties": {
    "disallowed": "resolve_type",
    "instanceRef": "#/ip_inst/parameters/project_parameters/ARCHITECTURE/0",
    "schemaRef": "file:///simple_param_value_v1_0.json#/definitions/simple_param_value"
  }
}
CRITICAL WARNING: [IP_Flow 19-183] Failed to load IP instance 'serdes_assembler'.
CRITICAL WARNING: [IP_Flow 19-1835] Failed to recreate IP instance 'serdes_assembler'. Error reading project file(s).
ERROR: [IP_Flow 19-8166] Failed to verify json document against the schema 'xilinx.com:schema:json_instance:1.0'.
{
  "additionalProperties": {
    "disallowed": "resolve_type",
    "instanceRef": "#/ip_inst/parameters/project_parameters/ARCHITECTURE/0",
    "schemaRef": "file:///simple_param_value_v1_0.json#/definitions/simple_param_value"
  }
}
WARNING: [IP_Flow 19-395] Problem validating against XML schema: : Unexpected end of message
WARNING: [filemgmt 56-12] File '/home/williams/MYFPGA/FPGA Training Data Etri_fso/sfp_int/sfp_int_0/gt_ex/gt_ex_test/gt_ex_test.srcs/sources_1/new/encoder/framer.v' cannot be added to the project because it already exists in the project, skipping this file
WARNING: [filemgmt 56-12] File '/home/williams/MYFPGA/FPGA Training Data Etri_fso/sfp_int/sfp_int_0/gt_ex/gt_ex_test/gt_ex_test.srcs/sources_1/new/encoder/lpc_top.v' cannot be added to the project because it already exists in the project, skipping this file
WARNING: [filemgmt 56-12] File '/home/williams/MYFPGA/FPGA Training Data Etri_fso/sfp_int/sfp_int_0/gt_ex/gt_ex_test/gt_ex_test.srcs/sources_1/new/encoder/encoder_top.v' cannot be added to the project because it already exists in the project, skipping this file
WARNING: [filemgmt 56-12] File '/home/williams/MYFPGA/FPGA Training Data Etri_fso/sfp_int/sfp_int_0/gt_ex/gt_ex_test/gt_ex_test.srcs/sources_1/new/encoder/scrambler.v' cannot be added to the project because it already exists in the project, skipping this file
WARNING: [filemgmt 56-12] File '/home/williams/MYFPGA/FPGA Training Data Etri_fso/sfp_int/sfp_int_0/gt_ex/gt_ex_test/gt_ex_test.srcs/sources_1/new/packet_send.v' cannot be added to the project because it already exists in the project, skipping this file
WARNING: [filemgmt 56-12] File '/home/williams/MYFPGA/FPGA Training Data Etri_fso/sfp_int/sfp_int_0/gt_ex/gt_ex_test/gt_ex_test.srcs/sources_1/new/encoder/combiner.v' cannot be added to the project because it already exists in the project, skipping this file
WARNING: [filemgmt 56-12] File '/home/williams/MYFPGA/FPGA Training Data Etri_fso/sfp_int/sfp_int_0/gt_ex/gt_ex_test/gt_ex_test.srcs/sources_1/new/encoder/crc_32.v' cannot be added to the project because it already exists in the project, skipping this file
WARNING: [filemgmt 56-12] File '/home/williams/MYFPGA/FPGA Training Data Etri_fso/sfp_int/sfp_int_0/gt_ex/gt_ex_test/gt_ex_test.srcs/sources_1/new/rs_codec/syndrome_unit.v' cannot be added to the project because it already exists in the project, skipping this file
WARNING: [filemgmt 56-12] File '/home/williams/MYFPGA/FPGA Training Data Etri_fso/sfp_int/sfp_int_0/gt_ex/gt_ex_test/gt_ex_test.srcs/sources_1/new/rs_codec/euclid_proc.v' cannot be added to the project because it already exists in the project, skipping this file
WARNING: [filemgmt 56-12] File '/home/williams/MYFPGA/FPGA Training Data Etri_fso/sfp_int/sfp_int_0/gt_ex/gt_ex_test/gt_ex_test.srcs/sources_1/new/decoder/core_rx.v' cannot be added to the project because it already exists in the project, skipping this file
WARNING: [filemgmt 56-12] File '/home/williams/MYFPGA/FPGA Training Data Etri_fso/sfp_int/sfp_int_0/gt_ex/gt_ex_test/gt_ex_test.srcs/sources_1/new/decoder/separator.v' cannot be added to the project because it already exists in the project, skipping this file
WARNING: [filemgmt 56-12] File '/home/williams/MYFPGA/FPGA Training Data Etri_fso/sfp_int/sfp_int_0/gt_ex/gt_ex_test/gt_ex_test.srcs/sources_1/new/rs_codec/chien_search.v' cannot be added to the project because it already exists in the project, skipping this file
ERROR: [IP_Flow 19-8166] Failed to verify json document against the schema 'xilinx.com:schema:json_instance:1.0'.
{
  "additionalProperties": {
    "disallowed": "resolve_type",
    "instanceRef": "#/ip_inst/parameters/project_parameters/ARCHITECTURE/0",
    "schemaRef": "file:///simple_param_value_v1_0.json#/definitions/simple_param_value"
  }
}
CRITICAL WARNING: [IP_Flow 19-183] Failed to load IP instance 'cross_logic_gth_load'.
CRITICAL WARNING: [IP_Flow 19-1835] Failed to recreate IP instance 'cross_logic_gth_load'. Error reading project file(s).
ERROR: [IP_Flow 19-8166] Failed to verify json document against the schema 'xilinx.com:schema:json_instance:1.0'.
{
  "additionalProperties": {
    "disallowed": "resolve_type",
    "instanceRef": "#/ip_inst/parameters/project_parameters/ARCHITECTURE/0",
    "schemaRef": "file:///simple_param_value_v1_0.json#/definitions/simple_param_value"
  }
}
WARNING: [IP_Flow 19-395] Problem validating against XML schema: : Unexpected end of message
WARNING: [filemgmt 56-12] File '/home/williams/MYFPGA/FPGA Training Data Etri_fso/sfp_int/sfp_int_0/gt_ex/gt_ex_test/gt_ex_test.srcs/sources_1/new/decoder/lpc_dec.v' cannot be added to the project because it already exists in the project, skipping this file
WARNING: [filemgmt 56-12] File '/home/williams/MYFPGA/FPGA Training Data Etri_fso/sfp_int/sfp_int_0/gt_ex/gt_ex_test/gt_ex_test.srcs/sources_1/new/decoder/rx_logic_gth.v' cannot be added to the project because it already exists in the project, skipping this file
WARNING: [filemgmt 56-12] File '/home/williams/MYFPGA/FPGA Training Data Etri_fso/sfp_int/sfp_int_0/gt_ex/gt_ex_test/gt_ex_test.srcs/sources_1/new/error_inject.v' cannot be added to the project because it already exists in the project, skipping this file
WARNING: [filemgmt 56-12] File '/home/williams/MYFPGA/FPGA Training Data Etri_fso/sfp_int/sfp_int_0/gt_ex/gt_ex_test/gt_ex_test.srcs/sources_1/new/encoder/rs_encoder_64.v' cannot be added to the project because it already exists in the project, skipping this file
ERROR: [IP_Flow 19-8166] Failed to verify json document against the schema 'xilinx.com:schema:json_instance:1.0'.
{
  "additionalProperties": {
    "disallowed": "resolve_type",
    "instanceRef": "#/ip_inst/parameters/project_parameters/ARCHITECTURE/0",
    "schemaRef": "file:///simple_param_value_v1_0.json#/definitions/simple_param_value"
  }
}
CRITICAL WARNING: [IP_Flow 19-183] Failed to load IP instance 'reset_0'.
CRITICAL WARNING: [IP_Flow 19-1835] Failed to recreate IP instance 'reset_0'. Error reading project file(s).
ERROR: [IP_Flow 19-8166] Failed to verify json document against the schema 'xilinx.com:schema:json_instance:1.0'.
{
  "additionalProperties": {
    "disallowed": "resolve_type",
    "instanceRef": "#/ip_inst/parameters/project_parameters/ARCHITECTURE/0",
    "schemaRef": "file:///simple_param_value_v1_0.json#/definitions/simple_param_value"
  }
}
WARNING: [IP_Flow 19-395] Problem validating against XML schema: : Unexpected end of message
ERROR: [IP_Flow 19-8166] Failed to verify json document against the schema 'xilinx.com:schema:json_instance:1.0'.
{
  "additionalProperties": {
    "disallowed": "resolve_type",
    "instanceRef": "#/ip_inst/parameters/project_parameters/ARCHITECTURE/0",
    "schemaRef": "file:///simple_param_value_v1_0.json#/definitions/simple_param_value"
  }
}
CRITICAL WARNING: [IP_Flow 19-183] Failed to load IP instance 'delay_combiner'.
CRITICAL WARNING: [IP_Flow 19-1835] Failed to recreate IP instance 'delay_combiner'. Error reading project file(s).
ERROR: [IP_Flow 19-8166] Failed to verify json document against the schema 'xilinx.com:schema:json_instance:1.0'.
{
  "additionalProperties": {
    "disallowed": "resolve_type",
    "instanceRef": "#/ip_inst/parameters/project_parameters/ARCHITECTURE/0",
    "schemaRef": "file:///simple_param_value_v1_0.json#/definitions/simple_param_value"
  }
}
WARNING: [IP_Flow 19-395] Problem validating against XML schema: : Unexpected end of message
WARNING: [filemgmt 56-12] File '/home/williams/MYFPGA/FPGA Training Data Etri_fso/sfp_int/sfp_int_0/gt_ex/gt_ex_test/gt_ex_test.srcs/sources_1/new/rs_codec/rs_encoder.v' cannot be added to the project because it already exists in the project, skipping this file
ERROR: [IP_Flow 19-8166] Failed to verify json document against the schema 'xilinx.com:schema:json_instance:1.0'.
{
  "additionalProperties": {
    "disallowed": "resolve_type",
    "instanceRef": "#/ip_inst/parameters/project_parameters/ARCHITECTURE/0",
    "schemaRef": "file:///simple_param_value_v1_0.json#/definitions/simple_param_value"
  }
}
CRITICAL WARNING: [IP_Flow 19-183] Failed to load IP instance 'gt'.
CRITICAL WARNING: [IP_Flow 19-1835] Failed to recreate IP instance 'gt'. Error reading project file(s).
ERROR: [IP_Flow 19-8166] Failed to verify json document against the schema 'xilinx.com:schema:json_instance:1.0'.
{
  "additionalProperties": {
    "disallowed": "resolve_type",
    "instanceRef": "#/ip_inst/parameters/project_parameters/ARCHITECTURE/0",
    "schemaRef": "file:///simple_param_value_v1_0.json#/definitions/simple_param_value"
  }
}
WARNING: [IP_Flow 19-395] Problem validating against XML schema: : Unexpected end of message
ERROR: [IP_Flow 19-8166] Failed to verify json document against the schema 'xilinx.com:schema:json_instance:1.0'.
{
  "additionalProperties": {
    "disallowed": "resolve_type",
    "instanceRef": "#/ip_inst/parameters/project_parameters/ARCHITECTURE/0",
    "schemaRef": "file:///simple_param_value_v1_0.json#/definitions/simple_param_value"
  }
}
CRITICAL WARNING: [IP_Flow 19-183] Failed to load IP instance 'cross_logic_gth'.
CRITICAL WARNING: [IP_Flow 19-1835] Failed to recreate IP instance 'cross_logic_gth'. Error reading project file(s).
ERROR: [IP_Flow 19-8166] Failed to verify json document against the schema 'xilinx.com:schema:json_instance:1.0'.
{
  "additionalProperties": {
    "disallowed": "resolve_type",
    "instanceRef": "#/ip_inst/parameters/project_parameters/ARCHITECTURE/0",
    "schemaRef": "file:///simple_param_value_v1_0.json#/definitions/simple_param_value"
  }
}
WARNING: [IP_Flow 19-395] Problem validating against XML schema: : Unexpected end of message
WARNING: [filemgmt 56-12] File '/home/williams/MYFPGA/FPGA Training Data Etri_fso/sfp_int/sfp_int_0/gt_ex/gt_ex_test/gt_ex_test.srcs/sources_1/new/stream_input.v' cannot be added to the project because it already exists in the project, skipping this file
WARNING: [filemgmt 56-12] File '/home/williams/MYFPGA/FPGA Training Data Etri_fso/sfp_int/sfp_int_0/gt_ex/gt_ex_test/gt_ex_test.srcs/sources_1/new/packet_rec.v' cannot be added to the project because it already exists in the project, skipping this file
WARNING: [filemgmt 56-12] File '/home/williams/MYFPGA/FPGA Training Data Etri_fso/sfp_int/sfp_int_0/gt_ex/gt_ex_test/gt_ex_test.srcs/sources_1/new/decoder/assembler_top.v' cannot be added to the project because it already exists in the project, skipping this file
ERROR: [IP_Flow 19-8166] Failed to verify json document against the schema 'xilinx.com:schema:json_instance:1.0'.
{
  "additionalProperties": {
    "disallowed": "resolve_type",
    "instanceRef": "#/ip_inst/parameters/project_parameters/ARCHITECTURE/0",
    "schemaRef": "file:///simple_param_value_v1_0.json#/definitions/simple_param_value"
  }
}
CRITICAL WARNING: [IP_Flow 19-183] Failed to load IP instance 'delay_rs'.
CRITICAL WARNING: [IP_Flow 19-1835] Failed to recreate IP instance 'delay_rs'. Error reading project file(s).
ERROR: [IP_Flow 19-8166] Failed to verify json document against the schema 'xilinx.com:schema:json_instance:1.0'.
{
  "additionalProperties": {
    "disallowed": "resolve_type",
    "instanceRef": "#/ip_inst/parameters/project_parameters/ARCHITECTURE/0",
    "schemaRef": "file:///simple_param_value_v1_0.json#/definitions/simple_param_value"
  }
}
WARNING: [IP_Flow 19-395] Problem validating against XML schema: : Unexpected end of message
WARNING: [filemgmt 56-12] File '/home/williams/MYFPGA/FPGA Training Data Etri_fso/sfp_int/sfp_int_0/gt_ex/gt_ex_test/gt_ex_test.srcs/sources_1/new/encoder/crc_16.v' cannot be added to the project because it already exists in the project, skipping this file
WARNING: [filemgmt 56-12] File '/home/williams/MYFPGA/FPGA Training Data Etri_fso/sfp_int/sfp_int_0/gt_ex/gt_ex_test/gt_ex_test.srcs/sources_1/new/rs_codec/inverter.v' cannot be added to the project because it already exists in the project, skipping this file
WARNING: [filemgmt 56-12] File '/home/williams/MYFPGA/FPGA Training Data Etri_fso/sfp_int/sfp_int_0/gt_ex/gt_ex_test/gt_ex_test.srcs/sources_1/new/decoder/rs_decoder_64.v' cannot be added to the project because it already exists in the project, skipping this file
ERROR: [IP_Flow 19-8166] Failed to verify json document against the schema 'xilinx.com:schema:json_instance:1.0'.
{
  "additionalProperties": {
    "disallowed": "resolve_type",
    "instanceRef": "#/ip_inst/parameters/project_parameters/ARCHITECTURE/0",
    "schemaRef": "file:///simple_param_value_v1_0.json#/definitions/simple_param_value"
  }
}
CRITICAL WARNING: [IP_Flow 19-183] Failed to load IP instance 'serdes_framer'.
CRITICAL WARNING: [IP_Flow 19-1835] Failed to recreate IP instance 'serdes_framer'. Error reading project file(s).
ERROR: [IP_Flow 19-8166] Failed to verify json document against the schema 'xilinx.com:schema:json_instance:1.0'.
{
  "additionalProperties": {
    "disallowed": "resolve_type",
    "instanceRef": "#/ip_inst/parameters/project_parameters/ARCHITECTURE/0",
    "schemaRef": "file:///simple_param_value_v1_0.json#/definitions/simple_param_value"
  }
}
WARNING: [IP_Flow 19-395] Problem validating against XML schema: : Unexpected end of message
ERROR: [IP_Flow 19-8166] Failed to verify json document against the schema 'xilinx.com:schema:json_instance:1.0'.
{
  "additionalProperties": {
    "disallowed": "resolve_type",
    "instanceRef": "#/ip_inst/parameters/project_parameters/ARCHITECTURE/0",
    "schemaRef": "file:///simple_param_value_v1_0.json#/definitions/simple_param_value"
  }
}
CRITICAL WARNING: [IP_Flow 19-183] Failed to load IP instance 'cross_gth_logic_load'.
CRITICAL WARNING: [IP_Flow 19-1835] Failed to recreate IP instance 'cross_gth_logic_load'. Error reading project file(s).
ERROR: [IP_Flow 19-8166] Failed to verify json document against the schema 'xilinx.com:schema:json_instance:1.0'.
{
  "additionalProperties": {
    "disallowed": "resolve_type",
    "instanceRef": "#/ip_inst/parameters/project_parameters/ARCHITECTURE/0",
    "schemaRef": "file:///simple_param_value_v1_0.json#/definitions/simple_param_value"
  }
}
WARNING: [IP_Flow 19-395] Problem validating against XML schema: : Unexpected end of message
WARNING: [filemgmt 56-12] File '/home/williams/MYFPGA/FPGA Training Data Etri_fso/sfp_int/sfp_int_0/gt_ex/gt_ex_test/gt_ex_test.srcs/sources_1/new/decoder/decoder_top.v' cannot be added to the project because it already exists in the project, skipping this file
ERROR: [IP_Flow 19-8166] Failed to verify json document against the schema 'xilinx.com:schema:json_instance:1.0'.
{
  "additionalProperties": {
    "disallowed": "resolve_type",
    "instanceRef": "#/ip_inst/parameters/project_parameters/ARCHITECTURE/0",
    "schemaRef": "file:///simple_param_value_v1_0.json#/definitions/simple_param_value"
  }
}
CRITICAL WARNING: [IP_Flow 19-183] Failed to load IP instance 'gt_vio_0'.
CRITICAL WARNING: [IP_Flow 19-1835] Failed to recreate IP instance 'gt_vio_0'. Error reading project file(s).
ERROR: [IP_Flow 19-8166] Failed to verify json document against the schema 'xilinx.com:schema:json_instance:1.0'.
{
  "additionalProperties": {
    "disallowed": "resolve_type",
    "instanceRef": "#/ip_inst/parameters/project_parameters/ARCHITECTURE/0",
    "schemaRef": "file:///simple_param_value_v1_0.json#/definitions/simple_param_value"
  }
}
WARNING: [IP_Flow 19-395] Problem validating against XML schema: : Unexpected end of message
WARNING: [filemgmt 56-12] File '/home/williams/MYFPGA/FPGA Training Data Etri_fso/sfp_int/sfp_int_0/gt_ex/gt_ex_test/gt_ex_test.srcs/sources_1/new/decoder/lpc_dec_top.v' cannot be added to the project because it already exists in the project, skipping this file
WARNING: [filemgmt 56-12] File '/home/williams/MYFPGA/FPGA Training Data Etri_fso/sfp_int/sfp_int_0/gt_ex/gt_ex_test/gt_ex_test.srcs/sources_1/new/rs_codec/multiplier.v' cannot be added to the project because it already exists in the project, skipping this file
WARNING: [filemgmt 56-12] File '/home/williams/MYFPGA/FPGA Training Data Etri_fso/sfp_int/sfp_int_0/gt_ex/gt_ex_test/gt_ex_test.srcs/sources_1/new/decoder/rx_gth_logic.v' cannot be added to the project because it already exists in the project, skipping this file
WARNING: [filemgmt 56-12] File '/home/williams/MYFPGA/FPGA Training Data Etri_fso/sfp_int/sfp_int_0/gt_ex/gt_ex_test/gt_ex_test.srcs/sources_1/new/top.v' cannot be added to the project because it already exists in the project, skipping this file
WARNING: [filemgmt 56-12] File '/home/williams/MYFPGA/FPGA Training Data Etri_fso/sfp_int/sfp_int_0/gt_ex/gt_ex_test/gt_ex_test.srcs/sources_1/new/encoder/framer_top.v' cannot be added to the project because it already exists in the project, skipping this file
WARNING: [filemgmt 56-12] File '/home/williams/MYFPGA/FPGA Training Data Etri_fso/sfp_int/sfp_int_0/gt_ex/gt_ex_test/gt_ex_test.srcs/sources_1/new/encoder/core_tx.v' cannot be added to the project because it already exists in the project, skipping this file
WARNING: [filemgmt 56-12] File '/home/williams/MYFPGA/FPGA Training Data Etri_fso/sfp_int/sfp_int_0/gt_ex/gt_ex_test/gt_ex_test.srcs/sources_1/new/decoder/assembler.v' cannot be added to the project because it already exists in the project, skipping this file
ERROR: [IP_Flow 19-8166] Failed to verify json document against the schema 'xilinx.com:schema:json_instance:1.0'.
{
  "additionalProperties": {
    "disallowed": "resolve_type",
    "instanceRef": "#/ip_inst/parameters/project_parameters/ARCHITECTURE/0",
    "schemaRef": "file:///simple_param_value_v1_0.json#/definitions/simple_param_value"
  }
}
CRITICAL WARNING: [IP_Flow 19-183] Failed to load IP instance 'clk_wiz_0'.
CRITICAL WARNING: [IP_Flow 19-1835] Failed to recreate IP instance 'clk_wiz_0'. Error reading project file(s).
ERROR: [IP_Flow 19-8166] Failed to verify json document against the schema 'xilinx.com:schema:json_instance:1.0'.
{
  "additionalProperties": {
    "disallowed": "resolve_type",
    "instanceRef": "#/ip_inst/parameters/project_parameters/ARCHITECTURE/0",
    "schemaRef": "file:///simple_param_value_v1_0.json#/definitions/simple_param_value"
  }
}
WARNING: [IP_Flow 19-395] Problem validating against XML schema: : Unexpected end of message
WARNING: [filemgmt 56-12] File '/home/williams/MYFPGA/FPGA Training Data Etri_fso/sfp_int/sfp_int_0/gt_ex/gt_ex_test/gt_ex_test.srcs/sources_1/new/encoder/lpc.v' cannot be added to the project because it already exists in the project, skipping this file
ERROR: [IP_Flow 19-8166] Failed to verify json document against the schema 'xilinx.com:schema:json_instance:1.0'.
{
  "additionalProperties": {
    "disallowed": "resolve_type",
    "instanceRef": "#/ip_inst/parameters/project_parameters/ARCHITECTURE/0",
    "schemaRef": "file:///simple_param_value_v1_0.json#/definitions/simple_param_value"
  }
}
CRITICAL WARNING: [IP_Flow 19-183] Failed to load IP instance 'cross_gth_logic_head'.
CRITICAL WARNING: [IP_Flow 19-1835] Failed to recreate IP instance 'cross_gth_logic_head'. Error reading project file(s).
ERROR: [IP_Flow 19-8166] Failed to verify json document against the schema 'xilinx.com:schema:json_instance:1.0'.
{
  "additionalProperties": {
    "disallowed": "resolve_type",
    "instanceRef": "#/ip_inst/parameters/project_parameters/ARCHITECTURE/0",
    "schemaRef": "file:///simple_param_value_v1_0.json#/definitions/simple_param_value"
  }
}
WARNING: [IP_Flow 19-395] Problem validating against XML schema: : Unexpected end of message
WARNING: [filemgmt 56-12] File '/home/williams/MYFPGA/FPGA Training Data Etri_fso/sfp_int/sfp_int_0/gt_ex/gt_ex_test/gt_ex_test.srcs/sources_1/new/encoder/x_logic_gth.v' cannot be added to the project because it already exists in the project, skipping this file
WARNING: [filemgmt 56-12] File '/home/williams/MYFPGA/FPGA Training Data Etri_fso/sfp_int/sfp_int_0/gt_ex/gt_ex_test/gt_ex_test.srcs/sources_1/new/word_align.v' cannot be added to the project because it already exists in the project, skipping this file
ERROR: [IP_Flow 19-8166] Failed to verify json document against the schema 'xilinx.com:schema:json_instance:1.0'.
{
  "additionalProperties": {
    "disallowed": "resolve_type",
    "instanceRef": "#/ip_inst/parameters/project_parameters/ARCHITECTURE/0",
    "schemaRef": "file:///simple_param_value_v1_0.json#/definitions/simple_param_value"
  }
}
CRITICAL WARNING: [IP_Flow 19-183] Failed to load IP instance 'cross_logic_gth_head'.
CRITICAL WARNING: [IP_Flow 19-1835] Failed to recreate IP instance 'cross_logic_gth_head'. Error reading project file(s).
WARNING: [filemgmt 56-12] File '/home/williams/MYFPGA/FPGA Training Data Etri_fso/sfp_int/sfp_int_0/gt_ex/gt_ex_test/gt_ex_test.srcs/sources_1/new/rs_codec/rs_decoder.v' cannot be added to the project because it already exists in the project, skipping this file
WARNING: [filemgmt 56-12] File '/home/williams/MYFPGA/FPGA Training Data Etri_fso/sfp_int/sfp_int_0/gt_ex/gt_ex_test/gt_ex_test.srcs/sources_1/new/autorun.v' cannot be added to the project because it already exists in the project, skipping this file
WARNING: [Vivado 12-13650] The IP file '/home/williams/MYFPGA/FPGA Training Data Etri_fso/sfp_int/sfp_int_0/gt_ex/gt_ex_test/gt_ex_test.srcs/sources_1/ip/cross_gth_logic/cross_gth_logic.xci' has been moved from its original location, as a result the outputs for this IP will now be generated in ''. Alternatively a copy of the IP can be imported into the project using one of the 'import_ip' or 'import_files' commands.
WARNING: [Vivado 12-13650] The IP file '/home/williams/MYFPGA/FPGA Training Data Etri_fso/sfp_int/sfp_int_0/gt_ex/gt_ex_test/gt_ex_test.srcs/sources_1/ip/serdes_assembler/serdes_assembler.xci' has been moved from its original location, as a result the outputs for this IP will now be generated in ''. Alternatively a copy of the IP can be imported into the project using one of the 'import_ip' or 'import_files' commands.
WARNING: [Vivado 12-13650] The IP file '/home/williams/MYFPGA/FPGA Training Data Etri_fso/sfp_int/sfp_int_0/gt_ex/gt_ex_test/gt_ex_test.srcs/sources_1/ip/cross_logic_gth_load/cross_logic_gth_load.xci' has been moved from its original location, as a result the outputs for this IP will now be generated in ''. Alternatively a copy of the IP can be imported into the project using one of the 'import_ip' or 'import_files' commands.
WARNING: [Vivado 12-13650] The IP file '/home/williams/MYFPGA/FPGA Training Data Etri_fso/sfp_int/sfp_int_0/gt_ex/gt_ex_test/gt_ex_test.srcs/sources_1/ip/reset_0/reset_0.xci' has been moved from its original location, as a result the outputs for this IP will now be generated in ''. Alternatively a copy of the IP can be imported into the project using one of the 'import_ip' or 'import_files' commands.
WARNING: [Vivado 12-13650] The IP file '/home/williams/MYFPGA/FPGA Training Data Etri_fso/sfp_int/sfp_int_0/gt_ex/gt_ex_test/gt_ex_test.srcs/sources_1/ip/delay_combiner/delay_combiner.xci' has been moved from its original location, as a result the outputs for this IP will now be generated in ''. Alternatively a copy of the IP can be imported into the project using one of the 'import_ip' or 'import_files' commands.
WARNING: [Vivado 12-13650] The IP file '/home/williams/MYFPGA/FPGA Training Data Etri_fso/sfp_int/sfp_int_0/gt_ex/gt_ex_test/gt_ex_test.srcs/sources_1/ip/gt/gt.xci' has been moved from its original location, as a result the outputs for this IP will now be generated in ''. Alternatively a copy of the IP can be imported into the project using one of the 'import_ip' or 'import_files' commands.
WARNING: [Vivado 12-13650] The IP file '/home/williams/MYFPGA/FPGA Training Data Etri_fso/sfp_int/sfp_int_0/gt_ex/gt_ex_test/gt_ex_test.srcs/sources_1/ip/cross_logic_gth/cross_logic_gth.xci' has been moved from its original location, as a result the outputs for this IP will now be generated in ''. Alternatively a copy of the IP can be imported into the project using one of the 'import_ip' or 'import_files' commands.
WARNING: [Vivado 12-13650] The IP file '/home/williams/MYFPGA/FPGA Training Data Etri_fso/sfp_int/sfp_int_0/gt_ex/gt_ex_test/gt_ex_test.srcs/sources_1/ip/delay_rs/delay_rs.xci' has been moved from its original location, as a result the outputs for this IP will now be generated in ''. Alternatively a copy of the IP can be imported into the project using one of the 'import_ip' or 'import_files' commands.
WARNING: [Vivado 12-13650] The IP file '/home/williams/MYFPGA/FPGA Training Data Etri_fso/sfp_int/sfp_int_0/gt_ex/gt_ex_test/gt_ex_test.srcs/sources_1/ip/serdes_framer/serdes_framer.xci' has been moved from its original location, as a result the outputs for this IP will now be generated in ''. Alternatively a copy of the IP can be imported into the project using one of the 'import_ip' or 'import_files' commands.
WARNING: [Vivado 12-13650] The IP file '/home/williams/MYFPGA/FPGA Training Data Etri_fso/sfp_int/sfp_int_0/gt_ex/gt_ex_test/gt_ex_test.srcs/sources_1/ip/cross_gth_logic_load/cross_gth_logic_load.xci' has been moved from its original location, as a result the outputs for this IP will now be generated in ''. Alternatively a copy of the IP can be imported into the project using one of the 'import_ip' or 'import_files' commands.
WARNING: [Vivado 12-13650] The IP file '/home/williams/MYFPGA/FPGA Training Data Etri_fso/sfp_int/sfp_int_0/gt_ex/gt_ex_test/gt_ex_test.srcs/sources_1/ip/gt_vio_0/gt_vio_0.xci' has been moved from its original location, as a result the outputs for this IP will now be generated in ''. Alternatively a copy of the IP can be imported into the project using one of the 'import_ip' or 'import_files' commands.
WARNING: [Vivado 12-13650] The IP file '/home/williams/MYFPGA/FPGA Training Data Etri_fso/sfp_int/sfp_int_0/gt_ex/gt_ex_test/gt_ex_test.srcs/sources_1/ip/clk_wiz_0/clk_wiz_0.xci' has been moved from its original location, as a result the outputs for this IP will now be generated in ''. Alternatively a copy of the IP can be imported into the project using one of the 'import_ip' or 'import_files' commands.
WARNING: [Vivado 12-13650] The IP file '/home/williams/MYFPGA/FPGA Training Data Etri_fso/sfp_int/sfp_int_0/gt_ex/gt_ex_test/gt_ex_test.srcs/sources_1/ip/cross_gth_logic_head/cross_gth_logic_head.xci' has been moved from its original location, as a result the outputs for this IP will now be generated in ''. Alternatively a copy of the IP can be imported into the project using one of the 'import_ip' or 'import_files' commands.
WARNING: [Vivado 12-13650] The IP file '/home/williams/MYFPGA/FPGA Training Data Etri_fso/sfp_int/sfp_int_0/gt_ex/gt_ex_test/gt_ex_test.srcs/sources_1/ip/cross_logic_gth_head/cross_logic_gth_head.xci' has been moved from its original location, as a result the outputs for this IP will now be generated in ''. Alternatively a copy of the IP can be imported into the project using one of the 'import_ip' or 'import_files' commands.
ERROR: [Common 17-39] 'add_files' failed due to earlier errors.
update_compile_order -fileset sources_1
export_ip_user_files -of_objects  [get_files {{/home/williams/MYFPGA/FPGA Training Data Etri_fso/sfp_int/sfp_int_0/gt_ex/gt_ex_test/gt_ex_test.srcs/sources_1/ip/clk_wiz_0/clk_wiz_0.xci}}] -no_script -reset -force -quiet
remove_files  {{/home/williams/MYFPGA/FPGA Training Data Etri_fso/sfp_int/sfp_int_0/gt_ex/gt_ex_test/gt_ex_test.srcs/sources_1/ip/clk_wiz_0/clk_wiz_0.xci}}
export_ip_user_files -of_objects  [get_files {{/home/williams/MYFPGA/FPGA Training Data Etri_fso/sfp_int/sfp_int_0/gt_ex/gt_ex_test/gt_ex_test.srcs/sources_1/ip/reset_0/reset_0.xci}}] -no_script -reset -force -quiet
remove_files  {{/home/williams/MYFPGA/FPGA Training Data Etri_fso/sfp_int/sfp_int_0/gt_ex/gt_ex_test/gt_ex_test.srcs/sources_1/ip/reset_0/reset_0.xci}}
add_files {{/home/williams/MYFPGA/FPGA Training Data Etri_fso/sfp_int/sfp_int_0/gt_ex/gt_ex_test/gt_ex_test.srcs/sources_1/ip/cross_gth_logic/cross_gth_logic.xci} {/home/williams/MYFPGA/FPGA Training Data Etri_fso/sfp_int/sfp_int_0/gt_ex/gt_ex_test/gt_ex_test.srcs/sources_1/new/rs_codec/forney_math.v} {/home/williams/MYFPGA/FPGA Training Data Etri_fso/sfp_int/sfp_int_0/gt_ex/gt_ex_test/gt_ex_test.srcs/sources_1/new/encoder/x_gth_logic.v} {/home/williams/MYFPGA/FPGA Training Data Etri_fso/sfp_int/sfp_int_0/gt_ex/gt_ex_test/gt_ex_test.srcs/sources_1/ip/serdes_assembler/serdes_assembler.xci} {/home/williams/MYFPGA/FPGA Training Data Etri_fso/sfp_int/sfp_int_0/gt_ex/gt_ex_test/gt_ex_test.srcs/sources_1/new/encoder/framer.v} {/home/williams/MYFPGA/FPGA Training Data Etri_fso/sfp_int/sfp_int_0/gt_ex/gt_ex_test/gt_ex_test.srcs/sources_1/new/encoder/lpc_top.v} {/home/williams/MYFPGA/FPGA Training Data Etri_fso/sfp_int/sfp_int_0/gt_ex/gt_ex_test/gt_ex_test.srcs/sources_1/new/encoder/encoder_top.v} {/home/williams/MYFPGA/FPGA Training Data Etri_fso/sfp_int/sfp_int_0/gt_ex/gt_ex_test/gt_ex_test.srcs/sources_1/new/encoder/scrambler.v} {/home/williams/MYFPGA/FPGA Training Data Etri_fso/sfp_int/sfp_int_0/gt_ex/gt_ex_test/gt_ex_test.srcs/sources_1/new/packet_send.v} {/home/williams/MYFPGA/FPGA Training Data Etri_fso/sfp_int/sfp_int_0/gt_ex/gt_ex_test/gt_ex_test.srcs/sources_1/new/encoder/combiner.v} {/home/williams/MYFPGA/FPGA Training Data Etri_fso/sfp_int/sfp_int_0/gt_ex/gt_ex_test/gt_ex_test.srcs/sources_1/new/encoder/crc_32.v} {/home/williams/MYFPGA/FPGA Training Data Etri_fso/sfp_int/sfp_int_0/gt_ex/gt_ex_test/gt_ex_test.srcs/sources_1/new/rs_codec/syndrome_unit.v} {/home/williams/MYFPGA/FPGA Training Data Etri_fso/sfp_int/sfp_int_0/gt_ex/gt_ex_test/gt_ex_test.srcs/sources_1/new/rs_codec/euclid_proc.v} {/home/williams/MYFPGA/FPGA Training Data Etri_fso/sfp_int/sfp_int_0/gt_ex/gt_ex_test/gt_ex_test.srcs/sources_1/new/decoder/core_rx.v} {/home/williams/MYFPGA/FPGA Training Data Etri_fso/sfp_int/sfp_int_0/gt_ex/gt_ex_test/gt_ex_test.srcs/sources_1/new/decoder/separator.v} {/home/williams/MYFPGA/FPGA Training Data Etri_fso/sfp_int/sfp_int_0/gt_ex/gt_ex_test/gt_ex_test.srcs/sources_1/new/rs_codec/chien_search.v} {/home/williams/MYFPGA/FPGA Training Data Etri_fso/sfp_int/sfp_int_0/gt_ex/gt_ex_test/gt_ex_test.srcs/sources_1/ip/cross_logic_gth_load/cross_logic_gth_load.xci} {/home/williams/MYFPGA/FPGA Training Data Etri_fso/sfp_int/sfp_int_0/gt_ex/gt_ex_test/gt_ex_test.srcs/sources_1/new/decoder/lpc_dec.v} {/home/williams/MYFPGA/FPGA Training Data Etri_fso/sfp_int/sfp_int_0/gt_ex/gt_ex_test/gt_ex_test.srcs/sources_1/new/decoder/rx_logic_gth.v} {/home/williams/MYFPGA/FPGA Training Data Etri_fso/sfp_int/sfp_int_0/gt_ex/gt_ex_test/gt_ex_test.srcs/sources_1/new/error_inject.v} {/home/williams/MYFPGA/FPGA Training Data Etri_fso/sfp_int/sfp_int_0/gt_ex/gt_ex_test/gt_ex_test.srcs/sources_1/new/encoder/rs_encoder_64.v} {/home/williams/MYFPGA/FPGA Training Data Etri_fso/sfp_int/sfp_int_0/gt_ex/gt_ex_test/gt_ex_test.srcs/sources_1/ip/reset_0/reset_0.xci} {/home/williams/MYFPGA/FPGA Training Data Etri_fso/sfp_int/sfp_int_0/gt_ex/gt_ex_test/gt_ex_test.srcs/sources_1/ip/delay_combiner/delay_combiner.xci} {/home/williams/MYFPGA/FPGA Training Data Etri_fso/sfp_int/sfp_int_0/gt_ex/gt_ex_test/gt_ex_test.srcs/sources_1/new/rs_codec/rs_encoder.v} {/home/williams/MYFPGA/FPGA Training Data Etri_fso/sfp_int/sfp_int_0/gt_ex/gt_ex_test/gt_ex_test.srcs/sources_1/ip/gt/gt.xci} {/home/williams/MYFPGA/FPGA Training Data Etri_fso/sfp_int/sfp_int_0/gt_ex/gt_ex_test/gt_ex_test.srcs/sources_1/ip/cross_logic_gth/cross_logic_gth.xci} {/home/williams/MYFPGA/FPGA Training Data Etri_fso/sfp_int/sfp_int_0/gt_ex/gt_ex_test/gt_ex_test.srcs/sources_1/new/stream_input.v} {/home/williams/MYFPGA/FPGA Training Data Etri_fso/sfp_int/sfp_int_0/gt_ex/gt_ex_test/gt_ex_test.srcs/sources_1/new/packet_rec.v} {/home/williams/MYFPGA/FPGA Training Data Etri_fso/sfp_int/sfp_int_0/gt_ex/gt_ex_test/gt_ex_test.srcs/sources_1/new/decoder/assembler_top.v} {/home/williams/MYFPGA/FPGA Training Data Etri_fso/sfp_int/sfp_int_0/gt_ex/gt_ex_test/gt_ex_test.srcs/sources_1/ip/delay_rs/delay_rs.xci} {/home/williams/MYFPGA/FPGA Training Data Etri_fso/sfp_int/sfp_int_0/gt_ex/gt_ex_test/gt_ex_test.srcs/sources_1/new/encoder/crc_16.v} {/home/williams/MYFPGA/FPGA Training Data Etri_fso/sfp_int/sfp_int_0/gt_ex/gt_ex_test/gt_ex_test.srcs/sources_1/new/rs_codec/inverter.v} {/home/williams/MYFPGA/FPGA Training Data Etri_fso/sfp_int/sfp_int_0/gt_ex/gt_ex_test/gt_ex_test.srcs/sources_1/new/decoder/rs_decoder_64.v} {/home/williams/MYFPGA/FPGA Training Data Etri_fso/sfp_int/sfp_int_0/gt_ex/gt_ex_test/gt_ex_test.srcs/sources_1/ip/serdes_framer/serdes_framer.xci} {/home/williams/MYFPGA/FPGA Training Data Etri_fso/sfp_int/sfp_int_0/gt_ex/gt_ex_test/gt_ex_test.srcs/sources_1/ip/cross_gth_logic_load/cross_gth_logic_load.xci} {/home/williams/MYFPGA/FPGA Training Data Etri_fso/sfp_int/sfp_int_0/gt_ex/gt_ex_test/gt_ex_test.srcs/sources_1/new/decoder/decoder_top.v} {/home/williams/MYFPGA/FPGA Training Data Etri_fso/sfp_int/sfp_int_0/gt_ex/gt_ex_test/gt_ex_test.srcs/sources_1/ip/gt_vio_0/gt_vio_0.xci} {/home/williams/MYFPGA/FPGA Training Data Etri_fso/sfp_int/sfp_int_0/gt_ex/gt_ex_test/gt_ex_test.srcs/sources_1/new/decoder/lpc_dec_top.v} {/home/williams/MYFPGA/FPGA Training Data Etri_fso/sfp_int/sfp_int_0/gt_ex/gt_ex_test/gt_ex_test.srcs/sources_1/new/rs_codec/multiplier.v} {/home/williams/MYFPGA/FPGA Training Data Etri_fso/sfp_int/sfp_int_0/gt_ex/gt_ex_test/gt_ex_test.srcs/sources_1/new/decoder/rx_gth_logic.v} {/home/williams/MYFPGA/FPGA Training Data Etri_fso/sfp_int/sfp_int_0/gt_ex/gt_ex_test/gt_ex_test.srcs/sources_1/new/top.v} {/home/williams/MYFPGA/FPGA Training Data Etri_fso/sfp_int/sfp_int_0/gt_ex/gt_ex_test/gt_ex_test.srcs/sources_1/new/encoder/framer_top.v} {/home/williams/MYFPGA/FPGA Training Data Etri_fso/sfp_int/sfp_int_0/gt_ex/gt_ex_test/gt_ex_test.srcs/sources_1/new/encoder/core_tx.v} {/home/williams/MYFPGA/FPGA Training Data Etri_fso/sfp_int/sfp_int_0/gt_ex/gt_ex_test/gt_ex_test.srcs/sources_1/new/decoder/assembler.v} {/home/williams/MYFPGA/FPGA Training Data Etri_fso/sfp_int/sfp_int_0/gt_ex/gt_ex_test/gt_ex_test.srcs/sources_1/ip/clk_wiz_0/clk_wiz_0.xci} {/home/williams/MYFPGA/FPGA Training Data Etri_fso/sfp_int/sfp_int_0/gt_ex/gt_ex_test/gt_ex_test.srcs/sources_1/new/encoder/lpc.v} {/home/williams/MYFPGA/FPGA Training Data Etri_fso/sfp_int/sfp_int_0/gt_ex/gt_ex_test/gt_ex_test.srcs/sources_1/ip/cross_gth_logic_head/cross_gth_logic_head.xci} {/home/williams/MYFPGA/FPGA Training Data Etri_fso/sfp_int/sfp_int_0/gt_ex/gt_ex_test/gt_ex_test.srcs/sources_1/new/encoder/x_logic_gth.v} {/home/williams/MYFPGA/FPGA Training Data Etri_fso/sfp_int/sfp_int_0/gt_ex/gt_ex_test/gt_ex_test.srcs/sources_1/new/word_align.v} {/home/williams/MYFPGA/FPGA Training Data Etri_fso/sfp_int/sfp_int_0/gt_ex/gt_ex_test/gt_ex_test.srcs/sources_1/ip/cross_logic_gth_head/cross_logic_gth_head.xci} {/home/williams/MYFPGA/FPGA Training Data Etri_fso/sfp_int/sfp_int_0/gt_ex/gt_ex_test/gt_ex_test.srcs/sources_1/new/rs_codec/rs_decoder.v} {/home/williams/MYFPGA/FPGA Training Data Etri_fso/sfp_int/sfp_int_0/gt_ex/gt_ex_test/gt_ex_test.srcs/sources_1/new/autorun.v}}
CRITICAL WARNING: [Vivado 12-1462] The source file is already part of the fileset 'sources_1'. Requested source '/home/williams/MYFPGA/FPGA Training Data Etri_fso/sfp_int/sfp_int_0/gt_ex/gt_ex_test/gt_ex_test.srcs/sources_1/ip/cross_gth_logic/cross_gth_logic.xci' will not be added.
CRITICAL WARNING: [Vivado 12-1462] The source file is already part of the fileset 'sources_1'. Requested source '/home/williams/MYFPGA/FPGA Training Data Etri_fso/sfp_int/sfp_int_0/gt_ex/gt_ex_test/gt_ex_test.srcs/sources_1/ip/serdes_assembler/serdes_assembler.xci' will not be added.
CRITICAL WARNING: [Vivado 12-1462] The source file is already part of the fileset 'sources_1'. Requested source '/home/williams/MYFPGA/FPGA Training Data Etri_fso/sfp_int/sfp_int_0/gt_ex/gt_ex_test/gt_ex_test.srcs/sources_1/ip/cross_logic_gth_load/cross_logic_gth_load.xci' will not be added.
ERROR: [IP_Flow 19-8166] Failed to verify json document against the schema 'xilinx.com:schema:json_instance:1.0'.
{
  "additionalProperties": {
    "disallowed": "resolve_type",
    "instanceRef": "#/ip_inst/parameters/project_parameters/ARCHITECTURE/0",
    "schemaRef": "file:///simple_param_value_v1_0.json#/definitions/simple_param_value"
  }
}
WARNING: [IP_Flow 19-395] Problem validating against XML schema: : Unexpected end of message
WARNING: [filemgmt 56-12] File '/home/williams/MYFPGA/FPGA Training Data Etri_fso/sfp_int/sfp_int_0/gt_ex/gt_ex_test/gt_ex_test.srcs/sources_1/new/rs_codec/forney_math.v' cannot be added to the project because it already exists in the project, skipping this file
WARNING: [filemgmt 56-12] File '/home/williams/MYFPGA/FPGA Training Data Etri_fso/sfp_int/sfp_int_0/gt_ex/gt_ex_test/gt_ex_test.srcs/sources_1/new/encoder/x_gth_logic.v' cannot be added to the project because it already exists in the project, skipping this file
WARNING: [filemgmt 56-12] File '/home/williams/MYFPGA/FPGA Training Data Etri_fso/sfp_int/sfp_int_0/gt_ex/gt_ex_test/gt_ex_test.srcs/sources_1/new/encoder/framer.v' cannot be added to the project because it already exists in the project, skipping this file
WARNING: [filemgmt 56-12] File '/home/williams/MYFPGA/FPGA Training Data Etri_fso/sfp_int/sfp_int_0/gt_ex/gt_ex_test/gt_ex_test.srcs/sources_1/new/encoder/lpc_top.v' cannot be added to the project because it already exists in the project, skipping this file
WARNING: [filemgmt 56-12] File '/home/williams/MYFPGA/FPGA Training Data Etri_fso/sfp_int/sfp_int_0/gt_ex/gt_ex_test/gt_ex_test.srcs/sources_1/new/encoder/encoder_top.v' cannot be added to the project because it already exists in the project, skipping this file
WARNING: [filemgmt 56-12] File '/home/williams/MYFPGA/FPGA Training Data Etri_fso/sfp_int/sfp_int_0/gt_ex/gt_ex_test/gt_ex_test.srcs/sources_1/new/encoder/scrambler.v' cannot be added to the project because it already exists in the project, skipping this file
WARNING: [filemgmt 56-12] File '/home/williams/MYFPGA/FPGA Training Data Etri_fso/sfp_int/sfp_int_0/gt_ex/gt_ex_test/gt_ex_test.srcs/sources_1/new/packet_send.v' cannot be added to the project because it already exists in the project, skipping this file
WARNING: [filemgmt 56-12] File '/home/williams/MYFPGA/FPGA Training Data Etri_fso/sfp_int/sfp_int_0/gt_ex/gt_ex_test/gt_ex_test.srcs/sources_1/new/encoder/combiner.v' cannot be added to the project because it already exists in the project, skipping this file
WARNING: [filemgmt 56-12] File '/home/williams/MYFPGA/FPGA Training Data Etri_fso/sfp_int/sfp_int_0/gt_ex/gt_ex_test/gt_ex_test.srcs/sources_1/new/encoder/crc_32.v' cannot be added to the project because it already exists in the project, skipping this file
WARNING: [filemgmt 56-12] File '/home/williams/MYFPGA/FPGA Training Data Etri_fso/sfp_int/sfp_int_0/gt_ex/gt_ex_test/gt_ex_test.srcs/sources_1/new/rs_codec/syndrome_unit.v' cannot be added to the project because it already exists in the project, skipping this file
WARNING: [filemgmt 56-12] File '/home/williams/MYFPGA/FPGA Training Data Etri_fso/sfp_int/sfp_int_0/gt_ex/gt_ex_test/gt_ex_test.srcs/sources_1/new/rs_codec/euclid_proc.v' cannot be added to the project because it already exists in the project, skipping this file
WARNING: [filemgmt 56-12] File '/home/williams/MYFPGA/FPGA Training Data Etri_fso/sfp_int/sfp_int_0/gt_ex/gt_ex_test/gt_ex_test.srcs/sources_1/new/decoder/core_rx.v' cannot be added to the project because it already exists in the project, skipping this file
WARNING: [filemgmt 56-12] File '/home/williams/MYFPGA/FPGA Training Data Etri_fso/sfp_int/sfp_int_0/gt_ex/gt_ex_test/gt_ex_test.srcs/sources_1/new/decoder/separator.v' cannot be added to the project because it already exists in the project, skipping this file
WARNING: [filemgmt 56-12] File '/home/williams/MYFPGA/FPGA Training Data Etri_fso/sfp_int/sfp_int_0/gt_ex/gt_ex_test/gt_ex_test.srcs/sources_1/new/rs_codec/chien_search.v' cannot be added to the project because it already exists in the project, skipping this file
WARNING: [filemgmt 56-12] File '/home/williams/MYFPGA/FPGA Training Data Etri_fso/sfp_int/sfp_int_0/gt_ex/gt_ex_test/gt_ex_test.srcs/sources_1/new/decoder/lpc_dec.v' cannot be added to the project because it already exists in the project, skipping this file
WARNING: [filemgmt 56-12] File '/home/williams/MYFPGA/FPGA Training Data Etri_fso/sfp_int/sfp_int_0/gt_ex/gt_ex_test/gt_ex_test.srcs/sources_1/new/decoder/rx_logic_gth.v' cannot be added to the project because it already exists in the project, skipping this file
WARNING: [filemgmt 56-12] File '/home/williams/MYFPGA/FPGA Training Data Etri_fso/sfp_int/sfp_int_0/gt_ex/gt_ex_test/gt_ex_test.srcs/sources_1/new/error_inject.v' cannot be added to the project because it already exists in the project, skipping this file
WARNING: [filemgmt 56-12] File '/home/williams/MYFPGA/FPGA Training Data Etri_fso/sfp_int/sfp_int_0/gt_ex/gt_ex_test/gt_ex_test.srcs/sources_1/new/encoder/rs_encoder_64.v' cannot be added to the project because it already exists in the project, skipping this file
ERROR: [IP_Flow 19-8166] Failed to verify json document against the schema 'xilinx.com:schema:json_instance:1.0'.
{
  "additionalProperties": {
    "disallowed": "resolve_type",
    "instanceRef": "#/ip_inst/parameters/project_parameters/ARCHITECTURE/0",
    "schemaRef": "file:///simple_param_value_v1_0.json#/definitions/simple_param_value"
  }
}
CRITICAL WARNING: [IP_Flow 19-183] Failed to load IP instance 'reset_0'.
CRITICAL WARNING: [IP_Flow 19-1835] Failed to recreate IP instance 'reset_0'. Error reading project file(s).
CRITICAL WARNING: [Vivado 12-1462] The source file is already part of the fileset 'sources_1'. Requested source '/home/williams/MYFPGA/FPGA Training Data Etri_fso/sfp_int/sfp_int_0/gt_ex/gt_ex_test/gt_ex_test.srcs/sources_1/ip/delay_combiner/delay_combiner.xci' will not be added.
CRITICAL WARNING: [Vivado 12-1462] The source file is already part of the fileset 'sources_1'. Requested source '/home/williams/MYFPGA/FPGA Training Data Etri_fso/sfp_int/sfp_int_0/gt_ex/gt_ex_test/gt_ex_test.srcs/sources_1/ip/gt/gt.xci' will not be added.
CRITICAL WARNING: [Vivado 12-1462] The source file is already part of the fileset 'sources_1'. Requested source '/home/williams/MYFPGA/FPGA Training Data Etri_fso/sfp_int/sfp_int_0/gt_ex/gt_ex_test/gt_ex_test.srcs/sources_1/ip/cross_logic_gth/cross_logic_gth.xci' will not be added.
CRITICAL WARNING: [Vivado 12-1462] The source file is already part of the fileset 'sources_1'. Requested source '/home/williams/MYFPGA/FPGA Training Data Etri_fso/sfp_int/sfp_int_0/gt_ex/gt_ex_test/gt_ex_test.srcs/sources_1/ip/delay_rs/delay_rs.xci' will not be added.
CRITICAL WARNING: [Vivado 12-1462] The source file is already part of the fileset 'sources_1'. Requested source '/home/williams/MYFPGA/FPGA Training Data Etri_fso/sfp_int/sfp_int_0/gt_ex/gt_ex_test/gt_ex_test.srcs/sources_1/ip/serdes_framer/serdes_framer.xci' will not be added.
CRITICAL WARNING: [Vivado 12-1462] The source file is already part of the fileset 'sources_1'. Requested source '/home/williams/MYFPGA/FPGA Training Data Etri_fso/sfp_int/sfp_int_0/gt_ex/gt_ex_test/gt_ex_test.srcs/sources_1/ip/cross_gth_logic_load/cross_gth_logic_load.xci' will not be added.
CRITICAL WARNING: [Vivado 12-1462] The source file is already part of the fileset 'sources_1'. Requested source '/home/williams/MYFPGA/FPGA Training Data Etri_fso/sfp_int/sfp_int_0/gt_ex/gt_ex_test/gt_ex_test.srcs/sources_1/ip/gt_vio_0/gt_vio_0.xci' will not be added.
ERROR: [IP_Flow 19-8166] Failed to verify json document against the schema 'xilinx.com:schema:json_instance:1.0'.
{
  "additionalProperties": {
    "disallowed": "resolve_type",
    "instanceRef": "#/ip_inst/parameters/project_parameters/ARCHITECTURE/0",
    "schemaRef": "file:///simple_param_value_v1_0.json#/definitions/simple_param_value"
  }
}
WARNING: [IP_Flow 19-395] Problem validating against XML schema: : Unexpected end of message
WARNING: [filemgmt 56-12] File '/home/williams/MYFPGA/FPGA Training Data Etri_fso/sfp_int/sfp_int_0/gt_ex/gt_ex_test/gt_ex_test.srcs/sources_1/new/rs_codec/rs_encoder.v' cannot be added to the project because it already exists in the project, skipping this file
WARNING: [filemgmt 56-12] File '/home/williams/MYFPGA/FPGA Training Data Etri_fso/sfp_int/sfp_int_0/gt_ex/gt_ex_test/gt_ex_test.srcs/sources_1/new/stream_input.v' cannot be added to the project because it already exists in the project, skipping this file
WARNING: [filemgmt 56-12] File '/home/williams/MYFPGA/FPGA Training Data Etri_fso/sfp_int/sfp_int_0/gt_ex/gt_ex_test/gt_ex_test.srcs/sources_1/new/packet_rec.v' cannot be added to the project because it already exists in the project, skipping this file
WARNING: [filemgmt 56-12] File '/home/williams/MYFPGA/FPGA Training Data Etri_fso/sfp_int/sfp_int_0/gt_ex/gt_ex_test/gt_ex_test.srcs/sources_1/new/decoder/assembler_top.v' cannot be added to the project because it already exists in the project, skipping this file
WARNING: [filemgmt 56-12] File '/home/williams/MYFPGA/FPGA Training Data Etri_fso/sfp_int/sfp_int_0/gt_ex/gt_ex_test/gt_ex_test.srcs/sources_1/new/encoder/crc_16.v' cannot be added to the project because it already exists in the project, skipping this file
WARNING: [filemgmt 56-12] File '/home/williams/MYFPGA/FPGA Training Data Etri_fso/sfp_int/sfp_int_0/gt_ex/gt_ex_test/gt_ex_test.srcs/sources_1/new/rs_codec/inverter.v' cannot be added to the project because it already exists in the project, skipping this file
WARNING: [filemgmt 56-12] File '/home/williams/MYFPGA/FPGA Training Data Etri_fso/sfp_int/sfp_int_0/gt_ex/gt_ex_test/gt_ex_test.srcs/sources_1/new/decoder/rs_decoder_64.v' cannot be added to the project because it already exists in the project, skipping this file
WARNING: [filemgmt 56-12] File '/home/williams/MYFPGA/FPGA Training Data Etri_fso/sfp_int/sfp_int_0/gt_ex/gt_ex_test/gt_ex_test.srcs/sources_1/new/decoder/decoder_top.v' cannot be added to the project because it already exists in the project, skipping this file
WARNING: [filemgmt 56-12] File '/home/williams/MYFPGA/FPGA Training Data Etri_fso/sfp_int/sfp_int_0/gt_ex/gt_ex_test/gt_ex_test.srcs/sources_1/new/decoder/lpc_dec_top.v' cannot be added to the project because it already exists in the project, skipping this file
WARNING: [filemgmt 56-12] File '/home/williams/MYFPGA/FPGA Training Data Etri_fso/sfp_int/sfp_int_0/gt_ex/gt_ex_test/gt_ex_test.srcs/sources_1/new/rs_codec/multiplier.v' cannot be added to the project because it already exists in the project, skipping this file
WARNING: [filemgmt 56-12] File '/home/williams/MYFPGA/FPGA Training Data Etri_fso/sfp_int/sfp_int_0/gt_ex/gt_ex_test/gt_ex_test.srcs/sources_1/new/decoder/rx_gth_logic.v' cannot be added to the project because it already exists in the project, skipping this file
WARNING: [filemgmt 56-12] File '/home/williams/MYFPGA/FPGA Training Data Etri_fso/sfp_int/sfp_int_0/gt_ex/gt_ex_test/gt_ex_test.srcs/sources_1/new/top.v' cannot be added to the project because it already exists in the project, skipping this file
WARNING: [filemgmt 56-12] File '/home/williams/MYFPGA/FPGA Training Data Etri_fso/sfp_int/sfp_int_0/gt_ex/gt_ex_test/gt_ex_test.srcs/sources_1/new/encoder/framer_top.v' cannot be added to the project because it already exists in the project, skipping this file
WARNING: [filemgmt 56-12] File '/home/williams/MYFPGA/FPGA Training Data Etri_fso/sfp_int/sfp_int_0/gt_ex/gt_ex_test/gt_ex_test.srcs/sources_1/new/encoder/core_tx.v' cannot be added to the project because it already exists in the project, skipping this file
WARNING: [filemgmt 56-12] File '/home/williams/MYFPGA/FPGA Training Data Etri_fso/sfp_int/sfp_int_0/gt_ex/gt_ex_test/gt_ex_test.srcs/sources_1/new/decoder/assembler.v' cannot be added to the project because it already exists in the project, skipping this file
ERROR: [IP_Flow 19-8166] Failed to verify json document against the schema 'xilinx.com:schema:json_instance:1.0'.
{
  "additionalProperties": {
    "disallowed": "resolve_type",
    "instanceRef": "#/ip_inst/parameters/project_parameters/ARCHITECTURE/0",
    "schemaRef": "file:///simple_param_value_v1_0.json#/definitions/simple_param_value"
  }
}
CRITICAL WARNING: [IP_Flow 19-183] Failed to load IP instance 'clk_wiz_0'.
CRITICAL WARNING: [IP_Flow 19-1835] Failed to recreate IP instance 'clk_wiz_0'. Error reading project file(s).
CRITICAL WARNING: [Vivado 12-1462] The source file is already part of the fileset 'sources_1'. Requested source '/home/williams/MYFPGA/FPGA Training Data Etri_fso/sfp_int/sfp_int_0/gt_ex/gt_ex_test/gt_ex_test.srcs/sources_1/ip/cross_gth_logic_head/cross_gth_logic_head.xci' will not be added.
CRITICAL WARNING: [Vivado 12-1462] The source file is already part of the fileset 'sources_1'. Requested source '/home/williams/MYFPGA/FPGA Training Data Etri_fso/sfp_int/sfp_int_0/gt_ex/gt_ex_test/gt_ex_test.srcs/sources_1/ip/cross_logic_gth_head/cross_logic_gth_head.xci' will not be added.
WARNING: [filemgmt 56-12] File '/home/williams/MYFPGA/FPGA Training Data Etri_fso/sfp_int/sfp_int_0/gt_ex/gt_ex_test/gt_ex_test.srcs/sources_1/new/encoder/lpc.v' cannot be added to the project because it already exists in the project, skipping this file
WARNING: [filemgmt 56-12] File '/home/williams/MYFPGA/FPGA Training Data Etri_fso/sfp_int/sfp_int_0/gt_ex/gt_ex_test/gt_ex_test.srcs/sources_1/new/encoder/x_logic_gth.v' cannot be added to the project because it already exists in the project, skipping this file
WARNING: [filemgmt 56-12] File '/home/williams/MYFPGA/FPGA Training Data Etri_fso/sfp_int/sfp_int_0/gt_ex/gt_ex_test/gt_ex_test.srcs/sources_1/new/word_align.v' cannot be added to the project because it already exists in the project, skipping this file
WARNING: [filemgmt 56-12] File '/home/williams/MYFPGA/FPGA Training Data Etri_fso/sfp_int/sfp_int_0/gt_ex/gt_ex_test/gt_ex_test.srcs/sources_1/new/rs_codec/rs_decoder.v' cannot be added to the project because it already exists in the project, skipping this file
WARNING: [filemgmt 56-12] File '/home/williams/MYFPGA/FPGA Training Data Etri_fso/sfp_int/sfp_int_0/gt_ex/gt_ex_test/gt_ex_test.srcs/sources_1/new/autorun.v' cannot be added to the project because it already exists in the project, skipping this file
WARNING: [Vivado 12-13650] The IP file '/home/williams/MYFPGA/FPGA Training Data Etri_fso/sfp_int/sfp_int_0/gt_ex/gt_ex_test/gt_ex_test.srcs/sources_1/ip/reset_0/reset_0.xci' has been moved from its original location, as a result the outputs for this IP will now be generated in ''. Alternatively a copy of the IP can be imported into the project using one of the 'import_ip' or 'import_files' commands.
WARNING: [Vivado 12-13650] The IP file '/home/williams/MYFPGA/FPGA Training Data Etri_fso/sfp_int/sfp_int_0/gt_ex/gt_ex_test/gt_ex_test.srcs/sources_1/ip/clk_wiz_0/clk_wiz_0.xci' has been moved from its original location, as a result the outputs for this IP will now be generated in ''. Alternatively a copy of the IP can be imported into the project using one of the 'import_ip' or 'import_files' commands.
ERROR: [Common 17-39] 'add_files' failed due to earlier errors.
update_compile_order -fileset sources_1
export_ip_user_files -of_objects  [get_files {{/home/williams/MYFPGA/FPGA Training Data Etri_fso/sfp_int/sfp_int_0/gt_ex/gt_ex_test/gt_ex_test.srcs/sources_1/ip/clk_wiz_0/clk_wiz_0.xci}}] -no_script -reset -force -quiet
remove_files  {{/home/williams/MYFPGA/FPGA Training Data Etri_fso/sfp_int/sfp_int_0/gt_ex/gt_ex_test/gt_ex_test.srcs/sources_1/ip/clk_wiz_0/clk_wiz_0.xci}}
export_ip_user_files -of_objects  [get_files {{/home/williams/MYFPGA/FPGA Training Data Etri_fso/sfp_int/sfp_int_0/gt_ex/gt_ex_test/gt_ex_test.srcs/sources_1/ip/reset_0/reset_0.xci}}] -no_script -reset -force -quiet
remove_files  {{/home/williams/MYFPGA/FPGA Training Data Etri_fso/sfp_int/sfp_int_0/gt_ex/gt_ex_test/gt_ex_test.srcs/sources_1/ip/reset_0/reset_0.xci}}
create_ip -name clk_wiz -vendor xilinx.com -library ip -version 6.0 -module_name clk_wiz_0
set_property -dict [list \
  CONFIG.CLKIN1_JITTER_PS {50.0} \
  CONFIG.CLKOUT1_DRIVES {Buffer} \
  CONFIG.CLKOUT1_JITTER {112.316} \
  CONFIG.CLKOUT1_PHASE_ERROR {89.971} \
  CONFIG.CLKOUT2_DRIVES {Buffer} \
  CONFIG.CLKOUT3_DRIVES {Buffer} \
  CONFIG.CLKOUT4_DRIVES {Buffer} \
  CONFIG.CLKOUT5_DRIVES {Buffer} \
  CONFIG.CLKOUT6_DRIVES {Buffer} \
  CONFIG.CLKOUT7_DRIVES {Buffer} \
  CONFIG.MMCM_CLKFBOUT_MULT_F {5.000} \
  CONFIG.MMCM_CLKIN1_PERIOD {5.000} \
  CONFIG.MMCM_CLKIN2_PERIOD {10.0} \
  CONFIG.PRIM_IN_FREQ {200.000} \
  CONFIG.SECONDARY_SOURCE {Single_ended_clock_capable_pin} \
  CONFIG.USE_PHASE_ALIGNMENT {true} \
] [get_ips clk_wiz_0]
generate_target {instantiation_template} [get_files {{/home/williams/MYFPGA/FPGA Training Data Etri_fso/sfp_int/sfp_int_0/gt_ex/gt_ex_test/gt_ex_test.srcs/sources_1/ip/clk_wiz_0_1/clk_wiz_0.xci}}]
INFO: [IP_Flow 19-1686] Generating 'Instantiation Template' target for IP 'clk_wiz_0'...
update_compile_order -fileset sources_1
generate_target all [get_files  {{/home/williams/MYFPGA/FPGA Training Data Etri_fso/sfp_int/sfp_int_0/gt_ex/gt_ex_test/gt_ex_test.srcs/sources_1/ip/clk_wiz_0_1/clk_wiz_0.xci}}]
INFO: [IP_Flow 19-1686] Generating 'Synthesis' target for IP 'clk_wiz_0'...
INFO: [IP_Flow 19-1686] Generating 'Simulation' target for IP 'clk_wiz_0'...
INFO: [IP_Flow 19-1686] Generating 'Implementation' target for IP 'clk_wiz_0'...
INFO: [IP_Flow 19-1686] Generating 'Change Log' target for IP 'clk_wiz_0'...
catch { config_ip_cache -export [get_ips -all clk_wiz_0] }
INFO: [IP_Flow 19-6924] IPCACHE: Running cache check for IP inst: clk_wiz_0
export_ip_user_files -of_objects [get_files {{/home/williams/MYFPGA/FPGA Training Data Etri_fso/sfp_int/sfp_int_0/gt_ex/gt_ex_test/gt_ex_test.srcs/sources_1/ip/clk_wiz_0_1/clk_wiz_0.xci}}] -no_script -sync -force -quiet
create_ip_run [get_files -of_objects [get_fileset sources_1] {{/home/williams/MYFPGA/FPGA Training Data Etri_fso/sfp_int/sfp_int_0/gt_ex/gt_ex_test/gt_ex_test.srcs/sources_1/ip/clk_wiz_0_1/clk_wiz_0.xci}}]
launch_runs clk_wiz_0_synth_1 -jobs 24
INFO: [IP_Flow 19-6924] IPCACHE: Running cache check for IP inst: clk_wiz_0
[Mon Aug  3 17:04:02 2026] Launched clk_wiz_0_synth_1...
Run output will be captured here: /home/williams/MYFPGA/FPGA Training Data Etri_fso/sfp_int/sfp_int_0/gt_ex/gt_ex_test/gt_ex_test.runs/clk_wiz_0_synth_1/runme.log
export_simulation -of_objects [get_files {{/home/williams/MYFPGA/FPGA Training Data Etri_fso/sfp_int/sfp_int_0/gt_ex/gt_ex_test/gt_ex_test.srcs/sources_1/ip/clk_wiz_0_1/clk_wiz_0.xci}}] -directory {/home/williams/MYFPGA/FPGA Training Data Etri_fso/sfp_int/sfp_int_0/gt_ex/gt_ex_test/gt_ex_test.ip_user_files/sim_scripts} -ip_user_files_dir {/home/williams/MYFPGA/FPGA Training Data Etri_fso/sfp_int/sfp_int_0/gt_ex/gt_ex_test/gt_ex_test.ip_user_files} -ipstatic_source_dir {/home/williams/MYFPGA/FPGA Training Data Etri_fso/sfp_int/sfp_int_0/gt_ex/gt_ex_test/gt_ex_test.ip_user_files/ipstatic} -lib_map_path [list {modelsim=/home/williams/MYFPGA/FPGA Training Data Etri_fso/sfp_int/sfp_int_0/gt_ex/gt_ex_test/gt_ex_test.cache/compile_simlib/modelsim} {questa=/home/williams/MYFPGA/FPGA Training Data Etri_fso/sfp_int/sfp_int_0/gt_ex/gt_ex_test/gt_ex_test.cache/compile_simlib/questa} {xcelium=/home/williams/MYFPGA/FPGA Training Data Etri_fso/sfp_int/sfp_int_0/gt_ex/gt_ex_test/gt_ex_test.cache/compile_simlib/xcelium} {vcs=/home/williams/MYFPGA/FPGA Training Data Etri_fso/sfp_int/sfp_int_0/gt_ex/gt_ex_test/gt_ex_test.cache/compile_simlib/vcs} {riviera=/home/williams/MYFPGA/FPGA Training Data Etri_fso/sfp_int/sfp_int_0/gt_ex/gt_ex_test/gt_ex_test.cache/compile_simlib/riviera}] -use_ip_compiled_libs -force -quiet
export_ip_user_files -of_objects  [get_files {{/home/williams/MYFPGA/FPGA Training Data Etri_fso/sfp_int/sfp_int_0/gt_ex/gt_ex_test/gt_ex_test.srcs/sources_1/ip/clk_wiz_0_1/clk_wiz_0.xci}}] -no_script -reset -force -quiet
remove_files  -fileset clk_wiz_0 {{/home/williams/MYFPGA/FPGA Training Data Etri_fso/sfp_int/sfp_int_0/gt_ex/gt_ex_test/gt_ex_test.srcs/sources_1/ip/clk_wiz_0_1/clk_wiz_0.xci}}
INFO: [Project 1-386] Moving file '/home/williams/MYFPGA/FPGA Training Data Etri_fso/sfp_int/sfp_int_0/gt_ex/gt_ex_test/gt_ex_test.srcs/sources_1/ip/clk_wiz_0_1/clk_wiz_0.xci' from fileset 'clk_wiz_0' to fileset 'sources_1'.
create_ip -name clk_wiz -vendor xilinx.com -library ip -version 6.0 -module_name clk_wiz_0
set_property -dict [list \
  CONFIG.CLKIN1_JITTER_PS {50.0} \
  CONFIG.CLKOUT1_DRIVES {Buffer} \
  CONFIG.CLKOUT1_JITTER {112.316} \
  CONFIG.CLKOUT1_PHASE_ERROR {89.971} \
  CONFIG.CLKOUT2_DRIVES {Buffer} \
  CONFIG.CLKOUT2_JITTER {98.146} \
  CONFIG.CLKOUT2_PHASE_ERROR {89.971} \
  CONFIG.CLKOUT2_REQUESTED_OUT_FREQ {200.000} \
  CONFIG.CLKOUT2_USED {true} \
  CONFIG.CLKOUT3_DRIVES {Buffer} \
  CONFIG.CLKOUT4_DRIVES {Buffer} \
  CONFIG.CLKOUT5_DRIVES {Buffer} \
  CONFIG.CLKOUT6_DRIVES {Buffer} \
  CONFIG.CLKOUT7_DRIVES {Buffer} \
  CONFIG.MMCM_CLKFBOUT_MULT_F {5.000} \
  CONFIG.MMCM_CLKIN1_PERIOD {5.000} \
  CONFIG.MMCM_CLKIN2_PERIOD {10.0} \
  CONFIG.MMCM_CLKOUT1_DIVIDE {5} \
  CONFIG.NUM_OUT_CLKS {2} \
  CONFIG.PRIM_IN_FREQ {200.000} \
  CONFIG.SECONDARY_SOURCE {Single_ended_clock_capable_pin} \
  CONFIG.USE_PHASE_ALIGNMENT {true} \
] [get_ips clk_wiz_0]
generate_target {instantiation_template} [get_files {{/home/williams/MYFPGA/FPGA Training Data Etri_fso/sfp_int/sfp_int_0/gt_ex/gt_ex_test/gt_ex_test.srcs/sources_1/ip/clk_wiz_0_2/clk_wiz_0.xci}}]
INFO: [IP_Flow 19-1686] Generating 'Instantiation Template' target for IP 'clk_wiz_0'...
update_compile_order -fileset sources_1
generate_target all [get_files  {{/home/williams/MYFPGA/FPGA Training Data Etri_fso/sfp_int/sfp_int_0/gt_ex/gt_ex_test/gt_ex_test.srcs/sources_1/ip/clk_wiz_0_2/clk_wiz_0.xci}}]
INFO: [IP_Flow 19-1686] Generating 'Synthesis' target for IP 'clk_wiz_0'...
INFO: [IP_Flow 19-1686] Generating 'Simulation' target for IP 'clk_wiz_0'...
INFO: [IP_Flow 19-1686] Generating 'Implementation' target for IP 'clk_wiz_0'...
INFO: [IP_Flow 19-1686] Generating 'Change Log' target for IP 'clk_wiz_0'...
catch { config_ip_cache -export [get_ips -all clk_wiz_0] }
INFO: [IP_Flow 19-6924] IPCACHE: Running cache check for IP inst: clk_wiz_0
export_ip_user_files -of_objects [get_files {{/home/williams/MYFPGA/FPGA Training Data Etri_fso/sfp_int/sfp_int_0/gt_ex/gt_ex_test/gt_ex_test.srcs/sources_1/ip/clk_wiz_0_2/clk_wiz_0.xci}}] -no_script -sync -force -quiet
create_ip_run [get_files -of_objects [get_fileset sources_1] {{/home/williams/MYFPGA/FPGA Training Data Etri_fso/sfp_int/sfp_int_0/gt_ex/gt_ex_test/gt_ex_test.srcs/sources_1/ip/clk_wiz_0_2/clk_wiz_0.xci}}]
launch_runs clk_wiz_0_synth_1 -jobs 24
INFO: [IP_Flow 19-6924] IPCACHE: Running cache check for IP inst: clk_wiz_0
[Mon Aug  3 17:07:07 2026] Launched clk_wiz_0_synth_1...
Run output will be captured here: /home/williams/MYFPGA/FPGA Training Data Etri_fso/sfp_int/sfp_int_0/gt_ex/gt_ex_test/gt_ex_test.runs/clk_wiz_0_synth_1/runme.log
export_simulation -of_objects [get_files {{/home/williams/MYFPGA/FPGA Training Data Etri_fso/sfp_int/sfp_int_0/gt_ex/gt_ex_test/gt_ex_test.srcs/sources_1/ip/clk_wiz_0_2/clk_wiz_0.xci}}] -directory {/home/williams/MYFPGA/FPGA Training Data Etri_fso/sfp_int/sfp_int_0/gt_ex/gt_ex_test/gt_ex_test.ip_user_files/sim_scripts} -ip_user_files_dir {/home/williams/MYFPGA/FPGA Training Data Etri_fso/sfp_int/sfp_int_0/gt_ex/gt_ex_test/gt_ex_test.ip_user_files} -ipstatic_source_dir {/home/williams/MYFPGA/FPGA Training Data Etri_fso/sfp_int/sfp_int_0/gt_ex/gt_ex_test/gt_ex_test.ip_user_files/ipstatic} -lib_map_path [list {modelsim=/home/williams/MYFPGA/FPGA Training Data Etri_fso/sfp_int/sfp_int_0/gt_ex/gt_ex_test/gt_ex_test.cache/compile_simlib/modelsim} {questa=/home/williams/MYFPGA/FPGA Training Data Etri_fso/sfp_int/sfp_int_0/gt_ex/gt_ex_test/gt_ex_test.cache/compile_simlib/questa} {xcelium=/home/williams/MYFPGA/FPGA Training Data Etri_fso/sfp_int/sfp_int_0/gt_ex/gt_ex_test/gt_ex_test.cache/compile_simlib/xcelium} {vcs=/home/williams/MYFPGA/FPGA Training Data Etri_fso/sfp_int/sfp_int_0/gt_ex/gt_ex_test/gt_ex_test.cache/compile_simlib/vcs} {riviera=/home/williams/MYFPGA/FPGA Training Data Etri_fso/sfp_int/sfp_int_0/gt_ex/gt_ex_test/gt_ex_test.cache/compile_simlib/riviera}] -use_ip_compiled_libs -force -quiet
create_ip -name proc_sys_reset -vendor xilinx.com -library ip -version 5.0 -module_name reset_0
set_property -dict [list \
  CONFIG.C_EXT_RESET_HIGH {0} \
  CONFIG.Component_Name {reset_0} \
] [get_ips reset_0]
WARNING: [Vivado 12-3523] Attempt to change 'Component_Name' from 'reset_0' to 'reset_0' is not allowed and is ignored.
generate_target {instantiation_template} [get_files {{/home/williams/MYFPGA/FPGA Training Data Etri_fso/sfp_int/sfp_int_0/gt_ex/gt_ex_test/gt_ex_test.srcs/sources_1/ip/reset_0_1/reset_0.xci}}]
INFO: [IP_Flow 19-1686] Generating 'Instantiation Template' target for IP 'reset_0'...
generate_target all [get_files  {{/home/williams/MYFPGA/FPGA Training Data Etri_fso/sfp_int/sfp_int_0/gt_ex/gt_ex_test/gt_ex_test.srcs/sources_1/ip/reset_0_1/reset_0.xci}}]
INFO: [IP_Flow 19-1686] Generating 'Synthesis' target for IP 'reset_0'...
INFO: [IP_Flow 19-1686] Generating 'Simulation' target for IP 'reset_0'...
INFO: [IP_Flow 19-1686] Generating 'Implementation' target for IP 'reset_0'...
INFO: [IP_Flow 19-1686] Generating 'Change Log' target for IP 'reset_0'...
catch { config_ip_cache -export [get_ips -all reset_0] }
INFO: [IP_Flow 19-6924] IPCACHE: Running cache check for IP inst: reset_0
export_ip_user_files -of_objects [get_files {{/home/williams/MYFPGA/FPGA Training Data Etri_fso/sfp_int/sfp_int_0/gt_ex/gt_ex_test/gt_ex_test.srcs/sources_1/ip/reset_0_1/reset_0.xci}}] -no_script -sync -force -quiet
create_ip_run [get_files -of_objects [get_fileset sources_1] {{/home/williams/MYFPGA/FPGA Training Data Etri_fso/sfp_int/sfp_int_0/gt_ex/gt_ex_test/gt_ex_test.srcs/sources_1/ip/reset_0_1/reset_0.xci}}]
launch_runs reset_0_synth_1 -jobs 24
INFO: [IP_Flow 19-6924] IPCACHE: Running cache check for IP inst: reset_0
[Mon Aug  3 17:10:46 2026] Launched reset_0_synth_1...
Run output will be captured here: /home/williams/MYFPGA/FPGA Training Data Etri_fso/sfp_int/sfp_int_0/gt_ex/gt_ex_test/gt_ex_test.runs/reset_0_synth_1/runme.log
export_simulation -of_objects [get_files {{/home/williams/MYFPGA/FPGA Training Data Etri_fso/sfp_int/sfp_int_0/gt_ex/gt_ex_test/gt_ex_test.srcs/sources_1/ip/reset_0_1/reset_0.xci}}] -directory {/home/williams/MYFPGA/FPGA Training Data Etri_fso/sfp_int/sfp_int_0/gt_ex/gt_ex_test/gt_ex_test.ip_user_files/sim_scripts} -ip_user_files_dir {/home/williams/MYFPGA/FPGA Training Data Etri_fso/sfp_int/sfp_int_0/gt_ex/gt_ex_test/gt_ex_test.ip_user_files} -ipstatic_source_dir {/home/williams/MYFPGA/FPGA Training Data Etri_fso/sfp_int/sfp_int_0/gt_ex/gt_ex_test/gt_ex_test.ip_user_files/ipstatic} -lib_map_path [list {modelsim=/home/williams/MYFPGA/FPGA Training Data Etri_fso/sfp_int/sfp_int_0/gt_ex/gt_ex_test/gt_ex_test.cache/compile_simlib/modelsim} {questa=/home/williams/MYFPGA/FPGA Training Data Etri_fso/sfp_int/sfp_int_0/gt_ex/gt_ex_test/gt_ex_test.cache/compile_simlib/questa} {xcelium=/home/williams/MYFPGA/FPGA Training Data Etri_fso/sfp_int/sfp_int_0/gt_ex/gt_ex_test/gt_ex_test.cache/compile_simlib/xcelium} {vcs=/home/williams/MYFPGA/FPGA Training Data Etri_fso/sfp_int/sfp_int_0/gt_ex/gt_ex_test/gt_ex_test.cache/compile_simlib/vcs} {riviera=/home/williams/MYFPGA/FPGA Training Data Etri_fso/sfp_int/sfp_int_0/gt_ex/gt_ex_test/gt_ex_test.cache/compile_simlib/riviera}] -use_ip_compiled_libs -force -quiet
report_ip_status -name ip_status 
set_property dataflow_viewer_settings "min_width=16"   [current_fileset]
WARNING: [filemgmt 56-199] Attempt to get parsing info during refresh. "On-the-fly" syntax checking information may be incorrect. [/home/williams/MYFPGA/FPGA Training Data Etri_fso/sfp_int/sfp_int_0/gt_ex/imports/gt_example_wrapper_functions.v:]
WARNING: [filemgmt 56-199] Attempt to get parsing info during refresh. "On-the-fly" syntax checking information may be incorrect. [/home/williams/MYFPGA/FPGA Training Data Etri_fso/sfp_int/sfp_int_0/gt_ex/imports/gt_example_top_sim.v:]
WARNING: [filemgmt 56-199] Attempt to get parsing info during refresh. "On-the-fly" syntax checking information may be incorrect. [/home/williams/MYFPGA/FPGA Training Data Etri_fso/sfp_int/sfp_int_0/gt_ex/gt_ex_test/gt_ex_test.srcs/sources_1/new/top.v:]
report_ip_status -name ip_status 
report_ip_status -name ip_status 
report_ip_status -name ip_status 
export_ip_user_files -of_objects  [get_files {{/home/williams/MYFPGA/FPGA Training Data Etri_fso/sfp_int/sfp_int_0/gt_ex/gt_ex_test/gt_ex_test.srcs/sources_1/ip/gt/gt.xci}}] -no_script -reset -force -quiet
remove_files  {{/home/williams/MYFPGA/FPGA Training Data Etri_fso/sfp_int/sfp_int_0/gt_ex/gt_ex_test/gt_ex_test.srcs/sources_1/ip/gt/gt.xci}}
INFO: [Project 1-385] File '/home/williams/MYFPGA/FPGA Training Data Etri_fso/sfp_int/sfp_int_0/gt_ex/gt_ex_test/gt_ex_test.srcs/sources_1/ip/gt/gt.xci' already exists in fileset 'sources_1'; deleting from fileset 'gt'.
INFO: [Device 21-403] Loading part xcku060-ffva1156-2-i
can't read "value": no such variable
CRITICAL WARNING: [IP_Flow 19-1747] Failed to deliver file '/tools/Xilinx/Vivado/2022.2/data/ip/xilinx/gtwizard_ultrascale_v1_7/xit/gtwizard_ultrascale_v1_7_update_top.xit': can't read "value": no such variable
ERROR: [IP_Flow 19-167] Failed to deliver one or more file(s).
ERROR: [IP_Flow 19-3541] IP Elaboration error: Failed to generate IP 'gtwizard_ultrascale_0'. Failed to generate 'Elaborate Ports' outputs: 
can't read "value": no such variable
CRITICAL WARNING: [IP_Flow 19-1747] Failed to deliver file '/tools/Xilinx/Vivado/2022.2/data/ip/xilinx/gtwizard_ultrascale_v1_7/xit/gtwizard_ultrascale_v1_7_update_top.xit': can't read "value": no such variable
ERROR: [IP_Flow 19-167] Failed to deliver one or more file(s).
ERROR: [IP_Flow 19-3541] IP Elaboration error: Failed to generate IP 'gtwizard_ultrascale_0'. Failed to generate 'Elaborate Ports' outputs: 
can't read "value": no such variable
CRITICAL WARNING: [IP_Flow 19-1747] Failed to deliver file '/tools/Xilinx/Vivado/2022.2/data/ip/xilinx/gtwizard_ultrascale_v1_7/xit/gtwizard_ultrascale_v1_7_update_top.xit': can't read "value": no such variable
ERROR: [IP_Flow 19-167] Failed to deliver one or more file(s).
ERROR: [IP_Flow 19-3541] IP Elaboration error: Failed to generate IP 'gtwizard_ultrascale_0'. Failed to generate 'Elaborate Ports' outputs: 
can't read "value": no such variable
CRITICAL WARNING: [IP_Flow 19-1747] Failed to deliver file '/tools/Xilinx/Vivado/2022.2/data/ip/xilinx/gtwizard_ultrascale_v1_7/xit/gtwizard_ultrascale_v1_7_update_top.xit': can't read "value": no such variable
ERROR: [IP_Flow 19-167] Failed to deliver one or more file(s).
ERROR: [IP_Flow 19-3541] IP Elaboration error: Failed to generate IP 'gtwizard_ultrascale_0'. Failed to generate 'Elaborate Ports' outputs: 
can't read "value": no such variable
CRITICAL WARNING: [IP_Flow 19-1747] Failed to deliver file '/tools/Xilinx/Vivado/2022.2/data/ip/xilinx/gtwizard_ultrascale_v1_7/xit/gtwizard_ultrascale_v1_7_update_top.xit': can't read "value": no such variable
ERROR: [IP_Flow 19-167] Failed to deliver one or more file(s).
ERROR: [IP_Flow 19-3541] IP Elaboration error: Failed to generate IP 'gtwizard_ultrascale_0'. Failed to generate 'Elaborate Ports' outputs: 
create_ip -name gtwizard_ultrascale -vendor xilinx.com -library ip -version 1.7 -module_name gt
set_property -dict [list \
  CONFIG.CHANNEL_ENABLE {X1Y11 X1Y10 X1Y9 X1Y8} \
  CONFIG.Component_Name {gt} \
  CONFIG.ENABLE_OPTIONAL_PORTS {bgbypassb_in bgmonitorenb_in bgpdb_in bgrcalovrd_in bgrcalovrdenb_in cfgreset_in clkrsvd0_in clkrsvd1_in cplllockdetclk_in cplllocken_in cpllpd_in cpllrefclksel_in cpllreset_in dmonfiforeset_in dmonitorclk_in drpaddr_common_in drpaddr_in drpclk_common_in drpclk_in drpdi_common_in drpdi_in drpen_common_in drpen_in drpwe_common_in drpwe_in evoddphicaldone_in evoddphicalstart_in evoddphidrden_in evoddphidwren_in evoddphixrden_in evoddphixwren_in eyescanmode_in eyescanreset_in eyescantrigger_in gtgrefclk0_in gtgrefclk1_in gtgrefclk_in gtnorthrefclk0_in gtnorthrefclk00_in gtnorthrefclk1_in gtnorthrefclk01_in gtnorthrefclk10_in gtnorthrefclk11_in gtrefclk0_in gtrefclk1_in gtrefclk01_in gtrefclk10_in gtrefclk11_in gtresetsel_in gtrsvd_in gtsouthrefclk0_in gtsouthrefclk00_in gtsouthrefclk1_in gtsouthrefclk01_in gtsouthrefclk10_in gtsouthrefclk11_in loopback_in lpbkrxtxseren_in lpbktxrxseren_in pcieeqrxeqadaptdone_in pcierstidle_in pciersttxsyncstart_in pcieuserratedone_in pcsrsvdin2_in pcsrsvdin_in pmarsvd0_in pmarsvd1_in pmarsvdin_in qpll0clkrsvd0_in qpll0clkrsvd1_in qpll0lockdetclk_in qpll0locken_in qpll0pd_in qpll0refclksel_in qpll1clkrsvd0_in qpll1clkrsvd1_in qpll1lockdetclk_in qpll1locken_in qpll1pd_in qpll1refclksel_in qpll1reset_in qpllrsvd1_in qpllrsvd2_in qpllrsvd3_in qpllrsvd4_in rcalenb_in resetovrd_in rstclkentx_in rxbufreset_in rxcdrfreqreset_in rxcdrhold_in rxcdrovrden_in rxcdrreset_in rxcdrresetrsv_in rxchbonden_in rxchbondi_in rxchbondlevel_in rxchbondmaster_in rxchbondslave_in rxdfeagcctrl_in rxdfeagchold_in rxdfeagcovrden_in rxdfelfhold_in rxdfelfovrden_in rxdfelpmreset_in rxdfetap2hold_in rxdfetap2ovrden_in rxdfetap3hold_in rxdfetap3ovrden_in rxdfetap4hold_in rxdfetap4ovrden_in rxdfetap5hold_in rxdfetap5ovrden_in rxdfetap6hold_in rxdfetap6ovrden_in rxdfetap7hold_in rxdfetap7ovrden_in rxdfetap8hold_in rxdfetap8ovrden_in rxdfetap9hold_in rxdfetap9ovrden_in rxdfetap10hold_in rxdfetap10ovrden_in rxdfetap11hold_in rxdfetap11ovrden_in rxdfetap12hold_in rxdfetap12ovrden_in rxdfetap13hold_in rxdfetap13ovrden_in rxdfetap14hold_in rxdfetap14ovrden_in rxdfetap15hold_in rxdfetap15ovrden_in rxdfeuthold_in rxdfeutovrden_in rxdfevphold_in rxdfevpovrden_in rxdfevsen_in rxdfexyden_in rxdlybypass_in rxdlyen_in rxdlyovrden_in rxdlysreset_in rxelecidlemode_in rxgearboxslip_in rxlatclk_in rxlpmen_in rxlpmgchold_in rxlpmgcovrden_in rxlpmhfhold_in rxlpmhfovrden_in rxlpmlfhold_in rxlpmlfklovrden_in rxlpmoshold_in rxlpmosovrden_in rxmonitorsel_in rxoobreset_in rxoscalreset_in rxoshold_in rxosintcfg_in rxosinten_in rxosinthold_in rxosintovrden_in rxosintstrobe_in rxosinttestovrden_in rxosovrden_in rxoutclksel_in rxpcsreset_in rxpd_in rxphalign_in rxphalignen_in rxphdlypd_in rxphdlyreset_in rxphovrden_in rxpllclksel_in rxpmareset_in rxpolarity_in rxprbscntreset_in rxprbssel_in rxqpien_in rxrate_in rxratemode_in rxslide_in rxslipoutclk_in rxslippma_in rxsyncallin_in rxsyncin_in rxsyncmode_in rxsysclksel_in sigvalidclk_in tstin_in tx8b10bbypass_in txbufdiffctrl_in txcominit_in txcomsas_in txcomwake_in txdataextendrsvd_in txdeemph_in txdetectrx_in txdiffctrl_in txdiffpd_in txdlybypass_in txdlyen_in txdlyhold_in txdlyovrden_in txdlysreset_in txdlyupdown_in txelecidle_in txheader_in txinhibit_in txlatclk_in txmaincursor_in txmargin_in txoutclksel_in txpcsreset_in txpd_in txpdelecidlemode_in txphalign_in txphalignen_in txphdlypd_in txphdlyreset_in txphdlytstclk_in txphinit_in txphovrden_in txpippmen_in txpippmovrden_in txpippmpd_in txpippmsel_in txpippmstepsize_in txpisopd_in txpllclksel_in txpmareset_in txpolarity_in txpostcursor_in txpostcursorinv_in txprbsforceerr_in txprbssel_in txprecursor_in txprecursorinv_in txqpibiasen_in txqpistrongpdown_in txqpiweakpup_in txrate_in txratemode_in txsequence_in txswing_in txsyncallin_in txsyncin_in txsyncmode_in txsysclksel_in bufgtce_out bufgtcemask_out bufgtdiv_out bufgtreset_out bufgtrstmask_out cpllfbclklost_out cplllock_out cpllrefclklost_out dmonitorout_out drpdo_common_out drpdo_out drprdy_common_out drprdy_out eyescandataerror_out gtrefclkmonitor_out pcierategen3_out pcierateidle_out pcierateqpllpd_out pcierateqpllreset_out pciesynctxsyncdone_out pcieusergen3rdy_out pcieuserphystatusrst_out pcieuserratestart_out pcsrsvdout_out phystatus_out pinrsrvdas_out pmarsvdout0_out pmarsvdout1_out qpll0fbclklost_out qpll0lock_out qpll0refclklost_out qpll1fbclklost_out qpll1lock_out qpll1outclk_out qpll1outrefclk_out qpll1refclklost_out qplldmonitor0_out qplldmonitor1_out refclkoutmonitor0_out refclkoutmonitor1_out resetexception_out rxbufstatus_out rxcdrlock_out rxcdrphdone_out rxchanbondseq_out rxchanisaligned_out rxchanrealign_out rxchbondo_out rxclkcorcnt_out rxcominitdet_out rxcomsasdet_out rxcomwakedet_out rxdata_out rxdataextendrsvd_out rxdatavalid_out rxdlysresetdone_out rxelecidle_out rxheader_out rxheadervalid_out rxmonitorout_out rxosintdone_out rxosintstarted_out rxosintstrobedone_out rxosintstrobestarted_out rxoutclkfabric_out rxoutclkpcs_out rxphaligndone_out rxphalignerr_out rxprbserr_out rxprbslocked_out rxprgdivresetdone_out rxqpisenn_out rxqpisenp_out rxratedone_out rxrecclk0_sel_out rxrecclk1_sel_out rxrecclkout_out rxresetdone_out rxsliderdy_out rxslipdone_out rxslipoutclkrdy_out rxslippmardy_out rxstartofseq_out rxstatus_out rxsyncdone_out rxsyncout_out rxvalid_out txbufstatus_out txcomfinish_out txdlysresetdone_out txoutclkfabric_out txoutclkpcs_out txphaligndone_out txphinitdone_out txprgdivresetdone_out txqpisenn_out txqpisenp_out txratedone_out txresetdone_out txsyncdone_out txsyncout_out} \
  CONFIG.RX_COMMA_M_ENABLE {true} \
  CONFIG.RX_COMMA_PRESET {K28.5} \
  CONFIG.RX_COMMA_P_ENABLE {true} \
  CONFIG.RX_COMMA_VALID_ONLY {0} \
  CONFIG.RX_DATA_DECODING {8B10B} \
  CONFIG.RX_MASTER_CHANNEL {X1Y11} \
  CONFIG.TX_DATA_ENCODING {8B10B} \
  CONFIG.TX_MASTER_CHANNEL {X1Y11} \
] [get_ips gt]
WARNING: [Vivado 12-3523] Attempt to change 'Component_Name' from 'gt' to 'gt' is not allowed and is ignored.
generate_target {instantiation_template} [get_files {{/home/williams/MYFPGA/FPGA Training Data Etri_fso/sfp_int/sfp_int_0/gt_ex/gt_ex_test/gt_ex_test.srcs/sources_1/ip/gt_1/gt.xci}}]
INFO: [IP_Flow 19-1686] Generating 'Instantiation Template' target for IP 'gt'...
generate_target all [get_files  {{/home/williams/MYFPGA/FPGA Training Data Etri_fso/sfp_int/sfp_int_0/gt_ex/gt_ex_test/gt_ex_test.srcs/sources_1/ip/gt_1/gt.xci}}]
INFO: [IP_Flow 19-1686] Generating 'Synthesis' target for IP 'gt'...
INFO: [IP_Flow 19-1686] Generating 'Simulation' target for IP 'gt'...
INFO: [IP_Flow 19-1686] Generating 'Change Log' target for IP 'gt'...
catch { config_ip_cache -export [get_ips -all gt] }
INFO: [IP_Flow 19-6924] IPCACHE: Running cache check for IP inst: gt
export_ip_user_files -of_objects [get_files {{/home/williams/MYFPGA/FPGA Training Data Etri_fso/sfp_int/sfp_int_0/gt_ex/gt_ex_test/gt_ex_test.srcs/sources_1/ip/gt_1/gt.xci}}] -no_script -sync -force -quiet
create_ip_run [get_files -of_objects [get_fileset sources_1] {{/home/williams/MYFPGA/FPGA Training Data Etri_fso/sfp_int/sfp_int_0/gt_ex/gt_ex_test/gt_ex_test.srcs/sources_1/ip/gt_1/gt.xci}}]
launch_runs gt_synth_1 -jobs 24
INFO: [IP_Flow 19-6924] IPCACHE: Running cache check for IP inst: gt
[Mon Aug  3 17:49:58 2026] Launched gt_synth_1...
Run output will be captured here: /home/williams/MYFPGA/FPGA Training Data Etri_fso/sfp_int/sfp_int_0/gt_ex/gt_ex_test/gt_ex_test.runs/gt_synth_1/runme.log
export_simulation -of_objects [get_files {{/home/williams/MYFPGA/FPGA Training Data Etri_fso/sfp_int/sfp_int_0/gt_ex/gt_ex_test/gt_ex_test.srcs/sources_1/ip/gt_1/gt.xci}}] -directory {/home/williams/MYFPGA/FPGA Training Data Etri_fso/sfp_int/sfp_int_0/gt_ex/gt_ex_test/gt_ex_test.ip_user_files/sim_scripts} -ip_user_files_dir {/home/williams/MYFPGA/FPGA Training Data Etri_fso/sfp_int/sfp_int_0/gt_ex/gt_ex_test/gt_ex_test.ip_user_files} -ipstatic_source_dir {/home/williams/MYFPGA/FPGA Training Data Etri_fso/sfp_int/sfp_int_0/gt_ex/gt_ex_test/gt_ex_test.ip_user_files/ipstatic} -lib_map_path [list {modelsim=/home/williams/MYFPGA/FPGA Training Data Etri_fso/sfp_int/sfp_int_0/gt_ex/gt_ex_test/gt_ex_test.cache/compile_simlib/modelsim} {questa=/home/williams/MYFPGA/FPGA Training Data Etri_fso/sfp_int/sfp_int_0/gt_ex/gt_ex_test/gt_ex_test.cache/compile_simlib/questa} {xcelium=/home/williams/MYFPGA/FPGA Training Data Etri_fso/sfp_int/sfp_int_0/gt_ex/gt_ex_test/gt_ex_test.cache/compile_simlib/xcelium} {vcs=/home/williams/MYFPGA/FPGA Training Data Etri_fso/sfp_int/sfp_int_0/gt_ex/gt_ex_test/gt_ex_test.cache/compile_simlib/vcs} {riviera=/home/williams/MYFPGA/FPGA Training Data Etri_fso/sfp_int/sfp_int_0/gt_ex/gt_ex_test/gt_ex_test.cache/compile_simlib/riviera}] -use_ip_compiled_libs -force -quiet
report_ip_status -name ip_status 
reset_simulation -simset sim_1 -mode behavioral
set_property simulator_language Verilog [current_project]
report_ip_status -name ip_status 
generate_target Simulation [get_files {/home/williams/MYFPGA/FPGA Training Data Etri_fso/sfp_int/sfp_int_0/gt_ex/gt_ex_test/gt_ex_test.srcs/sources_1/ip/gt_1/gt.xci}]
WARNING: [Vivado 12-818] No files matched '/home/williams/MYFPGA/FPGA'
WARNING: [Vivado 12-818] No files matched 'Training'
WARNING: [Vivado 12-818] No files matched 'Data'
WARNING: [Vivado 12-818] No files matched 'Etri_fso/sfp_int/sfp_int_0/gt_ex/gt_ex_test/gt_ex_test.srcs/sources_1/ip/gt_1/gt.xci'
export_ip_user_files -of_objects [get_files {/home/williams/MYFPGA/FPGA Training Data Etri_fso/sfp_int/sfp_int_0/gt_ex/gt_ex_test/gt_ex_test.srcs/sources_1/ip/gt_1/gt.xci}] -no_script -sync -force -quiet
WARNING: [Vivado 12-818] No files matched '/home/williams/MYFPGA/FPGA'
WARNING: [Vivado 12-818] No files matched 'Training'
WARNING: [Vivado 12-818] No files matched 'Data'
WARNING: [Vivado 12-818] No files matched 'Etri_fso/sfp_int/sfp_int_0/gt_ex/gt_ex_test/gt_ex_test.srcs/sources_1/ip/gt_1/gt.xci'
export_simulation -of_objects [get_files {{/home/williams/MYFPGA/FPGA Training Data Etri_fso/sfp_int/sfp_int_0/gt_ex/gt_ex_test/gt_ex_test.srcs/sources_1/ip/gt_1/gt.xci}}] -directory {/home/williams/MYFPGA/FPGA Training Data Etri_fso/sfp_int/sfp_int_0/gt_ex/gt_ex_test/gt_ex_test.ip_user_files/sim_scripts} -ip_user_files_dir {/home/williams/MYFPGA/FPGA Training Data Etri_fso/sfp_int/sfp_int_0/gt_ex/gt_ex_test/gt_ex_test.ip_user_files} -ipstatic_source_dir {/home/williams/MYFPGA/FPGA Training Data Etri_fso/sfp_int/sfp_int_0/gt_ex/gt_ex_test/gt_ex_test.ip_user_files/ipstatic} -lib_map_path [list {modelsim=/home/williams/MYFPGA/FPGA Training Data Etri_fso/sfp_int/sfp_int_0/gt_ex/gt_ex_test/gt_ex_test.cache/compile_simlib/modelsim} {questa=/home/williams/MYFPGA/FPGA Training Data Etri_fso/sfp_int/sfp_int_0/gt_ex/gt_ex_test/gt_ex_test.cache/compile_simlib/questa} {xcelium=/home/williams/MYFPGA/FPGA Training Data Etri_fso/sfp_int/sfp_int_0/gt_ex/gt_ex_test/gt_ex_test.cache/compile_simlib/xcelium} {vcs=/home/williams/MYFPGA/FPGA Training Data Etri_fso/sfp_int/sfp_int_0/gt_ex/gt_ex_test/gt_ex_test.cache/compile_simlib/vcs} {riviera=/home/williams/MYFPGA/FPGA Training Data Etri_fso/sfp_int/sfp_int_0/gt_ex/gt_ex_test/gt_ex_test.cache/compile_simlib/riviera}] -use_ip_compiled_libs -force -quiet
set_property simulator_language Mixed [current_project]
generate_target Simulation [get_files {/home/williams/MYFPGA/FPGA Training Data Etri_fso/sfp_int/sfp_int_0/gt_ex/gt_ex_test/gt_ex_test.srcs/sources_1/ip/gt_1/gt.xci}]
WARNING: [Vivado 12-818] No files matched '/home/williams/MYFPGA/FPGA'
WARNING: [Vivado 12-818] No files matched 'Training'
WARNING: [Vivado 12-818] No files matched 'Data'
WARNING: [Vivado 12-818] No files matched 'Etri_fso/sfp_int/sfp_int_0/gt_ex/gt_ex_test/gt_ex_test.srcs/sources_1/ip/gt_1/gt.xci'
export_ip_user_files -of_objects [get_files {/home/williams/MYFPGA/FPGA Training Data Etri_fso/sfp_int/sfp_int_0/gt_ex/gt_ex_test/gt_ex_test.srcs/sources_1/ip/gt_1/gt.xci}] -no_script -sync -force -quiet
WARNING: [Vivado 12-818] No files matched '/home/williams/MYFPGA/FPGA'
WARNING: [Vivado 12-818] No files matched 'Training'
WARNING: [Vivado 12-818] No files matched 'Data'
WARNING: [Vivado 12-818] No files matched 'Etri_fso/sfp_int/sfp_int_0/gt_ex/gt_ex_test/gt_ex_test.srcs/sources_1/ip/gt_1/gt.xci'
export_simulation -of_objects [get_files {{/home/williams/MYFPGA/FPGA Training Data Etri_fso/sfp_int/sfp_int_0/gt_ex/gt_ex_test/gt_ex_test.srcs/sources_1/ip/gt_1/gt.xci}}] -directory {/home/williams/MYFPGA/FPGA Training Data Etri_fso/sfp_int/sfp_int_0/gt_ex/gt_ex_test/gt_ex_test.ip_user_files/sim_scripts} -ip_user_files_dir {/home/williams/MYFPGA/FPGA Training Data Etri_fso/sfp_int/sfp_int_0/gt_ex/gt_ex_test/gt_ex_test.ip_user_files} -ipstatic_source_dir {/home/williams/MYFPGA/FPGA Training Data Etri_fso/sfp_int/sfp_int_0/gt_ex/gt_ex_test/gt_ex_test.ip_user_files/ipstatic} -lib_map_path [list {modelsim=/home/williams/MYFPGA/FPGA Training Data Etri_fso/sfp_int/sfp_int_0/gt_ex/gt_ex_test/gt_ex_test.cache/compile_simlib/modelsim} {questa=/home/williams/MYFPGA/FPGA Training Data Etri_fso/sfp_int/sfp_int_0/gt_ex/gt_ex_test/gt_ex_test.cache/compile_simlib/questa} {xcelium=/home/williams/MYFPGA/FPGA Training Data Etri_fso/sfp_int/sfp_int_0/gt_ex/gt_ex_test/gt_ex_test.cache/compile_simlib/xcelium} {vcs=/home/williams/MYFPGA/FPGA Training Data Etri_fso/sfp_int/sfp_int_0/gt_ex/gt_ex_test/gt_ex_test.cache/compile_simlib/vcs} {riviera=/home/williams/MYFPGA/FPGA Training Data Etri_fso/sfp_int/sfp_int_0/gt_ex/gt_ex_test/gt_ex_test.cache/compile_simlib/riviera}] -use_ip_compiled_libs -force -quiet
export_ip_user_files -of_objects  [get_files {{/home/williams/MYFPGA/FPGA Training Data Etri_fso/sfp_int/sfp_int_0/gt_ex/gt_ex_test/gt_ex_test.srcs/sources_1/ip/gt_vio_0/gt_vio_0.xci}}] -no_script -reset -force -quiet
remove_files  {{/home/williams/MYFPGA/FPGA Training Data Etri_fso/sfp_int/sfp_int_0/gt_ex/gt_ex_test/gt_ex_test.srcs/sources_1/ip/gt_vio_0/gt_vio_0.xci}}
INFO: [Project 1-385] File '/home/williams/MYFPGA/FPGA Training Data Etri_fso/sfp_int/sfp_int_0/gt_ex/gt_ex_test/gt_ex_test.srcs/sources_1/ip/gt_vio_0/gt_vio_0.xci' already exists in fileset 'sources_1'; deleting from fileset 'gt_vio_0'.
create_ip -name vio -vendor xilinx.com -library ip -version 3.0 -module_name gt_vio_0
set_property -dict [list \
  CONFIG.C_NUM_PROBE_IN {10} \
  CONFIG.C_NUM_PROBE_OUT {8} \
  CONFIG.C_PROBE_IN3_WIDTH {4} \
  CONFIG.C_PROBE_IN4_WIDTH {4} \
  CONFIG.C_PROBE_IN5_WIDTH {4} \
  CONFIG.C_PROBE_IN6_WIDTH {4} \
  CONFIG.C_PROBE_IN9_WIDTH {12} \
  CONFIG.C_PROBE_OUT6_WIDTH {20} \
  CONFIG.C_PROBE_OUT7_WIDTH {20} \
  CONFIG.Component_Name {gt_vio_0} \
] [get_ips gt_vio_0]
WARNING: [Vivado 12-3523] Attempt to change 'Component_Name' from 'gt_vio_0' to 'gt_vio_0' is not allowed and is ignored.
generate_target {instantiation_template} [get_files {{/home/williams/MYFPGA/FPGA Training Data Etri_fso/sfp_int/sfp_int_0/gt_ex/gt_ex_test/gt_ex_test.srcs/sources_1/ip/gt_vio_0_1/gt_vio_0.xci}}]
INFO: [IP_Flow 19-1686] Generating 'Instantiation Template' target for IP 'gt_vio_0'...
update_compile_order -fileset sources_1
generate_target all [get_files  {{/home/williams/MYFPGA/FPGA Training Data Etri_fso/sfp_int/sfp_int_0/gt_ex/gt_ex_test/gt_ex_test.srcs/sources_1/ip/gt_vio_0_1/gt_vio_0.xci}}]
INFO: [IP_Flow 19-1686] Generating 'Synthesis' target for IP 'gt_vio_0'...
INFO: [IP_Flow 19-1686] Generating 'Simulation' target for IP 'gt_vio_0'...
INFO: [IP_Flow 19-1686] Generating 'Change Log' target for IP 'gt_vio_0'...
catch { config_ip_cache -export [get_ips -all gt_vio_0] }
INFO: [IP_Flow 19-6924] IPCACHE: Running cache check for IP inst: gt_vio_0
export_ip_user_files -of_objects [get_files {{/home/williams/MYFPGA/FPGA Training Data Etri_fso/sfp_int/sfp_int_0/gt_ex/gt_ex_test/gt_ex_test.srcs/sources_1/ip/gt_vio_0_1/gt_vio_0.xci}}] -no_script -sync -force -quiet
create_ip_run [get_files -of_objects [get_fileset sources_1] {{/home/williams/MYFPGA/FPGA Training Data Etri_fso/sfp_int/sfp_int_0/gt_ex/gt_ex_test/gt_ex_test.srcs/sources_1/ip/gt_vio_0_1/gt_vio_0.xci}}]
launch_runs gt_vio_0_synth_1 -jobs 24
INFO: [IP_Flow 19-6924] IPCACHE: Running cache check for IP inst: gt_vio_0
[Mon Aug  3 18:04:05 2026] Launched gt_vio_0_synth_1...
Run output will be captured here: /home/williams/MYFPGA/FPGA Training Data Etri_fso/sfp_int/sfp_int_0/gt_ex/gt_ex_test/gt_ex_test.runs/gt_vio_0_synth_1/runme.log
export_simulation -of_objects [get_files {{/home/williams/MYFPGA/FPGA Training Data Etri_fso/sfp_int/sfp_int_0/gt_ex/gt_ex_test/gt_ex_test.srcs/sources_1/ip/gt_vio_0_1/gt_vio_0.xci}}] -directory {/home/williams/MYFPGA/FPGA Training Data Etri_fso/sfp_int/sfp_int_0/gt_ex/gt_ex_test/gt_ex_test.ip_user_files/sim_scripts} -ip_user_files_dir {/home/williams/MYFPGA/FPGA Training Data Etri_fso/sfp_int/sfp_int_0/gt_ex/gt_ex_test/gt_ex_test.ip_user_files} -ipstatic_source_dir {/home/williams/MYFPGA/FPGA Training Data Etri_fso/sfp_int/sfp_int_0/gt_ex/gt_ex_test/gt_ex_test.ip_user_files/ipstatic} -lib_map_path [list {modelsim=/home/williams/MYFPGA/FPGA Training Data Etri_fso/sfp_int/sfp_int_0/gt_ex/gt_ex_test/gt_ex_test.cache/compile_simlib/modelsim} {questa=/home/williams/MYFPGA/FPGA Training Data Etri_fso/sfp_int/sfp_int_0/gt_ex/gt_ex_test/gt_ex_test.cache/compile_simlib/questa} {xcelium=/home/williams/MYFPGA/FPGA Training Data Etri_fso/sfp_int/sfp_int_0/gt_ex/gt_ex_test/gt_ex_test.cache/compile_simlib/xcelium} {vcs=/home/williams/MYFPGA/FPGA Training Data Etri_fso/sfp_int/sfp_int_0/gt_ex/gt_ex_test/gt_ex_test.cache/compile_simlib/vcs} {riviera=/home/williams/MYFPGA/FPGA Training Data Etri_fso/sfp_int/sfp_int_0/gt_ex/gt_ex_test/gt_ex_test.cache/compile_simlib/riviera}] -use_ip_compiled_libs -force -quiet
report_ip_status -name ip_status 
launch_simulation
Command: launch_simulation 
INFO: [Vivado 12-12493] Simulation top is 'gt_example_top_sim'
WARNING: [Vivado 12-13277] Compiled library path does not exist: ''
INFO: [Vivado 12-5698] Checking validity of IPs in the design for the 'XSim' simulator...
INFO: [Vivado 12-5682] Launching behavioral simulation in '/home/williams/MYFPGA/FPGA Training Data Etri_fso/sfp_int/sfp_int_0/gt_ex/gt_ex_test/gt_ex_test.sim/sim_1/behav/xsim'
INFO: [Vivado 12-13660] Precompiled IP simulation library mode is enabled (default). The design IP libraries will be referenced from the compiled library path. Please note that if the precompiled version of the library is not found from the path or the IP is in locked state, then the library source files for these IPs will be compiled locally as part of the compile order.
INFO: [Vivado 12-4795] Using compiled simulation libraries for IPs
INFO: [SIM-utils-51] Simulation object is 'sim_1'
INFO: [SIM-utils-72] Using boost library from '/tools/Xilinx/Vivado/2022.2/tps/boost_1_72_0'
INFO: [USF-XSim-7] Finding pre-compiled libraries...
INFO: [USF-XSim-11] File '/tools/Xilinx/Vivado/2022.2/data/xsim/xsim.ini' copied to run dir:'/home/williams/MYFPGA/FPGA Training Data Etri_fso/sfp_int/sfp_int_0/gt_ex/gt_ex_test/gt_ex_test.sim/sim_1/behav/xsim'
INFO: [SIM-utils-54] Inspecting design source files for 'gt_example_top_sim' in fileset 'sim_1'...
INFO: [SIM-utils-43] Exported '/home/williams/MYFPGA/FPGA Training Data Etri_fso/sfp_int/sfp_int_0/gt_ex/gt_ex_test/gt_ex_test.sim/sim_1/behav/xsim/alpha_value.mem'
INFO: [SIM-utils-43] Exported '/home/williams/MYFPGA/FPGA Training Data Etri_fso/sfp_int/sfp_int_0/gt_ex/gt_ex_test/gt_ex_test.sim/sim_1/behav/xsim/sample.mem'
INFO: [SIM-utils-43] Exported '/home/williams/MYFPGA/FPGA Training Data Etri_fso/sfp_int/sfp_int_0/gt_ex/gt_ex_test/gt_ex_test.sim/sim_1/behav/xsim/decimal_value.mem'
INFO: [SIM-utils-43] Exported '/home/williams/MYFPGA/FPGA Training Data Etri_fso/sfp_int/sfp_int_0/gt_ex/gt_ex_test/gt_ex_test.sim/sim_1/behav/xsim/error.mem'
INFO: [USF-XSim-97] Finding global include files...
INFO: [USF-XSim-98] Fetching design files from 'sim_1'...
INFO: [USF-XSim-2] XSim::Compile design
INFO: [USF-XSim-61] Executing 'COMPILE and ANALYZE' step in '/home/williams/MYFPGA/FPGA Training Data Etri_fso/sfp_int/sfp_int_0/gt_ex/gt_ex_test/gt_ex_test.sim/sim_1/behav/xsim'
xvlog --incr --relax -prj gt_example_top_sim_vlog.prj
INFO: [VRFC 10-2263] Analyzing Verilog file "/home/williams/MYFPGA/FPGA Training Data Etri_fso/sfp_int/sfp_int_0/gt_ex/gt_ex_test/gt_ex_test.gen/sources_1/ip/gt/sim/gtwizard_ultrascale_v1_7_gthe3_channel.v" into library xil_defaultlib
INFO: [VRFC 10-311] analyzing module gtwizard_ultrascale_v1_7_14_gthe3_channel
INFO: [VRFC 10-2263] Analyzing Verilog file "/home/williams/MYFPGA/FPGA Training Data Etri_fso/sfp_int/sfp_int_0/gt_ex/gt_ex_test/gt_ex_test.gen/sources_1/ip/gt/sim/gt_gthe3_channel_wrapper.v" into library xil_defaultlib
INFO: [VRFC 10-311] analyzing module gt_gthe3_channel_wrapper
INFO: [VRFC 10-2263] Analyzing Verilog file "/home/williams/MYFPGA/FPGA Training Data Etri_fso/sfp_int/sfp_int_0/gt_ex/gt_ex_test/gt_ex_test.gen/sources_1/ip/gt/sim/gtwizard_ultrascale_v1_7_gthe3_common.v" into library xil_defaultlib
INFO: [VRFC 10-311] analyzing module gtwizard_ultrascale_v1_7_14_gthe3_common
INFO: [VRFC 10-2263] Analyzing Verilog file "/home/williams/MYFPGA/FPGA Training Data Etri_fso/sfp_int/sfp_int_0/gt_ex/gt_ex_test/gt_ex_test.gen/sources_1/ip/gt/sim/gt_gthe3_common_wrapper.v" into library xil_defaultlib
INFO: [VRFC 10-311] analyzing module gt_gthe3_common_wrapper
INFO: [VRFC 10-2263] Analyzing Verilog file "/home/williams/MYFPGA/FPGA Training Data Etri_fso/sfp_int/sfp_int_0/gt_ex/gt_ex_test/gt_ex_test.gen/sources_1/ip/gt/sim/gt_gtwizard_gthe3.v" into library xil_defaultlib
INFO: [VRFC 10-311] analyzing module gt_gtwizard_gthe3
INFO: [VRFC 10-2263] Analyzing Verilog file "/home/williams/MYFPGA/FPGA Training Data Etri_fso/sfp_int/sfp_int_0/gt_ex/gt_ex_test/gt_ex_test.gen/sources_1/ip/gt/sim/gt_gtwizard_top.v" into library xil_defaultlib
INFO: [VRFC 10-311] analyzing module gt_gtwizard_top
INFO: [VRFC 10-2263] Analyzing Verilog file "/home/williams/MYFPGA/FPGA Training Data Etri_fso/sfp_int/sfp_int_0/gt_ex/gt_ex_test/gt_ex_test.gen/sources_1/ip/gt/sim/gt.v" into library xil_defaultlib
INFO: [VRFC 10-311] analyzing module gt
INFO: [VRFC 10-2263] Analyzing Verilog file "/home/williams/MYFPGA/FPGA Training Data Etri_fso/sfp_int/sfp_int_0/gt_ex/gt_ex_test/gt_ex_test.gen/sources_1/ip/gt_vio_0/sim/gt_vio_0.v" into library xil_defaultlib
INFO: [VRFC 10-311] analyzing module gt_vio_0
INFO: [VRFC 10-2263] Analyzing Verilog file "/home/williams/MYFPGA/FPGA Training Data Etri_fso/sfp_int/sfp_int_0/gt_ex/imports/gt_example_bit_sync.v" into library xil_defaultlib
INFO: [VRFC 10-311] analyzing module gt_example_bit_synchronizer
INFO: [VRFC 10-2263] Analyzing Verilog file "/home/williams/MYFPGA/FPGA Training Data Etri_fso/sfp_int/sfp_int_0/gt_ex/imports/gt_example_gtwiz_userclk_rx.v" into library xil_defaultlib
INFO: [VRFC 10-311] analyzing module gt_example_gtwiz_userclk_rx
INFO: [VRFC 10-2263] Analyzing Verilog file "/home/williams/MYFPGA/FPGA Training Data Etri_fso/sfp_int/sfp_int_0/gt_ex/imports/gt_example_gtwiz_userclk_tx.v" into library xil_defaultlib
INFO: [VRFC 10-311] analyzing module gt_example_gtwiz_userclk_tx
INFO: [VRFC 10-2263] Analyzing Verilog file "/home/williams/MYFPGA/FPGA Training Data Etri_fso/sfp_int/sfp_int_0/gt_ex/imports/gt_example_init.v" into library xil_defaultlib
INFO: [VRFC 10-311] analyzing module gt_example_init
INFO: [VRFC 10-2263] Analyzing Verilog file "/home/williams/MYFPGA/FPGA Training Data Etri_fso/sfp_int/sfp_int_0/gt_ex/imports/gt_example_reset_sync.v" into library xil_defaultlib
INFO: [VRFC 10-311] analyzing module gt_example_reset_synchronizer
INFO: [VRFC 10-2263] Analyzing Verilog file "/home/williams/MYFPGA/FPGA Training Data Etri_fso/sfp_int/sfp_int_0/gt_ex/imports/gt_example_top.v" into library xil_defaultlib
INFO: [VRFC 10-311] analyzing module gt_example_top
INFO: [VRFC 10-2263] Analyzing Verilog file "/home/williams/MYFPGA/FPGA Training Data Etri_fso/sfp_int/sfp_int_0/gt_ex/imports/gt_example_wrapper.v" into library xil_defaultlib
INFO: [VRFC 10-311] analyzing module gt_example_wrapper
INFO: [VRFC 10-2263] Analyzing Verilog file "/home/williams/MYFPGA/FPGA Training Data Etri_fso/sfp_int/sfp_int_0/gt_ex/imports/gt_example_top_sim.v" into library xil_defaultlib
INFO: [VRFC 10-311] analyzing module gt_example_top_sim
INFO: [VRFC 10-2263] Analyzing Verilog file "/home/williams/MYFPGA/FPGA Training Data Etri_fso/sfp_int/sfp_int_0/gt_ex/gt_ex_test/gt_ex_test.sim/sim_1/behav/xsim/glbl.v" into library xil_defaultlib
INFO: [VRFC 10-311] analyzing module glbl
Waiting for jobs to finish...
No pending jobs, compilation finished.
INFO: [USF-XSim-69] 'compile' step finished in '0' seconds
INFO: [USF-XSim-3] XSim::Elaborate design
INFO: [USF-XSim-61] Executing 'ELABORATE' step in '/home/williams/MYFPGA/FPGA Training Data Etri_fso/sfp_int/sfp_int_0/gt_ex/gt_ex_test/gt_ex_test.sim/sim_1/behav/xsim'
xelab --incr --debug typical --relax --mt 8 -L xil_defaultlib -L gtwizard_ultrascale_v1_7_14 -L unisims_ver -L unimacro_ver -L secureip -L xpm --snapshot gt_example_top_sim_behav xil_defaultlib.gt_example_top_sim xil_defaultlib.glbl -log elaborate.log
Vivado Simulator v2022.2
Copyright 1986-1999, 2001-2022 Xilinx, Inc. All Rights Reserved.
Running: /tools/Xilinx/Vivado/2022.2/bin/unwrapped/lnx64.o/xelab --incr --debug typical --relax --mt 8 -L xil_defaultlib -L gtwizard_ultrascale_v1_7_14 -L unisims_ver -L unimacro_ver -L secureip -L xpm --snapshot gt_example_top_sim_behav xil_defaultlib.gt_example_top_sim xil_defaultlib.glbl -log elaborate.log 
Using 8 slave threads.
Starting static elaboration
Pass Through NonSizing Optimizer
ERROR: [VRFC 10-3180] cannot find port 'link_down_latched_out' on this module [/home/williams/MYFPGA/FPGA Training Data Etri_fso/sfp_int/sfp_int_0/gt_ex/imports/gt_example_top_sim.v:180]
ERROR: [VRFC 10-3180] cannot find port 'link_status_out' on this module [/home/williams/MYFPGA/FPGA Training Data Etri_fso/sfp_int/sfp_int_0/gt_ex/imports/gt_example_top_sim.v:179]
ERROR: [VRFC 10-3180] cannot find port 'link_down_latched_reset_in' on this module [/home/williams/MYFPGA/FPGA Training Data Etri_fso/sfp_int/sfp_int_0/gt_ex/imports/gt_example_top_sim.v:178]
ERROR: [VRFC 10-3180] cannot find port 'ch3_gthtxp_out' on this module [/home/williams/MYFPGA/FPGA Training Data Etri_fso/sfp_int/sfp_int_0/gt_ex/imports/gt_example_top_sim.v:175]
ERROR: [VRFC 10-3180] cannot find port 'ch3_gthtxn_out' on this module [/home/williams/MYFPGA/FPGA Training Data Etri_fso/sfp_int/sfp_int_0/gt_ex/imports/gt_example_top_sim.v:174]
ERROR: [VRFC 10-3180] cannot find port 'ch3_gthrxp_in' on this module [/home/williams/MYFPGA/FPGA Training Data Etri_fso/sfp_int/sfp_int_0/gt_ex/imports/gt_example_top_sim.v:173]
ERROR: [VRFC 10-3180] cannot find port 'ch3_gthrxn_in' on this module [/home/williams/MYFPGA/FPGA Training Data Etri_fso/sfp_int/sfp_int_0/gt_ex/imports/gt_example_top_sim.v:172]
ERROR: [VRFC 10-3180] cannot find port 'ch2_gthtxp_out' on this module [/home/williams/MYFPGA/FPGA Training Data Etri_fso/sfp_int/sfp_int_0/gt_ex/imports/gt_example_top_sim.v:171]
ERROR: [VRFC 10-3180] cannot find port 'ch2_gthtxn_out' on this module [/home/williams/MYFPGA/FPGA Training Data Etri_fso/sfp_int/sfp_int_0/gt_ex/imports/gt_example_top_sim.v:170]
ERROR: [VRFC 10-3180] cannot find port 'ch2_gthrxp_in' on this module [/home/williams/MYFPGA/FPGA Training Data Etri_fso/sfp_int/sfp_int_0/gt_ex/imports/gt_example_top_sim.v:169]
ERROR: [VRFC 10-3180] cannot find port 'ch2_gthrxn_in' on this module [/home/williams/MYFPGA/FPGA Training Data Etri_fso/sfp_int/sfp_int_0/gt_ex/imports/gt_example_top_sim.v:168]
ERROR: [VRFC 10-3180] cannot find port 'ch1_gthtxp_out' on this module [/home/williams/MYFPGA/FPGA Training Data Etri_fso/sfp_int/sfp_int_0/gt_ex/imports/gt_example_top_sim.v:167]
ERROR: [VRFC 10-3180] cannot find port 'ch1_gthtxn_out' on this module [/home/williams/MYFPGA/FPGA Training Data Etri_fso/sfp_int/sfp_int_0/gt_ex/imports/gt_example_top_sim.v:166]
ERROR: [VRFC 10-3180] cannot find port 'ch1_gthrxp_in' on this module [/home/williams/MYFPGA/FPGA Training Data Etri_fso/sfp_int/sfp_int_0/gt_ex/imports/gt_example_top_sim.v:165]
ERROR: [VRFC 10-3180] cannot find port 'ch1_gthrxn_in' on this module [/home/williams/MYFPGA/FPGA Training Data Etri_fso/sfp_int/sfp_int_0/gt_ex/imports/gt_example_top_sim.v:164]
ERROR: [VRFC 10-3180] cannot find port 'ch0_gthtxp_out' on this module [/home/williams/MYFPGA/FPGA Training Data Etri_fso/sfp_int/sfp_int_0/gt_ex/imports/gt_example_top_sim.v:163]
ERROR: [VRFC 10-3180] cannot find port 'ch0_gthtxn_out' on this module [/home/williams/MYFPGA/FPGA Training Data Etri_fso/sfp_int/sfp_int_0/gt_ex/imports/gt_example_top_sim.v:162]
ERROR: [VRFC 10-3180] cannot find port 'ch0_gthrxp_in' on this module [/home/williams/MYFPGA/FPGA Training Data Etri_fso/sfp_int/sfp_int_0/gt_ex/imports/gt_example_top_sim.v:161]
ERROR: [VRFC 10-3180] cannot find port 'ch0_gthrxn_in' on this module [/home/williams/MYFPGA/FPGA Training Data Etri_fso/sfp_int/sfp_int_0/gt_ex/imports/gt_example_top_sim.v:160]
INFO: [#UNDEF] Sorry, too many errors..
ERROR: [XSIM 43-3322] Static elaboration of top level Verilog design unit(s) in library work failed.
INFO: [USF-XSim-69] 'elaborate' step finished in '2' seconds
INFO: [USF-XSim-99] Step results log file:'/home/williams/MYFPGA/FPGA Training Data Etri_fso/sfp_int/sfp_int_0/gt_ex/gt_ex_test/gt_ex_test.sim/sim_1/behav/xsim/elaborate.log'
ERROR: [USF-XSim-62] 'elaborate' step failed with error(s). Please check the Tcl console output or '/home/williams/MYFPGA/FPGA Training Data Etri_fso/sfp_int/sfp_int_0/gt_ex/gt_ex_test/gt_ex_test.sim/sim_1/behav/xsim/elaborate.log' file for more information.
ERROR: [Vivado 12-4473] Detected error while running simulation. Please correct the issue and retry this operation.
ERROR: [Common 17-39] 'launch_simulation' failed due to earlier errors.
set_property CONFIG.FREERUN_FREQUENCY {100} [get_ips gt]
generate_target all [get_files  {{/home/williams/MYFPGA/FPGA Training Data Etri_fso/sfp_int/sfp_int_0/gt_ex/gt_ex_test/gt_ex_test.srcs/sources_1/ip/gt_1/gt.xci}}]
INFO: [IP_Flow 19-1686] Generating 'Instantiation Template' target for IP 'gt'...
INFO: [IP_Flow 19-1686] Generating 'Synthesis' target for IP 'gt'...
INFO: [IP_Flow 19-1686] Generating 'Simulation' target for IP 'gt'...
INFO: [IP_Flow 19-1686] Generating 'Change Log' target for IP 'gt'...
catch { config_ip_cache -export [get_ips -all gt] }
INFO: [IP_Flow 19-6924] IPCACHE: Running cache check for IP inst: gt
export_ip_user_files -of_objects [get_files {{/home/williams/MYFPGA/FPGA Training Data Etri_fso/sfp_int/sfp_int_0/gt_ex/gt_ex_test/gt_ex_test.srcs/sources_1/ip/gt_1/gt.xci}}] -no_script -sync -force -quiet
reset_run gt_synth_1
launch_runs gt_synth_1 -jobs 24
INFO: [IP_Flow 19-6924] IPCACHE: Running cache check for IP inst: gt
[Mon Aug  3 18:18:26 2026] Launched gt_synth_1...
Run output will be captured here: /home/williams/MYFPGA/FPGA Training Data Etri_fso/sfp_int/sfp_int_0/gt_ex/gt_ex_test/gt_ex_test.runs/gt_synth_1/runme.log
export_simulation -of_objects [get_files {{/home/williams/MYFPGA/FPGA Training Data Etri_fso/sfp_int/sfp_int_0/gt_ex/gt_ex_test/gt_ex_test.srcs/sources_1/ip/gt_1/gt.xci}}] -directory {/home/williams/MYFPGA/FPGA Training Data Etri_fso/sfp_int/sfp_int_0/gt_ex/gt_ex_test/gt_ex_test.ip_user_files/sim_scripts} -ip_user_files_dir {/home/williams/MYFPGA/FPGA Training Data Etri_fso/sfp_int/sfp_int_0/gt_ex/gt_ex_test/gt_ex_test.ip_user_files} -ipstatic_source_dir {/home/williams/MYFPGA/FPGA Training Data Etri_fso/sfp_int/sfp_int_0/gt_ex/gt_ex_test/gt_ex_test.ip_user_files/ipstatic} -lib_map_path [list {modelsim=/home/williams/MYFPGA/FPGA Training Data Etri_fso/sfp_int/sfp_int_0/gt_ex/gt_ex_test/gt_ex_test.cache/compile_simlib/modelsim} {questa=/home/williams/MYFPGA/FPGA Training Data Etri_fso/sfp_int/sfp_int_0/gt_ex/gt_ex_test/gt_ex_test.cache/compile_simlib/questa} {xcelium=/home/williams/MYFPGA/FPGA Training Data Etri_fso/sfp_int/sfp_int_0/gt_ex/gt_ex_test/gt_ex_test.cache/compile_simlib/xcelium} {vcs=/home/williams/MYFPGA/FPGA Training Data Etri_fso/sfp_int/sfp_int_0/gt_ex/gt_ex_test/gt_ex_test.cache/compile_simlib/vcs} {riviera=/home/williams/MYFPGA/FPGA Training Data Etri_fso/sfp_int/sfp_int_0/gt_ex/gt_ex_test/gt_ex_test.cache/compile_simlib/riviera}] -use_ip_compiled_libs -force -quiet
launch_simulation
Command: launch_simulation 
INFO: [Vivado 12-12493] Simulation top is 'gt_example_top_sim'
WARNING: [Vivado 12-13277] Compiled library path does not exist: ''
INFO: [Vivado 12-5698] Checking validity of IPs in the design for the 'XSim' simulator...
INFO: [Vivado 12-5682] Launching behavioral simulation in '/home/williams/MYFPGA/FPGA Training Data Etri_fso/sfp_int/sfp_int_0/gt_ex/gt_ex_test/gt_ex_test.sim/sim_1/behav/xsim'
INFO: [Vivado 12-13660] Precompiled IP simulation library mode is enabled (default). The design IP libraries will be referenced from the compiled library path. Please note that if the precompiled version of the library is not found from the path or the IP is in locked state, then the library source files for these IPs will be compiled locally as part of the compile order.
INFO: [Vivado 12-4795] Using compiled simulation libraries for IPs
INFO: [SIM-utils-51] Simulation object is 'sim_1'
INFO: [SIM-utils-72] Using boost library from '/tools/Xilinx/Vivado/2022.2/tps/boost_1_72_0'
INFO: [USF-XSim-7] Finding pre-compiled libraries...
INFO: [USF-XSim-11] File '/tools/Xilinx/Vivado/2022.2/data/xsim/xsim.ini' copied to run dir:'/home/williams/MYFPGA/FPGA Training Data Etri_fso/sfp_int/sfp_int_0/gt_ex/gt_ex_test/gt_ex_test.sim/sim_1/behav/xsim'
INFO: [SIM-utils-54] Inspecting design source files for 'gt_example_top_sim' in fileset 'sim_1'...
INFO: [SIM-utils-43] Exported '/home/williams/MYFPGA/FPGA Training Data Etri_fso/sfp_int/sfp_int_0/gt_ex/gt_ex_test/gt_ex_test.sim/sim_1/behav/xsim/alpha_value.mem'
INFO: [SIM-utils-43] Exported '/home/williams/MYFPGA/FPGA Training Data Etri_fso/sfp_int/sfp_int_0/gt_ex/gt_ex_test/gt_ex_test.sim/sim_1/behav/xsim/sample.mem'
INFO: [SIM-utils-43] Exported '/home/williams/MYFPGA/FPGA Training Data Etri_fso/sfp_int/sfp_int_0/gt_ex/gt_ex_test/gt_ex_test.sim/sim_1/behav/xsim/decimal_value.mem'
INFO: [SIM-utils-43] Exported '/home/williams/MYFPGA/FPGA Training Data Etri_fso/sfp_int/sfp_int_0/gt_ex/gt_ex_test/gt_ex_test.sim/sim_1/behav/xsim/error.mem'
INFO: [USF-XSim-97] Finding global include files...
INFO: [USF-XSim-98] Fetching design files from 'sim_1'...
INFO: [USF-XSim-2] XSim::Compile design
INFO: [USF-XSim-61] Executing 'COMPILE and ANALYZE' step in '/home/williams/MYFPGA/FPGA Training Data Etri_fso/sfp_int/sfp_int_0/gt_ex/gt_ex_test/gt_ex_test.sim/sim_1/behav/xsim'
xvlog --incr --relax -prj gt_example_top_sim_vlog.prj
INFO: [VRFC 10-2263] Analyzing Verilog file "/home/williams/MYFPGA/FPGA Training Data Etri_fso/sfp_int/sfp_int_0/gt_ex/gt_ex_test/gt_ex_test.gen/sources_1/ip/gt/sim/gtwizard_ultrascale_v1_7_gthe3_channel.v" into library xil_defaultlib
INFO: [VRFC 10-311] analyzing module gtwizard_ultrascale_v1_7_14_gthe3_channel
INFO: [VRFC 10-2263] Analyzing Verilog file "/home/williams/MYFPGA/FPGA Training Data Etri_fso/sfp_int/sfp_int_0/gt_ex/gt_ex_test/gt_ex_test.gen/sources_1/ip/gt/sim/gt_gthe3_channel_wrapper.v" into library xil_defaultlib
INFO: [VRFC 10-311] analyzing module gt_gthe3_channel_wrapper
INFO: [VRFC 10-2263] Analyzing Verilog file "/home/williams/MYFPGA/FPGA Training Data Etri_fso/sfp_int/sfp_int_0/gt_ex/gt_ex_test/gt_ex_test.gen/sources_1/ip/gt/sim/gtwizard_ultrascale_v1_7_gthe3_common.v" into library xil_defaultlib
INFO: [VRFC 10-311] analyzing module gtwizard_ultrascale_v1_7_14_gthe3_common
INFO: [VRFC 10-2263] Analyzing Verilog file "/home/williams/MYFPGA/FPGA Training Data Etri_fso/sfp_int/sfp_int_0/gt_ex/gt_ex_test/gt_ex_test.gen/sources_1/ip/gt/sim/gt_gthe3_common_wrapper.v" into library xil_defaultlib
INFO: [VRFC 10-311] analyzing module gt_gthe3_common_wrapper
INFO: [VRFC 10-2263] Analyzing Verilog file "/home/williams/MYFPGA/FPGA Training Data Etri_fso/sfp_int/sfp_int_0/gt_ex/gt_ex_test/gt_ex_test.gen/sources_1/ip/gt/sim/gt_gtwizard_gthe3.v" into library xil_defaultlib
INFO: [VRFC 10-311] analyzing module gt_gtwizard_gthe3
INFO: [VRFC 10-2263] Analyzing Verilog file "/home/williams/MYFPGA/FPGA Training Data Etri_fso/sfp_int/sfp_int_0/gt_ex/gt_ex_test/gt_ex_test.gen/sources_1/ip/gt/sim/gt_gtwizard_top.v" into library xil_defaultlib
INFO: [VRFC 10-311] analyzing module gt_gtwizard_top
INFO: [VRFC 10-2263] Analyzing Verilog file "/home/williams/MYFPGA/FPGA Training Data Etri_fso/sfp_int/sfp_int_0/gt_ex/gt_ex_test/gt_ex_test.gen/sources_1/ip/gt/sim/gt.v" into library xil_defaultlib
INFO: [VRFC 10-311] analyzing module gt
INFO: [VRFC 10-2263] Analyzing Verilog file "/home/williams/MYFPGA/FPGA Training Data Etri_fso/sfp_int/sfp_int_0/gt_ex/gt_ex_test/gt_ex_test.gen/sources_1/ip/gt_vio_0/sim/gt_vio_0.v" into library xil_defaultlib
INFO: [VRFC 10-311] analyzing module gt_vio_0
INFO: [VRFC 10-2263] Analyzing Verilog file "/home/williams/MYFPGA/FPGA Training Data Etri_fso/sfp_int/sfp_int_0/gt_ex/imports/gt_example_bit_sync.v" into library xil_defaultlib
INFO: [VRFC 10-311] analyzing module gt_example_bit_synchronizer
INFO: [VRFC 10-2263] Analyzing Verilog file "/home/williams/MYFPGA/FPGA Training Data Etri_fso/sfp_int/sfp_int_0/gt_ex/imports/gt_example_gtwiz_userclk_rx.v" into library xil_defaultlib
INFO: [VRFC 10-311] analyzing module gt_example_gtwiz_userclk_rx
INFO: [VRFC 10-2263] Analyzing Verilog file "/home/williams/MYFPGA/FPGA Training Data Etri_fso/sfp_int/sfp_int_0/gt_ex/imports/gt_example_gtwiz_userclk_tx.v" into library xil_defaultlib
INFO: [VRFC 10-311] analyzing module gt_example_gtwiz_userclk_tx
INFO: [VRFC 10-2263] Analyzing Verilog file "/home/williams/MYFPGA/FPGA Training Data Etri_fso/sfp_int/sfp_int_0/gt_ex/imports/gt_example_init.v" into library xil_defaultlib
INFO: [VRFC 10-311] analyzing module gt_example_init
INFO: [VRFC 10-2263] Analyzing Verilog file "/home/williams/MYFPGA/FPGA Training Data Etri_fso/sfp_int/sfp_int_0/gt_ex/imports/gt_example_reset_sync.v" into library xil_defaultlib
INFO: [VRFC 10-311] analyzing module gt_example_reset_synchronizer
INFO: [VRFC 10-2263] Analyzing Verilog file "/home/williams/MYFPGA/FPGA Training Data Etri_fso/sfp_int/sfp_int_0/gt_ex/imports/gt_example_top.v" into library xil_defaultlib
INFO: [VRFC 10-311] analyzing module gt_example_top
INFO: [VRFC 10-2263] Analyzing Verilog file "/home/williams/MYFPGA/FPGA Training Data Etri_fso/sfp_int/sfp_int_0/gt_ex/imports/gt_example_wrapper.v" into library xil_defaultlib
INFO: [VRFC 10-311] analyzing module gt_example_wrapper
INFO: [VRFC 10-2263] Analyzing Verilog file "/home/williams/MYFPGA/FPGA Training Data Etri_fso/sfp_int/sfp_int_0/gt_ex/imports/gt_example_top_sim.v" into library xil_defaultlib
INFO: [VRFC 10-311] analyzing module gt_example_top_sim
Waiting for jobs to finish...
No pending jobs, compilation finished.
INFO: [USF-XSim-69] 'compile' step finished in '1' seconds
INFO: [USF-XSim-3] XSim::Elaborate design
INFO: [USF-XSim-61] Executing 'ELABORATE' step in '/home/williams/MYFPGA/FPGA Training Data Etri_fso/sfp_int/sfp_int_0/gt_ex/gt_ex_test/gt_ex_test.sim/sim_1/behav/xsim'
xelab --incr --debug typical --relax --mt 8 -L xil_defaultlib -L gtwizard_ultrascale_v1_7_14 -L unisims_ver -L unimacro_ver -L secureip -L xpm --snapshot gt_example_top_sim_behav xil_defaultlib.gt_example_top_sim xil_defaultlib.glbl -log elaborate.log
Vivado Simulator v2022.2
Copyright 1986-1999, 2001-2022 Xilinx, Inc. All Rights Reserved.
Running: /tools/Xilinx/Vivado/2022.2/bin/unwrapped/lnx64.o/xelab --incr --debug typical --relax --mt 8 -L xil_defaultlib -L gtwizard_ultrascale_v1_7_14 -L unisims_ver -L unimacro_ver -L secureip -L xpm --snapshot gt_example_top_sim_behav xil_defaultlib.gt_example_top_sim xil_defaultlib.glbl -log elaborate.log 
Using 8 slave threads.
Starting static elaboration
Pass Through NonSizing Optimizer
ERROR: [VRFC 10-3180] cannot find port 'link_down_latched_out' on this module [/home/williams/MYFPGA/FPGA Training Data Etri_fso/sfp_int/sfp_int_0/gt_ex/imports/gt_example_top_sim.v:180]
ERROR: [VRFC 10-3180] cannot find port 'link_status_out' on this module [/home/williams/MYFPGA/FPGA Training Data Etri_fso/sfp_int/sfp_int_0/gt_ex/imports/gt_example_top_sim.v:179]
ERROR: [VRFC 10-3180] cannot find port 'link_down_latched_reset_in' on this module [/home/williams/MYFPGA/FPGA Training Data Etri_fso/sfp_int/sfp_int_0/gt_ex/imports/gt_example_top_sim.v:178]
ERROR: [VRFC 10-3180] cannot find port 'ch3_gthtxp_out' on this module [/home/williams/MYFPGA/FPGA Training Data Etri_fso/sfp_int/sfp_int_0/gt_ex/imports/gt_example_top_sim.v:175]
ERROR: [VRFC 10-3180] cannot find port 'ch3_gthtxn_out' on this module [/home/williams/MYFPGA/FPGA Training Data Etri_fso/sfp_int/sfp_int_0/gt_ex/imports/gt_example_top_sim.v:174]
ERROR: [VRFC 10-3180] cannot find port 'ch3_gthrxp_in' on this module [/home/williams/MYFPGA/FPGA Training Data Etri_fso/sfp_int/sfp_int_0/gt_ex/imports/gt_example_top_sim.v:173]
ERROR: [VRFC 10-3180] cannot find port 'ch3_gthrxn_in' on this module [/home/williams/MYFPGA/FPGA Training Data Etri_fso/sfp_int/sfp_int_0/gt_ex/imports/gt_example_top_sim.v:172]
ERROR: [VRFC 10-3180] cannot find port 'ch2_gthtxp_out' on this module [/home/williams/MYFPGA/FPGA Training Data Etri_fso/sfp_int/sfp_int_0/gt_ex/imports/gt_example_top_sim.v:171]
ERROR: [VRFC 10-3180] cannot find port 'ch2_gthtxn_out' on this module [/home/williams/MYFPGA/FPGA Training Data Etri_fso/sfp_int/sfp_int_0/gt_ex/imports/gt_example_top_sim.v:170]
ERROR: [VRFC 10-3180] cannot find port 'ch2_gthrxp_in' on this module [/home/williams/MYFPGA/FPGA Training Data Etri_fso/sfp_int/sfp_int_0/gt_ex/imports/gt_example_top_sim.v:169]
ERROR: [VRFC 10-3180] cannot find port 'ch2_gthrxn_in' on this module [/home/williams/MYFPGA/FPGA Training Data Etri_fso/sfp_int/sfp_int_0/gt_ex/imports/gt_example_top_sim.v:168]
ERROR: [VRFC 10-3180] cannot find port 'ch1_gthtxp_out' on this module [/home/williams/MYFPGA/FPGA Training Data Etri_fso/sfp_int/sfp_int_0/gt_ex/imports/gt_example_top_sim.v:167]
ERROR: [VRFC 10-3180] cannot find port 'ch1_gthtxn_out' on this module [/home/williams/MYFPGA/FPGA Training Data Etri_fso/sfp_int/sfp_int_0/gt_ex/imports/gt_example_top_sim.v:166]
ERROR: [VRFC 10-3180] cannot find port 'ch1_gthrxp_in' on this module [/home/williams/MYFPGA/FPGA Training Data Etri_fso/sfp_int/sfp_int_0/gt_ex/imports/gt_example_top_sim.v:165]
ERROR: [VRFC 10-3180] cannot find port 'ch1_gthrxn_in' on this module [/home/williams/MYFPGA/FPGA Training Data Etri_fso/sfp_int/sfp_int_0/gt_ex/imports/gt_example_top_sim.v:164]
ERROR: [VRFC 10-3180] cannot find port 'ch0_gthtxp_out' on this module [/home/williams/MYFPGA/FPGA Training Data Etri_fso/sfp_int/sfp_int_0/gt_ex/imports/gt_example_top_sim.v:163]
ERROR: [VRFC 10-3180] cannot find port 'ch0_gthtxn_out' on this module [/home/williams/MYFPGA/FPGA Training Data Etri_fso/sfp_int/sfp_int_0/gt_ex/imports/gt_example_top_sim.v:162]
ERROR: [VRFC 10-3180] cannot find port 'ch0_gthrxp_in' on this module [/home/williams/MYFPGA/FPGA Training Data Etri_fso/sfp_int/sfp_int_0/gt_ex/imports/gt_example_top_sim.v:161]
ERROR: [VRFC 10-3180] cannot find port 'ch0_gthrxn_in' on this module [/home/williams/MYFPGA/FPGA Training Data Etri_fso/sfp_int/sfp_int_0/gt_ex/imports/gt_example_top_sim.v:160]
INFO: [#UNDEF] Sorry, too many errors..
ERROR: [XSIM 43-3322] Static elaboration of top level Verilog design unit(s) in library work failed.
INFO: [USF-XSim-69] 'elaborate' step finished in '1' seconds
INFO: [USF-XSim-99] Step results log file:'/home/williams/MYFPGA/FPGA Training Data Etri_fso/sfp_int/sfp_int_0/gt_ex/gt_ex_test/gt_ex_test.sim/sim_1/behav/xsim/elaborate.log'
ERROR: [USF-XSim-62] 'elaborate' step failed with error(s). Please check the Tcl console output or '/home/williams/MYFPGA/FPGA Training Data Etri_fso/sfp_int/sfp_int_0/gt_ex/gt_ex_test/gt_ex_test.sim/sim_1/behav/xsim/elaborate.log' file for more information.
ERROR: [Vivado 12-4473] Detected error while running simulation. Please correct the issue and retry this operation.
ERROR: [Common 17-39] 'launch_simulation' failed due to earlier errors.
reset_target all [get_files  {{/home/williams/MYFPGA/FPGA Training Data Etri_fso/sfp_int/sfp_int_0/gt_ex/gt_ex_test/gt_ex_test.srcs/sources_1/ip/gt_1/gt.xci}}]
export_ip_user_files -of_objects  [get_files  {{/home/williams/MYFPGA/FPGA Training Data Etri_fso/sfp_int/sfp_int_0/gt_ex/gt_ex_test/gt_ex_test.srcs/sources_1/ip/gt_1/gt.xci}}] -sync -no_script -force -quiet
delete_ip_run [get_files -of_objects [get_fileset gt] {{/home/williams/MYFPGA/FPGA Training Data Etri_fso/sfp_int/sfp_int_0/gt_ex/gt_ex_test/gt_ex_test.srcs/sources_1/ip/gt_1/gt.xci}}]
INFO: [Project 1-386] Moving file '/home/williams/MYFPGA/FPGA Training Data Etri_fso/sfp_int/sfp_int_0/gt_ex/gt_ex_test/gt_ex_test.srcs/sources_1/ip/gt_1/gt.xci' from fileset 'gt' to fileset 'sources_1'.
update_compile_order -fileset sources_1
generate_target all [get_files  {{/home/williams/MYFPGA/FPGA Training Data Etri_fso/sfp_int/sfp_int_0/gt_ex/gt_ex_test/gt_ex_test.srcs/sources_1/ip/gt_1/gt.xci}}]
INFO: [IP_Flow 19-1686] Generating 'Instantiation Template' target for IP 'gt'...
INFO: [IP_Flow 19-1686] Generating 'Synthesis' target for IP 'gt'...
INFO: [IP_Flow 19-1686] Generating 'Simulation' target for IP 'gt'...
INFO: [IP_Flow 19-1686] Generating 'Change Log' target for IP 'gt'...
catch { config_ip_cache -export [get_ips -all gt] }
INFO: [IP_Flow 19-6924] IPCACHE: Running cache check for IP inst: gt
INFO: [IP_Flow 19-6922] IPCACHE: Exporting cached entry 1cbd4773200455ce to dir: /home/williams/MYFPGA/FPGA Training Data Etri_fso/sfp_int/sfp_int_0/gt_ex/gt_ex_test/gt_ex_test.gen/sources_1/ip/gt
INFO: [IP_Flow 19-6928] IPCACHE: copied cached file /home/williams/MYFPGA/FPGA Training Data Etri_fso/sfp_int/sfp_int_0/gt_ex/gt_ex_test/gt_ex_test.cache/ip/2022.2/1/c/1cbd4773200455ce/gt_sim_netlist.v to /home/williams/MYFPGA/FPGA Training Data Etri_fso/sfp_int/sfp_int_0/gt_ex/gt_ex_test/gt_ex_test.gen/sources_1/ip/gt/gt_sim_netlist.v.
INFO: [IP_Flow 19-6926] IPCACHE: added file to list for BOM: /home/williams/MYFPGA/FPGA Training Data Etri_fso/sfp_int/sfp_int_0/gt_ex/gt_ex_test/gt_ex_test.gen/sources_1/ip/gt/gt_sim_netlist.v
INFO: [IP_Flow 19-6928] IPCACHE: copied cached file /home/williams/MYFPGA/FPGA Training Data Etri_fso/sfp_int/sfp_int_0/gt_ex/gt_ex_test/gt_ex_test.cache/ip/2022.2/1/c/1cbd4773200455ce/gt_sim_netlist.vhdl to /home/williams/MYFPGA/FPGA Training Data Etri_fso/sfp_int/sfp_int_0/gt_ex/gt_ex_test/gt_ex_test.gen/sources_1/ip/gt/gt_sim_netlist.vhdl.
INFO: [IP_Flow 19-6926] IPCACHE: added file to list for BOM: /home/williams/MYFPGA/FPGA Training Data Etri_fso/sfp_int/sfp_int_0/gt_ex/gt_ex_test/gt_ex_test.gen/sources_1/ip/gt/gt_sim_netlist.vhdl
INFO: [IP_Flow 19-6928] IPCACHE: copied cached file /home/williams/MYFPGA/FPGA Training Data Etri_fso/sfp_int/sfp_int_0/gt_ex/gt_ex_test/gt_ex_test.cache/ip/2022.2/1/c/1cbd4773200455ce/gt.dcp to /home/williams/MYFPGA/FPGA Training Data Etri_fso/sfp_int/sfp_int_0/gt_ex/gt_ex_test/gt_ex_test.gen/sources_1/ip/gt/gt.dcp.
INFO: [IP_Flow 19-6926] IPCACHE: added file to list for BOM: /home/williams/MYFPGA/FPGA Training Data Etri_fso/sfp_int/sfp_int_0/gt_ex/gt_ex_test/gt_ex_test.gen/sources_1/ip/gt/gt.dcp
INFO: [IP_Flow 19-6928] IPCACHE: copied cached file /home/williams/MYFPGA/FPGA Training Data Etri_fso/sfp_int/sfp_int_0/gt_ex/gt_ex_test/gt_ex_test.cache/ip/2022.2/1/c/1cbd4773200455ce/gt_stub.v to /home/williams/MYFPGA/FPGA Training Data Etri_fso/sfp_int/sfp_int_0/gt_ex/gt_ex_test/gt_ex_test.gen/sources_1/ip/gt/gt_stub.v.
INFO: [IP_Flow 19-6926] IPCACHE: added file to list for BOM: /home/williams/MYFPGA/FPGA Training Data Etri_fso/sfp_int/sfp_int_0/gt_ex/gt_ex_test/gt_ex_test.gen/sources_1/ip/gt/gt_stub.v
INFO: [IP_Flow 19-6928] IPCACHE: copied cached file /home/williams/MYFPGA/FPGA Training Data Etri_fso/sfp_int/sfp_int_0/gt_ex/gt_ex_test/gt_ex_test.cache/ip/2022.2/1/c/1cbd4773200455ce/gt_stub.vhdl to /home/williams/MYFPGA/FPGA Training Data Etri_fso/sfp_int/sfp_int_0/gt_ex/gt_ex_test/gt_ex_test.gen/sources_1/ip/gt/gt_stub.vhdl.
INFO: [IP_Flow 19-6926] IPCACHE: added file to list for BOM: /home/williams/MYFPGA/FPGA Training Data Etri_fso/sfp_int/sfp_int_0/gt_ex/gt_ex_test/gt_ex_test.gen/sources_1/ip/gt/gt_stub.vhdl
INFO: [IP_Flow 19-4993] Using cached IP synthesis design for IP gt, cache-ID = 1cbd4773200455ce; cache size = 5.709 MB.
export_ip_user_files -of_objects [get_files {{/home/williams/MYFPGA/FPGA Training Data Etri_fso/sfp_int/sfp_int_0/gt_ex/gt_ex_test/gt_ex_test.srcs/sources_1/ip/gt_1/gt.xci}}] -no_script -sync -force -quiet
create_ip_run [get_files -of_objects [get_fileset sources_1] {{/home/williams/MYFPGA/FPGA Training Data Etri_fso/sfp_int/sfp_int_0/gt_ex/gt_ex_test/gt_ex_test.srcs/sources_1/ip/gt_1/gt.xci}}]
INFO: [Vivado 12-3453] The given sub-design is up-to-date, no action was taken.  If a run is still desired, use the '-force' option for the file:'/home/williams/MYFPGA/FPGA Training Data Etri_fso/sfp_int/sfp_int_0/gt_ex/gt_ex_test/gt_ex_test.srcs/sources_1/ip/gt_1/gt.xci'
export_simulation -of_objects [get_files {{/home/williams/MYFPGA/FPGA Training Data Etri_fso/sfp_int/sfp_int_0/gt_ex/gt_ex_test/gt_ex_test.srcs/sources_1/ip/gt_1/gt.xci}}] -directory {/home/williams/MYFPGA/FPGA Training Data Etri_fso/sfp_int/sfp_int_0/gt_ex/gt_ex_test/gt_ex_test.ip_user_files/sim_scripts} -ip_user_files_dir {/home/williams/MYFPGA/FPGA Training Data Etri_fso/sfp_int/sfp_int_0/gt_ex/gt_ex_test/gt_ex_test.ip_user_files} -ipstatic_source_dir {/home/williams/MYFPGA/FPGA Training Data Etri_fso/sfp_int/sfp_int_0/gt_ex/gt_ex_test/gt_ex_test.ip_user_files/ipstatic} -lib_map_path [list {modelsim=/home/williams/MYFPGA/FPGA Training Data Etri_fso/sfp_int/sfp_int_0/gt_ex/gt_ex_test/gt_ex_test.cache/compile_simlib/modelsim} {questa=/home/williams/MYFPGA/FPGA Training Data Etri_fso/sfp_int/sfp_int_0/gt_ex/gt_ex_test/gt_ex_test.cache/compile_simlib/questa} {xcelium=/home/williams/MYFPGA/FPGA Training Data Etri_fso/sfp_int/sfp_int_0/gt_ex/gt_ex_test/gt_ex_test.cache/compile_simlib/xcelium} {vcs=/home/williams/MYFPGA/FPGA Training Data Etri_fso/sfp_int/sfp_int_0/gt_ex/gt_ex_test/gt_ex_test.cache/compile_simlib/vcs} {riviera=/home/williams/MYFPGA/FPGA Training Data Etri_fso/sfp_int/sfp_int_0/gt_ex/gt_ex_test/gt_ex_test.cache/compile_simlib/riviera}] -use_ip_compiled_libs -force -quiet
reset_simulation -simset sim_1 -mode behavioral
INFO: [Vivado 12-2266] Removing simulation data...
INFO: [Vivado 12-2267] Reset complete
launch_simulation
Command: launch_simulation 
INFO: [Vivado 12-12493] Simulation top is 'gt_example_top_sim'
WARNING: [Vivado 12-13277] Compiled library path does not exist: ''
INFO: [Vivado 12-5698] Checking validity of IPs in the design for the 'XSim' simulator...
INFO: [Vivado 12-5682] Launching behavioral simulation in '/home/williams/MYFPGA/FPGA Training Data Etri_fso/sfp_int/sfp_int_0/gt_ex/gt_ex_test/gt_ex_test.sim/sim_1/behav/xsim'
INFO: [Vivado 12-13660] Precompiled IP simulation library mode is enabled (default). The design IP libraries will be referenced from the compiled library path. Please note that if the precompiled version of the library is not found from the path or the IP is in locked state, then the library source files for these IPs will be compiled locally as part of the compile order.
INFO: [Vivado 12-4795] Using compiled simulation libraries for IPs
INFO: [SIM-utils-51] Simulation object is 'sim_1'
INFO: [SIM-utils-72] Using boost library from '/tools/Xilinx/Vivado/2022.2/tps/boost_1_72_0'
INFO: [USF-XSim-7] Finding pre-compiled libraries...
INFO: [USF-XSim-11] File '/tools/Xilinx/Vivado/2022.2/data/xsim/xsim.ini' copied to run dir:'/home/williams/MYFPGA/FPGA Training Data Etri_fso/sfp_int/sfp_int_0/gt_ex/gt_ex_test/gt_ex_test.sim/sim_1/behav/xsim'
INFO: [SIM-utils-54] Inspecting design source files for 'gt_example_top_sim' in fileset 'sim_1'...
INFO: [SIM-utils-43] Exported '/home/williams/MYFPGA/FPGA Training Data Etri_fso/sfp_int/sfp_int_0/gt_ex/gt_ex_test/gt_ex_test.sim/sim_1/behav/xsim/alpha_value.mem'
INFO: [SIM-utils-43] Exported '/home/williams/MYFPGA/FPGA Training Data Etri_fso/sfp_int/sfp_int_0/gt_ex/gt_ex_test/gt_ex_test.sim/sim_1/behav/xsim/sample.mem'
INFO: [SIM-utils-43] Exported '/home/williams/MYFPGA/FPGA Training Data Etri_fso/sfp_int/sfp_int_0/gt_ex/gt_ex_test/gt_ex_test.sim/sim_1/behav/xsim/decimal_value.mem'
INFO: [SIM-utils-43] Exported '/home/williams/MYFPGA/FPGA Training Data Etri_fso/sfp_int/sfp_int_0/gt_ex/gt_ex_test/gt_ex_test.sim/sim_1/behav/xsim/error.mem'
INFO: [USF-XSim-97] Finding global include files...
INFO: [USF-XSim-98] Fetching design files from 'sim_1'...
INFO: [USF-XSim-2] XSim::Compile design
INFO: [USF-XSim-61] Executing 'COMPILE and ANALYZE' step in '/home/williams/MYFPGA/FPGA Training Data Etri_fso/sfp_int/sfp_int_0/gt_ex/gt_ex_test/gt_ex_test.sim/sim_1/behav/xsim'
xvlog --incr --relax -prj gt_example_top_sim_vlog.prj
INFO: [VRFC 10-2263] Analyzing Verilog file "/home/williams/MYFPGA/FPGA Training Data Etri_fso/sfp_int/sfp_int_0/gt_ex/gt_ex_test/gt_ex_test.gen/sources_1/ip/gt/sim/gtwizard_ultrascale_v1_7_gthe3_channel.v" into library xil_defaultlib
INFO: [VRFC 10-311] analyzing module gtwizard_ultrascale_v1_7_14_gthe3_channel
INFO: [VRFC 10-2263] Analyzing Verilog file "/home/williams/MYFPGA/FPGA Training Data Etri_fso/sfp_int/sfp_int_0/gt_ex/gt_ex_test/gt_ex_test.gen/sources_1/ip/gt/sim/gt_gthe3_channel_wrapper.v" into library xil_defaultlib
INFO: [VRFC 10-311] analyzing module gt_gthe3_channel_wrapper
INFO: [VRFC 10-2263] Analyzing Verilog file "/home/williams/MYFPGA/FPGA Training Data Etri_fso/sfp_int/sfp_int_0/gt_ex/gt_ex_test/gt_ex_test.gen/sources_1/ip/gt/sim/gtwizard_ultrascale_v1_7_gthe3_common.v" into library xil_defaultlib
INFO: [VRFC 10-311] analyzing module gtwizard_ultrascale_v1_7_14_gthe3_common
INFO: [VRFC 10-2263] Analyzing Verilog file "/home/williams/MYFPGA/FPGA Training Data Etri_fso/sfp_int/sfp_int_0/gt_ex/gt_ex_test/gt_ex_test.gen/sources_1/ip/gt/sim/gt_gthe3_common_wrapper.v" into library xil_defaultlib
INFO: [VRFC 10-311] analyzing module gt_gthe3_common_wrapper
INFO: [VRFC 10-2263] Analyzing Verilog file "/home/williams/MYFPGA/FPGA Training Data Etri_fso/sfp_int/sfp_int_0/gt_ex/gt_ex_test/gt_ex_test.gen/sources_1/ip/gt/sim/gt_gtwizard_gthe3.v" into library xil_defaultlib
INFO: [VRFC 10-311] analyzing module gt_gtwizard_gthe3
INFO: [VRFC 10-2263] Analyzing Verilog file "/home/williams/MYFPGA/FPGA Training Data Etri_fso/sfp_int/sfp_int_0/gt_ex/gt_ex_test/gt_ex_test.gen/sources_1/ip/gt/sim/gt_gtwizard_top.v" into library xil_defaultlib
INFO: [VRFC 10-311] analyzing module gt_gtwizard_top
INFO: [VRFC 10-2263] Analyzing Verilog file "/home/williams/MYFPGA/FPGA Training Data Etri_fso/sfp_int/sfp_int_0/gt_ex/gt_ex_test/gt_ex_test.gen/sources_1/ip/gt/sim/gt.v" into library xil_defaultlib
INFO: [VRFC 10-311] analyzing module gt
INFO: [VRFC 10-2263] Analyzing Verilog file "/home/williams/MYFPGA/FPGA Training Data Etri_fso/sfp_int/sfp_int_0/gt_ex/gt_ex_test/gt_ex_test.gen/sources_1/ip/gt_vio_0/sim/gt_vio_0.v" into library xil_defaultlib
INFO: [VRFC 10-311] analyzing module gt_vio_0
INFO: [VRFC 10-2263] Analyzing Verilog file "/home/williams/MYFPGA/FPGA Training Data Etri_fso/sfp_int/sfp_int_0/gt_ex/imports/gt_example_bit_sync.v" into library xil_defaultlib
INFO: [VRFC 10-311] analyzing module gt_example_bit_synchronizer
INFO: [VRFC 10-2263] Analyzing Verilog file "/home/williams/MYFPGA/FPGA Training Data Etri_fso/sfp_int/sfp_int_0/gt_ex/imports/gt_example_gtwiz_userclk_rx.v" into library xil_defaultlib
INFO: [VRFC 10-311] analyzing module gt_example_gtwiz_userclk_rx
INFO: [VRFC 10-2263] Analyzing Verilog file "/home/williams/MYFPGA/FPGA Training Data Etri_fso/sfp_int/sfp_int_0/gt_ex/imports/gt_example_gtwiz_userclk_tx.v" into library xil_defaultlib
INFO: [VRFC 10-311] analyzing module gt_example_gtwiz_userclk_tx
INFO: [VRFC 10-2263] Analyzing Verilog file "/home/williams/MYFPGA/FPGA Training Data Etri_fso/sfp_int/sfp_int_0/gt_ex/imports/gt_example_init.v" into library xil_defaultlib
INFO: [VRFC 10-311] analyzing module gt_example_init
INFO: [VRFC 10-2263] Analyzing Verilog file "/home/williams/MYFPGA/FPGA Training Data Etri_fso/sfp_int/sfp_int_0/gt_ex/imports/gt_example_reset_sync.v" into library xil_defaultlib
INFO: [VRFC 10-311] analyzing module gt_example_reset_synchronizer
INFO: [VRFC 10-2263] Analyzing Verilog file "/home/williams/MYFPGA/FPGA Training Data Etri_fso/sfp_int/sfp_int_0/gt_ex/imports/gt_example_top.v" into library xil_defaultlib
INFO: [VRFC 10-311] analyzing module gt_example_top
INFO: [VRFC 10-2263] Analyzing Verilog file "/home/williams/MYFPGA/FPGA Training Data Etri_fso/sfp_int/sfp_int_0/gt_ex/imports/gt_example_wrapper.v" into library xil_defaultlib
INFO: [VRFC 10-311] analyzing module gt_example_wrapper
INFO: [VRFC 10-2263] Analyzing Verilog file "/home/williams/MYFPGA/FPGA Training Data Etri_fso/sfp_int/sfp_int_0/gt_ex/imports/gt_example_top_sim.v" into library xil_defaultlib
INFO: [VRFC 10-311] analyzing module gt_example_top_sim
INFO: [VRFC 10-2263] Analyzing Verilog file "/home/williams/MYFPGA/FPGA Training Data Etri_fso/sfp_int/sfp_int_0/gt_ex/gt_ex_test/gt_ex_test.sim/sim_1/behav/xsim/glbl.v" into library xil_defaultlib
INFO: [VRFC 10-311] analyzing module glbl
Waiting for jobs to finish...
No pending jobs, compilation finished.
INFO: [USF-XSim-69] 'compile' step finished in '1' seconds
INFO: [USF-XSim-3] XSim::Elaborate design
INFO: [USF-XSim-61] Executing 'ELABORATE' step in '/home/williams/MYFPGA/FPGA Training Data Etri_fso/sfp_int/sfp_int_0/gt_ex/gt_ex_test/gt_ex_test.sim/sim_1/behav/xsim'
xelab --incr --debug typical --relax --mt 8 -L xil_defaultlib -L gtwizard_ultrascale_v1_7_14 -L unisims_ver -L unimacro_ver -L secureip -L xpm --snapshot gt_example_top_sim_behav xil_defaultlib.gt_example_top_sim xil_defaultlib.glbl -log elaborate.log
Vivado Simulator v2022.2
Copyright 1986-1999, 2001-2022 Xilinx, Inc. All Rights Reserved.
Running: /tools/Xilinx/Vivado/2022.2/bin/unwrapped/lnx64.o/xelab --incr --debug typical --relax --mt 8 -L xil_defaultlib -L gtwizard_ultrascale_v1_7_14 -L unisims_ver -L unimacro_ver -L secureip -L xpm --snapshot gt_example_top_sim_behav xil_defaultlib.gt_example_top_sim xil_defaultlib.glbl -log elaborate.log 
Using 8 slave threads.
Starting static elaboration
Pass Through NonSizing Optimizer
ERROR: [VRFC 10-3180] cannot find port 'link_down_latched_out' on this module [/home/williams/MYFPGA/FPGA Training Data Etri_fso/sfp_int/sfp_int_0/gt_ex/imports/gt_example_top_sim.v:180]
ERROR: [VRFC 10-3180] cannot find port 'link_status_out' on this module [/home/williams/MYFPGA/FPGA Training Data Etri_fso/sfp_int/sfp_int_0/gt_ex/imports/gt_example_top_sim.v:179]
ERROR: [VRFC 10-3180] cannot find port 'link_down_latched_reset_in' on this module [/home/williams/MYFPGA/FPGA Training Data Etri_fso/sfp_int/sfp_int_0/gt_ex/imports/gt_example_top_sim.v:178]
ERROR: [VRFC 10-3180] cannot find port 'ch3_gthtxp_out' on this module [/home/williams/MYFPGA/FPGA Training Data Etri_fso/sfp_int/sfp_int_0/gt_ex/imports/gt_example_top_sim.v:175]
ERROR: [VRFC 10-3180] cannot find port 'ch3_gthtxn_out' on this module [/home/williams/MYFPGA/FPGA Training Data Etri_fso/sfp_int/sfp_int_0/gt_ex/imports/gt_example_top_sim.v:174]
ERROR: [VRFC 10-3180] cannot find port 'ch3_gthrxp_in' on this module [/home/williams/MYFPGA/FPGA Training Data Etri_fso/sfp_int/sfp_int_0/gt_ex/imports/gt_example_top_sim.v:173]
ERROR: [VRFC 10-3180] cannot find port 'ch3_gthrxn_in' on this module [/home/williams/MYFPGA/FPGA Training Data Etri_fso/sfp_int/sfp_int_0/gt_ex/imports/gt_example_top_sim.v:172]
ERROR: [VRFC 10-3180] cannot find port 'ch2_gthtxp_out' on this module [/home/williams/MYFPGA/FPGA Training Data Etri_fso/sfp_int/sfp_int_0/gt_ex/imports/gt_example_top_sim.v:171]
ERROR: [VRFC 10-3180] cannot find port 'ch2_gthtxn_out' on this module [/home/williams/MYFPGA/FPGA Training Data Etri_fso/sfp_int/sfp_int_0/gt_ex/imports/gt_example_top_sim.v:170]
ERROR: [VRFC 10-3180] cannot find port 'ch2_gthrxp_in' on this module [/home/williams/MYFPGA/FPGA Training Data Etri_fso/sfp_int/sfp_int_0/gt_ex/imports/gt_example_top_sim.v:169]
ERROR: [VRFC 10-3180] cannot find port 'ch2_gthrxn_in' on this module [/home/williams/MYFPGA/FPGA Training Data Etri_fso/sfp_int/sfp_int_0/gt_ex/imports/gt_example_top_sim.v:168]
ERROR: [VRFC 10-3180] cannot find port 'ch1_gthtxp_out' on this module [/home/williams/MYFPGA/FPGA Training Data Etri_fso/sfp_int/sfp_int_0/gt_ex/imports/gt_example_top_sim.v:167]
ERROR: [VRFC 10-3180] cannot find port 'ch1_gthtxn_out' on this module [/home/williams/MYFPGA/FPGA Training Data Etri_fso/sfp_int/sfp_int_0/gt_ex/imports/gt_example_top_sim.v:166]
ERROR: [VRFC 10-3180] cannot find port 'ch1_gthrxp_in' on this module [/home/williams/MYFPGA/FPGA Training Data Etri_fso/sfp_int/sfp_int_0/gt_ex/imports/gt_example_top_sim.v:165]
ERROR: [VRFC 10-3180] cannot find port 'ch1_gthrxn_in' on this module [/home/williams/MYFPGA/FPGA Training Data Etri_fso/sfp_int/sfp_int_0/gt_ex/imports/gt_example_top_sim.v:164]
ERROR: [VRFC 10-3180] cannot find port 'ch0_gthtxp_out' on this module [/home/williams/MYFPGA/FPGA Training Data Etri_fso/sfp_int/sfp_int_0/gt_ex/imports/gt_example_top_sim.v:163]
ERROR: [VRFC 10-3180] cannot find port 'ch0_gthtxn_out' on this module [/home/williams/MYFPGA/FPGA Training Data Etri_fso/sfp_int/sfp_int_0/gt_ex/imports/gt_example_top_sim.v:162]
ERROR: [VRFC 10-3180] cannot find port 'ch0_gthrxp_in' on this module [/home/williams/MYFPGA/FPGA Training Data Etri_fso/sfp_int/sfp_int_0/gt_ex/imports/gt_example_top_sim.v:161]
ERROR: [VRFC 10-3180] cannot find port 'ch0_gthrxn_in' on this module [/home/williams/MYFPGA/FPGA Training Data Etri_fso/sfp_int/sfp_int_0/gt_ex/imports/gt_example_top_sim.v:160]
INFO: [#UNDEF] Sorry, too many errors..
ERROR: [XSIM 43-3322] Static elaboration of top level Verilog design unit(s) in library work failed.
INFO: [USF-XSim-69] 'elaborate' step finished in '1' seconds
INFO: [USF-XSim-99] Step results log file:'/home/williams/MYFPGA/FPGA Training Data Etri_fso/sfp_int/sfp_int_0/gt_ex/gt_ex_test/gt_ex_test.sim/sim_1/behav/xsim/elaborate.log'
ERROR: [USF-XSim-62] 'elaborate' step failed with error(s). Please check the Tcl console output or '/home/williams/MYFPGA/FPGA Training Data Etri_fso/sfp_int/sfp_int_0/gt_ex/gt_ex_test/gt_ex_test.sim/sim_1/behav/xsim/elaborate.log' file for more information.
ERROR: [Vivado 12-4473] Detected error while running simulation. Please correct the issue and retry this operation.
ERROR: [Common 17-39] 'launch_simulation' failed due to earlier errors.
report_ip_status -name ip_status 
report_ip_status -name ip_status 
export_ip_user_files -of_objects  [get_files {{/home/williams/MYFPGA/FPGA Training Data Etri_fso/sfp_int/sfp_int_0/gt_ex/gt_ex_test/gt_ex_test.srcs/sources_1/ip/clk_wiz_0_2/clk_wiz_0.xci}}] -no_script -reset -force -quiet
remove_files  -fileset clk_wiz_0 {{/home/williams/MYFPGA/FPGA Training Data Etri_fso/sfp_int/sfp_int_0/gt_ex/gt_ex_test/gt_ex_test.srcs/sources_1/ip/clk_wiz_0_2/clk_wiz_0.xci}}
INFO: [Project 1-386] Moving file '/home/williams/MYFPGA/FPGA Training Data Etri_fso/sfp_int/sfp_int_0/gt_ex/gt_ex_test/gt_ex_test.srcs/sources_1/ip/clk_wiz_0_2/clk_wiz_0.xci' from fileset 'clk_wiz_0' to fileset 'sources_1'.
file delete -force {/home/williams/MYFPGA/FPGA Training Data Etri_fso/sfp_int/sfp_int_0/gt_ex/gt_ex_test/gt_ex_test.srcs/sources_1/ip/clk_wiz_0_2}
file delete -force {/home/williams/MYFPGA/FPGA Training Data Etri_fso/sfp_int/sfp_int_0/gt_ex/gt_ex_test/gt_ex_test.gen/sources_1/ip/clk_wiz_0_1}
file delete -force {/home/williams/MYFPGA/FPGA Training Data Etri_fso/sfp_int/sfp_int_0/gt_ex/gt_ex_test/gt_ex_test.ip_user_files/ip/clk_wiz_0}
export_ip_user_files -of_objects  [get_files {{/home/williams/MYFPGA/FPGA Training Data Etri_fso/sfp_int/sfp_int_0/gt_ex/gt_ex_test/gt_ex_test.srcs/sources_1/ip/reset_0_1/reset_0.xci}}] -no_script -reset -force -quiet
remove_files  -fileset reset_0 {{/home/williams/MYFPGA/FPGA Training Data Etri_fso/sfp_int/sfp_int_0/gt_ex/gt_ex_test/gt_ex_test.srcs/sources_1/ip/reset_0_1/reset_0.xci}}
INFO: [Project 1-386] Moving file '/home/williams/MYFPGA/FPGA Training Data Etri_fso/sfp_int/sfp_int_0/gt_ex/gt_ex_test/gt_ex_test.srcs/sources_1/ip/reset_0_1/reset_0.xci' from fileset 'reset_0' to fileset 'sources_1'.
file delete -force {/home/williams/MYFPGA/FPGA Training Data Etri_fso/sfp_int/sfp_int_0/gt_ex/gt_ex_test/gt_ex_test.srcs/sources_1/ip/reset_0_1}
file delete -force {/home/williams/MYFPGA/FPGA Training Data Etri_fso/sfp_int/sfp_int_0/gt_ex/gt_ex_test/gt_ex_test.gen/sources_1/ip/reset_0}
file delete -force {/home/williams/MYFPGA/FPGA Training Data Etri_fso/sfp_int/sfp_int_0/gt_ex/gt_ex_test/gt_ex_test.ip_user_files/ip/reset_0}
export_ip_user_files -of_objects  [get_files {{/home/williams/MYFPGA/FPGA Training Data Etri_fso/sfp_int/sfp_int_0/gt_ex/gt_ex_test/gt_ex_test.srcs/sources_1/ip/gt_vio_0_1/gt_vio_0.xci}}] -no_script -reset -force -quiet
remove_files  -fileset gt_vio_0 {{/home/williams/MYFPGA/FPGA Training Data Etri_fso/sfp_int/sfp_int_0/gt_ex/gt_ex_test/gt_ex_test.srcs/sources_1/ip/gt_vio_0_1/gt_vio_0.xci}}
INFO: [Project 1-386] Moving file '/home/williams/MYFPGA/FPGA Training Data Etri_fso/sfp_int/sfp_int_0/gt_ex/gt_ex_test/gt_ex_test.srcs/sources_1/ip/gt_vio_0_1/gt_vio_0.xci' from fileset 'gt_vio_0' to fileset 'sources_1'.
file delete -force {/home/williams/MYFPGA/FPGA Training Data Etri_fso/sfp_int/sfp_int_0/gt_ex/gt_ex_test/gt_ex_test.srcs/sources_1/ip/gt_vio_0_1}
file delete -force {/home/williams/MYFPGA/FPGA Training Data Etri_fso/sfp_int/sfp_int_0/gt_ex/gt_ex_test/gt_ex_test.gen/sources_1/ip/gt_vio_0}
file delete -force {/home/williams/MYFPGA/FPGA Training Data Etri_fso/sfp_int/sfp_int_0/gt_ex/gt_ex_test/gt_ex_test.ip_user_files/ip/gt_vio_0}
export_ip_user_files -of_objects  [get_files {{/home/williams/MYFPGA/FPGA Training Data Etri_fso/sfp_int/sfp_int_0/gt_ex/gt_ex_test/gt_ex_test.srcs/sources_1/ip/gt_1/gt.xci}}] -no_script -reset -force -quiet
remove_files  {{/home/williams/MYFPGA/FPGA Training Data Etri_fso/sfp_int/sfp_int_0/gt_ex/gt_ex_test/gt_ex_test.srcs/sources_1/ip/gt_1/gt.xci}}
file delete -force {/home/williams/MYFPGA/FPGA Training Data Etri_fso/sfp_int/sfp_int_0/gt_ex/gt_ex_test/gt_ex_test.srcs/sources_1/ip/gt_1}
file delete -force {/home/williams/MYFPGA/FPGA Training Data Etri_fso/sfp_int/sfp_int_0/gt_ex/gt_ex_test/gt_ex_test.gen/sources_1/ip/gt}
file delete -force {/home/williams/MYFPGA/FPGA Training Data Etri_fso/sfp_int/sfp_int_0/gt_ex/gt_ex_test/gt_ex_test.ip_user_files/ip/gt}
create_ip -name clk_wiz -vendor xilinx.com -library ip -version 6.0 -module_name clk_wiz_0
set_property -dict [list \
  CONFIG.CLKIN1_JITTER_PS {50.0} \
  CONFIG.CLKOUT1_DRIVES {Buffer} \
  CONFIG.CLKOUT1_JITTER {112.316} \
  CONFIG.CLKOUT1_PHASE_ERROR {89.971} \
  CONFIG.CLKOUT1_REQUESTED_OUT_FREQ {100.000} \
  CONFIG.CLKOUT2_DRIVES {Buffer} \
  CONFIG.CLKOUT2_JITTER {98.146} \
  CONFIG.CLKOUT2_PHASE_ERROR {89.971} \
  CONFIG.CLKOUT2_REQUESTED_OUT_FREQ {200.000} \
  CONFIG.CLKOUT2_USED {true} \
  CONFIG.CLKOUT3_DRIVES {Buffer} \
  CONFIG.CLKOUT4_DRIVES {Buffer} \
  CONFIG.CLKOUT5_DRIVES {Buffer} \
  CONFIG.CLKOUT6_DRIVES {Buffer} \
  CONFIG.CLKOUT7_DRIVES {Buffer} \
  CONFIG.MMCM_CLKFBOUT_MULT_F {5.000} \
  CONFIG.MMCM_CLKIN1_PERIOD {5.000} \
  CONFIG.MMCM_CLKIN2_PERIOD {10.0} \
  CONFIG.MMCM_CLKOUT0_DIVIDE_F {10.000} \
  CONFIG.MMCM_CLKOUT1_DIVIDE {5} \
  CONFIG.NUM_OUT_CLKS {2} \
  CONFIG.PRIM_IN_FREQ {200.000} \
  CONFIG.SECONDARY_SOURCE {Single_ended_clock_capable_pin} \
  CONFIG.USE_PHASE_ALIGNMENT {true} \
] [get_ips clk_wiz_0]
generate_target {instantiation_template} [get_files {{/home/williams/MYFPGA/FPGA Training Data Etri_fso/sfp_int/sfp_int_0/gt_ex/gt_ex_test/gt_ex_test.srcs/sources_1/ip/clk_wiz_0_2/clk_wiz_0.xci}}]
INFO: [IP_Flow 19-1686] Generating 'Instantiation Template' target for IP 'clk_wiz_0'...
generate_target all [get_files  {{/home/williams/MYFPGA/FPGA Training Data Etri_fso/sfp_int/sfp_int_0/gt_ex/gt_ex_test/gt_ex_test.srcs/sources_1/ip/clk_wiz_0_2/clk_wiz_0.xci}}]
INFO: [IP_Flow 19-1686] Generating 'Synthesis' target for IP 'clk_wiz_0'...
INFO: [IP_Flow 19-1686] Generating 'Simulation' target for IP 'clk_wiz_0'...
INFO: [IP_Flow 19-1686] Generating 'Implementation' target for IP 'clk_wiz_0'...
INFO: [IP_Flow 19-1686] Generating 'Change Log' target for IP 'clk_wiz_0'...
catch { config_ip_cache -export [get_ips -all clk_wiz_0] }
INFO: [IP_Flow 19-6924] IPCACHE: Running cache check for IP inst: clk_wiz_0
INFO: [IP_Flow 19-6922] IPCACHE: Exporting cached entry 80cc6bba3c296cc4 to dir: /home/williams/MYFPGA/FPGA Training Data Etri_fso/sfp_int/sfp_int_0/gt_ex/gt_ex_test/gt_ex_test.gen/sources_1/ip/clk_wiz_0_1
INFO: [IP_Flow 19-6928] IPCACHE: copied cached file /home/williams/MYFPGA/FPGA Training Data Etri_fso/sfp_int/sfp_int_0/gt_ex/gt_ex_test/gt_ex_test.cache/ip/2022.2/8/0/80cc6bba3c296cc4/clk_wiz_0_sim_netlist.v to /home/williams/MYFPGA/FPGA Training Data Etri_fso/sfp_int/sfp_int_0/gt_ex/gt_ex_test/gt_ex_test.gen/sources_1/ip/clk_wiz_0_1/clk_wiz_0_sim_netlist.v.
INFO: [IP_Flow 19-6926] IPCACHE: added file to list for BOM: /home/williams/MYFPGA/FPGA Training Data Etri_fso/sfp_int/sfp_int_0/gt_ex/gt_ex_test/gt_ex_test.gen/sources_1/ip/clk_wiz_0_1/clk_wiz_0_sim_netlist.v
INFO: [IP_Flow 19-6928] IPCACHE: copied cached file /home/williams/MYFPGA/FPGA Training Data Etri_fso/sfp_int/sfp_int_0/gt_ex/gt_ex_test/gt_ex_test.cache/ip/2022.2/8/0/80cc6bba3c296cc4/clk_wiz_0.dcp to /home/williams/MYFPGA/FPGA Training Data Etri_fso/sfp_int/sfp_int_0/gt_ex/gt_ex_test/gt_ex_test.gen/sources_1/ip/clk_wiz_0_1/clk_wiz_0.dcp.
INFO: [IP_Flow 19-6926] IPCACHE: added file to list for BOM: /home/williams/MYFPGA/FPGA Training Data Etri_fso/sfp_int/sfp_int_0/gt_ex/gt_ex_test/gt_ex_test.gen/sources_1/ip/clk_wiz_0_1/clk_wiz_0.dcp
INFO: [IP_Flow 19-6928] IPCACHE: copied cached file /home/williams/MYFPGA/FPGA Training Data Etri_fso/sfp_int/sfp_int_0/gt_ex/gt_ex_test/gt_ex_test.cache/ip/2022.2/8/0/80cc6bba3c296cc4/clk_wiz_0_stub.v to /home/williams/MYFPGA/FPGA Training Data Etri_fso/sfp_int/sfp_int_0/gt_ex/gt_ex_test/gt_ex_test.gen/sources_1/ip/clk_wiz_0_1/clk_wiz_0_stub.v.
INFO: [IP_Flow 19-6926] IPCACHE: added file to list for BOM: /home/williams/MYFPGA/FPGA Training Data Etri_fso/sfp_int/sfp_int_0/gt_ex/gt_ex_test/gt_ex_test.gen/sources_1/ip/clk_wiz_0_1/clk_wiz_0_stub.v
INFO: [IP_Flow 19-6928] IPCACHE: copied cached file /home/williams/MYFPGA/FPGA Training Data Etri_fso/sfp_int/sfp_int_0/gt_ex/gt_ex_test/gt_ex_test.cache/ip/2022.2/8/0/80cc6bba3c296cc4/clk_wiz_0_stub.vhdl to /home/williams/MYFPGA/FPGA Training Data Etri_fso/sfp_int/sfp_int_0/gt_ex/gt_ex_test/gt_ex_test.gen/sources_1/ip/clk_wiz_0_1/clk_wiz_0_stub.vhdl.
INFO: [IP_Flow 19-6926] IPCACHE: added file to list for BOM: /home/williams/MYFPGA/FPGA Training Data Etri_fso/sfp_int/sfp_int_0/gt_ex/gt_ex_test/gt_ex_test.gen/sources_1/ip/clk_wiz_0_1/clk_wiz_0_stub.vhdl
INFO: [IP_Flow 19-6928] IPCACHE: copied cached file /home/williams/MYFPGA/FPGA Training Data Etri_fso/sfp_int/sfp_int_0/gt_ex/gt_ex_test/gt_ex_test.cache/ip/2022.2/8/0/80cc6bba3c296cc4/clk_wiz_0_sim_netlist.vhdl to /home/williams/MYFPGA/FPGA Training Data Etri_fso/sfp_int/sfp_int_0/gt_ex/gt_ex_test/gt_ex_test.gen/sources_1/ip/clk_wiz_0_1/clk_wiz_0_sim_netlist.vhdl.
INFO: [IP_Flow 19-6926] IPCACHE: added file to list for BOM: /home/williams/MYFPGA/FPGA Training Data Etri_fso/sfp_int/sfp_int_0/gt_ex/gt_ex_test/gt_ex_test.gen/sources_1/ip/clk_wiz_0_1/clk_wiz_0_sim_netlist.vhdl
INFO: [IP_Flow 19-4993] Using cached IP synthesis design for IP clk_wiz_0, cache-ID = 80cc6bba3c296cc4; cache size = 5.709 MB.
export_ip_user_files -of_objects [get_files {{/home/williams/MYFPGA/FPGA Training Data Etri_fso/sfp_int/sfp_int_0/gt_ex/gt_ex_test/gt_ex_test.srcs/sources_1/ip/clk_wiz_0_2/clk_wiz_0.xci}}] -no_script -sync -force -quiet
create_ip_run [get_files -of_objects [get_fileset sources_1] {{/home/williams/MYFPGA/FPGA Training Data Etri_fso/sfp_int/sfp_int_0/gt_ex/gt_ex_test/gt_ex_test.srcs/sources_1/ip/clk_wiz_0_2/clk_wiz_0.xci}}]
INFO: [Vivado 12-3453] The given sub-design is up-to-date, no action was taken.  If a run is still desired, use the '-force' option for the file:'/home/williams/MYFPGA/FPGA Training Data Etri_fso/sfp_int/sfp_int_0/gt_ex/gt_ex_test/gt_ex_test.srcs/sources_1/ip/clk_wiz_0_2/clk_wiz_0.xci'
export_simulation -of_objects [get_files {{/home/williams/MYFPGA/FPGA Training Data Etri_fso/sfp_int/sfp_int_0/gt_ex/gt_ex_test/gt_ex_test.srcs/sources_1/ip/clk_wiz_0_2/clk_wiz_0.xci}}] -directory {/home/williams/MYFPGA/FPGA Training Data Etri_fso/sfp_int/sfp_int_0/gt_ex/gt_ex_test/gt_ex_test.ip_user_files/sim_scripts} -ip_user_files_dir {/home/williams/MYFPGA/FPGA Training Data Etri_fso/sfp_int/sfp_int_0/gt_ex/gt_ex_test/gt_ex_test.ip_user_files} -ipstatic_source_dir {/home/williams/MYFPGA/FPGA Training Data Etri_fso/sfp_int/sfp_int_0/gt_ex/gt_ex_test/gt_ex_test.ip_user_files/ipstatic} -lib_map_path [list {modelsim=/home/williams/MYFPGA/FPGA Training Data Etri_fso/sfp_int/sfp_int_0/gt_ex/gt_ex_test/gt_ex_test.cache/compile_simlib/modelsim} {questa=/home/williams/MYFPGA/FPGA Training Data Etri_fso/sfp_int/sfp_int_0/gt_ex/gt_ex_test/gt_ex_test.cache/compile_simlib/questa} {xcelium=/home/williams/MYFPGA/FPGA Training Data Etri_fso/sfp_int/sfp_int_0/gt_ex/gt_ex_test/gt_ex_test.cache/compile_simlib/xcelium} {vcs=/home/williams/MYFPGA/FPGA Training Data Etri_fso/sfp_int/sfp_int_0/gt_ex/gt_ex_test/gt_ex_test.cache/compile_simlib/vcs} {riviera=/home/williams/MYFPGA/FPGA Training Data Etri_fso/sfp_int/sfp_int_0/gt_ex/gt_ex_test/gt_ex_test.cache/compile_simlib/riviera}] -use_ip_compiled_libs -force -quiet
update_compile_order -fileset sources_1
create_ip -name proc_sys_reset -vendor xilinx.com -library ip -version 5.0 -module_name reset_0
set_property -dict [list \
  CONFIG.C_EXT_RESET_HIGH {0} \
  CONFIG.Component_Name {reset_0} \
] [get_ips reset_0]
WARNING: [Vivado 12-3523] Attempt to change 'Component_Name' from 'reset_0' to 'reset_0' is not allowed and is ignored.
generate_target {instantiation_template} [get_files {{/home/williams/MYFPGA/FPGA Training Data Etri_fso/sfp_int/sfp_int_0/gt_ex/gt_ex_test/gt_ex_test.srcs/sources_1/ip/reset_0_1/reset_0.xci}}]
INFO: [IP_Flow 19-1686] Generating 'Instantiation Template' target for IP 'reset_0'...
generate_target all [get_files  {{/home/williams/MYFPGA/FPGA Training Data Etri_fso/sfp_int/sfp_int_0/gt_ex/gt_ex_test/gt_ex_test.srcs/sources_1/ip/reset_0_1/reset_0.xci}}]
INFO: [IP_Flow 19-1686] Generating 'Synthesis' target for IP 'reset_0'...
INFO: [IP_Flow 19-1686] Generating 'Simulation' target for IP 'reset_0'...
INFO: [IP_Flow 19-1686] Generating 'Implementation' target for IP 'reset_0'...
INFO: [IP_Flow 19-1686] Generating 'Change Log' target for IP 'reset_0'...
catch { config_ip_cache -export [get_ips -all reset_0] }
INFO: [IP_Flow 19-6924] IPCACHE: Running cache check for IP inst: reset_0
INFO: [IP_Flow 19-6922] IPCACHE: Exporting cached entry 20408a7fe45d70fe to dir: /home/williams/MYFPGA/FPGA Training Data Etri_fso/sfp_int/sfp_int_0/gt_ex/gt_ex_test/gt_ex_test.gen/sources_1/ip/reset_0
INFO: [IP_Flow 19-6928] IPCACHE: copied cached file /home/williams/MYFPGA/FPGA Training Data Etri_fso/sfp_int/sfp_int_0/gt_ex/gt_ex_test/gt_ex_test.cache/ip/2022.2/2/0/20408a7fe45d70fe/reset_0_sim_netlist.v to /home/williams/MYFPGA/FPGA Training Data Etri_fso/sfp_int/sfp_int_0/gt_ex/gt_ex_test/gt_ex_test.gen/sources_1/ip/reset_0/reset_0_sim_netlist.v.
INFO: [IP_Flow 19-6926] IPCACHE: added file to list for BOM: /home/williams/MYFPGA/FPGA Training Data Etri_fso/sfp_int/sfp_int_0/gt_ex/gt_ex_test/gt_ex_test.gen/sources_1/ip/reset_0/reset_0_sim_netlist.v
INFO: [IP_Flow 19-6928] IPCACHE: copied cached file /home/williams/MYFPGA/FPGA Training Data Etri_fso/sfp_int/sfp_int_0/gt_ex/gt_ex_test/gt_ex_test.cache/ip/2022.2/2/0/20408a7fe45d70fe/reset_0_stub.vhdl to /home/williams/MYFPGA/FPGA Training Data Etri_fso/sfp_int/sfp_int_0/gt_ex/gt_ex_test/gt_ex_test.gen/sources_1/ip/reset_0/reset_0_stub.vhdl.
INFO: [IP_Flow 19-6926] IPCACHE: added file to list for BOM: /home/williams/MYFPGA/FPGA Training Data Etri_fso/sfp_int/sfp_int_0/gt_ex/gt_ex_test/gt_ex_test.gen/sources_1/ip/reset_0/reset_0_stub.vhdl
INFO: [IP_Flow 19-6928] IPCACHE: copied cached file /home/williams/MYFPGA/FPGA Training Data Etri_fso/sfp_int/sfp_int_0/gt_ex/gt_ex_test/gt_ex_test.cache/ip/2022.2/2/0/20408a7fe45d70fe/reset_0_sim_netlist.vhdl to /home/williams/MYFPGA/FPGA Training Data Etri_fso/sfp_int/sfp_int_0/gt_ex/gt_ex_test/gt_ex_test.gen/sources_1/ip/reset_0/reset_0_sim_netlist.vhdl.
INFO: [IP_Flow 19-6926] IPCACHE: added file to list for BOM: /home/williams/MYFPGA/FPGA Training Data Etri_fso/sfp_int/sfp_int_0/gt_ex/gt_ex_test/gt_ex_test.gen/sources_1/ip/reset_0/reset_0_sim_netlist.vhdl
INFO: [IP_Flow 19-6928] IPCACHE: copied cached file /home/williams/MYFPGA/FPGA Training Data Etri_fso/sfp_int/sfp_int_0/gt_ex/gt_ex_test/gt_ex_test.cache/ip/2022.2/2/0/20408a7fe45d70fe/reset_0_stub.v to /home/williams/MYFPGA/FPGA Training Data Etri_fso/sfp_int/sfp_int_0/gt_ex/gt_ex_test/gt_ex_test.gen/sources_1/ip/reset_0/reset_0_stub.v.
INFO: [IP_Flow 19-6926] IPCACHE: added file to list for BOM: /home/williams/MYFPGA/FPGA Training Data Etri_fso/sfp_int/sfp_int_0/gt_ex/gt_ex_test/gt_ex_test.gen/sources_1/ip/reset_0/reset_0_stub.v
INFO: [IP_Flow 19-6928] IPCACHE: copied cached file /home/williams/MYFPGA/FPGA Training Data Etri_fso/sfp_int/sfp_int_0/gt_ex/gt_ex_test/gt_ex_test.cache/ip/2022.2/2/0/20408a7fe45d70fe/reset_0.dcp to /home/williams/MYFPGA/FPGA Training Data Etri_fso/sfp_int/sfp_int_0/gt_ex/gt_ex_test/gt_ex_test.gen/sources_1/ip/reset_0/reset_0.dcp.
INFO: [IP_Flow 19-6926] IPCACHE: added file to list for BOM: /home/williams/MYFPGA/FPGA Training Data Etri_fso/sfp_int/sfp_int_0/gt_ex/gt_ex_test/gt_ex_test.gen/sources_1/ip/reset_0/reset_0.dcp
INFO: [IP_Flow 19-4993] Using cached IP synthesis design for IP reset_0, cache-ID = 20408a7fe45d70fe; cache size = 5.709 MB.
export_ip_user_files -of_objects [get_files {{/home/williams/MYFPGA/FPGA Training Data Etri_fso/sfp_int/sfp_int_0/gt_ex/gt_ex_test/gt_ex_test.srcs/sources_1/ip/reset_0_1/reset_0.xci}}] -no_script -sync -force -quiet
create_ip_run [get_files -of_objects [get_fileset sources_1] {{/home/williams/MYFPGA/FPGA Training Data Etri_fso/sfp_int/sfp_int_0/gt_ex/gt_ex_test/gt_ex_test.srcs/sources_1/ip/reset_0_1/reset_0.xci}}]
INFO: [Vivado 12-3453] The given sub-design is up-to-date, no action was taken.  If a run is still desired, use the '-force' option for the file:'/home/williams/MYFPGA/FPGA Training Data Etri_fso/sfp_int/sfp_int_0/gt_ex/gt_ex_test/gt_ex_test.srcs/sources_1/ip/reset_0_1/reset_0.xci'
export_simulation -of_objects [get_files {{/home/williams/MYFPGA/FPGA Training Data Etri_fso/sfp_int/sfp_int_0/gt_ex/gt_ex_test/gt_ex_test.srcs/sources_1/ip/reset_0_1/reset_0.xci}}] -directory {/home/williams/MYFPGA/FPGA Training Data Etri_fso/sfp_int/sfp_int_0/gt_ex/gt_ex_test/gt_ex_test.ip_user_files/sim_scripts} -ip_user_files_dir {/home/williams/MYFPGA/FPGA Training Data Etri_fso/sfp_int/sfp_int_0/gt_ex/gt_ex_test/gt_ex_test.ip_user_files} -ipstatic_source_dir {/home/williams/MYFPGA/FPGA Training Data Etri_fso/sfp_int/sfp_int_0/gt_ex/gt_ex_test/gt_ex_test.ip_user_files/ipstatic} -lib_map_path [list {modelsim=/home/williams/MYFPGA/FPGA Training Data Etri_fso/sfp_int/sfp_int_0/gt_ex/gt_ex_test/gt_ex_test.cache/compile_simlib/modelsim} {questa=/home/williams/MYFPGA/FPGA Training Data Etri_fso/sfp_int/sfp_int_0/gt_ex/gt_ex_test/gt_ex_test.cache/compile_simlib/questa} {xcelium=/home/williams/MYFPGA/FPGA Training Data Etri_fso/sfp_int/sfp_int_0/gt_ex/gt_ex_test/gt_ex_test.cache/compile_simlib/xcelium} {vcs=/home/williams/MYFPGA/FPGA Training Data Etri_fso/sfp_int/sfp_int_0/gt_ex/gt_ex_test/gt_ex_test.cache/compile_simlib/vcs} {riviera=/home/williams/MYFPGA/FPGA Training Data Etri_fso/sfp_int/sfp_int_0/gt_ex/gt_ex_test/gt_ex_test.cache/compile_simlib/riviera}] -use_ip_compiled_libs -force -quiet
update_compile_order -fileset sources_1
create_ip -name gtwizard_ultrascale -vendor xilinx.com -library ip -version 1.7 -module_name gt
set_property -dict [list \
  CONFIG.CHANNEL_ENABLE {X1Y11 X1Y10 X1Y9 X1Y8} \
  CONFIG.Component_Name {gt} \
  CONFIG.ENABLE_OPTIONAL_PORTS {rxlpmen_in txdiffctrl_in txpostcursor_in txprecursor_in} \
  CONFIG.FREERUN_FREQUENCY {100} \
  CONFIG.RX_COMMA_M_ENABLE {true} \
  CONFIG.RX_COMMA_PRESET {K28.5} \
  CONFIG.RX_COMMA_P_ENABLE {true} \
  CONFIG.RX_DATA_DECODING {8B10B} \
  CONFIG.RX_MASTER_CHANNEL {X1Y11} \
  CONFIG.TX_DATA_ENCODING {8B10B} \
  CONFIG.TX_MASTER_CHANNEL {X1Y11} \
] [get_ips gt]
WARNING: [Vivado 12-3523] Attempt to change 'Component_Name' from 'gt' to 'gt' is not allowed and is ignored.
generate_target {instantiation_template} [get_files {{/home/williams/MYFPGA/FPGA Training Data Etri_fso/sfp_int/sfp_int_0/gt_ex/gt_ex_test/gt_ex_test.srcs/sources_1/ip/gt_1/gt.xci}}]
INFO: [IP_Flow 19-1686] Generating 'Instantiation Template' target for IP 'gt'...
generate_target all [get_files  {{/home/williams/MYFPGA/FPGA Training Data Etri_fso/sfp_int/sfp_int_0/gt_ex/gt_ex_test/gt_ex_test.srcs/sources_1/ip/gt_1/gt.xci}}]
INFO: [IP_Flow 19-1686] Generating 'Synthesis' target for IP 'gt'...
INFO: [IP_Flow 19-1686] Generating 'Simulation' target for IP 'gt'...
INFO: [IP_Flow 19-1686] Generating 'Change Log' target for IP 'gt'...
catch { config_ip_cache -export [get_ips -all gt] }
INFO: [IP_Flow 19-6924] IPCACHE: Running cache check for IP inst: gt
export_ip_user_files -of_objects [get_files {{/home/williams/MYFPGA/FPGA Training Data Etri_fso/sfp_int/sfp_int_0/gt_ex/gt_ex_test/gt_ex_test.srcs/sources_1/ip/gt_1/gt.xci}}] -no_script -sync -force -quiet
create_ip_run [get_files -of_objects [get_fileset sources_1] {{/home/williams/MYFPGA/FPGA Training Data Etri_fso/sfp_int/sfp_int_0/gt_ex/gt_ex_test/gt_ex_test.srcs/sources_1/ip/gt_1/gt.xci}}]
launch_runs gt_synth_1 -jobs 24
INFO: [IP_Flow 19-6924] IPCACHE: Running cache check for IP inst: gt
[Mon Aug  3 18:35:17 2026] Launched gt_synth_1...
Run output will be captured here: /home/williams/MYFPGA/FPGA Training Data Etri_fso/sfp_int/sfp_int_0/gt_ex/gt_ex_test/gt_ex_test.runs/gt_synth_1/runme.log
export_simulation -of_objects [get_files {{/home/williams/MYFPGA/FPGA Training Data Etri_fso/sfp_int/sfp_int_0/gt_ex/gt_ex_test/gt_ex_test.srcs/sources_1/ip/gt_1/gt.xci}}] -directory {/home/williams/MYFPGA/FPGA Training Data Etri_fso/sfp_int/sfp_int_0/gt_ex/gt_ex_test/gt_ex_test.ip_user_files/sim_scripts} -ip_user_files_dir {/home/williams/MYFPGA/FPGA Training Data Etri_fso/sfp_int/sfp_int_0/gt_ex/gt_ex_test/gt_ex_test.ip_user_files} -ipstatic_source_dir {/home/williams/MYFPGA/FPGA Training Data Etri_fso/sfp_int/sfp_int_0/gt_ex/gt_ex_test/gt_ex_test.ip_user_files/ipstatic} -lib_map_path [list {modelsim=/home/williams/MYFPGA/FPGA Training Data Etri_fso/sfp_int/sfp_int_0/gt_ex/gt_ex_test/gt_ex_test.cache/compile_simlib/modelsim} {questa=/home/williams/MYFPGA/FPGA Training Data Etri_fso/sfp_int/sfp_int_0/gt_ex/gt_ex_test/gt_ex_test.cache/compile_simlib/questa} {xcelium=/home/williams/MYFPGA/FPGA Training Data Etri_fso/sfp_int/sfp_int_0/gt_ex/gt_ex_test/gt_ex_test.cache/compile_simlib/xcelium} {vcs=/home/williams/MYFPGA/FPGA Training Data Etri_fso/sfp_int/sfp_int_0/gt_ex/gt_ex_test/gt_ex_test.cache/compile_simlib/vcs} {riviera=/home/williams/MYFPGA/FPGA Training Data Etri_fso/sfp_int/sfp_int_0/gt_ex/gt_ex_test/gt_ex_test.cache/compile_simlib/riviera}] -use_ip_compiled_libs -force -quiet
create_ip -name vio -vendor xilinx.com -library ip -version 3.0 -module_name gt_vio_0
set_property -dict [list \
  CONFIG.C_NUM_PROBE_IN {10} \
  CONFIG.C_NUM_PROBE_OUT {8} \
  CONFIG.C_PROBE_IN3_WIDTH {4} \
  CONFIG.C_PROBE_IN4_WIDTH {4} \
  CONFIG.C_PROBE_IN5_WIDTH {4} \
  CONFIG.C_PROBE_IN6_WIDTH {4} \
  CONFIG.C_PROBE_IN9_WIDTH {12} \
  CONFIG.C_PROBE_OUT6_WIDTH {20} \
  CONFIG.C_PROBE_OUT7_WIDTH {20} \
  CONFIG.Component_Name {gt_vio_0} \
] [get_ips gt_vio_0]
WARNING: [Vivado 12-3523] Attempt to change 'Component_Name' from 'gt_vio_0' to 'gt_vio_0' is not allowed and is ignored.
generate_target {instantiation_template} [get_files {{/home/williams/MYFPGA/FPGA Training Data Etri_fso/sfp_int/sfp_int_0/gt_ex/gt_ex_test/gt_ex_test.srcs/sources_1/ip/gt_vio_0_1/gt_vio_0.xci}}]
INFO: [IP_Flow 19-1686] Generating 'Instantiation Template' target for IP 'gt_vio_0'...
generate_target all [get_files  {{/home/williams/MYFPGA/FPGA Training Data Etri_fso/sfp_int/sfp_int_0/gt_ex/gt_ex_test/gt_ex_test.srcs/sources_1/ip/gt_vio_0_1/gt_vio_0.xci}}]
INFO: [IP_Flow 19-1686] Generating 'Synthesis' target for IP 'gt_vio_0'...
INFO: [IP_Flow 19-1686] Generating 'Simulation' target for IP 'gt_vio_0'...
INFO: [IP_Flow 19-1686] Generating 'Change Log' target for IP 'gt_vio_0'...
catch { config_ip_cache -export [get_ips -all gt_vio_0] }
INFO: [IP_Flow 19-6924] IPCACHE: Running cache check for IP inst: gt_vio_0
INFO: [IP_Flow 19-6922] IPCACHE: Exporting cached entry 7c7b3ec56ee6322a to dir: /home/williams/MYFPGA/FPGA Training Data Etri_fso/sfp_int/sfp_int_0/gt_ex/gt_ex_test/gt_ex_test.gen/sources_1/ip/gt_vio_0
INFO: [IP_Flow 19-6928] IPCACHE: copied cached file /home/williams/MYFPGA/FPGA Training Data Etri_fso/sfp_int/sfp_int_0/gt_ex/gt_ex_test/gt_ex_test.cache/ip/2022.2/7/c/7c7b3ec56ee6322a/gt_vio_0_stub.vhdl to /home/williams/MYFPGA/FPGA Training Data Etri_fso/sfp_int/sfp_int_0/gt_ex/gt_ex_test/gt_ex_test.gen/sources_1/ip/gt_vio_0/gt_vio_0_stub.vhdl.
INFO: [IP_Flow 19-6926] IPCACHE: added file to list for BOM: /home/williams/MYFPGA/FPGA Training Data Etri_fso/sfp_int/sfp_int_0/gt_ex/gt_ex_test/gt_ex_test.gen/sources_1/ip/gt_vio_0/gt_vio_0_stub.vhdl
INFO: [IP_Flow 19-6928] IPCACHE: copied cached file /home/williams/MYFPGA/FPGA Training Data Etri_fso/sfp_int/sfp_int_0/gt_ex/gt_ex_test/gt_ex_test.cache/ip/2022.2/7/c/7c7b3ec56ee6322a/gt_vio_0_stub.v to /home/williams/MYFPGA/FPGA Training Data Etri_fso/sfp_int/sfp_int_0/gt_ex/gt_ex_test/gt_ex_test.gen/sources_1/ip/gt_vio_0/gt_vio_0_stub.v.
INFO: [IP_Flow 19-6926] IPCACHE: added file to list for BOM: /home/williams/MYFPGA/FPGA Training Data Etri_fso/sfp_int/sfp_int_0/gt_ex/gt_ex_test/gt_ex_test.gen/sources_1/ip/gt_vio_0/gt_vio_0_stub.v
INFO: [IP_Flow 19-6928] IPCACHE: copied cached file /home/williams/MYFPGA/FPGA Training Data Etri_fso/sfp_int/sfp_int_0/gt_ex/gt_ex_test/gt_ex_test.cache/ip/2022.2/7/c/7c7b3ec56ee6322a/gt_vio_0.dcp to /home/williams/MYFPGA/FPGA Training Data Etri_fso/sfp_int/sfp_int_0/gt_ex/gt_ex_test/gt_ex_test.gen/sources_1/ip/gt_vio_0/gt_vio_0.dcp.
INFO: [IP_Flow 19-6926] IPCACHE: added file to list for BOM: /home/williams/MYFPGA/FPGA Training Data Etri_fso/sfp_int/sfp_int_0/gt_ex/gt_ex_test/gt_ex_test.gen/sources_1/ip/gt_vio_0/gt_vio_0.dcp
INFO: [IP_Flow 19-6928] IPCACHE: copied cached file /home/williams/MYFPGA/FPGA Training Data Etri_fso/sfp_int/sfp_int_0/gt_ex/gt_ex_test/gt_ex_test.cache/ip/2022.2/7/c/7c7b3ec56ee6322a/gt_vio_0_sim_netlist.vhdl to /home/williams/MYFPGA/FPGA Training Data Etri_fso/sfp_int/sfp_int_0/gt_ex/gt_ex_test/gt_ex_test.gen/sources_1/ip/gt_vio_0/gt_vio_0_sim_netlist.vhdl.
INFO: [IP_Flow 19-6926] IPCACHE: added file to list for BOM: /home/williams/MYFPGA/FPGA Training Data Etri_fso/sfp_int/sfp_int_0/gt_ex/gt_ex_test/gt_ex_test.gen/sources_1/ip/gt_vio_0/gt_vio_0_sim_netlist.vhdl
INFO: [IP_Flow 19-6928] IPCACHE: copied cached file /home/williams/MYFPGA/FPGA Training Data Etri_fso/sfp_int/sfp_int_0/gt_ex/gt_ex_test/gt_ex_test.cache/ip/2022.2/7/c/7c7b3ec56ee6322a/gt_vio_0_sim_netlist.v to /home/williams/MYFPGA/FPGA Training Data Etri_fso/sfp_int/sfp_int_0/gt_ex/gt_ex_test/gt_ex_test.gen/sources_1/ip/gt_vio_0/gt_vio_0_sim_netlist.v.
INFO: [IP_Flow 19-6926] IPCACHE: added file to list for BOM: /home/williams/MYFPGA/FPGA Training Data Etri_fso/sfp_int/sfp_int_0/gt_ex/gt_ex_test/gt_ex_test.gen/sources_1/ip/gt_vio_0/gt_vio_0_sim_netlist.v
INFO: [IP_Flow 19-4993] Using cached IP synthesis design for IP gt_vio_0, cache-ID = 7c7b3ec56ee6322a; cache size = 7.348 MB.
export_ip_user_files -of_objects [get_files {{/home/williams/MYFPGA/FPGA Training Data Etri_fso/sfp_int/sfp_int_0/gt_ex/gt_ex_test/gt_ex_test.srcs/sources_1/ip/gt_vio_0_1/gt_vio_0.xci}}] -no_script -sync -force -quiet
create_ip_run [get_files -of_objects [get_fileset sources_1] {{/home/williams/MYFPGA/FPGA Training Data Etri_fso/sfp_int/sfp_int_0/gt_ex/gt_ex_test/gt_ex_test.srcs/sources_1/ip/gt_vio_0_1/gt_vio_0.xci}}]
INFO: [Vivado 12-3453] The given sub-design is up-to-date, no action was taken.  If a run is still desired, use the '-force' option for the file:'/home/williams/MYFPGA/FPGA Training Data Etri_fso/sfp_int/sfp_int_0/gt_ex/gt_ex_test/gt_ex_test.srcs/sources_1/ip/gt_vio_0_1/gt_vio_0.xci'
export_simulation -of_objects [get_files {{/home/williams/MYFPGA/FPGA Training Data Etri_fso/sfp_int/sfp_int_0/gt_ex/gt_ex_test/gt_ex_test.srcs/sources_1/ip/gt_vio_0_1/gt_vio_0.xci}}] -directory {/home/williams/MYFPGA/FPGA Training Data Etri_fso/sfp_int/sfp_int_0/gt_ex/gt_ex_test/gt_ex_test.ip_user_files/sim_scripts} -ip_user_files_dir {/home/williams/MYFPGA/FPGA Training Data Etri_fso/sfp_int/sfp_int_0/gt_ex/gt_ex_test/gt_ex_test.ip_user_files} -ipstatic_source_dir {/home/williams/MYFPGA/FPGA Training Data Etri_fso/sfp_int/sfp_int_0/gt_ex/gt_ex_test/gt_ex_test.ip_user_files/ipstatic} -lib_map_path [list {modelsim=/home/williams/MYFPGA/FPGA Training Data Etri_fso/sfp_int/sfp_int_0/gt_ex/gt_ex_test/gt_ex_test.cache/compile_simlib/modelsim} {questa=/home/williams/MYFPGA/FPGA Training Data Etri_fso/sfp_int/sfp_int_0/gt_ex/gt_ex_test/gt_ex_test.cache/compile_simlib/questa} {xcelium=/home/williams/MYFPGA/FPGA Training Data Etri_fso/sfp_int/sfp_int_0/gt_ex/gt_ex_test/gt_ex_test.cache/compile_simlib/xcelium} {vcs=/home/williams/MYFPGA/FPGA Training Data Etri_fso/sfp_int/sfp_int_0/gt_ex/gt_ex_test/gt_ex_test.cache/compile_simlib/vcs} {riviera=/home/williams/MYFPGA/FPGA Training Data Etri_fso/sfp_int/sfp_int_0/gt_ex/gt_ex_test/gt_ex_test.cache/compile_simlib/riviera}] -use_ip_compiled_libs -force -quiet
report_ip_status -name ip_status 
update_compile_order -fileset sources_1
launch_simulation
Command: launch_simulation 
INFO: [Vivado 12-12493] Simulation top is 'gt_example_top_sim'
WARNING: [Vivado 12-13277] Compiled library path does not exist: ''
INFO: [Vivado 12-5698] Checking validity of IPs in the design for the 'XSim' simulator...
INFO: [Vivado 12-5682] Launching behavioral simulation in '/home/williams/MYFPGA/FPGA Training Data Etri_fso/sfp_int/sfp_int_0/gt_ex/gt_ex_test/gt_ex_test.sim/sim_1/behav/xsim'
INFO: [Vivado 12-13660] Precompiled IP simulation library mode is enabled (default). The design IP libraries will be referenced from the compiled library path. Please note that if the precompiled version of the library is not found from the path or the IP is in locked state, then the library source files for these IPs will be compiled locally as part of the compile order.
INFO: [Vivado 12-4795] Using compiled simulation libraries for IPs
INFO: [SIM-utils-51] Simulation object is 'sim_1'
INFO: [SIM-utils-72] Using boost library from '/tools/Xilinx/Vivado/2022.2/tps/boost_1_72_0'
INFO: [USF-XSim-7] Finding pre-compiled libraries...
INFO: [USF-XSim-11] File '/tools/Xilinx/Vivado/2022.2/data/xsim/xsim.ini' copied to run dir:'/home/williams/MYFPGA/FPGA Training Data Etri_fso/sfp_int/sfp_int_0/gt_ex/gt_ex_test/gt_ex_test.sim/sim_1/behav/xsim'
INFO: [SIM-utils-54] Inspecting design source files for 'gt_example_top_sim' in fileset 'sim_1'...
INFO: [SIM-utils-43] Exported '/home/williams/MYFPGA/FPGA Training Data Etri_fso/sfp_int/sfp_int_0/gt_ex/gt_ex_test/gt_ex_test.sim/sim_1/behav/xsim/alpha_value.mem'
INFO: [SIM-utils-43] Exported '/home/williams/MYFPGA/FPGA Training Data Etri_fso/sfp_int/sfp_int_0/gt_ex/gt_ex_test/gt_ex_test.sim/sim_1/behav/xsim/sample.mem'
INFO: [SIM-utils-43] Exported '/home/williams/MYFPGA/FPGA Training Data Etri_fso/sfp_int/sfp_int_0/gt_ex/gt_ex_test/gt_ex_test.sim/sim_1/behav/xsim/decimal_value.mem'
INFO: [SIM-utils-43] Exported '/home/williams/MYFPGA/FPGA Training Data Etri_fso/sfp_int/sfp_int_0/gt_ex/gt_ex_test/gt_ex_test.sim/sim_1/behav/xsim/error.mem'
INFO: [USF-XSim-97] Finding global include files...
INFO: [USF-XSim-98] Fetching design files from 'sim_1'...
INFO: [USF-XSim-2] XSim::Compile design
INFO: [USF-XSim-61] Executing 'COMPILE and ANALYZE' step in '/home/williams/MYFPGA/FPGA Training Data Etri_fso/sfp_int/sfp_int_0/gt_ex/gt_ex_test/gt_ex_test.sim/sim_1/behav/xsim'
xvlog --incr --relax -prj gt_example_top_sim_vlog.prj
INFO: [VRFC 10-2263] Analyzing Verilog file "/home/williams/MYFPGA/FPGA Training Data Etri_fso/sfp_int/sfp_int_0/gt_ex/gt_ex_test/gt_ex_test.gen/sources_1/ip/gt/sim/gtwizard_ultrascale_v1_7_gthe3_channel.v" into library xil_defaultlib
INFO: [VRFC 10-311] analyzing module gtwizard_ultrascale_v1_7_14_gthe3_channel
INFO: [VRFC 10-2263] Analyzing Verilog file "/home/williams/MYFPGA/FPGA Training Data Etri_fso/sfp_int/sfp_int_0/gt_ex/gt_ex_test/gt_ex_test.gen/sources_1/ip/gt/sim/gt_gthe3_channel_wrapper.v" into library xil_defaultlib
INFO: [VRFC 10-311] analyzing module gt_gthe3_channel_wrapper
INFO: [VRFC 10-2263] Analyzing Verilog file "/home/williams/MYFPGA/FPGA Training Data Etri_fso/sfp_int/sfp_int_0/gt_ex/gt_ex_test/gt_ex_test.gen/sources_1/ip/gt/sim/gtwizard_ultrascale_v1_7_gthe3_common.v" into library xil_defaultlib
INFO: [VRFC 10-311] analyzing module gtwizard_ultrascale_v1_7_14_gthe3_common
INFO: [VRFC 10-2263] Analyzing Verilog file "/home/williams/MYFPGA/FPGA Training Data Etri_fso/sfp_int/sfp_int_0/gt_ex/gt_ex_test/gt_ex_test.gen/sources_1/ip/gt/sim/gt_gthe3_common_wrapper.v" into library xil_defaultlib
INFO: [VRFC 10-311] analyzing module gt_gthe3_common_wrapper
INFO: [VRFC 10-2263] Analyzing Verilog file "/home/williams/MYFPGA/FPGA Training Data Etri_fso/sfp_int/sfp_int_0/gt_ex/gt_ex_test/gt_ex_test.gen/sources_1/ip/gt/sim/gt_gtwizard_gthe3.v" into library xil_defaultlib
INFO: [VRFC 10-311] analyzing module gt_gtwizard_gthe3
INFO: [VRFC 10-2263] Analyzing Verilog file "/home/williams/MYFPGA/FPGA Training Data Etri_fso/sfp_int/sfp_int_0/gt_ex/gt_ex_test/gt_ex_test.gen/sources_1/ip/gt/sim/gt_gtwizard_top.v" into library xil_defaultlib
INFO: [VRFC 10-311] analyzing module gt_gtwizard_top
INFO: [VRFC 10-2263] Analyzing Verilog file "/home/williams/MYFPGA/FPGA Training Data Etri_fso/sfp_int/sfp_int_0/gt_ex/gt_ex_test/gt_ex_test.gen/sources_1/ip/gt/sim/gt.v" into library xil_defaultlib
INFO: [VRFC 10-311] analyzing module gt
INFO: [VRFC 10-2263] Analyzing Verilog file "/home/williams/MYFPGA/FPGA Training Data Etri_fso/sfp_int/sfp_int_0/gt_ex/gt_ex_test/gt_ex_test.gen/sources_1/ip/gt_vio_0/sim/gt_vio_0.v" into library xil_defaultlib
INFO: [VRFC 10-311] analyzing module gt_vio_0
INFO: [VRFC 10-2263] Analyzing Verilog file "/home/williams/MYFPGA/FPGA Training Data Etri_fso/sfp_int/sfp_int_0/gt_ex/imports/gt_example_bit_sync.v" into library xil_defaultlib
INFO: [VRFC 10-311] analyzing module gt_example_bit_synchronizer
INFO: [VRFC 10-2263] Analyzing Verilog file "/home/williams/MYFPGA/FPGA Training Data Etri_fso/sfp_int/sfp_int_0/gt_ex/imports/gt_example_gtwiz_userclk_rx.v" into library xil_defaultlib
INFO: [VRFC 10-311] analyzing module gt_example_gtwiz_userclk_rx
INFO: [VRFC 10-2263] Analyzing Verilog file "/home/williams/MYFPGA/FPGA Training Data Etri_fso/sfp_int/sfp_int_0/gt_ex/imports/gt_example_gtwiz_userclk_tx.v" into library xil_defaultlib
INFO: [VRFC 10-311] analyzing module gt_example_gtwiz_userclk_tx
INFO: [VRFC 10-2263] Analyzing Verilog file "/home/williams/MYFPGA/FPGA Training Data Etri_fso/sfp_int/sfp_int_0/gt_ex/imports/gt_example_init.v" into library xil_defaultlib
INFO: [VRFC 10-311] analyzing module gt_example_init
INFO: [VRFC 10-2263] Analyzing Verilog file "/home/williams/MYFPGA/FPGA Training Data Etri_fso/sfp_int/sfp_int_0/gt_ex/imports/gt_example_reset_sync.v" into library xil_defaultlib
INFO: [VRFC 10-311] analyzing module gt_example_reset_synchronizer
INFO: [VRFC 10-2263] Analyzing Verilog file "/home/williams/MYFPGA/FPGA Training Data Etri_fso/sfp_int/sfp_int_0/gt_ex/imports/gt_example_top.v" into library xil_defaultlib
INFO: [VRFC 10-311] analyzing module gt_example_top
INFO: [VRFC 10-2263] Analyzing Verilog file "/home/williams/MYFPGA/FPGA Training Data Etri_fso/sfp_int/sfp_int_0/gt_ex/imports/gt_example_wrapper.v" into library xil_defaultlib
INFO: [VRFC 10-311] analyzing module gt_example_wrapper
INFO: [VRFC 10-2263] Analyzing Verilog file "/home/williams/MYFPGA/FPGA Training Data Etri_fso/sfp_int/sfp_int_0/gt_ex/imports/gt_example_top_sim.v" into library xil_defaultlib
INFO: [VRFC 10-311] analyzing module gt_example_top_sim
Waiting for jobs to finish...
No pending jobs, compilation finished.
INFO: [USF-XSim-69] 'compile' step finished in '0' seconds
INFO: [USF-XSim-3] XSim::Elaborate design
INFO: [USF-XSim-61] Executing 'ELABORATE' step in '/home/williams/MYFPGA/FPGA Training Data Etri_fso/sfp_int/sfp_int_0/gt_ex/gt_ex_test/gt_ex_test.sim/sim_1/behav/xsim'
xelab --incr --debug typical --relax --mt 8 -L xil_defaultlib -L gtwizard_ultrascale_v1_7_14 -L unisims_ver -L unimacro_ver -L secureip -L xpm --snapshot gt_example_top_sim_behav xil_defaultlib.gt_example_top_sim xil_defaultlib.glbl -log elaborate.log
Vivado Simulator v2022.2
Copyright 1986-1999, 2001-2022 Xilinx, Inc. All Rights Reserved.
Running: /tools/Xilinx/Vivado/2022.2/bin/unwrapped/lnx64.o/xelab --incr --debug typical --relax --mt 8 -L xil_defaultlib -L gtwizard_ultrascale_v1_7_14 -L unisims_ver -L unimacro_ver -L secureip -L xpm --snapshot gt_example_top_sim_behav xil_defaultlib.gt_example_top_sim xil_defaultlib.glbl -log elaborate.log 
Using 8 slave threads.
Starting static elaboration
Pass Through NonSizing Optimizer
ERROR: [VRFC 10-3180] cannot find port 'link_down_latched_out' on this module [/home/williams/MYFPGA/FPGA Training Data Etri_fso/sfp_int/sfp_int_0/gt_ex/imports/gt_example_top_sim.v:180]
ERROR: [VRFC 10-3180] cannot find port 'link_status_out' on this module [/home/williams/MYFPGA/FPGA Training Data Etri_fso/sfp_int/sfp_int_0/gt_ex/imports/gt_example_top_sim.v:179]
ERROR: [VRFC 10-3180] cannot find port 'link_down_latched_reset_in' on this module [/home/williams/MYFPGA/FPGA Training Data Etri_fso/sfp_int/sfp_int_0/gt_ex/imports/gt_example_top_sim.v:178]
ERROR: [VRFC 10-3180] cannot find port 'ch3_gthtxp_out' on this module [/home/williams/MYFPGA/FPGA Training Data Etri_fso/sfp_int/sfp_int_0/gt_ex/imports/gt_example_top_sim.v:175]
ERROR: [VRFC 10-3180] cannot find port 'ch3_gthtxn_out' on this module [/home/williams/MYFPGA/FPGA Training Data Etri_fso/sfp_int/sfp_int_0/gt_ex/imports/gt_example_top_sim.v:174]
ERROR: [VRFC 10-3180] cannot find port 'ch3_gthrxp_in' on this module [/home/williams/MYFPGA/FPGA Training Data Etri_fso/sfp_int/sfp_int_0/gt_ex/imports/gt_example_top_sim.v:173]
ERROR: [VRFC 10-3180] cannot find port 'ch3_gthrxn_in' on this module [/home/williams/MYFPGA/FPGA Training Data Etri_fso/sfp_int/sfp_int_0/gt_ex/imports/gt_example_top_sim.v:172]
ERROR: [VRFC 10-3180] cannot find port 'ch2_gthtxp_out' on this module [/home/williams/MYFPGA/FPGA Training Data Etri_fso/sfp_int/sfp_int_0/gt_ex/imports/gt_example_top_sim.v:171]
ERROR: [VRFC 10-3180] cannot find port 'ch2_gthtxn_out' on this module [/home/williams/MYFPGA/FPGA Training Data Etri_fso/sfp_int/sfp_int_0/gt_ex/imports/gt_example_top_sim.v:170]
ERROR: [VRFC 10-3180] cannot find port 'ch2_gthrxp_in' on this module [/home/williams/MYFPGA/FPGA Training Data Etri_fso/sfp_int/sfp_int_0/gt_ex/imports/gt_example_top_sim.v:169]
ERROR: [VRFC 10-3180] cannot find port 'ch2_gthrxn_in' on this module [/home/williams/MYFPGA/FPGA Training Data Etri_fso/sfp_int/sfp_int_0/gt_ex/imports/gt_example_top_sim.v:168]
ERROR: [VRFC 10-3180] cannot find port 'ch1_gthtxp_out' on this module [/home/williams/MYFPGA/FPGA Training Data Etri_fso/sfp_int/sfp_int_0/gt_ex/imports/gt_example_top_sim.v:167]
ERROR: [VRFC 10-3180] cannot find port 'ch1_gthtxn_out' on this module [/home/williams/MYFPGA/FPGA Training Data Etri_fso/sfp_int/sfp_int_0/gt_ex/imports/gt_example_top_sim.v:166]
ERROR: [VRFC 10-3180] cannot find port 'ch1_gthrxp_in' on this module [/home/williams/MYFPGA/FPGA Training Data Etri_fso/sfp_int/sfp_int_0/gt_ex/imports/gt_example_top_sim.v:165]
ERROR: [VRFC 10-3180] cannot find port 'ch1_gthrxn_in' on this module [/home/williams/MYFPGA/FPGA Training Data Etri_fso/sfp_int/sfp_int_0/gt_ex/imports/gt_example_top_sim.v:164]
ERROR: [VRFC 10-3180] cannot find port 'ch0_gthtxp_out' on this module [/home/williams/MYFPGA/FPGA Training Data Etri_fso/sfp_int/sfp_int_0/gt_ex/imports/gt_example_top_sim.v:163]
ERROR: [VRFC 10-3180] cannot find port 'ch0_gthtxn_out' on this module [/home/williams/MYFPGA/FPGA Training Data Etri_fso/sfp_int/sfp_int_0/gt_ex/imports/gt_example_top_sim.v:162]
ERROR: [VRFC 10-3180] cannot find port 'ch0_gthrxp_in' on this module [/home/williams/MYFPGA/FPGA Training Data Etri_fso/sfp_int/sfp_int_0/gt_ex/imports/gt_example_top_sim.v:161]
ERROR: [VRFC 10-3180] cannot find port 'ch0_gthrxn_in' on this module [/home/williams/MYFPGA/FPGA Training Data Etri_fso/sfp_int/sfp_int_0/gt_ex/imports/gt_example_top_sim.v:160]
INFO: [#UNDEF] Sorry, too many errors..
ERROR: [XSIM 43-3322] Static elaboration of top level Verilog design unit(s) in library work failed.
INFO: [USF-XSim-69] 'elaborate' step finished in '1' seconds
INFO: [USF-XSim-99] Step results log file:'/home/williams/MYFPGA/FPGA Training Data Etri_fso/sfp_int/sfp_int_0/gt_ex/gt_ex_test/gt_ex_test.sim/sim_1/behav/xsim/elaborate.log'
ERROR: [USF-XSim-62] 'elaborate' step failed with error(s). Please check the Tcl console output or '/home/williams/MYFPGA/FPGA Training Data Etri_fso/sfp_int/sfp_int_0/gt_ex/gt_ex_test/gt_ex_test.sim/sim_1/behav/xsim/elaborate.log' file for more information.
ERROR: [Vivado 12-4473] Detected error while running simulation. Please correct the issue and retry this operation.
ERROR: [Common 17-39] 'launch_simulation' failed due to earlier errors.
report_ip_status -name ip_status 
exit
INFO: [Common 17-206] Exiting Vivado at Mon Aug  3 18:38:15 2026...
